Workbook

Sheet Indice General
B1: Subsecretaría de Previsión Social Dirección de Estudios Previsionales
B9: Informe trimestral del Pilar No Contributivo
B10: Trimestre EFM 2023
B12: I. Pago de Beneficios del Pilar No Contributivo
B13: 1. Total de beneficios pagados del Pilar No Contributivo
B14: 2. Pagos Pensión Garantizada Universal (PGU)
B15: 3. Pagos Pensión Básica Solidaria (PBS)
B16: 4. Pagos Aporte Previsional Solidario (APS)
B17: II. Estado de solicitudes
B18: 1. Solicitudes del Pilar No Contributivo a nivel nacional
B19: 2. Solicitudes a nivel regional y comunal
B20: 3. Solicitudes concedidas del Pilar No Contributivo a nivel nacional
... B29: 3. Subsidio a la Cotización de Trabajadores Jóvenes

Sheet I. Beneficios pagados
B1: Subsecretaría de Previsión Social Dirección de Estudios Previsionales
B9: I. Pago de Beneficios del Pilar No Contributivo
B10: Trimestre EFM 2023
B12: 1. Total de beneficios pagados del Pilar No Contributivo
B13: i. Resumen trimestral de beneficios pagados, por tipo y sexo
B14: ii. Serie resumen de pagos de beneficios acumulados, por tipo de beneficio
B15: 2. Pagos Pensión Garantizada Universal (PGU)
B16: i. Resumen trimestral de beneficios pagados, por tipo de beneficio y sexo
B17: ii. Serie resumen de pagos de beneficios acumulado, por tipo de beneficio y sexo
B18: 3. Pagos Pensión Básica Solidaria (PBS)
B19: i. Resumen trimestral de beneficios pagados, por tipo de beneficio y sexo
B20: ii. Serie resumen de pagos de beneficios acumulado, por tipo de beneficio y sexo
... B23: ii. Serie resumen de pagos de beneficios acumulado, por tipo y sexo

Sheet dinamica pgu
A1: PERIODO | B1: (Varios elementos)
A3: Etiquetas de fila
A4: oct
A5: Suma de PGU_NC_Mujer_n | B5: 322141
A6: Suma de PGU_NC_hombre_N | B6: 109963
A7: Suma de PGU_C_Mujer_N | B7: 686334
A8: Suma de PGU_C_hombre_N | B8: 563950
A9: nov
A10: Suma de PGU_NC_Mujer_n | B10: 327443
A11: Suma de PGU_NC_hombre_N | B11: 121585
A12: Suma de PGU_C_Mujer_N | B12: 704099
A13: Suma de PGU_C_hombre_N | B13: 584193
A14: dic
A15: Suma de PGU_NC_Mujer_n | B15: 329180
A16: Suma de PGU_NC_hombre_N | B16: 125728
A17: Suma de PGU_C_Mujer_N | B17: 717919
A18: Suma de PGU_C_hombre_N | B18: 594890
A22: PERIODO | B22: (Varios elementos)
A24: Etiquetas de fila
A25: oct
A26: Suma de PGU_NC_Mujer_Nom | B26: 62098940
A27: Suma de PGU_NC_hombre_Nom | B27: 21312758
A28: Suma de PGU_C_Mujer_Nom | B28: 1.3198656e+08
A29: Suma de PGU_C_hombre_Nom | B29: 1.0801488e+08
A30: nov
A31: Suma de PGU_NC_Mujer_Nom | B31: 63080933
A32: Suma de PGU_NC_hombre_Nom | B32: 23564397
A33: Suma de PGU_C_Mujer_Nom | B33: 1.3523624e+08
A34: Suma de PGU_C_hombre_Nom | B34: 1.115372e+08
A35: dic
A36: Suma de PGU_NC_Mujer_Nom | B36: 63417032
A37: Suma de PGU_NC_hombre_Nom | B37: 24368203
A38: Suma de PGU_C_Mujer_Nom | B38: 1.3763622e+08
A39: Suma de PGU_C_hombre_Nom | B39: 1.1328694e+08
A43: PERIODO | B43: (Varios elementos)
A45: Etiquetas de fila
A46: oct
A47: Suma de PGU_NC_Mujer_REAL | B47: 61325232
A48: Suma de PGU_NC_hombre_REAL | B48: 21047217
A49: Suma de PGU_C_Mujer_REAL | B49: 1.303421e+08
A50: Suma de PGU_C_hombre_REAL | B50: 1.066691e+08
A51: nov
A52: Suma de PGU_NC_Mujer_REAL | B52: 62902519
A53: Suma de PGU_NC_hombre_REAL | B53: 23497749
A54: Suma de PGU_C_Mujer_REAL | B54: 1.3485375e+08
A55: Suma de PGU_C_hombre_REAL | B55: 1.1122174e+08
A56: dic
A57: Suma de PGU_NC_Mujer_REAL | B57: 63417032
A58: Suma de PGU_NC_hombre_REAL | B58: 24368203
A59: Suma de PGU_C_Mujer_REAL | B59: 1.3763622e+08
A60: Suma de PGU_C_hombre_REAL | B60: 1.1328694e+08
A67: Valores | D67: Valores
A68: Promedio de PGU_NC_Mujer_n2 | B68: 319227.82 | D68: Promedio de PGU_C_Mujer_N | E68: 626988.27
A69: Suma de PGU_NC_Mujer_n | B69: 3511506 | D69: Suma de PGU_C_Mujer_N2 | E69: 6896871
A70: Promedio de PGU_NC_hombre_N | B70: 111460.55 | D70: Promedio de PGU_C_hombre_N | E70: 488475.91
A71: Suma de PGU_NC_hombre_N2 | B71: 1226066 | D71: Suma de PGU_C_hombre_N2 | E71: 5373235
A76: Valores | D76: Valores
A77: Promedio de PGU_NC_Mujer_Nom | B77: 60323652 | D77: Promedio de PGU_C_Mujer_Nom | E77: 1.176403e+08
A78: Suma de PGU_NC_Mujer_Nom2 | B78: 6.6356017e+08 | D78: Suma de PGU_C_Mujer_Nom2 | E78: 1.2940434e+09
A79: Promedio de PGU_NC_hombre_Nom | B79: 21167798 | D79: Promedio de PGU_C_hombre_Nom | E79: 91979553
A80: Suma de PGU_NC_hombre_Nom2 | B80: 2.3284578e+08 | D80: Suma de PGU_C_hombre_Nom2 | E80: 1.0117751e+09
A84: Valores | D84: Valores
A85: Promedio de PGU_NC_Mujer_REAL | B85: 57868225 | D85: Promedio de PGU_C_Mujer_REAL | E85: 1.1323162e+08
A86: Suma de PGU_NC_Mujer_REAL2 | B86: 6.3655048e+08 | D86: Suma de PGU_C_Mujer_REAL2 | E86: 1.2455478e+09
A87: Promedio de PGU_NC_hombre_REAL | B87: 20321992 | D87: Promedio de PGU_C_hombre_REAL | E87: 88711834
A88: Suma de PGU_NC_hombre_REAL2 | B88: 2.2354192e+08 | D88: Suma de PGU_C_hombre_REAL2 | E88: 9.7583017e+08
A93: Etiquetas de fila | B93: Suma de PGU_NC_Mujer_n | C93: Suma de PGU_NC_hombre_N | D93: Suma de PGU_C_Mujer_N | E93: Suma de PGU_C_hombre_N
A94: feb | B94: 309683 | C94: 106066 | D94: 517361 | E94: 340110
A95: mar | B95: 312946 | C95: 107255 | D95: 536699 | E95: 361057
A96: abr | B96: 314601 | C96: 107763 | D96: 552501 | E96: 374925
A97: may | B97: 316872 | C97: 108938 | D97: 605836 | E97: 477591
A98: jun | B98: 317138 | C98: 109221 | D98: 615086 | E98: 487043
A99: jul | B99: 317824 | C99: 109691 | D99: 621791 | E99: 498271
A100: ago | B100: 322017 | C100: 110018 | D100: 660104 | E100: 538150
A101: sept | B101: 321661 | C101: 109838 | D101: 679141 | E101: 553055
A102: oct | B102: 322141 | C102: 109963 | D102: 686334 | E102: 563950
A103: nov | B103: 327443 | C103: 121585 | D103: 704099 | E103: 584193
A104: dic | B104: 329180 | C104: 125728 | D104: 717919 | E104: 594890
A108: Etiquetas de fila | B108: Promedio de PGU_NC_Mujer_REAL | C108: Promedio de PGU_NC_hombre_REAL | D108: Promedio de PGU_C_Mujer_REAL | E108: Promedio de PGU_C_hombre_REAL
A109: feb | B109: 51479972 | C109: 17653930 | D109: 76563176 | E109: 52468769
A110: mar | B110: 52900840 | C110: 18182522 | D110: 90814177 | E110: 61156597
A111: abr | B111: 53866572 | C111: 18523266 | D111: 94731529 | E111: 64414475
A112: may | B112: 54858966 | C112: 18947988 | D112: 1.0507873e+08 | E112: 83047982
A113: jun | B113: 55397967 | C113: 19173744 | D113: 1.0763388e+08 | E113: 85481508
A114: jul | B114: 58993212 | C114: 20461815 | D114: 1.1563083e+08 | E114: 92933917
A115: ago | B115: 60482280 | C115: 20770527 | D115: 1.2386255e+08 | E115: 1.0089618e+08
A116: sept | B116: 60925886 | C116: 20914955 | D116: 1.2840084e+08 | E116: 1.0425297e+08
A117: oct | B117: 61325232 | C117: 21047217 | D117: 1.303421e+08 | E117: 1.066691e+08
A118: nov | B118: 62902519 | C118: 23497749 | D118: 1.3485375e+08 | E118: 1.1122174e+08
A119: dic | B119: 63417032 | C119: 24368203 | D119: 1.3763622e+08 | E119: 1.1328694e+08

Sheet N PBS
A3: Etiquetas de fila | B3: Promedio de PBS VEJEZ MUJER | C3: Promedio de PBS VEJEZ HOMBRE | D3: Promedio de PBS INVALIDEZ MUJER | E3: Promedio de PBS INVALIDEZ HOMBRE | F3: Promedio de PBS TOTAL MUJER | G3: Promedio de PBS TOTAL HOMBRE
A4: 2008 | B4: 218799.83 | C4: 107682.67 | D4: 108916.5 | E4: 84536 | F4: 327716.33 | G4: 192218.67
A5: 2009 | B5: 262267.25 | C5: 117026.58 | D5: 116205.08 | E5: 86817.667 | F5: 378472.33 | G5: 203844.25
A6: 2010 | B6: 284569.67 | C6: 119969.58 | D6: 125529.75 | E6: 89731.417 | F6: 410099.42 | G6: 209701
A7: 2011 | B7: 286982.92 | C7: 118668.92 | D7: 125674.58 | E7: 89317.917 | F7: 412657.5 | G7: 207986.83
A8: 2012 | B8: 288232.25 | C8: 116683.83 | D8: 120025.92 | E8: 85446.25 | F8: 408258.17 | G8: 202130.08
A9: 2013 | B9: 288720.25 | C9: 114312 | D9: 112605.08 | E9: 79812.917 | F9: 401325.33 | G9: 194124.92
A10: 2014 | B10: 288530.42 | C10: 111136.17 | D10: 107377.17 | E10: 75527.833 | F10: 395907.58 | G10: 186664
A11: 2015 | B11: 289070.58 | C11: 110162 | D11: 105105.42 | E11: 74655.333 | F11: 394176 | G11: 184817.33
A12: 2016 | B12: 290373 | C12: 108843.42 | D12: 105459.83 | E12: 75532.583 | F12: 395832.83 | G12: 184376
A13: 2017 | B13: 291754 | C13: 107694.83 | D13: 105581.83 | E13: 76434.167 | F13: 397335.83 | G13: 184129
A14: 2018 | B14: 295171.83 | C14: 107077.42 | D14: 105559.42 | E14: 77417 | F14: 400731.25 | G14: 184494.42
A15: 2019 | B15: 299821.5 | C15: 106705.25 | D15: 104899.17 | E15: 77850.417 | F15: 404720.67 | G15: 184555.67
... A42: dic | B42: 0 | C42: 0 | D42: 103979 | E42: 81605 | F42: 103979 | G42: 81605

Sheet MONTOS PBS
I1: PERIODO | J1: (Varios elementos)
A3: Etiquetas de fila | B3: Promedio de PBSV_MUJER | C3: Promedio de PBSV_HOMBRE | D3: Promedio de PBSI_MUJER | E3: Promedio de PBSI_HOMBRE | F3: Promedio de PBS_MUJER | G3: Promedio de PBS_HOMBRE | I3: Etiquetas de fila | J3: Suma de PBSV_MUJER | K3: Suma de PBSV_HOMBRE | L3: Suma de PBSV_TOTAL | M3: Suma de PBSI_MUJER | N3: Suma de PBSI_HOMBRE | O3: Suma de PBSI_TOTAL | P3: Suma de PBS_MUJER | Q3: Suma de PBS_HOMBRE | R3: Suma de PBS_TOTAL | T3: Etiquetas de fila | U3: Suma de PBSV_MUJER | V3: Suma de PBSV_HOMBRE | W3: Suma de PBSV_TOTAL | X3: Suma de PBSI_MUJER | Y3: Suma de PBSI_HOMBRE | Z3: Suma de PBSI_TOTAL | AA3: Suma de PBS_MUJER | AB3: Suma de PBS_HOMBRE | AC3: Suma de PBS_TOTAL | AE3: Etiquetas de fila | AF3: Suma de PBSV_MUJER | AG3: Suma de PBSV_HOMBRE | AH3: Suma de PBSV_TOTAL | AI3: Suma de PBSI_MUJER | AJ3: Suma de PBSI_HOMBRE | AK3: Suma de PBSI_TOTAL | AL3: Suma de PBS_MUJER | AM3: Suma de PBS_HOMBRE | AN3: Suma de PBS_TOTAL
A4: 2008 | B4: 8.2469269e+09 | C4: 3.9732077e+09 | D4: 3.9696562e+09 | E4: 3.0646136e+09 | F4: 1.2216583e+10 | G4: 7.0378213e+09 | I4: 2022 | J4: 0 | K4: 0 | L4: 0 | M4: 6.0133313e+10 | N4: 4.7149436e+10 | O4: 1.0728275e+11 | P4: 6.0133313e+10 | Q4: 4.7149436e+10 | R4: 1.0728275e+11 | T4: oct | U4: 0 | V4: 0 | W4: 0 | X4: 1.9903687e+10 | Y4: 1.5583475e+10 | Z4: 3.5487162e+10 | AA4: 1.9903687e+10 | AB4: 1.5583475e+10 | AC4: 3.5487162e+10 | AE4: oct | AF4: =+U4/1000 -> 0 | AG4: =+V4/1000 -> 0 | AH4: =+W4/1000 -> 0 | AI4: =+X4/1000 -> 19903687 | AJ4: =+Y4/1000 -> 15583475 | AK4: =+Z4/1000 -> 35487162 | AL4: =+AA4/1000 -> 19903687 | AM4: =+AB4/1000 -> 15583475 | AN4: =+AC4/1000 -> 35487162
A5: 2009 | B5: 1.0831943e+10 | C5: 4.7784934e+09 | D5: 5.149103e+09 | E5: 3.655593e+09 | F5: 1.5981046e+10 | G5: 8.4340864e+09 | I5: oct | J5: 0 | K5: 0 | L5: 0 | M5: 1.9903687e+10 | N5: 1.5583475e+10 | O5: 3.5487162e+10 | P5: 1.9903687e+10 | Q5: 1.5583475e+10 | R5: 3.5487162e+10 | T5: nov | U5: 0 | V5: 0 | W5: 0 | X5: 2.0075789e+10 | Y5: 1.5749774e+10 | Z5: 3.5825563e+10 | AA5: 2.0075789e+10 | AB5: 1.5749774e+10 | AC5: 3.5825563e+10 | AE5: nov | AF5: =+U5/1000 -> 0 | AG5: =+V5/1000 -> 0 | AH5: =+W5/1000 -> 0 | AI5: =+X5/1000 -> 20075789 | AJ5: =+Y5/1000 -> 15749774 | AK5: =+Z5/1000 -> 35825563 | AL5: =+AA5/1000 -> 20075789 | AM5: =+AB5/1000 -> 15749774 | AN5: =+AC5/1000 -> 35825563
A6: 2010 | B6: 1.3095568e+10 | C6: 5.5029662e+09 | D6: 5.9733298e+09 | E6: 4.1819318e+09 | F6: 1.9068897e+10 | G6: 9.684898e+09 | I6: nov | J6: 0 | K6: 0 | L6: 0 | M6: 2.0075789e+10 | N6: 1.5749774e+10 | O6: 3.5825563e+10 | P6: 2.0075789e+10 | Q6: 1.5749774e+10 | R6: 3.5825563e+10 | T6: dic | U6: 0 | V6: 0 | W6: 0 | X6: 20153837159 | Y6: 15816186175 | Z6: 35970023334 | AA6: 20153837159 | AB6: 15816186175 | AC6: 35970023334 | AE6: dic | AF6: =+U6/1000 -> 0 | AG6: =+V6/1000 -> 0 | AH6: =+W6/1000 -> 0 | AI6: =+X6/1000 -> 20153837 | AJ6: =+Y6/1000 -> 15816186 | AK6: =+Z6/1000 -> 35970023 | AL6: =+AA6/1000 -> 20153837 | AM6: =+AB6/1000 -> 15816186 | AN6: =+AC6/1000 -> 35970023
A7: 2011 | B7: 1.3994994e+10 | C7: 5.7801079e+09 | D7: 6.2216009e+09 | E7: 4.3734947e+09 | F7: 2.0216595e+10 | G7: 1.0153603e+10 | I7: dic | J7: 0 | K7: 0 | L7: 0 | M7: 20153837159 | N7: 15816186175 | O7: 35970023334 | P7: 20153837159 | Q7: 15816186175 | R7: 35970023334
A8: 2012 | B8: 1.4900592e+10 | C8: 6.0276417e+09 | D8: 6.3053347e+09 | E8: 4.4481809e+09 | F8: 2.1205927e+10 | G8: 1.0475823e+10
A9: 2013 | B9: 1.5464511e+10 | C9: 6.1276381e+09 | D9: 6.1333006e+09 | E9: 4.2916174e+09 | F9: 2.1597811e+10 | G9: 1.0419256e+10
A10: 2014 | B10: 1.6719242e+10 | C10: 6.4430339e+09 | D10: 6.3328754e+09 | E10: 4.3768174e+09 | F10: 2.3052118e+10 | G10: 1.0819851e+10
A11: 2015 | B11: 1.8210703e+10 | C11: 6.9460832e+09 | D11: 6.7614414e+09 | E11: 4.7714308e+09 | F11: 2.4972144e+10 | G11: 1.1717514e+10
A12: 2016 | B12: 1.9783297e+10 | C12: 7.4256197e+09 | D12: 7.3620108e+09 | E12: 5.231601e+09 | F12: 2.7145307e+10 | G12: 1.2657221e+10 | I12: PERIODO | J12: (Varios elementos) | AE12: nominales
A13: 2017 | B13: 2.3013212e+10 | C13: 8.5012643e+09 | D13: 8.4836307e+09 | E13: 6.1043568e+09 | F13: 3.1496842e+10 | G13: 1.4605621e+10 | AF13: vejez | AI13: invalidez | AL13: total
A14: 2018 | B14: 2.4370428e+10 | C14: 8.8423454e+09 | D14: 8.863105e+09 | E14: 6.4518852e+09 | F14: 3.3233533e+10 | G14: 1.5294231e+10 | I14: Etiquetas de fila | J14: Suma de MUJER | K14: Suma de HOMBRE | L14: Suma de TOTAL | M14: Suma de MUJER2 | N14: Suma de HOMBRE2 | O14: Suma de TOTAL2 | P14: Suma de MUJER3 | Q14: Suma de HOMBRE3 | R14: Suma de TOTAL3 | T14: Etiquetas de fila | U14: Suma de MUJER | V14: Suma de HOMBRE | W14: Suma de TOTAL | X14: Suma de MUJER2 | Y14: Suma de HOMBRE2 | Z14: Suma de TOTAL2 | AA14: Suma de MUJER3 | AB14: Suma de HOMBRE3 | AC14: Suma de TOTAL3 | AE14: Etiquetas de fila | AF14: Promedio de MUJER | AG14: Promedio de HOMBRE | AH14: Promedio de TOTAL | AI14: Promedio de MUJER2 | AJ14: Promedio de HOMBRE2 | AK14: Promedio de TOTAL2 | AL14: Promedio de MUJER3 | AM14: Promedio de HOMBRE3 | AN14: Promedio de TOTAL3
A15: 2019 | B15: 2.6689511e+10 | C15: 9.492244e+09 | D15: 9.429656e+09 | E15: 6.9564548e+09 | F15: 3.6119167e+10 | G15: 1.6448699e+10 | I15: 2022 | J15: 0 | K15: 0 | L15: 0 | M15: 60441368879 | N15: 47390715970 | O15: 107832084849 | P15: 60441368879 | Q15: 47390715970 | R15: 107832084849 | T15: oct | U15: 0 | V15: 0 | W15: 0 | X15: 20154801071 | Y15: 15780083599 | Z15: 35934884670 | AA15: 20154801071 | AB15: 15780083599 | AC15: 35934884670 | AE15: oct | AF15: =+U15/1000 -> 0 | AG15: =+V15/1000 -> 0 | AH15: =+W15/1000 -> 0 | AI15: =+X15/1000 -> 20154801 | AJ15: =+Y15/1000 -> 15780084 | AK15: =+Z15/1000 -> 35934885 | AL15: =+AA15/1000 -> 20154801 | AM15: =+AB15/1000 -> 15780084 | AN15: =+AC15/1000 -> 35934885
A16: 2020 | B16: 3.659289e+10 | C16: 1.2913294e+10 | D16: 1.1894674e+10 | E16: 8.9114229e+09 | F16: 4.8487564e+10 | G16: 2.1824717e+10 | I16: oct | J16: 0 | K16: 0 | L16: 0 | M16: 20154801071 | N16: 15780083599 | O16: 35934884670 | P16: 20154801071 | Q16: 15780083599 | R16: 35934884670 | T16: nov | U16: 0 | V16: 0 | W16: 0 | X16: 20132730649 | Y16: 15794446196 | Z16: 35927176845 | AA16: 20132730649 | AB16: 15794446196 | AC16: 35927176845 | AE16: nov | AF16: =+U16/1000 -> 0 | AG16: =+V16/1000 -> 0 | AH16: =+W16/1000 -> 0 | AI16: =+X16/1000 -> 20132731 | AJ16: =+Y16/1000 -> 15794446 | AK16: =+Z16/1000 -> 35927177 | AL16: =+AA16/1000 -> 20132731 | AM16: =+AB16/1000 -> 15794446 | AN16: =+AC16/1000 -> 35927177
A17: 2021 | B17: 4.3453866e+10 | C17: 1.494933e+10 | D17: 1.4114095e+10 | E17: 1.0837333e+10 | F17: 5.7567962e+10 | G17: 2.5786663e+10 | I17: nov | J17: 0 | K17: 0 | L17: 0 | M17: 20132730649 | N17: 15794446196 | O17: 35927176845 | P17: 20132730649 | Q17: 15794446196 | R17: 35927176845 | T17: dic | U17: 0 | V17: 0 | W17: 0 | X17: 20153837159 | Y17: 15816186175 | Z17: 35970023334 | AA17: 20153837159 | AB17: 15816186175 | AC17: 35970023334 | AE17: dic | AF17: =+U17/1000 -> 0 | AG17: =+V17/1000 -> 0 | AH17: =+W17/1000 -> 0 | AI17: =+X17/1000 -> 20153837 | AJ17: =+Y17/1000 -> 15816186 | AK17: =+Z17/1000 -> 35970023 | AL17: =+AA17/1000 -> 20153837 | AM17: =+AB17/1000 -> 15816186 | AN17: =+AC17/1000 -> 35970023
A18: ene | B18: 4.1412765e+10 | C18: 1.4344175e+10 | D18: 1.357545e+10 | E18: 1.0301137e+10 | F18: 5.4988215e+10 | G18: 2.4645311e+10 | I18: dic | J18: 0 | K18: 0 | L18: 0 | M18: 20153837159 | N18: 15816186175 | O18: 35970023334 | P18: 20153837159 | Q18: 15816186175 | R18: 35970023334 | T18: Total general | U18: 0 | V18: 0 | W18: 0 | X18: 2.0147123e+10 | Y18: 1.5796905e+10 | Z18: 35944028283 | AA18: 2.0147123e+10 | AB18: 1.5796905e+10 | AC18: 35944028283
A19: feb | B19: 4.1492133e+10 | C19: 1.4338672e+10 | D19: 1.35569e+10 | E19: 1.0317361e+10 | F19: 5.5049033e+10 | G19: 2.4656033e+10
A20: mar | B20: 4.1689378e+10 | C20: 1.4389108e+10 | D20: 1.3587482e+10 | E20: 1.0363694e+10 | F20: 5.527686e+10 | G20: 2.4752801e+10
A21: abr | B21: 4.1893694e+10 | C21: 1.4448119e+10 | D21: 1.3658161e+10 | E21: 1.0436146e+10 | F21: 5.5551855e+10 | G21: 2.4884265e+10
A22: may | B22: 4.2028716e+10 | C22: 1.4474202e+10 | D22: 1.3650261e+10 | E22: 1.0455982e+10 | F22: 5.5678977e+10 | G22: 2.4930184e+10
A23: jun | B23: 4.2051494e+10 | C23: 1.4454401e+10 | D23: 1.3673345e+10 | E23: 1.0488652e+10 | F23: 5.5724839e+10 | G23: 2.4943053e+10
A24: jul | B24: 4.3968065e+10 | C24: 1.5094747e+10 | D24: 1.4296201e+10 | E24: 1.0984398e+10 | F24: 5.8264265e+10 | G24: 2.6079145e+10
A25: ago | B25: 4.4239653e+10 | C25: 1.5183281e+10 | D25: 1.4359654e+10 | E25: 1.1056169e+10 | F25: 5.8599307e+10 | G25: 2.6239451e+10
A26: sept | B26: 4.4825753e+10 | C26: 1.5361682e+10 | D26: 1.4520122e+10 | E26: 1.1196684e+10 | F26: 5.9345875e+10 | G26: 2.6558366e+10
A27: oct | B27: 4.5558469e+10 | C27: 1.5619781e+10 | D27: 1.4731002e+10 | E27: 1.1378659e+10 | F27: 6.0289471e+10 | G27: 2.6998439e+10
A28: nov | B28: 4.5907806e+10 | C28: 1.5757842e+10 | D28: 1.4819941e+10 | E28: 1.1477734e+10 | F28: 6.0727747e+10 | G28: 2.7235576e+10
A29: dic | B29: 4.6378472e+10 | C29: 1.5925944e+10 | D29: 1.4940627e+10 | E29: 1.159138e+10 | F29: 6.1319099e+10 | G29: 2.7517324e+10
A30: 2022 | B30: 4.0614957e+09 | C30: 1.3943048e+09 | D30: 1.8608107e+10 | E30: 1.4541109e+10 | F30: 2.2669603e+10 | G30: 1.5935414e+10
... A43: Total general | B43: 1.9676256e+10 | C43: 7.3869635e+09 | D43: 8.5253168e+09 | E43: 6.2527955e+09 | F43: 2.8201573e+10 | G43: 1.3639759e+10
A52: Etiquetas de fila | B52: Promedio de PBSV_MUJER | C52: Promedio de PBSV_HOMBRE | D52: Promedio de PBSI_MUJER | E52: Promedio de PBSI_HOMBRE | F52: Promedio de PBS_MUJER | G52: Promedio de PBS_HOMBRE | I52: Etiquetas de fila | J52: Promedio de PBSV_MUJER | K52: Promedio de PBSV_HOMBRE | L52: Promedio de PBSI_MUJER | M52: Promedio de PBSI_HOMBRE | N52: Promedio de PBS_MUJER | O52: Promedio de PBS_HOMBRE
A53: 2008 | B53: 8.2469269e+09 | C53: 3.9732077e+09 | D53: 3.9696562e+09 | E53: 3.0646136e+09 | F53: 1.2216583e+10 | G53: 7.0378213e+09 | I53: 2008 | J53: 8246926.9 | K53: 3973207.7 | L53: 3969656.2 | M53: 3064613.6 | N53: 12216583 | O53: 7037821.3
A54: 2009 | B54: 1.0831943e+10 | C54: 4.7784934e+09 | D54: 5.149103e+09 | E54: 3.655593e+09 | F54: 1.5981046e+10 | G54: 8.4340864e+09 | I54: 2009 | J54: 10831943 | K54: 4778493.4 | L54: 5149103 | M54: 3655593 | N54: 15981046 | O54: 8434086.4
A55: 2010 | B55: 1.3095568e+10 | C55: 5.5029662e+09 | D55: 5.9733298e+09 | E55: 4.1819318e+09 | F55: 1.9068897e+10 | G55: 9.684898e+09 | I55: 2010 | J55: 13095568 | K55: 5502966.2 | L55: 5973329.8 | M55: 4181931.8 | N55: 19068897 | O55: 9684898
A56: 2011 | B56: 1.3994994e+10 | C56: 5.7801079e+09 | D56: 6.2216009e+09 | E56: 4.3734947e+09 | F56: 2.0216595e+10 | G56: 1.0153603e+10 | I56: 2011 | J56: 13994994 | K56: 5780107.9 | L56: 6221600.9 | M56: 4373494.7 | N56: 20216595 | O56: 10153603
A57: 2012 | B57: 1.4900592e+10 | C57: 6.0276417e+09 | D57: 6.3053347e+09 | E57: 4.4481809e+09 | F57: 2.1205927e+10 | G57: 1.0475823e+10 | I57: 2012 | J57: 14900592 | K57: 6027641.7 | L57: 6305334.7 | M57: 4448180.9 | N57: 21205927 | O57: 10475823
A58: 2013 | B58: 1.5464511e+10 | C58: 6.1276381e+09 | D58: 6.1333006e+09 | E58: 4.2916174e+09 | F58: 2.1597811e+10 | G58: 1.0419256e+10 | I58: 2013 | J58: 15464511 | K58: 6127638.1 | L58: 6133300.6 | M58: 4291617.4 | N58: 21597811 | O58: 10419256
A59: 2014 | B59: 1.6719242e+10 | C59: 6.4430339e+09 | D59: 6.3328754e+09 | E59: 4.3768174e+09 | F59: 2.3052118e+10 | G59: 1.0819851e+10 | I59: 2014 | J59: 16719242 | K59: 6443033.9 | L59: 6332875.4 | M59: 4376817.4 | N59: 23052118 | O59: 10819851
A60: 2015 | B60: 1.8210703e+10 | C60: 6.9460832e+09 | D60: 6.7614414e+09 | E60: 4.7714308e+09 | F60: 2.4972144e+10 | G60: 1.1717514e+10 | I60: 2015 | J60: 18210703 | K60: 6946083.2 | L60: 6761441.4 | M60: 4771430.8 | N60: 24972144 | O60: 11717514
A61: 2016 | B61: 1.9783297e+10 | C61: 7.4256197e+09 | D61: 7.3620108e+09 | E61: 5.231601e+09 | F61: 2.7145307e+10 | G61: 1.2657221e+10 | I61: 2016 | J61: 19783297 | K61: 7425619.7 | L61: 7362010.8 | M61: 5231601 | N61: 27145307 | O61: 12657221
A62: 2017 | B62: 2.3013212e+10 | C62: 8.5012643e+09 | D62: 8.4836307e+09 | E62: 6.1043568e+09 | F62: 3.1496842e+10 | G62: 1.4605621e+10 | I62: 2017 | J62: 23013212 | K62: 8501264.3 | L62: 8483630.7 | M62: 6104356.8 | N62: 31496842 | O62: 14605621
A63: 2018 | B63: 2.4370428e+10 | C63: 8.8423454e+09 | D63: 8.863105e+09 | E63: 6.4518852e+09 | F63: 3.3233533e+10 | G63: 1.5294231e+10 | I63: 2018 | J63: 24370428 | K63: 8842345.4 | L63: 8863105 | M63: 6451885.2 | N63: 33233533 | O63: 15294231
A64: 2019 | B64: 2.6689511e+10 | C64: 9.492244e+09 | D64: 9.429656e+09 | E64: 6.9564548e+09 | F64: 3.6119167e+10 | G64: 1.6448699e+10 | I64: 2019 | J64: 26689511 | K64: 9492244 | L64: 9429656 | M64: 6956454.8 | N64: 36119167 | O64: 16448699
... A89: oct | B89: 0 | C89: 0 | D89: 1.9903687e+10 | E89: 1.5583475e+10 | F89: 1.9903687e+10 | G89: 1.5583475e+10 | I89: dic | J89: 0 | K89: 0 | L89: 20153837 | M89: 15816186 | N89: 20153837 | O89: 15816186
A90: nov | B90: 0 | C90: 0 | D90: 2.0075789e+10 | E90: 1.5749774e+10 | F90: 2.0075789e+10 | G90: 1.5749774e+10
A91: dic | B91: 0 | C91: 0 | D91: 20153837159 | E91: 15816186175 | F91: 20153837159 | G91: 15816186175
A92: Total general | B92: 1.9676256e+10 | C92: 7.3869635e+09 | D92: 8.5253168e+09 | E92: 6.2527955e+09 | F92: 2.8201573e+10 | G92: 1.3639759e+10

Sheet 1.1
B2: TOTAL BENEFICIOS PAGADOS DEL PILAR NO CONTRIBUTIVO
B4: Resumen trimestral de beneficios pagados, por tipo de beneficio y sexo
B5: (enero 2023 a marzo 2023)
D7: Mujeres | G7: Hombres | J7: Total
B8: Periodo | C8: Tipo de beneficio | D8: N° | E8: Monto nominal M$ * | F8: Monto real M$ ** | G8: N° | H8: Monto nominal M$ * | I8: Monto real M$ ** | J8: N° | K8: Monto nominal M$ * | L8: Monto real M$ **
B9: enero 2023 | C9: PGU No Contributiva | D9: 331003 | E9: 63933034 | F9: 64586412 | G9: 126303 | H9: 24450261 | I9: 24700136 | J9: 457306 | K9: 88383295 | L9: 89286548
C10: PGU Contributiva | D10: 729835 | E10: 1.3986358e+08 | F10: 1.4129295e+08 | G10: 605454 | H10: 1.1511277e+08 | I10: 1.1628919e+08 | J10: 1335289 | K10: 2.5497635e+08 | L10: 2.5758214e+08
C11: PBS Invalidez | D11: 104230 | E11: 20201882 | F11: 20408339 | G11: 81876 | H11: 15868523 | I11: 16030695 | J11: 186106 | K11: 36070404 | L11: 36439034
C12: APS Vejez | D12: 108797 | E12: 23112170 | F12: 23348370 | G12: 62891 | H12: 13450862 | I12: 13588326 | J12: 171688 | K12: 36563032 | L12: 36936696
C13: APS Invalidez | D13: 46104 | E13: 7667276.8 | F13: 7745634.3 | G13: 47256 | H13: 7473814.7 | I13: 7550195 | J13: 93360 | K13: 15141092 | L13: 15295829
C14: Total Beneficios | D14: 1319969 | E14: 2.5477794e+08 | F14: 2.573817e+08 | G14: 923780 | H14: 1.7635623e+08 | I14: 1.7815854e+08 | J14: 2243749 | K14: 4.3113417e+08 | L14: 4.3554025e+08
B15: febrero 2023 | C15: PGU No Contributiva | D15: 331827 | E15: 68143594 | F15: 68884241 | G15: 127315 | H15: 26162330 | I15: 26446686 | J15: 459142 | K15: 94305924 | L15: 95330927
C16: PGU Contributiva | D16: 737271 | E16: 1.5045957e+08 | F16: 1.520949e+08 | G16: 613433 | H16: 1.2424945e+08 | I16: 1.2559991e+08 | J16: 1350704 | K16: 2.7470903e+08 | L16: 2.7769482e+08
C17: PBS Invalidez | D17: 104475 | E17: 21529707 | F17: 21763711 | G17: 82037 | H17: 16905382 | I17: 17089125 | J17: 186512 | K17: 38435089 | L17: 38852837
C18: APS Vejez | D18: 108645 | E18: 23098113 | F18: 23349164 | G18: 62678 | H18: 13420694 | I18: 13566562 | J18: 171323 | K18: 36518806 | L18: 36915726
C19: APS Invalidez | D19: 46210 | E19: 8237673.4 | F19: 8327208 | G19: 47542 | H19: 8076320.7 | I19: 8164101.5 | J19: 93752 | K19: 16313994 | L19: 16491309
C20: Total Beneficios | D20: 1328428 | E20: 2.7146866e+08 | F20: 2.7441923e+08 | G20: 933005 | H20: 1.8881418e+08 | I20: 1.9086639e+08 | J20: 2261433 | K20: 4.6028284e+08 | L20: 4.6528562e+08
B21: marzo 2023 | C21: PGU No Contributiva | D21: 332837 | E21: 68328243 | F21: 68328243 | G21: 128270 | H21: 26367973 | I21: 26367973 | J21: 461107 | K21: 94696216 | L21: 94696216
C22: PGU Contributiva | D22: 745051 | E22: 1.5199931e+08 | F22: 1.5199931e+08 | G22: 620582 | H22: 1.2565363e+08 | I22: 1.2565363e+08 | J22: 1365633 | K22: 2.7765294e+08 | L22: 2.7765294e+08
C23: PBS Invalidez | D23: 104804 | E23: 21596972 | F23: 21596972 | G23: 82313 | H23: 16962286 | I23: 16962286 | J23: 187117 | K23: 38559258 | L23: 38559258
C24: APS Vejez | D24: 108598 | E24: 23099682 | F24: 23099682 | G24: 62593 | H24: 13421795 | I24: 13421795 | J24: 171191 | K24: 36521477 | L24: 36521477
C25: APS Invalidez | D25: 46381 | E25: 8260461.9 | F25: 8260461.9 | G25: 47964 | H25: 8133304 | I25: 8133304 | J25: 94345 | K25: 16393766 | L25: 16393766
C26: Total Beneficios | D26: 1337671 | E26: 2.7328467e+08 | F26: 2.7328467e+08 | G26: 941722 | H26: 1.9053899e+08 | I26: 1.9053899e+08 | J26: 2279393 | K26: 4.6382366e+08 | L26: 4.6382366e+08
B27: Fuente: Elaboración propia con datos de la Superintendencia de Pensiones
B28: Nota 1: La Pensión Garantizada Universal (PGU) es un nuevo beneficio generado a partir de la ley 21.419 del 29-01-2022. El concepto de PGU No Contributiva o Contributiva está relacionado con la calidad de la persona que está recibiendo el beneficio, si es No Contributiva quiere decir que no estaba afiliado a un sistema previsional (D.L. 3.500 o antiguo Sistema de Reparto) ni recibe pensión de sobrevivencia, si es Contributiva quiere decir que si estaba afiliado a un sistema previsional o que recibe una pensión de sobrevivencia. De manera automática, en febrero 2022, los PBS de Vejez pasaron a ser PGU No Contributiva y los APS Vejez Subsidio Definido, los Beneficio artículo 9° bis y los APS Vejez con una Pensión Final Garantizada inferior o igual al monto de la PGU pasaron a ser PGU Contributiva (Fuente: Superintendencia de Pensiones). Nota 2: Para los APS de Vejez, en aquellos casos en que este beneficio superaba el monto de la PGU se mantuvo el beneficio.
B29: * Montos nominales de cada periodo de pago. ** Montos deflactados a marzo 2023
B31: Serie resumen de pagos (monto real M$) de beneficios acumulados, por tipo de beneficio
B32: (enero 2020 a marzo 2023)
C34: PGU No Contributiva | G34: PGU Contributiva | K34: PBS Vejez | O34: PBS Invalidez | S34: APS Vejez | W34: APS Invalidez | AA34: Nbis | AE34: Total Beneficios
C35: N° Beneficios promedio | E35: Monto promedio M$* | G35: N° Beneficios promedio | I35: Monto promedio M$* | K35: N° Beneficios promedio | M35: Monto promedio M$* | O35: N° Beneficios promedio | Q35: Monto promedio M$* | S35: N° Beneficios promedio | U35: Monto promedio M$* | W35: N° Beneficios promedio | Y35: Monto promedio M$* | AA35: N° Beneficios promedio | AC35: Monto promedio M$* | AE35: N° Beneficios promedio | AG35: Monto promedio M$*
B36: Periodo | C36: N | D36: % | E36: N | F36: % | G36: N | H36: % | I36: N | J36: % | K36: N | L36: % | M36: N | N36: % | O36: N | P36: % | Q36: N | R36: % | S36: N | T36: % | U36: N | V36: % | W36: N | X36: % | Y36: N | Z36: % | AA36: N | AB36: % | AC36: N | AD36: % | AE36: N | AF36: % | AG36: N | AH36: %
B37: 39630 | K37: 290570 | L37: 0.60124441 | M37: 30163620 | N37: 0.60124441 | O37: 192711 | P37: 0.39875559 | Q37: 20005030 | R37: 0.39875559 | AE37: 483281 | AF37: 1 | AG37: 50168650 | AH37: 1
B38: 39661 | K38: 292137 | L38: 0.60055999 | M38: 30046161 | N38: 0.60055999 | O38: 194304 | P38: 0.39944001 | Q38: 19984080 | R38: 0.39944001 | AE38: 486441 | AF38: 1 | AG38: 50030242 | AH38: 1
B39: 39692 | K39: 329546 | L39: 0.63002998 | M39: 33529943 | N39: 0.62997894 | O39: 193518 | P39: 0.36997002 | Q39: 19693968 | R39: 0.37002106 | AE39: 523064 | AF39: 1 | AG39: 53223911 | AH39: 1
B40: 39722 | K40: 340883 | L40: 0.63388369 | M40: 37227667 | N40: 0.64317182 | O40: 193041 | P40: 0.3589664 | Q40: 19563397 | R40: 0.33799124 | S40: 3399 | T40: 0.0063205577 | U40: 970515.16 | V40: 0.016767314 | W40: 446 | X40: 0.00082935238 | Y40: 119793.02 | Z40: 0.0020696299 | AE40: 537769 | AF40: 1 | AG40: 57881372 | AH40: 1
B41: 39753 | K41: 347314 | L41: 0.63749096 | M41: 37107809 | N41: 0.64785948 | O41: 192690 | P41: 0.35368034 | Q41: 19633136 | R41: 0.34277187 | S41: 4226 | T41: 0.0077567757 | U41: 469015.24 | V41: 0.0081884642 | W41: 584 | X41: 0.0010719255 | Y41: 67597.932 | Z41: 0.0011801818 | AE41: 544814 | AF41: 1 | AG41: 57277559 | AH41: 1
B42: 39783 | K42: 358445 | L42: 0.64228132 | M42: 39974650 | N42: 0.64842422 | O42: 194451 | P42: 0.34842792 | Q42: 21082122 | R42: 0.34197068 | S42: 4485 | T42: 0.0080364678 | U42: 521679.39 | V42: 0.0084621016 | W42: 700 | X42: 0.0012542982 | Y42: 70464.889 | Z42: 0.0011430029 | AE42: 558081 | AF42: 1 | AG42: 61648916 | AH42: 1
B43: Promedio 2008 | K43: 326482.5 | L43: 0.6224069 | M43: 34674975 | N43: 0.62580848 | O43: 193452.5 | P43: 0.36879824 | Q43: 19993622 | R43: 0.36084174 | S43: 4036.6667 | T43: 0.0076955095 | U43: 653736.6 | V43: 0.011798535 | W43: 576.66667 | X43: 0.0010993585 | Y43: 85951.945 | Z43: 0.0015512471 | AE43: 524548.33 | AF43: 1 | AG43: 55408286 | AH43: 1
B44: 39814 | K44: 364131 | L44: 0.64167332 | M44: 39015660 | N44: 0.63183868 | O44: 196192 | P44: 0.34573044 | Q44: 21595408 | R44: 0.34972659 | S44: 6199 | T44: 0.010923906 | U44: 998048.25 | V44: 0.016162881 | W44: 949 | X44: 0.0016723322 | Y44: 140284.74 | Z44: 0.0022718397 | AE44: 567471 | AF44: 1 | AG44: 61749401 | AH44: 1
B45: 39845 | K45: 366991 | L45: 0.64091253 | M45: 39051164 | N45: 0.63378798 | O45: 197256 | P45: 0.34448758 | Q45: 21625405 | R45: 0.35097345 | S45: 7180 | T45: 0.012539141 | U45: 782323.47 | V45: 0.012696861 | W45: 1180 | X45: 0.0020607502 | Y45: 156608.3 | Z45: 0.0025417029 | AE45: 572607 | AF45: 1 | AG45: 61615501 | AH45: 1
B46: 39873 | K46: 369833 | L46: 0.64020614 | M46: 39044298 | N46: 0.63318479 | O46: 198068 | P46: 0.34286921 | Q46: 21517144 | R46: 0.34894541 | S46: 8287 | T46: 0.014345362 | U46: 914148.8 | V46: 0.014824831 | W46: 1490 | X46: 0.0025792916 | Y46: 187762.92 | Z46: 0.0030449676 | AE46: 577678 | AF46: 1 | AG46: 61663354 | AH46: 1
B47: 39904 | K47: 371972 | L47: 0.63854127 | M47: 39087038 | N47: 0.62590063 | O47: 198891 | P47: 0.34142385 | Q47: 21738418 | R47: 0.34809723 | S47: 9630 | T47: 0.016531224 | U47: 1299003.1 | V47: 0.020800933 | W47: 2041 | X47: 0.0035036582 | Y47: 324811.77 | Z47: 0.0052012099 | AE47: 582534 | AF47: 1 | AG47: 62449271 | AH47: 1
B48: 39934 | K48: 374732 | L48: 0.6369018 | M48: 39538056 | N48: 0.62392417 | O48: 200088 | P48: 0.34007346 | Q48: 22189495 | R48: 0.35015789 | S48: 11050 | T48: 0.018780795 | U48: 1320464.6 | V48: 0.020837386 | W48: 2497 | X48: 0.0042439498 | Y48: 321954.95 | Z48: 0.0050805602 | AE48: 588367 | AF48: 1 | AG48: 63369971 | AH48: 1
B49: 39965 | K49: 377068 | L49: 0.63511324 | M49: 39705226 | N49: 0.62146722 | O49: 201424 | P49: 0.33926785 | Q49: 22530662 | R49: 0.3526505 | S49: 12190 | T49: 0.020532186 | U49: 1280294.4 | V49: 0.0200392 | W49: 3020 | X49: 0.005086727 | Y49: 373311.55 | Z49: 0.0058430819 | AE49: 593702 | AF49: 1 | AG49: 63889494 | AH49: 1
B50: 39995 | K50: 378458 | L50: 0.63259681 | M50: 49698981 | N50: 0.61863069 | O50: 202738 | P50: 0.33887885 | Q50: 28129151 | R50: 0.35013909 | S50: 13277 | T50: 0.022192655 | U50: 1827041.7 | V50: 0.022742198 | W50: 3788 | X50: 0.0063316847 | Y50: 681902.68 | Z50: 0.0084880196 | AE50: 598261 | AF50: 1 | AG50: 80337076 | AH50: 1
B51: 40026 | K51: 379265 | L51: 0.62885818 | M51: 50142761 | N51: 0.60958882 | O51: 204743 | P51: 0.33948377 | Q51: 29125242 | R51: 0.35407747 | S51: 14655 | T51: 0.024299413 | U51: 2278434.9 | V51: 0.027699082 | W51: 4438 | X51: 0.0073586348 | Y51: 710255.97 | Z51: 0.0086346282 | AE51: 603101 | AF51: 1 | AG51: 82256694 | AH51: 1
B52: 40057 | K52: 384674 | L52: 0.61716103 | M52: 51475690 | N52: 0.60982284 | O52: 206439 | P52: 0.3312054 | Q52: 28864721 | R52: 0.34195493 | S52: 27203 | T52: 0.04364379 | U52: 3338137.3 | V52: 0.039546286 | W52: 4980 | X52: 0.0079897833 | Y52: 732343.98 | Z52: 0.0086759416 | AE52: 623296 | AF52: 1 | AG52: 84410892 | AH52: 1
B53: 40087 | K53: 391967 | L53: 0.50494358 | M53: 52565726 | N53: 0.54420683 | O53: 208340 | P53: 0.2683898 | Q53: 29551301 | R53: 0.30594117 | S53: 169034 | T53: 0.21775464 | U53: 13177042 | V53: 0.13642038 | W53: 6918 | X53: 0.008911974 | Y53: 1297379.4 | Z53: 0.013431617 | AE53: 776259 | AF53: 1 | AG53: 96591449 | AH53: 1
B54: 40118 | K54: 393607 | L54: 0.48307963 | M54: 51646737 | N54: 0.56902664 | O54: 209889 | P54: 0.25759984 | Q54: 29424832 | R54: 0.32419305 | S54: 203555 | T54: 0.24982603 | U54: 8540424.4 | V54: 0.094095566 | W54: 7736 | X54: 0.0094945059 | Y54: 1151309.3 | Z54: 0.012684744 | AE54: 814787 | AF54: 1 | AG54: 90763303 | AH54: 1
B55: 40148 | K55: 398828 | L55: 0.46495534 | M55: 53714396 | N55: 0.55645502 | O55: 212205 | P55: 0.24738947 | Q55: 30946668 | R55: 0.32059243 | S55: 237978 | T55: 0.27743574 | U55: 10472839 | V55: 0.10849351 | W55: 8766 | X55: 0.010219439 | Y55: 1395725.6 | Z55: 0.014459038 | AE55: 857777 | AF55: 1 | AG55: 96529628 | AH55: 1
B56: Promedio 2009 | K56: 379293.83 | L56: 0.58685146 | M56: 45390478 | N56: 0.60144664 | O56: 203022.75 | P56: 0.3141211 | Q56: 25603204 | R56: 0.33925532 | S56: 60019.833 | T56: 0.092863958 | U56: 3852350.2 | V56: 0.051045575 | W56: 3983.5833 | X56: 0.0061634845 | Y56: 622804.26 | Z56: 0.0082524693 | AE56: 646320 | AF56: 1 | AG56: 75468836 | AH56: 1
B57: 40179 | K57: 401503 | L57: 0.45844561 | M57: 52273700 | N57: 0.56428748 | O57: 213689 | P57: 0.24399515 | Q57: 29304772 | R57: 0.31634103 | S57: 250933 | T57: 0.28652123 | U57: 9643213.1 | V57: 0.10409718 | W57: 9667 | X57: 0.011038009 | Y57: 1414960.6 | Z57: 0.015274308 | AE57: 875792 | AF57: 1 | AG57: 92636646 | AH57: 1
B58: 40210 | K58: 399656 | L58: 0.44991005 | M58: 51342684 | N58: 0.56799651 | O58: 212721 | P58: 0.23946923 | Q58: 27338706 | R58: 0.30244406 | S58: 265352 | T58: 0.29871823 | U58: 10266516 | V58: 0.11357695 | W58: 10573 | X58: 0.011902484 | Y58: 1444698.5 | Z58: 0.015982485 | AE58: 888302 | AF58: 1 | AG58: 90392605 | AH58: 1
B59: 40238 | K59: 402294 | L59: 0.44120182 | M59: 53210435 | N59: 0.5510776 | O59: 214407 | P59: 0.23514335 | Q59: 29594585 | R59: 0.30649839 | S59: 283774 | T59: 0.31121917 | U59: 12118769 | V59: 0.12550888 | W59: 11339 | X59: 0.01243565 | Y59: 1633275.4 | Z59: 0.016915132 | AE59: 911814 | AF59: 1 | AG59: 96557064 | AH59: 1
B60: 40269 | K60: 403577 | L60: 0.43827049 | M60: 52314466 | N60: 0.5638065 | O60: 214665 | P60: 0.23311867 | Q60: 28412125 | R60: 0.3062048 | S60: 290581 | T60: 0.31556079 | U60: 10434713 | V60: 0.11245759 | W60: 12017 | X60: 0.013050041 | Y60: 1626676.1 | Z60: 0.017531108 | AE60: 920840 | AF60: 1 | AG60: 92787979 | AH60: 1
B61: 40299 | K61: 404226 | L61: 0.43466376 | M61: 52355198 | N61: 0.56029958 | O61: 214850 | P61: 0.23102796 | Q61: 28351838 | R61: 0.30341826 | S61: 297968 | T61: 0.32040466 | U61: 10959351 | V61: 0.11728577 | W61: 12930 | X61: 0.013903615 | Y61: 1775050 | Z61: 0.01899639 | AE61: 929974 | AF61: 1 | AG61: 93441437 | AH61: 1
B62: 40330 | K62: 405141 | L62: 0.42909933 | M62: 52312227 | N62: 0.55333694 | O62: 215430 | P62: 0.22816962 | Q62: 28688592 | R62: 0.30345597 | S62: 309440 | T62: 0.32773898 | U62: 11404173 | V62: 0.12062859 | W62: 14155 | X62: 0.014992067 | Y62: 2134560.8 | Z62: 0.022578494 | AE62: 944166 | AF62: 1 | AG62: 94539554 | AH62: 1
B63: 40360 | K63: 405859 | L63: 0.42549964 | M63: 52724752 | N63: 0.50727639 | O63: 215653 | P63: 0.22608904 | Q63: 28854771 | R63: 0.27761807 | S63: 317232 | T63: 0.33258373 | U63: 20237591 | V63: 0.1947103 | W63: 15097 | X63: 0.015827586 | Y63: 2119818.2 | Z63: 0.020395235 | AE63: 953841 | AF63: 1 | AG63: 1.0393693e+08 | AH63: 1
B64: 40391 | K64: 407004 | L64: 0.42148365 | M64: 52992148 | N64: 0.50333152 | O64: 215989 | P64: 0.22367306 | Q64: 28715340 | R64: 0.27274486 | S64: 326831 | T64: 0.3384584 | U64: 21402915 | V64: 0.20328978 | W64: 15822 | X64: 0.016384886 | Y64: 2172387.6 | Z64: 0.020633834 | AE64: 965646 | AF64: 1 | AG64: 1.0528279e+08 | AH64: 1
B65: 40422 | K65: 405711 | L65: 0.41614714 | M65: 51925780 | N65: 0.50140058 | O65: 216293 | P65: 0.22185672 | Q65: 28713977 | R65: 0.27726506 | S65: 337133 | T65: 0.3458051 | U65: 20907401 | V65: 0.20188397 | W65: 15785 | X65: 0.016191039 | Y65: 2014310.6 | Z65: 0.019450387 | AE65: 974922 | AF65: 1 | AG65: 1.0356147e+08 | AH65: 1
B66: 40452 | K66: 405916 | L66: 0.41141747 | M66: 52488199 | N66: 0.49481363 | O66: 216539 | P66: 0.2194738 | Q66: 28657605 | R66: 0.27015927 | S66: 348007 | T66: 0.35272362 | U66: 22811245 | V66: 0.21504481 | W66: 16166 | X66: 0.016385102 | Y66: 2119655.3 | Z66: 0.019982288 | AE66: 986628 | AF66: 1 | AG66: 1.060767e+08 | AH66: 1
B67: 40483 | K67: 406466 | L67: 0.4055446 | M67: 52772310 | N67: 0.48876839 | O67: 216508 | P67: 0.21601721 | Q67: 28631379 | R67: 0.26517909 | S67: 362534 | T67: 0.36171219 | U67: 24275813 | V67: 0.22483856 | W67: 16764 | X67: 0.016725999 | Y67: 2290471.1 | Z67: 0.021213964 | AE67: 1002272 | AF67: 1 | AG67: 1.0796997e+08 | AH67: 1
B68: 40513 | K68: 407118 | L68: 0.40265059 | M68: 52791756 | N68: 0.49036702 | O68: 216390 | P68: 0.2140155 | Q68: 28481427 | R68: 0.26455556 | S68: 370216 | T68: 0.36615353 | U68: 24019572 | V68: 0.2231107 | W68: 17371 | X68: 0.017180384 | Y68: 2364885.8 | Z68: 0.021966725 | AE68: 1011095 | AF68: 1 | AG68: 1.0765764e+08 | AH68: 1
B69: Promedio 2010 | K69: 404539.25 | L69: 0.42713122 | M69: 52458638 | N69: 0.52685149 | O69: 215261.17 | P69: 0.22728268 | Q69: 28645426 | R69: 0.28769115 | S69: 313333.42 | T69: 0.33083189 | U69: 16540106 | V69: 0.16611525 | W69: 13973.833 | X69: 0.014754218 | Y69: 1925895.8 | Z69: 0.019342117 | AE69: 947107.67 | AF69: 1 | AG69: 99570066 | AH69: 1
B70: 40544 | K70: 408161 | L70: 0.40192078 | M70: 53300717 | N70: 0.49319949 | O70: 216183 | P70: 0.21287786 | Q70: 28150701 | R70: 0.26048264 | S70: 372853 | T70: 0.36715259 | U70: 23909082 | V70: 0.22123431 | W70: 18329 | X70: 0.018048775 | Y70: 2710812.9 | Z70: 0.025083556 | AE70: 1015526 | AF70: 1 | AG70: 1.0807131e+08 | AH70: 1
B71: 40575 | K71: 407627 | L71: 0.39832103 | M71: 52207292 | N71: 0.48441661 | O71: 215873 | P71: 0.2109447 | Q71: 27942889 | R71: 0.25927412 | S71: 381231 | T71: 0.37252764 | U71: 25220901 | V71: 0.23401757 | W71: 18632 | X71: 0.018206638 | Y71: 2402456.6 | Z71: 0.022291711 | AE71: 1023363 | AF71: 1 | AG71: 1.0777354e+08 | AH71: 1
B72: 40603 | K72: 408158 | L72: 0.39701768 | M72: 52188992 | N72: 0.48977941 | O72: 215968 | P72: 0.21007334 | Q72: 27999218 | R72: 0.262765 | S72: 384417 | T72: 0.37392467 | U72: 23575452 | V72: 0.22124917 | W72: 19517 | X72: 0.018984301 | Y72: 2792455.4 | Z72: 0.02620643 | AE72: 1028060 | AF72: 1 | AG72: 1.0655612e+08 | AH72: 1
B73: 40634 | K73: 403355 | L73: 0.39436004 | M73: 50478561 | N73: 0.48945379 | O73: 215453 | P73: 0.21064832 | Q73: 27924362 | R73: 0.27076217 | S73: 383911 | T73: 0.37534965 | U73: 22341980 | V73: 0.21663388 | W73: 20090 | X73: 0.019641986 | Y73: 2387531.4 | Z73: 0.023150151 | AE73: 1022809 | AF73: 1 | AG73: 1.0313243e+08 | AH73: 1
B74: 40664 | K74: 406131 | L74: 0.39346306 | M74: 52533617 | N74: 0.48762635 | O74: 215354 | P74: 0.20863673 | Q74: 27574011 | R74: 0.25594686 | S74: 389170 | T74: 0.37703111 | U74: 24385387 | V74: 0.22634948 | W74: 21541 | X74: 0.020869099 | Y74: 3240329.6 | Z74: 0.030077314 | AE74: 1032196 | AF74: 1 | AG74: 1.0773334e+08 | AH74: 1
B75: 40695 | K75: 406612 | L75: 0.39025411 | M75: 51475126 | N75: 0.47884413 | O75: 215443 | P75: 0.20677579 | Q75: 27632844 | R75: 0.25705279 | S75: 397492 | T75: 0.381501 | U75: 25350914 | V75: 0.23582529 | W75: 22369 | X75: 0.021469101 | Y75: 3039826.5 | Z75: 0.028277795 | AE75: 1041916 | AF75: 1 | AG75: 1.0749871e+08 | AH75: 1
B76: 40725 | K76: 405603 | L76: 0.38809005 | M76: 52928335 | N76: 0.45769448 | O76: 214230 | P76: 0.20498007 | Q76: 28158958 | R76: 0.24350283 | S76: 402342 | T76: 0.38496985 | U76: 31492031 | V76: 0.27232538 | W76: 22951 | X76: 0.021960032 | Y76: 3061866.6 | Z76: 0.026477301 | AE76: 1045126 | AF76: 1 | AG76: 1.1564119e+08 | AH76: 1
B77: 40756 | K77: 405997 | L77: 0.38525524 | M77: 52931842 | N77: 0.45146023 | O77: 214543 | P77: 0.20358233 | Q77: 28252839 | R77: 0.2409709 | S77: 409747 | T77: 0.38881366 | U77: 32882483 | V77: 0.28045753 | W77: 23552 | X77: 0.022348765 | Y77: 3178693.2 | Z77: 0.027111348 | AE77: 1053839 | AF77: 1 | AG77: 1.1724586e+08 | AH77: 1
B78: 40787 | K78: 405744 | L78: 0.3851142 | M78: 52707730 | N78: 0.45972647 | O78: 214849 | P78: 0.20392514 | Q78: 28643959 | R78: 0.24983786 | S78: 409464 | T78: 0.38864506 | U78: 30420317 | V78: 0.26533157 | W78: 23511 | X78: 0.022315598 | Y78: 2878190.3 | Z78: 0.025104103 | AE78: 1053568 | AF78: 1 | AG78: 1.146502e+08 | AH78: 1
B79: 40817 | K79: 403625 | L79: 0.37899844 | M79: 51877269 | N79: 0.43739466 | O79: 214346 | P79: 0.20126801 | Q79: 28052587 | R79: 0.23652077 | S79: 422164 | T79: 0.39640631 | U79: 35081657 | V79: 0.29578522 | W79: 24843 | X79: 0.023327242 | Y79: 3593659.7 | Z79: 0.030299351 | AE79: 1064978 | AF79: 1 | AG79: 1.1860517e+08 | AH79: 1
B80: 40848 | K80: 401693 | L80: 0.37788404 | M80: 50893834 | N80: 0.44669861 | O80: 213867 | P80: 0.20119077 | Q80: 27695305 | R80: 0.24308356 | S80: 422687 | T80: 0.39763369 | U80: 32319873 | V80: 0.28367371 | W80: 24759 | X80: 0.023291496 | Y80: 3024259.7 | Z80: 0.026544131 | AE80: 1063006 | AF80: 1 | AG80: 1.1393327e+08 | AH80: 1
B81: 40878 | K81: 405116 | L81: 0.37454836 | M81: 53229501 | N81: 0.44180205 | O81: 213801 | P81: 0.19766885 | Q81: 27774147 | R81: 0.23052396 | S81: 436791 | T81: 0.40383335 | U81: 35810761 | V81: 0.29722743 | W81: 25904 | X81: 0.023949438 | Y81: 3668283.2 | Z81: 0.030446557 | AE81: 1081612 | AF81: 1 | AG81: 1.2048269e+08 | AH81: 1
B82: Promedio 2011 | K82: 405651.83 | L82: 0.38861747 | M82: 52229401 | N82: 0.46726435 | O82: 214992.5 | P82: 0.20596441 | Q82: 27983485 | R82: 0.25035104 | S82: 401022.42 | T82: 0.38418245 | U82: 28565903 | V82: 0.25556158 | W82: 22166.5 | X82: 0.021235672 | Y82: 2998197.1 | Z82: 0.026823027 | AE82: 1043833.2 | AF82: 1 | AG82: 1.1177699e+08 | AH82: 1
B83: 40909 | K83: 405147 | L83: 0.37581397 | M83: 51763101 | N83: 0.45393341 | O83: 212218 | P83: 0.19685321 | Q83: 27337072 | R83: 0.23973081 | S83: 434885 | T83: 0.40339891 | U83: 31817721 | V83: 0.27902359 | W83: 25802 | X83: 0.02393391 | Y83: 3114472.4 | Z83: 0.027312179 | AE83: 1078052 | AF83: 1 | AG83: 1.1403237e+08 | AH83: 1
B84: 40940 | K84: 405788 | L84: 0.3722812 | M84: 51845163 | N84: 0.43889155 | O84: 211479 | P84: 0.19401672 | Q84: 26987649 | R84: 0.22846203 | S84: 445464 | T84: 0.40868107 | U84: 35348252 | V84: 0.29923812 | W84: 27273 | X84: 0.025021009 | Y84: 3946438.8 | Z84: 0.033408297 | AE84: 1090004 | AF84: 1 | AG84: 1.181275e+08 | AH84: 1
B85: 40969 | K85: 405724 | L85: 0.36716307 | M85: 51731559 | N85: 0.43558476 | O85: 211975 | P85: 0.19182841 | Q85: 27334952 | R85: 0.23016295 | S85: 459460 | T85: 0.41579187 | U85: 36041975 | V85: 0.30347693 | W85: 27865 | X85: 0.025216647 | Y85: 3654988.7 | Z85: 0.03077536 | AE85: 1105024 | AF85: 1 | AG85: 1.1876348e+08 | AH85: 1
B86: 41000 | K86: 405278 | L86: 0.36539018 | M86: 51572135 | N86: 0.44139918 | O86: 210835 | P86: 0.19008443 | Q86: 27245769 | R86: 0.23319298 | S86: 464267 | T86: 0.41857343 | U86: 34319042 | V86: 0.2937322 | W86: 28785 | X86: 0.025951955 | Y86: 3700914 | Z86: 0.03167564 | AE86: 1109165 | AF86: 1 | AG86: 1.1683786e+08 | AH86: 1
B87: 41030 | K87: 405077 | L87: 0.36230929 | M87: 51358213 | N87: 0.43297819 | O87: 211171 | P87: 0.18887573 | Q87: 27350008 | R87: 0.23057572 | S87: 472382 | T87: 0.42250828 | U87: 36110665 | V87: 0.30443291 | W87: 29412 | X87: 0.026306704 | Y87: 3797281.6 | Z87: 0.032013187 | AE87: 1118042 | AF87: 1 | AG87: 1.1861617e+08 | AH87: 1
B88: 41061 | K88: 405447 | L88: 0.35951851 | M88: 51664656 | N88: 0.43216835 | O88: 211515 | P88: 0.18755487 | Q88: 27510113 | R88: 0.23011864 | S88: 480566 | T88: 0.42612813 | U88: 36482213 | V88: 0.30516912 | W88: 30222 | X88: 0.026798493 | Y88: 3890542.3 | Z88: 0.032543897 | AE88: 1127750 | AF88: 1 | AG88: 1.1954753e+08 | AH88: 1
B89: 41091 | K89: 405988 | L89: 0.36052795 | M89: 53111724 | N89: 0.43364826 | O89: 211177 | P89: 0.18753069 | Q89: 28180527 | R89: 0.23008924 | S89: 478596 | T89: 0.42500575 | U89: 37219185 | V89: 0.30388837 | W89: 30332 | X89: 0.026935608 | Y89: 3965069.7 | Z89: 0.032374125 | AE89: 1126093 | AF89: 1 | AG89: 1.2247651e+08 | AH89: 1
B90: 41122 | K90: 403875 | L90: 0.35582917 | M90: 52789866 | N90: 0.42874194 | O90: 198447 | P90: 0.17483932 | Q90: 26091526 | R90: 0.2119068 | S90: 489880 | T90: 0.43160283 | U90: 38773136 | V90: 0.31490266 | W90: 42823 | X90: 0.037728684 | Y90: 5472839.4 | Z90: 0.044448602 | AE90: 1135025 | AF90: 1 | AG90: 1.2312737e+08 | AH90: 1
B91: 41153 | K91: 403144 | L91: 0.35241062 | M91: 51978945 | N91: 0.42433171 | O91: 198376 | P91: 0.17341151 | Q91: 26203399 | R91: 0.21391225 | S91: 499207 | T91: 0.43638463 | U91: 38822810 | V91: 0.3169312 | W91: 43234 | X91: 0.037793246 | Y91: 5490864.4 | Z91: 0.04482484 | AE91: 1143961 | AF91: 1 | AG91: 1.2249602e+08 | AH91: 1
B92: 41183 | K92: 403812 | L92: 0.35006268 | M92: 52255587 | N92: 0.42507822 | O92: 197358 | P92: 0.1710887 | Q92: 25402848 | R92: 0.20664197 | S92: 510960 | T92: 0.44294876 | U92: 40016877 | V92: 0.32552122 | W92: 41412 | X92: 0.035899863 | Y92: 5256387.5 | Z92: 0.042758601 | AE92: 1153542 | AF92: 1 | AG92: 1.229317e+08 | AH92: 1
B93: 41214 | K93: 403590 | L93: 0.34642116 | M93: 52058685 | N93: 0.41859242 | O93: 196261 | P93: 0.16846047 | Q93: 26115301 | R93: 0.20998739 | S93: 526706 | T93: 0.45209768 | U93: 41402896 | V93: 0.33291157 | W93: 38470 | X93: 0.033020694 | Y93: 4789165.8 | Z93: 0.038508628 | AE93: 1165027 | AF93: 1 | AG93: 1.2436605e+08 | AH93: 1
B94: 41244 | K94: 406123 | L94: 0.34387217 | M94: 53039434 | N94: 0.42191777 | O94: 194854 | P94: 0.16498663 | Q94: 25571012 | R94: 0.20341213 | S94: 539888 | T94: 0.45713357 | U94: 41922893 | V94: 0.33348798 | W94: 40164 | X94: 0.034007632 | Y94: 5177019.2 | Z94: 0.041182121 | AE94: 1181029 | AF94: 1 | AG94: 1.2571036e+08 | AH94: 1
B95: Promedio 2012 | K95: 404916.08 | L95: 0.35905532 | M95: 52097422 | N95: 0.43203515 | O95: 205472.17 | P95: 0.18220041 | Q95: 26777515 | R95: 0.22206142 | S95: 483521.75 | T95: 0.42875812 | U95: 37356472 | V95: 0.30979093 | W95: 33816.167 | X95: 0.029986151 | Y95: 4354665.3 | Z95: 0.036112506 | AE95: 1127726.2 | AF95: 1 | AG95: 1.2058607e+08 | AH95: 1
B96: 41275 | K96: 407292 | L96: 0.34219173 | M96: 52632086 | N96: 0.42065001 | O96: 195551 | P96: 0.16429475 | Q96: 25826212 | R96: 0.20641014 | S96: 546324 | T96: 0.4590013 | U96: 41504656 | V96: 0.33171656 | W96: 41078 | X96: 0.034512222 | Y96: 5157892.8 | Z96: 0.041223289 | AE96: 1190245 | AF96: 1 | AG96: 1.2512085e+08 | AH96: 1
B97: 41306 | K97: 407384 | L97: 0.34100271 | M97: 52271651 | N97: 0.42121555 | O97: 195641 | P97: 0.16376223 | Q97: 25699237 | R97: 0.20708966 | S97: 550022 | T97: 0.46039852 | U97: 40946508 | V97: 0.32995525 | W97: 41618 | X97: 0.034836544 | Y97: 5179757.5 | Z97: 0.041739535 | AE97: 1194665 | AF97: 1 | AG97: 1.2409715e+08 | AH97: 1
B98: 41334 | K98: 407033 | L98: 0.33955976 | M98: 52070600 | N98: 0.4192024 | O98: 195663 | P98: 0.16322824 | Q98: 25630613 | R98: 0.2063432 | S98: 553656 | T98: 0.46187729 | U98: 41285502 | V98: 0.3323753 | W98: 42356 | X98: 0.03533471 | Y98: 5226792.8 | Z98: 0.042079102 | AE98: 1198708 | AF98: 1 | AG98: 1.2421351e+08 | AH98: 1
B99: 41365 | K99: 407163 | L99: 0.33837901 | M99: 52407597 | N99: 0.41932508 | O99: 195429 | P99: 0.16241424 | Q99: 25496808 | R99: 0.20400575 | S99: 557660 | T99: 0.46345183 | U99: 41759003 | V99: 0.33412327 | W99: 43023 | X99: 0.035754919 | Y99: 5317421.5 | Z99: 0.042545897 | AE99: 1203275 | AF99: 1 | AG99: 1.2498083e+08 | AH99: 1
B100: 41395 | K100: 403102 | L100: 0.33533122 | M100: 51596100 | N100: 0.41463632 | O100: 194785 | P100: 0.16203713 | Q100: 25419760 | R100: 0.20427815 | S100: 557865 | T100: 0.46407498 | U100: 41699551 | V100: 0.33510572 | W100: 46349 | X100: 0.03855666 | Y100: 5721590.2 | Z100: 0.045979814 | AE100: 1202101 | AF100: 1 | AG100: 1.24437e+08 | AH100: 1
B101: 41426 | K101: 402501 | L101: 0.33400161 | M101: 51168219 | N101: 0.41328247 | O101: 194527 | P101: 0.16142154 | Q101: 25245144 | R101: 0.20390343 | S101: 560838 | T101: 0.46539213 | U101: 41581020 | V101: 0.33584727 | W101: 47221 | X101: 0.039184723 | Y101: 5814930.4 | Z101: 0.046966825 | AE101: 1205087 | AF101: 1 | AG101: 1.2380931e+08 | AH101: 1
B102: 41456 | K102: 400723 | L102: 0.33189441 | M102: 51390769 | N102: 0.41034112 | O102: 193707 | P102: 0.16043569 | Q102: 25462723 | R102: 0.20331282 | S102: 564939 | T102: 0.4679045 | U102: 42478362 | V102: 0.33917801 | W102: 48012 | X102: 0.03976541 | Y102: 5907285.4 | Z102: 0.047168045 | AE102: 1207381 | AF102: 1 | AG102: 1.2523914e+08 | AH102: 1
B103: 41487 | K103: 399188 | L103: 0.3300149 | M103: 51382366 | N103: 0.40790727 | O103: 192279 | P103: 0.15896002 | Q103: 25002622 | R103: 0.19848738 | S103: 569076 | T103: 0.47046394 | U103: 43523812 | V103: 0.34552086 | W103: 49063 | X103: 0.040561141 | Y103: 6057001.1 | Z103: 0.048084489 | AE103: 1209606 | AF103: 1 | AG103: 1.259658e+08 | AH103: 1
B104: 41518 | K104: 400350 | L104: 0.32974744 | M104: 53092827 | N104: 0.41266316 | O104: 189756 | P104: 0.15629213 | Q104: 24677548 | R104: 0.19180585 | S104: 572392 | T104: 0.47144948 | U104: 44351113 | V104: 0.34471833 | W104: 51613 | X104: 0.04251094 | Y104: 6537505.4 | Z104: 0.050812658 | AE104: 1214111 | AF104: 1 | AG104: 1.2865899e+08 | AH104: 1
B105: 41548 | K105: 400134 | L105: 0.32862354 | M105: 51723347 | N105: 0.40561746 | O105: 187727 | P105: 0.15417713 | Q105: 24364259 | R105: 0.19106592 | S105: 576466 | T105: 0.47344215 | U105: 44534598 | V105: 0.34924287 | W105: 53279 | X105: 0.043757176 | Y105: 6895352.7 | Z105: 0.054073751 | AE105: 1217606 | AF105: 1 | AG105: 1.2751756e+08 | AH105: 1
...

Sheet 1.2
B2: PAGOS PENSIÓN GARANTIZADA UNIVERSAL (PGU)
B5: Resumen trimestral de beneficios pagados, por tipo de beneficio y sexo
B6: (enero 2023 a marzo 2023)
D8: PGU No Contributiva | G8: PGU Contributiva | J8: PGU Total
B9: Periodo | C9: Sexo Beneficiarios | D9: N° | E9: Monto nominal M$ * | F9: Monto real M$ ** | G9: N° | H9: Monto nominal M$ * | I9: Monto real M$ ** | J9: N° | K9: Monto nominal M$ * | L9: Monto real M$ **
B10: enero 2023 | C10: Mujeres | D10: 331003 | E10: 63933034 | F10: 64586412 | G10: 729835 | H10: 1.3986358e+08 | I10: 1.4129295e+08 | J10: 1060838 | K10: 2.0379661e+08 | L10: 2.0587936e+08
C11: Hombres | D11: 126303 | E11: 24450261 | F11: 24700136 | G11: 605454 | H11: 1.1511277e+08 | I11: 1.1628919e+08 | J11: 731757 | K11: 1.3956303e+08 | L11: 1.4098933e+08
C12: Total | D12: 457306 | E12: 88383295 | F12: 89286548 | G12: 1335289 | H12: 2.5497635e+08 | I12: 2.5758214e+08 | J12: 1792595 | K12: 3.4335965e+08 | L12: 3.4686869e+08
B13: febrero 2023 | C13: Mujeres | D13: 331827 | E13: 68143594 | F13: 68884241 | G13: 737271 | H13: 1.5045957e+08 | I13: 1.520949e+08 | J13: 1069098 | K13: 2.1860317e+08 | L13: 2.2097915e+08
C14: Hombres | D14: 127315 | E14: 26162330 | F14: 26446686 | G14: 613433 | H14: 1.2424945e+08 | I14: 1.2559991e+08 | J14: 740748 | K14: 1.5041178e+08 | L14: 1.520466e+08
C15: Total | D15: 459142 | E15: 94305924 | F15: 95330927 | G15: 1350704 | H15: 2.7470903e+08 | I15: 2.7769482e+08 | J15: 1809846 | K15: 3.6901495e+08 | L15: 3.7302574e+08
B16: marzo 2023 | C16: Mujeres | D16: 332837 | E16: 68328243 | F16: 68328243 | G16: 745051 | H16: 1.5199931e+08 | I16: 1.5199931e+08 | J16: 1077888 | K16: 2.2032755e+08 | L16: 2.2032755e+08
C17: Hombres | D17: 128270 | E17: 26367973 | F17: 26367973 | G17: 620582 | H17: 1.2565363e+08 | I17: 1.2565363e+08 | J17: 748852 | K17: 1.5202161e+08 | L17: 1.5202161e+08
C18: Total | D18: 461107 | E18: 94696216 | F18: 94696216 | G18: 1365633 | H18: 2.7765294e+08 | I18: 2.7765294e+08 | J18: 1826740 | K18: 3.7234916e+08 | L18: 3.7234916e+08
B19: Fuente: Elaboración propia con datos de la Superintendencia de Pensiones
B20: Nota 1: La Pensión Garantizada Universal (PGU) es un nuevo beneficio generado a partir de la ley 21.419 del 29-01-2022. El concepto de PGU No Contributiva o Contributiva está relacionado con la calidad de la persona que está recibiendo el beneficio, si es No Contributiva quiere decir que no estaba afiliado a un sistema previsional (D.L. 3.500 o antiguo Sistema de Reparto) ni recibe pensión de sobrevivencia, si es Contributiva quiere decir que si estaba afiliado a un sistema previsional o que recibe una pensión de sobrevivencia. De manera automática, en febrero 2022, los PBS de Vejez pasaron a ser PGU No Contributiva y los APS Vejez Subsidio Definido, los Beneficio artículo 9° bis y los APS Vejez con una Pensión Final Garantizada inferior o igual al monto de la PGU pasaron a ser PGU Contributiva (Fuente: Superintendencia de Pensiones). Nota 2: Para los APS de Vejez, en aquellos casos en que este beneficio superaba el monto de la PGU se mantuvo el beneficio.
B21: * Montos nominales de cada periodo de pago. ** Montos deflactados a marzo 2023
B23: Serie resumen de pagos (monto real M$) de beneficios acumulado, por tipo de beneficio y sexo
B24: (febrero 2022 a marzo 2023)
C26: PGU No Contributiva | I26: PGU Contributiva | O26: PGU Total
C27: Mujeres | E27: Hombres | G27: Total | I27: Mujeres | K27: Hombres | M27: Total | O27: Mujeres | Q27: Hombres | S27: Total
B28: Periodo | C28: N° Beneficios promedio | D28: Monto promedio M$ * | E28: N° Beneficios promedio | F28: Monto promedio M$ * | G28: N° Beneficios promedio | H28: Monto promedio M$ * | I28: N° Beneficios promedio | J28: Monto promedio M$ * | K28: N° Beneficios promedio | L28: Monto promedio M$ * | M28: N° Beneficios promedio | N28: Monto promedio M$ * | O28: N° Beneficios promedio | P28: Monto promedio M$ * | Q28: N° Beneficios promedio | R28: Monto promedio M$ * | S28: N° Beneficios promedio | T28: Monto promedio M$ *
B29: 44593 | C29: 309683 | D29: 64734164 | E29: 106066 | F29: 22199165 | G29: 415749 | H29: 86933329 | I29: 517361 | J29: 96275366 | K29: 340110 | L29: 65977540 | M29: 857471 | N29: 1.6225291e+08 | O29: 827044 | P29: 1.6100953e+08 | Q29: 446176 | R29: 88176705 | S29: 1273220 | T29: 2.4918623e+08
B30: 44621 | C30: 312946 | D30: 64120560 | E30: 107255 | F30: 22038847 | G30: 420201 | H30: 86159406 | I30: 536699 | J30: 1.1007492e+08 | K30: 361057 | L30: 74127277 | M30: 897756 | N30: 1.842022e+08 | O30: 849645 | P30: 1.7419548e+08 | Q30: 468312 | R30: 96166124 | S30: 1317957 | T30: 2.7036161e+08
B31: 44652 | C31: 314601 | D31: 63502805 | E31: 107763 | F31: 21836908 | G31: 422364 | H31: 85339713 | I31: 552501 | J31: 1.1167813e+08 | K31: 374925 | L31: 75937631 | M31: 927426 | N31: 1.8761576e+08 | O31: 867102 | P31: 1.7518093e+08 | Q31: 482688 | R31: 97774539 | S31: 1349790 | T31: 2.7295547e+08
B32: 44682 | C32: 316872 | D32: 63149512 | E32: 108938 | F32: 21811497 | G32: 425810 | H32: 84961009 | I32: 605836 | J32: 1.2095873e+08 | K32: 477591 | L32: 95598584 | M32: 1083427 | N32: 2.1655731e+08 | O32: 922708 | P32: 1.8410824e+08 | Q32: 586529 | R32: 1.1741008e+08 | S32: 1509237 | T32: 3.0151832e+08
B33: 44713 | C33: 317138 | D33: 62596928 | E33: 109221 | F33: 21665370 | G33: 426359 | H33: 84262298 | I33: 615086 | J33: 1.2162089e+08 | K33: 487043 | L33: 96589823 | M33: 1102129 | N33: 2.1821071e+08 | O33: 932224 | P33: 1.8421782e+08 | Q33: 596264 | R33: 1.1825519e+08 | S33: 1528488 | T33: 3.0247301e+08
B34: 44743 | C34: 317824 | D34: 64863681 | E34: 109691 | F34: 22497989 | G34: 427515 | H34: 87361670 | I34: 621791 | J34: 1.2713736e+08 | K34: 498271 | L34: 1.0218186e+08 | M34: 1120062 | N34: 2.2931921e+08 | O34: 939615 | P34: 1.9200104e+08 | Q34: 607962 | R34: 1.2467985e+08 | S34: 1547577 | T34: 3.1668088e+08
B35: 44774 | C35: 322017 | D35: 64919166 | E35: 110018 | F35: 22294221 | G35: 432035 | H35: 87213387 | I35: 660104 | J35: 1.3294891e+08 | K35: 538150 | L35: 1.0829777e+08 | M35: 1198254 | N35: 2.4124668e+08 | O35: 982121 | P35: 1.9786808e+08 | Q35: 648168 | R35: 1.3059199e+08 | S35: 1630289 | T35: 3.2846007e+08
B36: 44805 | C36: 321661 | D36: 64279098 | E36: 109838 | F36: 22066063 | G36: 431499 | H36: 86345160 | I36: 679141 | J36: 1.3546771e+08 | K36: 553055 | L36: 1.099908e+08 | M36: 1232196 | N36: 2.4545851e+08 | O36: 1000802 | P36: 1.9974681e+08 | Q36: 662893 | R36: 1.3205686e+08 | S36: 1663695 | T36: 3.3180367e+08
B37: 44835 | C37: 322141 | D37: 64036495 | E37: 109963 | F37: 21977740 | G37: 432104 | H37: 86014235 | I37: 686334 | J37: 1.3610469e+08 | K37: 563950 | L37: 1.1138507e+08 | M37: 1250284 | N37: 2.4748975e+08 | O37: 1008475 | P37: 2.0014118e+08 | Q37: 673913 | R37: 1.3336281e+08 | S37: 1682388 | T37: 3.3350399e+08
B38: 44866 | C38: 327443 | D38: 64420866 | E38: 121585 | F38: 24064940 | G38: 449028 | H38: 88485807 | I38: 704099 | J38: 1.3810886e+08 | K38: 584193 | L38: 1.1390642e+08 | M38: 1288292 | N38: 2.5201528e+08 | O38: 1031542 | P38: 2.0252973e+08 | Q38: 705778 | R38: 1.3797136e+08 | S38: 1737320 | T38: 3.4050108e+08
B39: 44896 | C39: 329180 | D39: 64580931 | E39: 125728 | F39: 24815435 | G39: 454908 | H39: 89396366 | I39: 717919 | J39: 1.4016227e+08 | K39: 594890 | L39: 1.153661e+08 | M39: 1312809 | N39: 2.5552837e+08 | O39: 1047099 | P39: 2.047432e+08 | Q39: 720618 | R39: 1.4018154e+08 | S39: 1767717 | T39: 3.4492474e+08
B40: Promedio 2022 | C40: 319227.82 | D40: 64109473 | E40: 111460.55 | F40: 22478925 | G40: 430688.36 | H40: 86588398 | I40: 626988.27 | J40: 1.2459435e+08 | K40: 488475.91 | L40: 97214443 | M40: 1115464.2 | N40: 2.2180879e+08 | O40: 946216.09 | P40: 1.8870382e+08 | Q40: 599936.45 | R40: 1.1969337e+08 | S40: 1546152.5 | T40: 3.0839719e+08
B41: 44927 | C41: 331003 | D41: 64586412 | E41: 126303 | F41: 24700136 | G41: 457306 | H41: 89286548 | I41: 729835 | J41: 1.4129295e+08 | K41: 605454 | L41: 1.1628919e+08 | M41: 1335289 | N41: 2.5758214e+08 | O41: 1060838 | P41: 2.0587936e+08 | Q41: 731757 | R41: 1.4098933e+08 | S41: 1792595 | T41: 3.4686869e+08
B42: 44958 | C42: 331827 | D42: 68884241 | E42: 127315 | F42: 26446686 | G42: 459142 | H42: 95330927 | I42: 737271 | J42: 1.520949e+08 | K42: 613433 | L42: 1.2559991e+08 | M42: 1350704 | N42: 2.7769482e+08 | O42: 1069098 | P42: 2.2097915e+08 | Q42: 740748 | R42: 1.520466e+08 | S42: 1809846 | T42: 3.7302574e+08
B43: 44986 | C43: 332837 | D43: 68328243 | E43: 128270 | F43: 26367973 | G43: 461107 | H43: 94696216 | I43: 745051 | J43: 1.5199931e+08 | K43: 620582 | L43: 1.2565363e+08 | M43: 1365633 | N43: 2.7765294e+08 | O43: 1077888 | P43: 2.2032755e+08 | Q43: 748852 | R43: 1.5202161e+08 | S43: 1826740 | T43: 3.7234916e+08
B44: Promedio al Primer trimestre 2023 | C44: 331889 | D44: 67266299 | E44: 127296 | F44: 25838265 | G44: 459185 | H44: 93104564 | I44: 737385.67 | J44: 1.4846239e+08 | K44: 613156.33 | L44: 1.2251425e+08 | M44: 1350542 | N44: 2.7097663e+08 | O44: 1069274.7 | P44: 2.1572869e+08 | Q44: 740452.33 | R44: 1.4835251e+08 | S44: 1809727 | T44: 3.640812e+08
B45: Fuente: Elaboración propia con datos de la Superintendencia de Pensiones
B46: * Montos deflactados a marzo 2023

Sheet 1.3
B2: PAGOS PENSIÓN BÁSICA SOLIDARIA (PBS)
B4: Resumen trimestral de beneficios pagados, por tipo de beneficio y sexo
B5: (enero 2023 a marzo 2023)
D7: PBS Invalidez
B8: Periodo | C8: Sexo Beneficiarios | D8: N° | E8: Monto nominal M$ * | F8: Monto real M$ **
B9: enero 2023 | C9: Mujeres | D9: 104230 | E9: 20201882 | F9: 20408339
C10: Hombres | D10: 81876 | E10: 15868523 | F10: 16030695
C11: Total | D11: 186106 | E11: 36070404 | F11: 36439034
B12: febrero 2023 | C12: Mujeres | D12: 104475 | E12: 21529707 | F12: 21763711
C13: Hombres | D13: 82037 | E13: 16905382 | F13: 17089125
C14: Total | D14: 186512 | E14: 38435089 | F14: 38852837
B15: marzo 2023 | C15: Mujeres | D15: 104804 | E15: 21596972 | F15: 21596972
C16: Hombres | D16: 82313 | E16: 16962286 | F16: 16962286
C17: Total | D17: 187117 | E17: 38559258 | F17: 38559258
B18: Fuente: Elaboración propia con datos de la Superintendencia de Pensiones
B19: Nota 1: La Pensión Garantizada Universal (PGU) es un nuevo beneficio generado a partir de la ley 21.419 del 29-01-2022. El concepto de PGU No Contributiva o Contributiva está relacionado con la calidad de la persona que está recibiendo el beneficio, si es No Contributiva quiere decir que no estaba afiliado a un sistema previsional (D.L. 3.500 o antiguo Sistema de Reparto) ni recibe pensión de sobrevivencia, si es Contributiva quiere decir que si estaba afiliado a un sistema previsional o que recibe una pensión de sobrevivencia. De manera automática, en febrero 2022, los PBS de Vejez pasaron a ser PGU No Contributiva y los APS Vejez Subsidio Definido, los Beneficio artículo 9° bis y los APS Vejez con una Pensión Final Garantizada inferior o igual al monto de la PGU pasaron a ser PGU Contributiva (Fuente: Superintendencia de Pensiones). Nota 2: Para los APS de Vejez, en aquellos casos en que este beneficio superaba el monto de la PGU se mantuvo el beneficio.
B20: * Montos nominales de cada periodo de pago. ** Montos deflactados a marzo 2023
B22: Serie resumen de pagos (monto real M$) de beneficios acumulado, por tipo de beneficio y sexo
B23: (enero 2020 a marzo 2023)
C25: PBS Vejez | I25: PBS Invalidez | O25: PBS Total
C26: Mujeres | E26: Hombres | G26: Total | I26: Mujeres | K26: Hombres | M26: Total | O26: Mujeres | Q26: Hombres | S26: Total
B27: Periodo | C27: N° Beneficios promedio | D27: Monto promedio M$ * | E27: N° Beneficios promedio | F27: Monto promedio M$ * | G27: N° Beneficios promedio | H27: Monto promedio M$ * | I27: N° Beneficios promedio | J27: Monto promedio M$ * | K27: N° Beneficios promedio | L27: Monto promedio M$ * | M27: N° Beneficios promedio | N27: Monto promedio M$ * | O27: N° Beneficios promedio | P27: Monto promedio M$ * | Q27: N° Beneficios promedio | R27: Monto promedio M$ * | S27: N° Beneficios promedio | T27: Monto promedio M$ *
B28: 39630 | C28: 189150 | D28: 19635368 | E28: 101420 | F28: 10528253 | G28: 290570 | H28: 30163620 | I28: 108433 | J28: 11256261 | K28: 84278 | L28: 8748768.3 | M28: 192711 | N28: 20005030 | O28: 297583 | P28: 30891629 | Q28: 185698 | R28: 19277021 | S28: 483281 | T28: 50168650
B29: 39661 | C29: 190466 | D29: 19589344 | E29: 101671 | F29: 10456817 | G29: 292137 | H29: 30046161 | I29: 109472 | J29: 11259147 | K29: 84832 | L29: 8724933.7 | M29: 194304 | N29: 19984080 | O29: 299938 | P29: 30848491 | Q29: 186503 | R29: 19181751 | S29: 486441 | T29: 50030242
B30: 39692 | C30: 221382 | D30: 22524476 | E30: 108164 | F30: 11005467 | G30: 329546 | H30: 33529943 | I30: 108958 | J30: 11088454 | K30: 84560 | L30: 8605514.5 | M30: 193518 | N30: 19693968 | O30: 330340 | P30: 33612930 | Q30: 192724 | R30: 19610981 | S30: 523064 | T30: 53223911
B31: 39722 | C31: 230808 | D31: 25597525 | E31: 110075 | F31: 11630142 | G31: 340883 | H31: 37227667 | I31: 108604 | J31: 10998873 | K31: 84437 | L31: 8564523.6 | M31: 193041 | N31: 19563397 | O31: 339412 | P31: 36596398 | Q31: 194512 | R31: 20194666 | S31: 533924 | T31: 56791064
B32: 39753 | C32: 236178 | D32: 25474218 | E32: 111136 | F32: 11633592 | G32: 347314 | H32: 37107809 | I32: 108404 | J32: 11066806 | K32: 84286 | L32: 8566330 | M32: 192690 | N32: 19633136 | O32: 344582 | P32: 36541024 | Q32: 195422 | R32: 20199922 | S32: 540004 | T32: 56740945
B33: 39783 | C33: 244815 | D33: 27531673 | E33: 113630 | F33: 12442978 | G33: 358445 | H33: 39974650 | I33: 109628 | J33: 12028953 | K33: 84823 | L33: 9053168.1 | M33: 194451 | N33: 21082122 | O33: 354443 | P33: 39560626 | Q33: 198453 | R33: 21496146 | S33: 552896 | T33: 61056772
B34: Promedio 2008 | C34: 218799.83 | D34: 23392101 | E34: 107682.67 | F34: 11282875 | G34: 326482.5 | H34: 34674975 | I34: 108916.5 | J34: 11283082 | K34: 84536 | L34: 8710539.7 | M34: 193452.5 | N34: 19993622 | O34: 327716.33 | P34: 34675183 | Q34: 192218.67 | R34: 19993414 | S34: 519935 | T34: 54668597
B35: 39814 | C35: 249383 | D35: 26841913 | E35: 114748 | F35: 12173747 | G35: 364131 | H35: 39015660 | I35: 110901 | J35: 12410037 | K35: 85291 | L35: 9185370.9 | M35: 196192 | N35: 21595408 | O35: 360284 | P35: 39251950 | Q35: 200039 | R35: 21359118 | S35: 560323 | T35: 60611068
B36: 39845 | C36: 251808 | D36: 26885932 | E36: 115183 | F36: 12165232 | G36: 366991 | H36: 39051164 | I36: 111775 | J36: 12462440 | K36: 85481 | L36: 9162964.8 | M36: 197256 | N36: 21625405 | O36: 363583 | P36: 39348372 | Q36: 200664 | R36: 21328197 | S36: 564247 | T36: 60676569
B37: 39873 | C37: 254074 | D37: 26841952 | E37: 115759 | F37: 12202347 | G37: 369833 | H37: 39044298 | I37: 112459 | J37: 12404002 | K37: 85609 | L37: 9113142 | M37: 198068 | N37: 21517144 | O37: 366533 | P37: 39245954 | Q37: 201368 | R37: 21315489 | S37: 567901 | T37: 60561443
B38: 39904 | C38: 255795 | D38: 26914408 | E38: 116177 | F38: 12172629 | G38: 371972 | H38: 39087038 | I38: 113104 | J38: 12544502 | K38: 85787 | L38: 9193916.6 | M38: 198891 | N38: 21738418 | O38: 368899 | P38: 39458910 | Q38: 201964 | R38: 21366546 | S38: 570863 | T38: 60825456
B39: 39934 | C39: 258094 | D39: 27276182 | E39: 116638 | F39: 12261874 | G39: 374732 | H39: 39538056 | I39: 114003 | J39: 12829343 | K39: 86085 | L39: 9360151.8 | M39: 200088 | N39: 22189495 | O39: 372097 | P39: 40105525 | Q39: 202723 | R39: 21622026 | S39: 574820 | T39: 61727551
B40: 39965 | C40: 260086 | D40: 27433126 | E40: 116982 | F40: 12272100 | G40: 377068 | H40: 39705226 | I40: 114983 | J40: 13105936 | K40: 86441 | L40: 9424726.3 | M40: 201424 | N40: 22530662 | O40: 375069 | P40: 40539062 | Q40: 203423 | R40: 21696826 | S40: 578492 | T40: 62235888
B41: 39995 | C41: 261334 | D41: 34344289 | E41: 117124 | F41: 15354692 | G41: 378458 | H41: 49698981 | I41: 116028 | J41: 16404134 | K41: 86710 | L41: 11725017 | M41: 202738 | N41: 28129151 | O41: 377362 | P41: 50748423 | Q41: 203834 | R41: 27079708 | S41: 581196 | T41: 77828132
B42: 40026 | C42: 261917 | D42: 34536698 | E42: 117348 | F42: 15606063 | G42: 379265 | H42: 50142761 | I42: 117514 | J42: 17090232 | K42: 87229 | L42: 12035010 | M42: 204743 | N42: 29125242 | O42: 379431 | P42: 51626930 | Q42: 204577 | R42: 27641073 | S42: 584008 | T42: 79268003
B43: 40057 | C43: 267244 | D43: 36150044 | E43: 117430 | F43: 15325647 | G43: 384674 | H43: 51475690 | I43: 118761 | J43: 16944156 | K43: 87678 | L43: 11920564 | M43: 206439 | N43: 28864721 | O43: 386005 | P43: 53094200 | Q43: 205108 | R43: 27246211 | S43: 591113 | T43: 80340411
B44: 40087 | C44: 273548 | D44: 36878015 | E44: 118419 | F44: 15687711 | G44: 391967 | H44: 52565726 | I44: 120250 | J44: 17507429 | K44: 88090 | L44: 12043872 | M44: 208340 | N44: 29551301 | O44: 393798 | P44: 54385444 | Q44: 206509 | R44: 27731583 | S44: 600307 | T44: 82117027
B45: 40118 | C45: 275060 | D45: 36136309 | E45: 118547 | F45: 15510429 | G45: 393607 | H45: 51646737 | I45: 121468 | J45: 17416795 | K45: 88421 | L45: 12008037 | M45: 209889 | N45: 29424832 | O45: 396528 | P45: 53553104 | Q45: 206968 | R45: 27518466 | S45: 603496 | T45: 81071570
B46: 40148 | C46: 278864 | D46: 37709883 | E46: 119964 | F46: 16004513 | G46: 398828 | H46: 53714396 | I46: 123215 | J46: 18562052 | K46: 88990 | L46: 12384616 | M46: 212205 | N46: 30946668 | O46: 402079 | P46: 56271935 | Q46: 208954 | R46: 28389129 | S46: 611033 | T46: 84661064
B47: Promedio 2009 | C47: 262267.25 | D47: 31495729 | E47: 117026.58 | F47: 13894749 | G47: 379293.83 | H47: 45390478 | I47: 116205.08 | J47: 14973422 | K47: 86817.667 | L47: 10629782 | M47: 203022.75 | N47: 25603204 | O47: 378472.33 | P47: 46469151 | Q47: 203844.25 | R47: 24524531 | S47: 582316.58 | T47: 70993682
B48: 40179 | C48: 281175 | D48: 36647211 | E48: 120328 | F48: 15626489 | G48: 401503 | H48: 52273700 | I48: 124307 | J48: 17317270 | K48: 89382 | L48: 11987502 | M48: 213689 | N48: 29304772 | O48: 405482 | P48: 53964481 | Q48: 209710 | R48: 27613991 | S48: 615192 | T48: 81578472
B49: 40210 | C49: 280040 | D49: 35973856 | E49: 119616 | F49: 15368828 | G49: 399656 | H49: 51342684 | I49: 123693 | J49: 15896253 | K49: 89028 | L49: 11442453 | M49: 212721 | N49: 27338706 | O49: 403733 | P49: 51870109 | Q49: 208644 | R49: 26811281 | S49: 612377 | T49: 78681390
B50: 40238 | C50: 282275 | D50: 37533824 | E50: 120019 | F50: 15676611 | G50: 402294 | H50: 53210435 | I50: 124927 | J50: 17551334 | K50: 89480 | L50: 12043250 | M50: 214407 | N50: 29594585 | O50: 407202 | P50: 55085158 | Q50: 209499 | R50: 27719861 | S50: 616701 | T50: 82805020
B51: 40269 | C51: 283343 | D51: 36698707 | E51: 120234 | F51: 15615758 | G51: 403577 | H51: 52314466 | I51: 125111 | J51: 16649493 | K51: 89554 | L51: 11762632 | M51: 214665 | N51: 28412125 | O51: 408454 | P51: 53348201 | Q51: 209788 | R51: 27378390 | S51: 618242 | T51: 80726591
B52: 40299 | C52: 283931 | D52: 36833056 | E52: 120295 | F52: 15522142 | G52: 404226 | H52: 52355198 | I52: 125246 | J52: 16657919 | K52: 89604 | L52: 11693919 | M52: 214850 | N52: 28351838 | O52: 409177 | P52: 53490974 | Q52: 209899 | R52: 27216062 | S52: 619076 | T52: 80707036
B53: 40330 | C53: 284810 | D53: 36809778 | E53: 120331 | F53: 15502449 | G53: 405141 | H53: 52312227 | I53: 125671 | J53: 16904237 | K53: 89759 | L53: 11784355 | M53: 215430 | N53: 28688592 | O53: 410481 | P53: 53714016 | Q53: 210090 | R53: 27286804 | S53: 620571 | T53: 81000820
B54: 40360 | C54: 285566 | D54: 37105682 | E54: 120293 | F54: 15619070 | G54: 405859 | H54: 52724752 | I54: 125791 | J54: 16975317 | K54: 89862 | L54: 11879453 | M54: 215653 | N54: 28854771 | O54: 411357 | P54: 54080999 | Q54: 210155 | R54: 27498524 | S54: 621512 | T54: 81579523
B55: 40391 | C55: 286679 | D55: 37384626 | E55: 120325 | F55: 15607521 | G55: 407004 | H55: 52992148 | I55: 126047 | J55: 16894262 | K55: 89942 | L55: 11821078 | M55: 215989 | N55: 28715340 | O55: 412726 | P55: 54278888 | Q55: 210267 | R55: 27428599 | S55: 622993 | T55: 81707488
B56: 40422 | C56: 286024 | D56: 36623538 | E56: 119687 | F56: 15302242 | G56: 405711 | H56: 51925780 | I56: 126265 | J56: 16881818 | K56: 90028 | L56: 11832159 | M56: 216293 | N56: 28713977 | O56: 412289 | P56: 53505357 | Q56: 209715 | R56: 27134401 | S56: 622004 | T56: 80639757
B57: 40452 | C57: 286401 | D57: 37022911 | E57: 119515 | F57: 15465288 | G57: 405916 | H57: 52488199 | I57: 126450 | J57: 16859032 | K57: 90089 | L57: 11798573 | M57: 216539 | N57: 28657605 | O57: 412851 | P57: 53881943 | Q57: 209604 | R57: 27263861 | S57: 622455 | T57: 81145804
B58: 40483 | C58: 286938 | D58: 37255955 | E58: 119528 | F58: 15516355 | G58: 406466 | H58: 52772310 | I58: 126434 | J58: 16857227 | K58: 90074 | L58: 11774152 | M58: 216508 | N58: 28631379 | O58: 413372 | P58: 54113182 | Q58: 209602 | R58: 27290506 | S58: 622974 | T58: 81403689
B59: 40513 | C59: 287654 | D59: 37339626 | E59: 119464 | F59: 15452129 | G59: 407118 | H59: 52791756 | I59: 126415 | J59: 16747135 | K59: 89975 | L59: 11734292 | M59: 216390 | N59: 28481427 | O59: 414069 | P59: 54086761 | Q59: 209439 | R59: 27186421 | S59: 623508 | T59: 81273183
B60: Promedio 2010 | C60: 284569.67 | D60: 36935731 | E60: 119969.58 | F60: 15522907 | G60: 404539.25 | H60: 52458638 | I60: 125529.75 | J60: 16849275 | K60: 89731.417 | L60: 11796152 | M60: 215261.17 | N60: 28645426 | O60: 410099.42 | P60: 53785006 | Q60: 209701 | R60: 27319058 | S60: 619800.42 | T60: 81104064
B61: 40544 | C61: 288408 | D61: 37717781 | E61: 119753 | F61: 15582937 | G61: 408161 | H61: 53300717 | I61: 126319 | J61: 16545100 | K61: 89864 | L61: 11605601 | M61: 216183 | N61: 28150701 | O61: 414727 | P61: 54262881 | Q61: 209617 | R61: 27188538 | S61: 624344 | T61: 81451419
B62: 40575 | C62: 288069 | D62: 36905982 | E62: 119558 | F62: 15301310 | G62: 407627 | H62: 52207292 | I62: 126149 | J62: 16407302 | K62: 89724 | L62: 11535587 | M62: 215873 | N62: 27942889 | O62: 414218 | P62: 53313284 | Q62: 209282 | R62: 26836897 | S62: 623500 | T62: 80150181
B63: 40603 | C63: 288568 | D63: 36913636 | E63: 119590 | F63: 15275356 | G63: 408158 | H63: 52188992 | I63: 126230 | J63: 16464641 | K63: 89738 | L63: 11534577 | M63: 215968 | N63: 27999218 | O63: 414798 | P63: 53378277 | Q63: 209328 | R63: 26809933 | S63: 624126 | T63: 80188210
B64: 40634 | C64: 285145 | D64: 35683976 | E64: 118210 | F64: 14794585 | G64: 403355 | H64: 50478561 | I64: 126017 | J64: 16447858 | K64: 89436 | L64: 11476504 | M64: 215453 | N64: 27924362 | O64: 411162 | P64: 52131834 | Q64: 207646 | R64: 26271089 | S64: 618808 | T64: 78402923
B65: 40664 | C65: 287109 | D65: 37115159 | E65: 119022 | F65: 15418458 | G65: 406131 | H65: 52533617 | I65: 125967 | J65: 16204804 | K65: 89387 | L65: 11369207 | M65: 215354 | N65: 27574011 | O65: 413076 | P65: 53319964 | Q65: 208409 | R65: 26787664 | S65: 621485 | T65: 80107628
B66: 40695 | C66: 287551 | D66: 36412861 | E66: 119061 | F66: 15062265 | G66: 406612 | H66: 51475126 | I66: 126043 | J66: 16267100 | K66: 89400 | L66: 11365744 | M66: 215443 | N66: 27632844 | O66: 413594 | P66: 52679961 | Q66: 208461 | R66: 26428009 | S66: 622055 | T66: 79107970
B67: 40725 | C67: 286810 | D67: 37422729 | E67: 118793 | F67: 15505606 | G67: 405603 | H67: 52928335 | I67: 125405 | J67: 16541040 | K67: 88825 | L67: 11617918 | M67: 214230 | N67: 28158958 | O67: 412215 | P67: 53963768 | Q67: 207618 | R67: 27123524 | S67: 619833 | T67: 81087293
B68: 40756 | C68: 287169 | D68: 37435454 | E68: 118828 | F68: 15496388 | G68: 405997 | H68: 52931842 | I68: 125477 | J68: 16567954 | K68: 89066 | L68: 11684886 | M68: 214543 | N68: 28252839 | O68: 412646 | P68: 54003408 | Q68: 207894 | R68: 27181273 | S68: 620540 | T68: 81184681
B69: 40787 | C69: 287346 | D69: 37319581 | E69: 118398 | F69: 15388149 | G69: 405744 | H69: 52707730 | I69: 125589 | J69: 16803199 | K69: 89260 | L69: 11840761 | M69: 214849 | N69: 28643959 | O69: 412935 | P69: 54122779 | Q69: 207658 | R69: 27228910 | S69: 620593 | T69: 81351689
B70: 40817 | C70: 285805 | D70: 36761198 | E70: 117820 | F70: 15116071 | G70: 403625 | H70: 51877269 | I70: 125210 | J70: 16434916 | K70: 89136 | L70: 11617671 | M70: 214346 | N70: 28052587 | O70: 411015 | P70: 53196114 | Q70: 206956 | R70: 26733742 | S70: 617971 | T70: 79929856
B71: 40848 | C71: 284570 | D71: 36049796 | E71: 117123 | F71: 14844038 | G71: 401693 | H71: 50893834 | I71: 124897 | J71: 16234154 | K71: 88970 | L71: 11461151 | M71: 213867 | N71: 27695305 | O71: 409467 | P71: 52283949 | Q71: 206093 | R71: 26305189 | S71: 615560 | T71: 78589138
B72: 40878 | C72: 287245 | D72: 37808728 | E72: 117871 | F72: 15420773 | G72: 405116 | H72: 53229501 | I72: 124792 | J72: 16275201 | K72: 89009 | L72: 11498945 | M72: 213801 | N72: 27774147 | O72: 412037 | P72: 54083929 | Q72: 206880 | R72: 26919718 | S72: 618917 | T72: 81003647
B73: Promedio 2011 | C73: 286982.92 | D73: 36962240 | E73: 118668.92 | F73: 15267161 | G73: 405651.83 | H73: 52229401 | I73: 125674.58 | J73: 16432772 | K73: 89317.917 | L73: 11550713 | M73: 214992.5 | N73: 27983485 | O73: 412657.5 | P73: 53395012 | Q73: 207986.83 | R73: 26817874 | S73: 620644.33 | T73: 80212886
B74: 40909 | C74: 287462 | D74: 36735896 | E74: 117685 | F74: 15027205 | G74: 405147 | H74: 51763101 | I74: 123692 | J74: 16000492 | K74: 88526 | L74: 11336580 | M74: 212218 | N74: 27337072 | O74: 411154 | P74: 52736388 | Q74: 206211 | R74: 26363786 | S74: 617365 | T74: 79100174
B75: 40940 | C75: 288141 | D75: 36834449 | E75: 117647 | F75: 15010714 | G75: 405788 | H75: 51845163 | I75: 123321 | J75: 15777963 | K75: 88158 | L75: 11209685 | M75: 211479 | N75: 26987649 | O75: 411462 | P75: 52612412 | Q75: 205805 | R75: 26220400 | S75: 617267 | T75: 78832812
B76: 40969 | C76: 288041 | D76: 36729249 | E76: 117683 | F76: 15002310 | G76: 405724 | H76: 51731559 | I76: 123408 | J76: 15929738 | K76: 88567 | L76: 11405214 | M76: 211975 | N76: 27334952 | O76: 411449 | P76: 52658987 | Q76: 206250 | R76: 26407524 | S76: 617699 | T76: 79066511
B77: 41000 | C77: 288120 | D77: 36671323 | E77: 117158 | F77: 14900812 | G77: 405278 | H77: 51572135 | I77: 122653 | J77: 15894817 | K77: 88182 | L77: 11350952 | M77: 210835 | N77: 27245769 | O77: 410773 | P77: 52566140 | Q77: 205340 | R77: 26251764 | S77: 616113 | T77: 78817904
B78: 41030 | C78: 288068 | D78: 36523355 | E78: 117009 | F78: 14834858 | G78: 405077 | H78: 51358213 | I78: 122948 | J78: 16017492 | K78: 88223 | L78: 11332516 | M78: 211171 | N78: 27350008 | O78: 411016 | P78: 52540847 | Q78: 205232 | R78: 26167374 | S78: 616248 | T78: 78708222
B79: 41061 | C79: 288374 | D79: 36756570 | E79: 117073 | F79: 14908087 | G79: 405447 | H79: 51664656 | I79: 123076 | J79: 16081767 | K79: 88439 | L79: 11428346 | M79: 211515 | N79: 27510113 | O79: 411450 | P79: 52838337 | Q79: 205512 | R79: 26336433 | S79: 616962 | T79: 79174770
B80: 41091 | C80: 288929 | D80: 37789406 | E80: 117059 | F80: 15322317 | G80: 405988 | H80: 53111724 | I80: 122827 | J80: 16455888 | K80: 88350 | L80: 11724639 | M80: 211177 | N80: 28180527 | O80: 411756 | P80: 54245294 | Q80: 205409 | R80: 27046956 | S80: 617165 | T80: 81292250
B81: 41122 | C81: 287830 | D81: 37619268 | E81: 116045 | F81: 15170598 | G81: 403875 | H81: 52789866 | I81: 116667 | J81: 15384793 | K81: 81780 | L81: 10706734 | M81: 198447 | N81: 26091526 | O81: 404497 | P81: 53004061 | Q81: 197825 | R81: 25877332 | S81: 602322 | T81: 78881393
B82: 41153 | C82: 287533 | D82: 37086886 | E82: 115611 | F82: 14892059 | G82: 403144 | H82: 51978945 | I82: 116640 | J82: 15491648 | K82: 81736 | L82: 10711750 | M82: 198376 | N82: 26203399 | O82: 404173 | P82: 52578535 | Q82: 197347 | R82: 25603810 | S82: 601520 | T82: 78182344
B83: 41183 | C83: 288146 | D83: 37283762 | E83: 115666 | F83: 14971825 | G83: 403812 | H83: 52255587 | I83: 115891 | J83: 14942012 | K83: 81467 | L83: 10460836 | M83: 197358 | N83: 25402848 | O83: 404037 | P83: 52225774 | Q83: 197133 | R83: 25432661 | S83: 601170 | T83: 77658435
B84: 41214 | C84: 288062 | D84: 37161115 | E84: 115528 | F84: 14897570 | G84: 403590 | H84: 52058685 | I84: 115087 | J84: 15393321 | K84: 81174 | L84: 10721981 | M84: 196261 | N84: 26115301 | O84: 403149 | P84: 52554435 | Q84: 196702 | R84: 25619551 | S84: 599851 | T84: 78173986
B85: 41244 | C85: 290081 | D85: 37910698 | E85: 116042 | F85: 15128736 | G85: 406123 | H85: 53039434 | I85: 114101 | J85: 15036164 | K85: 80753 | L85: 10534848 | M85: 194854 | N85: 25571012 | O85: 404182 | P85: 52946862 | Q85: 196795 | R85: 25663584 | S85: 600977 | T85: 78610446
B86: Promedio 2012 | C86: 288232.25 | D86: 37091831 | E86: 116683.83 | F86: 15005591 | G86: 404916.08 | H86: 52097422 | I86: 120025.92 | J86: 15700508 | K86: 85446.25 | L86: 11077007 | M86: 205472.17 | N86: 26777515 | O86: 408258.17 | P86: 52792339 | Q86: 202130.08 | R86: 26082598 | S86: 610388.25 | T86: 78874937
B87: 41275 | C87: 291117 | D87: 37638503 | E87: 116175 | F87: 14993583 | G87: 407292 | H87: 52632086 | I87: 114577 | J87: 15214162 | K87: 80974 | L87: 10612050 | M87: 195551 | N87: 25826212 | O87: 405694 | P87: 52852665 | Q87: 197149 | R87: 25605633 | S87: 602843 | T87: 78458298
B88: 41306 | C88: 291221 | D88: 37358332 | E88: 116163 | F88: 14913319 | G88: 407384 | H88: 52271651 | I88: 114575 | J88: 15098265 | K88: 81066 | L88: 10600972 | M88: 195641 | N88: 25699237 | O88: 405796 | P88: 52456597 | Q88: 197229 | R88: 25514292 | S88: 603025 | T88: 77970888
B89: 41334 | C89: 290983 | D89: 37224778 | E89: 116050 | F89: 14845822 | G89: 407033 | H89: 52070600 | I89: 114606 | J89: 15078317 | K89: 81057 | L89: 10552295 | M89: 195663 | N89: 25630613 | O89: 405589 | P89: 52303095 | Q89: 197107 | R89: 25398118 | S89: 602696 | T89: 77701213
B90: 41365 | C90: 291102 | D90: 37454962 | E90: 116061 | F90: 14952635 | G90: 407163 | H90: 52407597 | I90: 114367 | J90: 14972602 | K90: 81062 | L90: 10524206 | M90: 195429 | N90: 25496808 | O90: 405469 | P90: 52427564 | Q90: 197123 | R90: 25476840 | S90: 602592 | T90: 77904404
B91: 41395 | C91: 287944 | D91: 36883796 | E91: 115158 | F91: 14712304 | G91: 403102 | H91: 51596100 | I91: 113862 | J91: 14926372 | K91: 80923 | L91: 10493389 | M91: 194785 | N91: 25419760 | O91: 401806 | P91: 51810168 | Q91: 196081 | R91: 25205693 | S91: 597887 | T91: 77015861
B92: 41426 | C92: 287746 | D92: 36605386 | E92: 114755 | F92: 14562833 | G92: 402501 | H92: 51168219 | I92: 113747 | J92: 14817712 | K92: 80780 | L92: 10427432 | M92: 194527 | N92: 25245144 | O92: 401493 | P92: 51423099 | Q92: 195535 | R92: 24990265 | S92: 597028 | T92: 76413364
B93: 41456 | C93: 286900 | D93: 36816188 | E93: 113823 | F93: 14574581 | G93: 400723 | H93: 51390769 | I93: 113259 | J93: 14939760 | K93: 80448 | L93: 10522963 | M93: 193707 | N93: 25462723 | O93: 400159 | P93: 51755948 | Q93: 194271 | R93: 25097544 | S93: 594430 | T93: 76853492
B94: 41487 | C94: 286299 | D94: 36868042 | E94: 112889 | F94: 14514324 | G94: 399188 | H94: 51382366 | I94: 112410 | J94: 14658560 | K94: 79869 | L94: 10344062 | M94: 192279 | N94: 25002622 | O94: 398709 | P94: 51526602 | Q94: 192758 | R94: 24858385 | S94: 591467 | T94: 76384988
B95: 41518 | C95: 287419 | D95: 37934459 | E95: 112931 | F95: 15158368 | G95: 400350 | H95: 53092827 | I95: 110949 | J95: 14561214 | K95: 78807 | L95: 10116333 | M95: 189756 | N95: 24677548 | O95: 398368 | P95: 52495674 | Q95: 191738 | R95: 25274701 | S95: 590106 | T95: 77770375
B96: 41548 | C96: 287421 | D96: 37125159 | E96: 112713 | F96: 14598188 | G96: 400134 | H96: 51723347 | I96: 110059 | J96: 14369284 | K96: 77668 | L96: 9994975.5 | M96: 187727 | N96: 24364259 | O96: 397480 | P96: 51494443 | Q96: 190381 | R96: 24593163 | S96: 587861 | T96: 76087607
B97: 41579 | C97: 288032 | D97: 37062745 | E97: 112717 | F97: 14497018 | G97: 400749 | H97: 51559763 | I97: 109706 | J97: 14263576 | K97: 77463 | L97: 9887742.7 | M97: 187169 | N97: 24151318 | O97: 397738 | P97: 51326320 | Q97: 190180 | R97: 24384761 | S97: 587918 | T97: 75711081
B98: 41609 | C98: 288459 | D98: 36875790 | E98: 112309 | F98: 14362332 | G98: 400768 | H98: 51238122 | I98: 109144 | J98: 13996295 | K98: 77638 | L98: 9711432 | M98: 186782 | N98: 23707727 | O98: 397603 | P98: 50872085 | Q98: 189947 | R98: 24073764 | S98: 587550 | T98: 74945848
B99: Promedio 2013 | C99: 288720.25 | D99: 37154012 | E99: 114312 | F99: 14723776 | G99: 403032.25 | H99: 51877787 | I99: 112605.08 | J99: 14741343 | K99: 79812.917 | L99: 10315654 | M99: 192418 | N99: 25056998 | O99: 401325.33 | P99: 51895355 | Q99: 194124.92 | R99: 25039430 | S99: 595450.25 | T99: 76934785
B100: 41640 | C100: 287495 | D100: 36640915 | E100: 111320 | F100: 14177810 | G100: 398815 | H100: 50818726 | I100: 108852 | J100: 14226761 | K100: 77061 | L100: 9894186.4 | M100: 185913 | N100: 24120947 | O100: 396347 | P100: 50867676 | Q100: 188381 | R100: 24071997 | S100: 584728 | T100: 74939673
B101: 41671 | C101: 285935 | D101: 36176788 | E101: 111117 | F101: 14066467 | G101: 397052 | H101: 50243256 | I101: 107883 | J101: 13914184 | K101: 75818 | L101: 9599125.8 | M101: 183701 | N101: 23513310 | O101: 393818 | P101: 50090973 | Q101: 186935 | R101: 23665593 | S101: 580753 | T101: 73756566
B102: 41699 | C102: 286445 | D102: 36019751 | E102: 111073 | F102: 13963373 | G102: 397518 | H102: 49983124 | I102: 107894 | J102: 13931516 | K102: 75876 | L102: 9644788.4 | M102: 183770 | N102: 23576304 | O102: 394339 | P102: 49951267 | Q102: 186949 | R102: 23608161 | S102: 581288 | T102: 73559428
B103: 41730 | C103: 287373 | D103: 35846840 | E103: 111174 | F103: 13891093 | G103: 398547 | H103: 49737933 | I103: 107871 | J103: 13797253 | K103: 75651 | L103: 9420518.5 | M103: 183522 | N103: 23217771 | O103: 395244 | P103: 49644093 | Q103: 186825 | R103: 23311611 | S103: 582069 | T103: 72955704
B104: 41760 | C104: 287751 | D104: 35796948 | E104: 111202 | F104: 13847586 | G104: 398953 | H104: 49644534 | I104: 107839 | J104: 13624886 | K104: 75719 | L104: 9417535.2 | M104: 183558 | N104: 23042421 | O104: 395590 | P104: 49421834 | Q104: 186921 | R104: 23265121 | S104: 582511 | T104: 72686956
B105: 41791 | C105: 288957 | D105: 36141805 | E105: 111355 | F105: 13925355 | G105: 400312 | H105: 50067159 | I105: 107906 | J105: 13698840 | K105: 75992 | L105: 9551049.3 | M105: 183898 | N105: 23249889 | O105: 396863 | P105: 49840645 | Q105: 187347 | R105: 23476404 | S105: 584210 | T105: 73317049
...

Sheet DINAMICA APS
A1: PERIODO | B1: (Varios elementos) | I1: PERIODO | J1: (Varios elementos) | O1: PERIODO | P1: (Varios elementos)
A3: Etiquetas de fila | B3: Suma de APS VEJEZ MUJER n | C3: Suma de APS VEJEZ HOMBRE n | D3: Suma de APS INVALIDEZ MUJER N | E3: Suma de APS INVALIDEZ HOMBRE N | F3: Suma de APS TOTAL MUJER N | G3: Suma de APS TOTAL HOMBRE N | I3: Etiquetas de fila | J3: Suma de APS VEJEZ MUJER nom | K3: Suma de APS VEJEZ HOMBRE nom | L3: Suma de APS INVALIDEZ MUJER nom | M3: Suma de APS INVALIDEZ HOMBRE nom | O3: Etiquetas de fila | P3: Suma de PBSV_MUJER REAL | Q3: Suma de PBSV_HOMBRE REAL | R3: Suma de PBSI_MUJER REAL | S3: Suma de PBSI_HOMBRE REAL
A4: 2022 | B4: 327413 | C4: 190531 | D4: 137530 | E4: 139864 | F4: 464943 | G4: 330395 | I4: 2022 | J4: 69469277 | K4: 40636216 | L4: 22985157 | M4: 22214073 | O4: 2022 | P4: 69114843 | Q4: 40428576 | R4: 22868011 | S4: 22101174
A5: oct | B5: 109393 | C5: 63815 | D5: 45739 | E5: 46381 | F5: 155132 | G5: 110196 | I5: oct | J5: 23196046 | K5: 13590242 | L5: 7659976.5 | M5: 7378442.3 | O5: oct | P5: 22907040 | Q5: 13420918 | R5: 7564538.8 | S5: 7286512.4
A6: nov | B6: 109031 | C6: 63526 | D6: 45910 | E6: 46666 | F6: 154941 | G6: 110192 | I6: nov | J6: 23133194 | K6: 13546987 | L6: 7675227.2 | M6: 7413824.5 | O6: nov | P6: 23067766 | Q6: 13508672 | R6: 7653519.1 | S6: 7392855.8
A7: dic | B7: 108989 | C7: 63190 | D7: 45881 | E7: 46817 | F7: 154870 | G7: 110007 | I7: dic | J7: 23140038 | K7: 13498987 | L7: 7649953.3 | M7: 7421805.9 | O7: dic | P7: 23140038 | Q7: 13498987 | R7: 7649953.3 | S7: 7421805.9
A11: PERIODO | B11: (Varios elementos)
A13: Etiquetas de fila | B13: Suma de APS VEJEZ MUJER n | C13: Suma de APS VEJEZ HOMBRE n | D13: Suma de APS INVALIDEZ MUJER N | E13: Suma de APS INVALIDEZ HOMBRE N | F13: Suma de APS TOTAL MUJER N | G13: Suma de APS TOTAL HOMBRE N
A14: 2022 | B14: 2017877 | C14: 1478761 | D14: 540602 | E14: 538156 | F14: 2558479 | G14: 2016917
A17: PERIODO | B17: (Varios elementos)
A19: Etiquetas de fila | B19: Promedio de APS VEJEZ MUJER n | C19: Promedio de APS VEJEZ HOMBRE n | D19: Promedio de APS INVALIDEZ MUJER N | E19: Promedio de APS INVALIDEZ HOMBRE N | F19: Promedio de APS TOTAL MUJER N | G19: Promedio de APS TOTAL HOMBRE N
A20: 2022 | B20: 168156.42 | C20: 123230.08 | D20: 45050.167 | E20: 44846.333 | F20: 213206.58 | G20: 168076.42
A23: PERIODO | B23: (Varios elementos)
A25: Etiquetas de fila | B25: Suma de APS VEJEZ MUJER nom | C25: Suma de APS VEJEZ HOMBRE nom | D25: Suma de APS INVALIDEZ MUJER nom | E25: Suma de APS INVALIDEZ HOMBRE nom | F25: Suma de APS TOTAL MUJER nom | G25: Suma de APS TOTAL HOMBRE nom
A26: 2022 | B26: 3.6244601e+08 | C26: 2.505165e+08 | D26: 89129737 | E26: 84667893 | F26: 4.5157575e+08 | G26: 3.3518439e+08
A29: PERIODO | B29: (Varios elementos)
A31: Etiquetas de fila | B31: Promedio de APS VEJEZ MUJER nom | C31: Promedio de APS VEJEZ HOMBRE nom | D31: Promedio de APS INVALIDEZ MUJER nom | E31: Promedio de APS INVALIDEZ HOMBRE nom | F31: Promedio de APS TOTAL MUJER nom | G31: Promedio de APS TOTAL HOMBRE nom
A32: 2022 | B32: 30203834 | C32: 20876375 | D32: 7427478.1 | E32: 7055657.8 | F32: 37631312 | G32: 27932033
A35: PERIODO | B35: (Varios elementos)
A37: Etiquetas de fila | B37: Suma de PBSV_MUJER REAL | C37: Suma de PBSV_HOMBRE REAL | D37: Suma de PBSI_MUJER REAL | E37: Suma de PBSI_HOMBRE REAL
A38: 2022 | B38: 3.4085177e+08 | C38: 2.344632e+08 | D38: 85046490 | E38: 80830616
A42: PERIODO | B42: (Varios elementos)
A44: Etiquetas de fila | B44: Promedio de PBSV_MUJER REAL | C44: Promedio de PBSV_HOMBRE REAL | D44: Promedio de PBSI_MUJER REAL | E44: Promedio de PBSI_HOMBRE REAL
A45: 2022 | B45: 28404314 | C45: 19538600 | D45: 7087207.5 | E45: 6735884.7
A51: Etiquetas de fila | B51: Promedio de APS VEJEZ MUJER n | C51: Promedio de APS VEJEZ HOMBRE n | D51: Promedio de APS INVALIDEZ MUJER N | E51: Promedio de APS INVALIDEZ HOMBRE N
A52: 2008 | B52: 2920.6667 | C52: 1116 | D52: 286.33333 | E52: 290.33333
A53: 2009 | B53: 35080.083 | C53: 24939.75 | D53: 2213.8333 | E53: 1769.75
A54: 2010 | B54: 184671.58 | C54: 128661.83 | D54: 8050.9167 | E54: 5922.9167
A55: 2011 | B55: 232153.67 | C55: 168868.75 | D55: 12883.083 | E55: 9283.4167
A56: 2012 | B56: 279628 | C56: 203893.75 | D56: 19231.417 | E56: 14584.75
A57: 2013 | B57: 327092.08 | C57: 237763.33 | D57: 26607.083 | E57: 21058.833
A58: 2014 | B58: 354831.83 | C58: 258135.42 | D58: 33075.25 | E58: 26998.167
A59: 2015 | B59: 385388.58 | C59: 279293.17 | D59: 35497.583 | E59: 29292.083
A60: 2016 | B60: 409696.25 | C60: 297461.08 | D60: 35477.75 | E60: 29444.667
A61: 2017 | B61: 434014.42 | C61: 315115.08 | D61: 35236.417 | E61: 29440.417
A62: 2018 | B62: 472783.58 | C62: 343894.42 | D62: 35802.167 | E62: 30349.5
A63: 2019 | B63: 513930.5 | C63: 376625 | D63: 36751.75 | E63: 31642.25
... A90: dic | B90: 108989 | C90: 63190 | D90: 45881 | E90: 46817
A94: Etiquetas de fila | B94: Promedio de PBSV_MUJER REAL | C94: Promedio de PBSV_HOMBRE REAL | D94: Promedio de PBSI_MUJER REAL | E94: Promedio de PBSI_HOMBRE REAL
A95: 2008 | B95: 156325.61 | C95: 77435.604 | D95: 15483.202 | E95: 15243.679
A96: 2009 | B96: 772303.77 | C96: 553043.4 | D96: 120809.27 | E96: 93245.042
A97: 2010 | B97: 3418827.3 | C97: 2476323.7 | D97: 396627.09 | E97: 287837.13
A98: 2011 | B98: 6247614.2 | C98: 4603741 | D98: 662081.86 | E98: 475799.92
A99: 2012 | B99: 8655068.7 | C99: 6361345.6 | D99: 999427.58 | E99: 752510.09
A100: 2013 | B100: 10274152 | C100: 7549289.3 | D100: 1394976.8 | E100: 1080341.7
A101: 2014 | B101: 12384537 | C101: 9088379 | D101: 1873609.1 | E101: 1487596.9
A102: 2015 | B102: 15028398 | C102: 10934865 | D102: 2145117.5 | E102: 1726456.1
A103: 2016 | B103: 17693062 | C103: 12778833 | D103: 2309466.3 | E103: 1870817.1
A104: 2017 | B104: 22026093 | C104: 15785832 | D104: 2656108.7 | E104: 2170783.9
A105: 2018 | B105: 25758209 | C105: 18313835 | D105: 2811976 | E105: 2328781.1
A106: 2019 | B106: 31325044 | C106: 22124351 | D106: 3077999.3 | E106: 2588562.3
... A133: dic | B133: 23140038 | C133: 13498987 | D133: 7649953.3 | E133: 7421805.9

Sheet 1.4
B2: PAGOS APORTE PREVISIONAL SOLIDARIO (APS)
B4: Resumen trimestral de beneficios pagados, por tipo y sexo
B5: (enero 2023 a marzo 2023)
D7: APS Vejez | G7: APS Invalidez | J7: APS Total
B8: Periodo | C8: Sexo Beneficiarios | D8: N° | E8: Monto nominal M$ * | F8: Monto real M$ ** | G8: N° | H8: Monto nominal M$ * | I8: Monto real M$ ** | J8: N° | K8: Monto nominal M$ * | L8: Monto real M$ **
B9: 44927 | C9: Mujeres | D9: 108797 | E9: 23112170 | F9: 23348370 | G9: 46104 | H9: 7667276.8 | I9: 7745634.3 | J9: 154901 | K9: 30779447 | L9: 31094004
C10: Hombres | D10: 62891 | E10: 13450862 | F10: 13588326 | G10: 47256 | H10: 7473814.7 | I10: 7550195 | J10: 110147 | K10: 20924676 | L10: 21138521
C11: Total | D11: 171688 | E11: 36563032 | F11: 36936696 | G11: 93360 | H11: 15141092 | I11: 15295829 | J11: 265048 | K11: 51704123 | L11: 52232525
B12: 44958 | C12: Mujeres | D12: 108645 | E12: 23098113 | F12: 23349164 | G12: 46210 | H12: 8237673.4 | I12: 8327208 | J12: 154855 | K12: 31335786 | L12: 31676372
C13: Hombres | D13: 62678 | E13: 13420694 | F13: 13566562 | G13: 47542 | H13: 8076320.7 | I13: 8164101.5 | J13: 110220 | K13: 21497014 | L13: 21730664
C14: Total | D14: 171323 | E14: 36518806 | F14: 36915726 | G14: 93752 | H14: 16313994 | I14: 16491309 | J14: 265075 | K14: 52832800 | L14: 53407036
B15: 44986 | C15: Mujeres | D15: 108598 | E15: 23099682 | F15: 23099682 | G15: 46381 | H15: 8260461.9 | I15: 8260461.9 | J15: 154979 | K15: 31360144 | L15: 31360144
C16: Hombres | D16: 62593 | E16: 13421795 | F16: 13421795 | G16: 47964 | H16: 8133304 | I16: 8133304 | J16: 110557 | K16: 21555099 | L16: 21555099
C17: Total | D17: 171191 | E17: 36521477 | F17: 36521477 | G17: 94345 | H17: 16393766 | I17: 16393766 | J17: 265536 | K17: 52915243 | L17: 52915243
B18: Fuente: Elaboración propia con datos de la Superintendencia de Pensiones
B19: Nota 1: La Pensión Garantizada Universal (PGU) es un nuevo beneficio generado a partir de la ley 21.419 del 29-01-2022. El concepto de PGU No Contributiva o Contributiva está relacionado con la calidad de la persona que está recibiendo el beneficio, si es No Contributiva quiere decir que no estaba afiliado a un sistema previsional (D.L. 3.500 o antiguo Sistema de Reparto) ni recibe pensión de sobrevivencia, si es Contributiva quiere decir que si estaba afiliado a un sistema previsional o que recibe una pensión de sobrevivencia. De manera automática, en febrero 2022, los PBS de Vejez pasaron a ser PGU No Contributiva y los APS Vejez Subsidio Definido, los Beneficio artículo 9° bis y los APS Vejez con una Pensión Final Garantizada inferior o igual al monto de la PGU pasaron a ser PGU Contributiva (Fuente: Superintendencia de Pensiones). Nota 2: Para los APS de Vejez, en aquellos casos en que este beneficio superaba el monto de la PGU se mantuvo el beneficio.
B20: * Montos nominales de cada periodo de pago. ** Montos deflactados a marzo 2023
B22: Serie resumen de pagos (monto real M$) de beneficios acumulado, por tipo y sexo
B23: (enero 2020 a marzo 2023)
C25: APS Vejez | I25: APS Invalidez | O25: APS Total
C26: Mujeres | E26: Hombres | G26: Total | I26: Mujeres | K26: Hombres | M26: Total | O26: Mujeres | Q26: Hombres | S26: Total
B27: Periodo | C27: N° Beneficios promedio | D27: Monto promedio M$ * | E27: N° Beneficios promedio | F27: Monto promedio M$ * | G27: N° Beneficios promedio | H27: Monto promedio M$ * | I27: N° Beneficios promedio | J27: Monto promedio M$ * | K27: N° Beneficios promedio | L27: Monto promedio M$ * | M27: N° Beneficios promedio | N27: Monto promedio M$ * | O27: N° Beneficios promedio | P27: Monto promedio M$ * | Q27: N° Beneficios promedio | R27: Monto promedio M$ * | S27: N° Beneficios promedio | T27: Monto promedio M$ *
B28: 39630
B29: 39661
B30: 39692
B31: 39722 | C31: 2444 | D31: 648222.49 | E31: 955 | F31: 322292.67 | G31: 3399 | H31: 970515.16 | I31: 217 | J31: 59396.345 | K31: 229 | L31: 60396.67 | M31: 446 | N31: 119793.02 | O31: 2661 | P31: 707618.84 | Q31: 1184 | R31: 382689.34 | S31: 3845 | T31: 1090308.2
B32: 39753 | C32: 3067 | D32: 324830.45 | E32: 1159 | F32: 144184.79 | G32: 4226 | H32: 469015.24 | I32: 290 | J32: 34543.372 | K32: 294 | L32: 33054.56 | M32: 584 | N32: 67597.932 | O32: 3357 | P32: 359373.82 | Q32: 1453 | R32: 177239.35 | S32: 4810 | T32: 536613.17
B33: 39783 | C33: 3251 | D33: 338240.49 | E33: 1234 | F33: 183438.91 | G33: 4485 | H33: 521679.39 | I33: 352 | J33: 36007.324 | K33: 348 | L33: 34457.564 | M33: 700 | N33: 70464.889 | O33: 3603 | P33: 374247.81 | Q33: 1582 | R33: 217896.47 | S33: 5185 | T33: 592144.28
B34: Promedio 2008 | C34: 2920.6667 | D34: 437097.81 | E34: 1116 | F34: 216638.79 | G34: 4036.6667 | H34: 653736.6 | I34: 286.33333 | J34: 43315.68 | K34: 290.33333 | L34: 42636.265 | M34: 576.66667 | N34: 85951.945 | O34: 3207 | P34: 480413.49 | Q34: 1406.3333 | R34: 259275.05 | S34: 4613.3333 | T34: 739688.54
B35: 39814 | C35: 4434 | D35: 663521 | E35: 1765 | F35: 334527.25 | G35: 6199 | H35: 998048.25 | I35: 468 | J35: 65293.925 | K35: 481 | L35: 74990.814 | M35: 949 | N35: 140284.74 | O35: 4902 | P35: 728814.92 | Q35: 2246 | R35: 409518.07 | S35: 7148 | T35: 1138333
B36: 39845 | C36: 5048 | D36: 512980.24 | E36: 2132 | F36: 269343.24 | G36: 7180 | H36: 782323.47 | I36: 596 | J36: 81174.641 | K36: 584 | L36: 75433.658 | M36: 1180 | N36: 156608.3 | O36: 5644 | P36: 594154.88 | Q36: 2716 | R36: 344776.89 | S36: 8360 | T36: 938931.77
B37: 39873 | C37: 5703 | D37: 567469.5 | E37: 2584 | F37: 346679.3 | G37: 8287 | H37: 914148.8 | I37: 787 | J37: 106349.65 | K37: 703 | L37: 81413.263 | M37: 1490 | N37: 187762.92 | O37: 6490 | P37: 673819.16 | Q37: 3287 | R37: 428092.56 | S37: 9777 | T37: 1101911.7
B38: 39904 | C38: 6499 | D38: 815091.05 | E38: 3131 | F38: 483912.06 | G38: 9630 | H38: 1299003.1 | I38: 1119 | J38: 187820.7 | K38: 922 | L38: 136991.07 | M38: 2041 | N38: 324811.77 | O38: 7618 | P38: 1002911.8 | Q38: 4053 | R38: 620903.13 | S38: 11671 | T38: 1623814.9
B39: 39934 | C39: 7208 | D39: 749849.28 | E39: 3842 | F39: 570615.27 | G39: 11050 | H39: 1320464.6 | I39: 1372 | J39: 178067.46 | K39: 1125 | L39: 143887.49 | M39: 2497 | N39: 321954.95 | O39: 8580 | P39: 927916.75 | Q39: 4967 | R39: 714502.76 | S39: 13547 | T39: 1642419.5
B40: 39965 | C40: 7817 | D40: 755293.27 | E40: 4373 | F40: 525001.09 | G40: 12190 | H40: 1280294.4 | I40: 1674 | J40: 211125.78 | K40: 1346 | L40: 162185.77 | M40: 3020 | N40: 373311.55 | O40: 9491 | P40: 966419.05 | Q40: 5719 | R40: 687186.85 | S40: 15210 | T40: 1653605.9
B41: 39995 | C41: 8395 | D41: 1095393.8 | E41: 4882 | F41: 731647.93 | G41: 13277 | H41: 1827041.7 | I41: 2118 | J41: 383541.09 | K41: 1670 | L41: 298361.59 | M41: 3788 | N41: 681902.68 | O41: 10513 | P41: 1478934.9 | Q41: 6552 | R41: 1030009.5 | S41: 17065 | T41: 2508944.4
B42: 40026 | C42: 9052 | D42: 1275761.2 | E42: 5603 | F42: 1002673.7 | G42: 14655 | H42: 2278434.9 | I42: 2469 | J42: 398970.95 | K42: 1969 | L42: 311285.01 | M42: 4438 | N42: 710255.97 | O42: 11521 | P42: 1674732.2 | Q42: 7572 | R42: 1313958.7 | S42: 19093 | T42: 2988690.9
B43: 40057 | C43: 12193 | D43: 1641569 | E43: 15010 | F43: 1696568.3 | G43: 27203 | H43: 3338137.3 | I43: 2777 | J43: 412814.87 | K43: 2203 | L43: 319529.11 | M43: 4980 | N43: 732343.98 | O43: 14970 | P43: 2054383.8 | Q43: 17213 | R43: 2016097.4 | S43: 32183 | T43: 4070481.2
B44: 40087 | C44: 98877 | D44: 8075439.2 | E44: 70157 | F44: 5101603.2 | G44: 169034 | H44: 13177042 | I44: 3876 | J44: 741073.67 | K44: 3042 | L44: 556305.7 | M44: 6918 | N44: 1297379.4 | O44: 102753 | P44: 8816512.8 | Q44: 73199 | R44: 5657908.9 | S44: 175952 | T44: 14474422
B45: 40118 | C45: 118191 | D45: 4889824.6 | E45: 85364 | F45: 3650599.9 | G45: 203555 | H45: 8540424.4 | I45: 4342 | J45: 652977.74 | K45: 3394 | L45: 498331.52 | M45: 7736 | N45: 1151309.3 | O45: 122533 | P45: 5542802.3 | Q45: 88758 | R45: 4148931.4 | S45: 211291 | T45: 9691733.7
B46: 40148 | C46: 137544 | D46: 5892247.9 | E46: 100434 | F46: 4580590.7 | G46: 237978 | H46: 10472839 | I46: 4968 | J46: 798836.75 | K46: 3798 | L46: 596888.84 | M46: 8766 | N46: 1395725.6 | O46: 142512 | P46: 6691084.6 | Q46: 104232 | R46: 5177479.5 | S46: 246744 | T46: 11868564
B47: Promedio 2009 | C47: 35080.083 | D47: 2244536.7 | E47: 24939.75 | F47: 1607813.5 | G47: 60019.833 | H47: 3852350.2 | I47: 2213.8333 | J47: 351503.94 | K47: 1769.75 | L47: 271300.32 | M47: 3983.5833 | N47: 622804.26 | O47: 37293.917 | P47: 2596040.6 | Q47: 26709.5 | R47: 1879113.8 | S47: 64003.417 | T47: 4475154.4
B48: 40179 | C48: 147468 | D48: 5553700.3 | E48: 103465 | F48: 4089512.9 | G48: 250933 | H48: 9643213.1 | I48: 5495 | J48: 810207.54 | K48: 4172 | L48: 604753.11 | M48: 9667 | N48: 1414960.6 | O48: 152963 | P48: 6363907.8 | Q48: 107637 | R48: 4694266 | S48: 260600 | T48: 11058174
B49: 40210 | C49: 157189 | D49: 5970844.3 | E49: 108163 | F49: 4295671.9 | G49: 265352 | H49: 10266516 | I49: 5997 | J49: 818924.94 | K49: 4576 | L49: 625773.53 | M49: 10573 | N49: 1444698.5 | O49: 163186 | P49: 6789769.3 | Q49: 112739 | R49: 4921445.5 | S49: 275925 | T49: 11711215
B50: 40238 | C50: 167854 | D50: 6835034.1 | E50: 115920 | F50: 5283734.9 | G50: 283774 | H50: 12118769 | I50: 6477 | J50: 942075.35 | K50: 4862 | L50: 691200.1 | M50: 11339 | N50: 1633275.4 | O50: 174331 | P50: 7777109.4 | Q50: 120782 | R50: 5974935 | S50: 295113 | T50: 13752044
B51: 40269 | C51: 172340 | D51: 6021648.8 | E51: 118241 | F51: 4413063.9 | G51: 290581 | H51: 10434713 | I51: 6887 | J51: 939967.12 | K51: 5130 | L51: 686708.93 | M51: 12017 | N51: 1626676.1 | O51: 179227 | P51: 6961615.9 | Q51: 123371 | R51: 5099772.8 | S51: 302598 | T51: 12061389
B52: 40299 | C52: 177041 | D52: 6244772.2 | E52: 120927 | F52: 4714578.7 | G52: 297968 | H52: 10959351 | I52: 7424 | J52: 1032236.4 | K52: 5506 | L52: 742813.58 | M52: 12930 | N52: 1775050 | O52: 184465 | P52: 7277008.6 | Q52: 126433 | R52: 5457392.3 | S52: 310898 | T52: 12734401
B53: 40330 | C53: 183571 | D53: 6628800.7 | E53: 125869 | F53: 4775372.7 | G53: 309440 | H53: 11404173 | I53: 8152 | J53: 1252573.3 | K53: 6003 | L53: 881987.44 | M53: 14155 | N53: 2134560.8 | O53: 191723 | P53: 7881374.1 | Q53: 131872 | R53: 5657360.2 | S53: 323595 | T53: 13538734
B54: 40360 | C54: 187484 | D54: 11773724 | E54: 129748 | F54: 8463867.6 | G54: 317232 | H54: 20237591 | I54: 8702 | J54: 1224166.1 | K54: 6395 | L54: 895652.09 | M54: 15097 | N54: 2119818.2 | O54: 196186 | P54: 12997890 | Q54: 136143 | R54: 9359519.7 | S54: 332329 | T54: 22357410
B55: 40391 | C55: 192848 | D55: 12562011 | E55: 133983 | F55: 8840904.1 | G55: 326831 | H55: 21402915 | I55: 9142 | J55: 1252164 | K55: 6680 | L55: 920223.6 | M55: 15822 | N55: 2172387.6 | O55: 201990 | P55: 13814175 | Q55: 140663 | R55: 9761127.7 | S55: 342653 | T55: 23575303
B56: 40422 | C56: 198415 | D56: 12212314 | E56: 138718 | F56: 8695086.7 | G56: 337133 | H56: 20907401 | I56: 9139 | J56: 1172145.2 | K56: 6646 | L56: 842165.38 | M56: 15785 | N56: 2014310.6 | O56: 207554 | P56: 13384459 | Q56: 145364 | R56: 9537252 | S56: 352918 | T56: 22921711
B57: 40452 | C57: 204343 | D57: 13288663 | E57: 143664 | F57: 9522581.7 | G57: 348007 | H57: 22811245 | I57: 9374 | J57: 1236281.4 | K57: 6792 | L57: 883373.83 | M57: 16166 | N57: 2119655.3 | O57: 213717 | P57: 14524944 | Q57: 150456 | R57: 10405955 | S57: 364173 | T57: 24930900
B58: 40483 | C58: 211646 | D58: 14082083 | E58: 150888 | F58: 10193730 | G58: 362534 | H58: 24275813 | I58: 9728 | J58: 1333968.5 | K58: 7036 | L58: 956502.67 | M58: 16764 | N58: 2290471.1 | O58: 221374 | P58: 15416051 | Q58: 157924 | R58: 11150233 | S58: 379298 | T58: 26566284
B59: 40513 | C59: 215860 | D59: 13924483 | E59: 154356 | F59: 10095088 | G59: 370216 | H59: 24019572 | I59: 10094 | J59: 1376222.4 | K59: 7277 | L59: 988663.41 | M59: 17371 | N59: 2364885.8 | O59: 225954 | P59: 15300706 | Q59: 161633 | R59: 11083752 | S59: 387587 | T59: 26384457
B60: Promedio 2010 | C60: 184671.58 | D60: 9591506.5 | E60: 128661.83 | F60: 6948599.5 | G60: 313333.42 | H60: 16540106 | I60: 8050.9167 | J60: 1115911 | K60: 5922.9167 | L60: 809984.81 | M60: 13973.833 | N60: 1925895.8 | O60: 192722.5 | P60: 10707418 | Q60: 134584.75 | R60: 7758584.3 | S60: 327307.25 | T60: 18466002
B61: 40544 | C61: 216052 | D61: 13599519 | E61: 156801 | F61: 10309563 | G61: 372853 | H61: 23909082 | I61: 10664 | J61: 1578404.5 | K61: 7665 | L61: 1132408.4 | M61: 18329 | N61: 2710812.9 | O61: 226716 | P61: 15177924 | Q61: 164466 | R61: 11441972 | S61: 391182 | T61: 26619895
B62: 40575 | C62: 221369 | D62: 14725825 | E62: 159862 | F62: 10495077 | G62: 381231 | H62: 25220901 | I62: 10862 | J62: 1408228.1 | K62: 7770 | L62: 994228.51 | M62: 18632 | N62: 2402456.6 | O62: 232231 | P62: 16134053 | Q62: 167632 | R62: 11489305 | S62: 399863 | T62: 27623358
B63: 40603 | C63: 222893 | D63: 13568378 | E63: 161524 | F63: 10007074 | G63: 384417 | H63: 23575452 | I63: 11369 | J63: 1637173.4 | K63: 8148 | L63: 1155282 | M63: 19517 | N63: 2792455.4 | O63: 234262 | P63: 15205551 | Q63: 169672 | R63: 11162356 | S63: 403934 | T63: 26367908
B64: 40634 | C64: 222010 | D64: 12825846 | E64: 161901 | F64: 9516133.8 | G64: 383911 | H64: 22341980 | I64: 11684 | J64: 1394264.5 | K64: 8406 | L64: 993266.91 | M64: 20090 | N64: 2387531.4 | O64: 233694 | P64: 14220110 | Q64: 170307 | R64: 10509401 | S64: 404001 | T64: 24729511
B65: 40664 | C65: 223751 | D65: 13790503 | E65: 165419 | F65: 10594883 | G65: 389170 | H65: 24385387 | I65: 12497 | J65: 1868277.3 | K65: 9044 | L65: 1372052.3 | M65: 21541 | N65: 3240329.6 | O65: 236248 | P65: 15658781 | Q65: 174463 | R65: 11966936 | S65: 410711 | T65: 27625716
B66: 40695 | C66: 229420 | D66: 14778730 | E66: 168072 | F66: 10572184 | G66: 397492 | H66: 25350914 | I66: 13001 | J66: 1781662 | K66: 9368 | L66: 1258164.5 | M66: 22369 | N66: 3039826.5 | O66: 242421 | P66: 16560392 | Q66: 177440 | R66: 11830349 | S66: 419861 | T66: 28390741
B67: 40725 | C67: 232716 | D67: 18252412 | E67: 169626 | F67: 13239619 | G67: 402342 | H67: 31492031 | I67: 13322 | J67: 1773243.7 | K67: 9629 | L67: 1288622.9 | M67: 22951 | N67: 3061866.6 | O67: 246038 | P67: 20025656 | Q67: 179255 | R67: 14528242 | S67: 425293 | T67: 34553898
B68: 40756 | C68: 237643 | D68: 19097465 | E68: 172104 | F68: 13785018 | G68: 409747 | H68: 32882483 | I68: 13665 | J68: 1836684.3 | K68: 9887 | L68: 1342008.9 | M68: 23552 | N68: 3178693.2 | O68: 251308 | P68: 20934149 | Q68: 181991 | R68: 15127027 | S68: 433299 | T68: 36061177
B69: 40787 | C69: 237602 | D69: 17593805 | E69: 171862 | F69: 12826512 | G69: 409464 | H69: 30420317 | I69: 13650 | J69: 1678693.2 | K69: 9861 | L69: 1199497.1 | M69: 23511 | N69: 2878190.3 | O69: 251252 | P69: 19272498 | Q69: 181723 | R69: 14026009 | S69: 432975 | T69: 33298508
B70: 40817 | C70: 244518 | D70: 19989388 | E70: 177646 | F70: 15092269 | G70: 422164 | H70: 35081657 | I70: 14421 | J70: 2081838.1 | K70: 10422 | L70: 1511821.6 | M70: 24843 | N70: 3593659.7 | O70: 258939 | P70: 22071226 | Q70: 188068 | R70: 16604090 | S70: 447007 | T70: 38675316
B71: 40848 | C71: 244805 | D71: 18546296 | E71: 177882 | F71: 13773577 | G71: 422687 | H71: 32319873 | I71: 14395 | J71: 1763850 | K71: 10364 | L71: 1260409.7 | M71: 24759 | N71: 3024259.7 | O71: 259200 | P71: 20310146 | Q71: 188246 | R71: 15033987 | S71: 447446 | T71: 35344133
B72: 40878 | C72: 253065 | D72: 20596908 | E72: 183726 | F72: 15213854 | G72: 436791 | H72: 35810761 | I72: 15067 | J72: 2132666.2 | K72: 10837 | L72: 1535616.9 | M72: 25904 | N72: 3668283.2 | O72: 268132 | P72: 22729574 | Q72: 194563 | R72: 16749471 | S72: 462695 | T72: 39479044
B73: Promedio 2011 | C73: 232153.67 | D73: 16447090 | E73: 168868.75 | F73: 12118814 | G73: 401022.42 | H73: 28565903 | I73: 12883.083 | J73: 1744582.1 | K73: 9283.4167 | L73: 1253615 | M73: 22166.5 | N73: 2998197.1 | O73: 245036.75 | P73: 18191672 | Q73: 178152.17 | R73: 13372429 | S73: 423188.92 | T73: 31564100
B74: 40909 | C74: 252071 | D74: 18090033 | E74: 182814 | F74: 13727688 | G74: 434885 | H74: 31817721 | I74: 15016 | J74: 1820368.4 | K74: 10786 | L74: 1294104 | M74: 25802 | N74: 3114472.4 | O74: 267087 | P74: 19910401 | Q74: 193600 | R74: 15021792 | S74: 460687 | T74: 34932193
B75: 40940 | C75: 257841 | D75: 20281075 | E75: 187623 | F75: 15067178 | G75: 445464 | H75: 35348252 | I75: 15866 | J75: 2288299.2 | K75: 11407 | L75: 1658139.5 | M75: 27273 | N75: 3946438.8 | O75: 273707 | P75: 22569374 | Q75: 199030 | R75: 16725317 | S75: 472737 | T75: 39294691
B76: 40969 | C76: 266227 | D76: 20892029 | E76: 193233 | F76: 15149946 | G76: 459460 | H76: 36041975 | I76: 16203 | J76: 2118267.1 | K76: 11662 | L76: 1536721.5 | M76: 27865 | N76: 3654988.7 | O76: 282430 | P76: 23010296 | Q76: 204895 | R76: 16686668 | S76: 487325 | T76: 39696964
B77: 41000 | C77: 268907 | D77: 19742266 | E77: 195360 | F77: 14576775 | G77: 464267 | H77: 34319042 | I77: 16729 | J77: 2158782.6 | K77: 12056 | L77: 1542131.4 | M77: 28785 | N77: 3700914 | O77: 285636 | P77: 21901049 | Q77: 207416 | R77: 16118907 | S77: 493052 | T77: 38019956
B78: 41030 | C78: 273881 | D78: 20851651 | E78: 198501 | F78: 15259014 | G78: 472382 | H78: 36110665 | I78: 17101 | J78: 2211023.4 | K78: 12311 | L78: 1586258.2 | M78: 29412 | N78: 3797281.6 | O78: 290982 | P78: 23062674 | Q78: 210812 | R78: 16845272 | S78: 501794 | T78: 39907946
B79: 41061 | C79: 279232 | D79: 21218022 | E79: 201334 | F79: 15264191 | G79: 480566 | H79: 36482213 | I79: 17619 | J79: 2259127.9 | K79: 12603 | L79: 1631414.4 | M79: 30222 | N79: 3890542.3 | O79: 296851 | P79: 23477150 | Q79: 213937 | R79: 16895606 | S79: 510788 | T79: 40372756
B80: 41091 | C80: 276215 | D80: 21407051 | E80: 202381 | F80: 15812134 | G80: 478596 | H80: 37219185 | I80: 17698 | J80: 2307483.7 | K80: 12634 | L80: 1657586 | M80: 30332 | N80: 3965069.7 | O80: 293913 | P80: 23714535 | Q80: 215015 | R80: 17469720 | S80: 508928 | T80: 41184255
B81: 41122 | C81: 282810 | D81: 22329213 | E81: 207070 | F81: 16443923 | G81: 489880 | H81: 38773136 | I81: 23663 | J81: 3052096.9 | K81: 19160 | L81: 2420742.5 | M81: 42823 | N81: 5472839.4 | O81: 306473 | P81: 25381310 | Q81: 226230 | R81: 18864666 | S81: 532703 | T81: 44245976
B82: 41153 | C82: 287696 | D82: 22283297 | E82: 211511 | F82: 16539513 | G82: 499207 | H82: 38822810 | I82: 23918 | J82: 3031496.6 | K82: 19316 | L82: 2459367.8 | M82: 43234 | N82: 5490864.4 | O82: 311614 | P82: 25314793 | Q82: 230827 | R82: 18998881 | S82: 542441 | T82: 44313675
B83: 41183 | C83: 294781 | D83: 23128478 | E83: 216179 | F83: 16888399 | G83: 510960 | H83: 40016877 | I83: 22975 | J83: 2935810.4 | K83: 18437 | L83: 2320577 | M83: 41412 | N83: 5256387.5 | O83: 317756 | P83: 26064288 | Q83: 234616 | R83: 19208976 | S83: 552372 | T83: 45273264
B84: 41214 | C84: 303521 | D84: 23807933 | E84: 223185 | F84: 17594963 | G84: 526706 | H84: 41402896 | I84: 21524 | J84: 2705036.9 | K84: 16946 | L84: 2084128.9 | M84: 38470 | N84: 4789165.8 | O84: 325045 | P84: 26512970 | Q84: 240131 | R84: 19679092 | S84: 565176 | T84: 46192062
B85: 41244 | C85: 312354 | D85: 24339752 | E85: 227534 | F85: 17583141 | G85: 539888 | H85: 41922893 | I85: 22465 | J85: 2927634.2 | K85: 17699 | L85: 2249385 | M85: 40164 | N85: 5177019.2 | O85: 334819 | P85: 27267386 | Q85: 245233 | R85: 19832526 | S85: 580052 | T85: 47099912
B86: Promedio 2012 | C86: 279628 | D86: 21530900 | E86: 203893.75 | F86: 15825572 | G86: 483521.75 | H86: 37356472 | I86: 19231.417 | J86: 2484618.9 | K86: 14584.75 | L86: 1870046.4 | M86: 33816.167 | N86: 4354665.3 | O86: 298859.42 | P86: 24015519 | Q86: 218478.5 | R86: 17695619 | S86: 517337.92 | T86: 41711137
B87: 41275 | C87: 316102 | D87: 23941465 | E87: 230222 | F87: 17563192 | G87: 546324 | H87: 41504656 | I87: 22998 | J87: 2910613.1 | K87: 18080 | L87: 2247279.7 | M87: 41078 | N87: 5157892.8 | O87: 339100 | P87: 26852078 | Q87: 248302 | R87: 19810472 | S87: 587402 | T87: 46662549
B88: 41306 | C88: 318370 | D88: 23569828 | E88: 231652 | F88: 17376680 | G88: 550022 | H88: 40946508 | I88: 23375 | J88: 2939798.5 | K88: 18243 | L88: 2239959 | M88: 41618 | N88: 5179757.5 | O88: 341745 | P88: 26509626 | Q88: 249895 | R88: 19616639 | S88: 591640 | T88: 46126265
B89: 41334 | C89: 320652 | D89: 23782390 | E89: 233004 | F89: 17503112 | G89: 553656 | H89: 41285502 | I89: 23775 | J89: 2966608.9 | K89: 18581 | L89: 2260183.9 | M89: 42356 | N89: 5226792.8 | O89: 344427 | P89: 26748999 | Q89: 251585 | R89: 19763296 | S89: 596012 | T89: 46512295
B90: 41365 | C90: 322878 | D90: 24106447 | E90: 234782 | F90: 17652556 | G90: 557660 | H90: 41759003 | I90: 24167 | J90: 3016880.5 | K90: 18856 | L90: 2300540.9 | M90: 43023 | N90: 5317421.5 | O90: 347045 | P90: 27123328 | Q90: 253638 | R90: 19953097 | S90: 600683 | T90: 47076425
B91: 41395 | C91: 323526 | D91: 24060523 | E91: 234339 | F91: 17639028 | G91: 557865 | H91: 41699551 | I91: 25946 | J91: 3231152 | K91: 20403 | L91: 2490438.1 | M91: 46349 | N91: 5721590.2 | O91: 349472 | P91: 27291675 | Q91: 254742 | R91: 20129466 | S91: 604214 | T91: 47421142
B92: 41426 | C92: 325229 | D92: 23988761 | E92: 235609 | F92: 17592259 | G92: 560838 | H92: 41581020 | I92: 26338 | J92: 3267626.3 | K92: 20883 | L92: 2547304.1 | M92: 47221 | N92: 5814930.4 | O92: 351567 | P92: 27256387 | Q92: 256492 | R92: 20139563 | S92: 608059 | T92: 47395950
B93: 41456 | C93: 327498 | D93: 24485433 | E93: 237441 | F93: 17992929 | G93: 564939 | H93: 42478362 | I93: 26760 | J93: 3324365.2 | K93: 21252 | L93: 2582920.2 | M93: 48012 | N93: 5907285.4 | O93: 354258 | P93: 27809799 | Q93: 258693 | R93: 20575849 | S93: 612951 | T93: 48385647
B94: 41487 | C94: 329632 | D94: 25077007 | E94: 239444 | F94: 18446805 | G94: 569076 | H94: 43523812 | I94: 27306 | J94: 3395672.9 | K94: 21757 | L94: 2661328.2 | M94: 49063 | N94: 6057001.1 | O94: 356938 | P94: 28472680 | Q94: 261201 | R94: 21108133 | S94: 618139 | T94: 49580814
B95: 41518 | C95: 331319 | D95: 25514830 | E95: 241073 | F95: 18836283 | G95: 572392 | H95: 44351113 | I95: 28726 | J95: 3665362.7 | K95: 22887 | L95: 2872142.7 | M95: 51613 | N95: 6537505.4 | O95: 360045 | P95: 29180193 | Q95: 263960 | R95: 21708425 | S95: 624005 | T95: 50888618
B96: 41548 | C96: 333585 | D96: 25647193 | E96: 242881 | F96: 18887404 | G96: 576466 | H96: 44534598 | I96: 29640 | J96: 3903062 | K96: 23639 | L96: 2992290.7 | M96: 53279 | N96: 6895352.7 | O96: 363225 | P96: 29550255 | Q96: 266520 | R96: 21879695 | S96: 629745 | T96: 51429950
B97: 41579 | C97: 336778 | D97: 25883437 | E97: 245366 | F97: 18995933 | G97: 582144 | H97: 44879370 | I97: 30000 | J97: 3773559.1 | K97: 23904 | L97: 2943445.7 | M97: 53904 | N97: 6717004.8 | O97: 366778 | P97: 29656996 | Q97: 269270 | R97: 21939379 | S97: 636048 | T97: 51596374
B98: 41609 | C98: 339536 | D98: 25965799 | E98: 247347 | F98: 19026090 | G98: 586883 | H98: 44991888 | I98: 30254 | J98: 3754088.6 | K98: 24221 | L98: 2951343 | M98: 54475 | N98: 6705431.7 | O98: 369790 | P98: 29719887 | Q98: 271568 | R98: 21977433 | S98: 641358 | T98: 51697320
B99: Promedio 2013 | C99: 327092.08 | D99: 24668593 | E99: 237763.33 | F99: 18126023 | G99: 564855.42 | H99: 42794615 | I99: 26607.083 | J99: 3345732.5 | K99: 21058.833 | L99: 2590764.7 | M99: 47665.917 | N99: 5936497.2 | O99: 353699.17 | P99: 28014325 | Q99: 258822.17 | R99: 20716787 | S99: 612521.33 | T99: 48731112
B100: 41640 | C100: 343977 | D100: 26097020 | E100: 250199 | F100: 19054353 | G100: 594176 | H100: 45151372 | I100: 30730 | J100: 3821088.4 | K100: 24692 | L100: 3016660.7 | M100: 55422 | N100: 6837749.2 | O100: 374707 | P100: 29918108 | Q100: 274891 | R100: 22071013 | S100: 649598 | T100: 51989121
B101: 41671 | C101: 345030 | D101: 25774910 | E101: 250279 | F101: 18935339 | G101: 595309 | H101: 44710249 | I101: 31813 | J101: 4038389.9 | K101: 25927 | L101: 3186071.1 | M101: 57740 | N101: 7224461 | O101: 376843 | P101: 29813300 | Q101: 276206 | R101: 22121410 | S101: 653049 | T101: 51934710
B102: 41699 | C102: 347209 | D102: 25744244 | E102: 251731 | F102: 18904932 | G102: 598940 | H102: 44649176 | I102: 32148 | J102: 4037314.4 | K102: 26144 | L102: 3169207 | M102: 58292 | N102: 7206521.4 | O102: 379357 | P102: 29781558 | Q102: 277875 | R102: 22074139 | S102: 657232 | T102: 51855697
B103: 41730 | C103: 348949 | D103: 25643340 | E103: 253310 | F103: 18892720 | G103: 602259 | H103: 44536060 | I103: 32204 | J103: 3929770.9 | K103: 26100 | L103: 3102869.4 | M103: 58304 | N103: 7032640.2 | O103: 381153 | P103: 29573111 | Q103: 279410 | R103: 21995589 | S103: 660563 | T103: 51568700
B104: 41760 | C104: 350968 | D104: 25781373 | E104: 254716 | F104: 18944118 | G104: 605684 | H104: 44725491 | I104: 32394 | J104: 3945275.8 | K104: 26240 | L104: 3108998.6 | M104: 58634 | N104: 7054274.4 | O104: 383362 | P104: 29726649 | Q104: 280956 | R104: 22053117 | S104: 664318 | T104: 51779765
B105: 41791 | C105: 353222 | D105: 26307721 | E105: 256647 | F105: 19387284 | G105: 609869 | H105: 45695005 | I105: 32788 | J105: 4030081.6 | K105: 26540 | L105: 3144458.6 | M105: 59328 | N105: 7174540.2 | O105: 386010 | P105: 30337803 | Q105: 283187 | R105: 22531742 | S105: 669197 | T105: 52869545
...

Sheet Hoja2
A3: -> region_codigo | B3: = | C3: 1
C5: estado_solicitud
A6: comuna | B6: A | C6: C | D6: D | E6: R | F6: T | G6: Total
A8: ALTO HOSPICIO | B8: 32 | C8: 8631 | D8: 1 | E8: 1938 | F8: 329 | G8: 10931
A9: CAMIÑA | B9: 0 | C9: 192 | D9: 0 | E9: 38 | F9: 4 | G9: 234
A10: COLCHANE | B10: 2 | C10: 137 | D10: 0 | E10: 25 | F10: 3 | G10: 167
A11: HUARA | B11: 6 | C11: 476 | D11: 1 | E11: 103 | F11: 14 | G11: 600
A12: IQUIQUE | B12: 90 | C12: 26648 | D12: 11 | E12: 6786 | F12: 678 | G12: 34213
A13: PICA | B13: 2 | C13: 876 | D13: 0 | E13: 200 | F13: 26 | G13: 1104
A14: POZO ALMONTE | B14: 9 | C14: 1589 | D14: 0 | E14: 403 | F14: 50 | G14: 2051
A15: Total | B15: =SUM(B8:B14) -> 141 | C15: =SUM(C8:C14) -> 38549 | D15: =SUM(D8:D14) -> 13 | E15: =SUM(E8:E14) -> 9493 | F15: =SUM(F8:F14) -> 1104 | G15: =SUM(G8:G14) -> 49300
A21: -> region_codigo = 2
B23: estado_solicitud
A24: comuna | B24: A | C24: C | D24: D | E24: R | F24: T | G24: Total
A26: ANTOFAGASTA | B26: 137 | C26: 41859 | D26: 18 | E26: 10946 | F26: 1282 | G26: 54242
A27: CALAMA | B27: 30 | C27: 14670 | D27: 8 | E27: 3983 | F27: 498 | G27: 19189
A28: MARIA ELENA | B28: 0 | C28: 414 | D28: 0 | E28: 130 | F28: 12 | G28: 556
A29: MEJILLONES | B29: 3 | C29: 1165 | D29: 1 | E29: 377 | F29: 59 | G29: 1605
A30: OLLAGUE | B30: 0 | C30: 37 | D30: 0 | E30: 5 | F30: 1 | G30: 43
A31: SAN PEDRO DE ATACAMA | B31: 1 | C31: 680 | D31: 0 | E31: 145 | F31: 25 | G31: 851
A32: SIERRA GORDA | B32: 0 | C32: 98 | D32: 0 | E32: 29 | F32: 2 | G32: 129
A33: TALTAL | B33: 4 | C33: 1885 | D33: 0 | E33: 570 | F33: 63 | G33: 2522
A34: TOCOPILLA | B34: 11 | C34: 4223 | D34: 7 | E34: 1046 | F34: 126 | G34: 5413
A36: Total | B36: =SUM(B26:B35) -> 186 | C36: =SUM(C26:C35) -> 65031 | D36: =SUM(D26:D35) -> 34 | E36: =SUM(E26:E35) -> 17231 | F36: =SUM(F26:F35) -> 2068 | G36: =SUM(G26:G35) -> 84550
A42: -> region_codigo | B42: = | C42: 3
C44: estado_solicitud
A45: comuna | C45: A | D45: C | E45: D | F45: R | G45: T | H45: Total
A47: ALTO DEL CARMEN | C47: 1 | D47: 962 | E47: 0 | F47: 159 | G47: 31 | H47: 1153
A48: CALDERA | C48: 9 | D48: 2524 | E48: 1 | F48: 499 | G48: 92 | H48: 3125
A49: CHAÑARAL | C49: 5 | D49: 2246 | E49: 3 | F49: 497 | G49: 44 | H49: 2795
A50: COPIAPO | C50: 67 | D50: 20329 | E50: 7 | F50: 4285 | G50: 511 | H50: 25199
A51: DIEGO DE ALMAGRO | C51: 6 | D51: 1399 | E51: 1 | F51: 380 | G51: 25 | H51: 1811
A52: FREIRINA | C52: 4 | D52: 1169 | E52: 0 | F52: 197 | G52: 13 | H52: 1383
A53: HUASCO | C53: 2 | D53: 1687 | E53: 1 | F53: 361 | G53: 43 | H53: 2094
A54: TIERRA AMARILLA | C54: 4 | D54: 1565 | E54: 1 | F54: 299 | G54: 40 | H54: 1909
A55: VALLENAR | C55: 34 | D55: 9905 | E55: 3 | F55: 1871 | G55: 198 | H55: 12011
A57: Total | C57: 132 | D57: 41786 | E57: 17 | F57: 8548 | G57: 997 | H57: 51480
A63: -> region_codigo | B63: = | C63: 4
C65: estado_solicitud
A66: comuna | B66: A | C66: C | D66: D | E66: R | F66: T | G66: Total
A68: ANDACOLLO | B68: 13 | C68: 2131 | D68: 1 | E68: 347 | F68: 52 | G68: 2544
A69: CANELA | B69: 2 | C69: 1814 | D69: 0 | E69: 241 | F69: 31 | G69: 2088
A70: COMBARBALA | B70: 3 | C70: 3132 | D70: 4 | E70: 459 | F70: 47 | G70: 3645
A71: COQUIMBO | B71: 86 | C71: 35562 | D71: 30 | E71: 7197 | F71: 906 | G71: 43781
A72: ILLAPEL | B72: 15 | C72: 6324 | D72: 3 | E72: 1147 | F72: 126 | G72: 7615
A73: LA HIGUERA | B73: 3 | C73: 731 | D73: 1 | E73: 102 | F73: 20 | G73: 857
A74: LA SERENA | B74: 89 | C74: 32734 | D74: 44 | E74: 7692 | F74: 869 | G74: 41428
A75: LOS VILOS | B75: 3 | C75: 3849 | D75: 3 | E75: 606 | F75: 88 | G75: 4549
A76: MONTE PATRIA | B76: 11 | C76: 5111 | D76: 5 | E76: 715 | F76: 107 | G76: 5949
A77: OVALLE | B77: 39 | C77: 19496 | D77: 8 | E77: 3011 | F77: 420 | G77: 22974
A78: PAIHUANO | B78: 2 | C78: 837 | D78: 1 | E78: 126 | F78: 24 | G78: 990
A79: PUNITAQUI | B79: 7 | C79: 2024 | D79: 1 | E79: 473 | F79: 56 | G79: 2561
A80: RIO HURTADO | C80: 927 | D80: 0 | E80: 84 | F80: 10 | G80: 1021
A81: SALAMANCA | B81: 10 | C81: 5212 | D81: 7 | E81: 858 | F81: 98 | G81: 6185
A82: VICUÑA | B82: 16 | C82: 4735 | D82: 13 | E82: 764 | F82: 120 | G82: 5648
A83: Total | B83: 299 | C83: 124619 | D83: 121 | E83: 23822 | F83: 2974 | G83: 151835
A91: -> region_codigo | B91: = | C91: 5
C93: estado_solicitud
A94: comuna | C94: A | D94: C | E94: D | F94: R | G94: T | H94: Total
A96: ALGARROBO | C96: 8 | D96: 2930 | E96: 1 | F96: 718 | G96: 100 | H96: 3757
A97: CABILDO | C97: 13 | D97: 3901 | E97: 1 | F97: 979 | G97: 85 | H97: 4979
A98: CALLE LARGA | C98: 5 | D98: 2004 | E98: 2 | F98: 378 | G98: 42 | H98: 2431
A99: CARTAGENA | C99: 13 | D99: 5034 | E99: 1 | F99: 862 | G99: 124 | H99: 6034
A100: CASABLANCA | C100: 13 | D100: 4521 | E100: 5 | F100: 897 | G100: 92 | H100: 5528
A101: CATEMU | C101: 3 | D101: 2676 | E101: 1 | F101: 468 | G101: 49 | H101: 3197
A102: CONCON | C102: 17 | D102: 5887 | E102: 2 | F102: 1489 | G102: 172 | H102: 7567
A103: EL QUISCO | C103: 6 | D103: 3878 | E103: 1 | F103: 920 | G103: 99 | H103: 4904
A104: EL TABO | C104: 4 | D104: 3390 | E104: 4 | F104: 696 | G104: 92 | H104: 4186
A105: HIJUELAS | C105: 6 | D105: 3345 | E105: 2 | F105: 650 | G105: 70 | H105: 4073
A106: ISLA DE PASCUA | C106: 4 | D106: 668 | E106: 0 | F106: 107 | G106: 21 | H106: 800
A107: JUAN FERNANDEZ | C107: 0 | D107: 141 | E107: 0 | F107: 18 | G107: 1 | H107: 160
... A133: ZAPALLAR | C133: 7 | D133: 1284 | E133: 0 | F133: 248 | G133: 27 | H133: 1566
A135: Total | C135: =SUM(C96:C134) -> 906 | D135: =SUM(D96:D134) -> 328125 | E135: =SUM(E96:E134) -> 237 | F135: =SUM(F96:F134) -> 66406 | G135: =SUM(G96:G134) -> 7403 | H135: =SUM(H96:H134) -> 403077
A141: -> region_codigo | B141: = | C141: 6
C143: estado_solicitud
A144: comuna | C144: A | D144: C | E144: D | F144: R | G144: T | H144: Total
A146: CHEPICA | C146: 10 | D146: 3236 | E146: 2 | F146: 704 | G146: 83 | H146: 4035
A147: CHIMBARONGO | C147: 18 | D147: 6369 | E147: 2 | F147: 1452 | G147: 146 | H147: 7987
A148: CODEGUA | C148: 5 | D148: 2111 | E148: 0 | F148: 379 | G148: 50 | H148: 2545
A149: COINCO | C149: 6 | D149: 1465 | E149: 0 | F149: 276 | G149: 26 | H149: 1773
A150: COLTAUCO | C150: 2 | D150: 3576 | E150: 1 | F150: 601 | G150: 69 | H150: 4249
A151: DOÑIHUE | C151: 7 | D151: 3428 | E151: 3 | F151: 661 | G151: 66 | H151: 4165
A152: GRANEROS | C152: 11 | D152: 4835 | E152: 1 | F152: 871 | G152: 88 | H152: 5806
A153: LA ESTRELLA | C153: 1 | D153: 771 | E153: 0 | F153: 142 | G153: 13 | H153: 927
A154: LAS CABRAS | C154: 8 | D154: 4613 | E154: 1 | F154: 817 | G154: 117 | H154: 5556
A155: LITUECHE | C155: 4 | D155: 1243 | E155: 0 | F155: 258 | G155: 33 | H155: 1538
A156: LOLOL | C156: 5 | D156: 1604 | E156: 0 | F156: 297 | G156: 41 | H156: 1947
A157: MACHALI | C157: 12 | D157: 5219 | E157: 2 | F157: 1268 | G157: 141 | H157: 6642
... A178: SANTA CRUZ | C178: 11 | D178: 7565 | E178: 5 | F178: 1496 | G178: 160 | H178: 9237
A180: Total | C180: =SUM(C146:C179) -> 404 | D180: =SUM(D146:D179) -> 157393 | E180: =SUM(E146:E179) -> 81 | F180: =SUM(F146:F179) -> 32570 | G180: =SUM(G146:G179) -> 3569 | H180: =SUM(H146:H179) -> 194017
A185: -> region_codigo | B185: = | C185: 7
C187: estado_solicitud
A188: comuna | B188: A | C188: C | D188: D | E188: R | F188: T | G188: Total
A190: CAUQUENES | B190: 27 | C190: 9982 | D190: 12 | E190: 1856 | F190: 174 | G190: 12051
A191: CHANCO | B191: 5 | C191: 1892 | D191: 0 | E191: 397 | F191: 50 | G191: 2344
A192: COLBUN | B192: 8 | C192: 3773 | D192: 1 | E192: 786 | F192: 83 | G192: 4651
A193: CONSTITUCION | B193: 33 | C193: 8007 | D193: 3 | E193: 1747 | F193: 172 | G193: 9962
A194: CUREPTO | B194: 8 | C194: 2551 | D194: 0 | E194: 610 | F194: 32 | G194: 3201
A195: CURICO | B195: 47 | C195: 25031 | D195: 16 | E195: 3837 | F195: 537 | G195: 29468
A196: EMPEDRADO | B196: 2 | C196: 706 | D196: 0 | E196: 180 | F196: 11 | G196: 899
...

Sheet II. Estado de Solicitudes
B1: Subsecretaría de Previsión Social Dirección de Estudios Previsionales
B9: II. Estado de solicitudes
B10: Trimestre EFM 2023
B12: 1. Solicitudes del Pilar No Contributivo a nivel nacional
B13: i. Resumen trimestral de número y estado de solicitudes, según tipo de beneficio y sexo
B14: ii. Serie resumen de solicitudes de beneficios, por tipo de beneficio y sexo
B15: 2. Solicitudes del Pilar No Contributivo a nivel regional y comunal
B16: i. Resumen trimestral de solicitudes por región, según tipo de beneficio y sexo
B17: ii. Número de solicitudes trimestrales por comuna, según tipo de beneficio y sexo
B18: Región de Tarapacá
B19: Región de Antofagasta
B20: Región de Atacama
... B61: ii. Serie resumen de tasas de concesión de solicitudes por tipo de beneficio y sexo

Sheet 2.1
B2: SOLICITUDES DEL PILAR NO CONTRIBUTIVO A NIVEL NACIONAL
B4: Resumen trimestral de número y estado de solicitudes, según tipo de beneficio y sexo
B5: (enero 2023 a marzo 2023)
B7: Tipo de beneficio | C7: Sexo Beneficiarios | D7: Estado de las solicitudes
D8: Anuladas | F8: Concedidas | H8: Desistidas | J8: Rechazadas | L8: En Trámite | N8: Total Solicitudes
D9: N° | E9: % | F9: N° | G9: % | H9: N° | I9: % | J9: N° | K9: % | L9: N° | M9: % | N9: N° | O9: %
B10: PGU No Contributiva | C10: Mujeres | D10: 9 | E10: =D10/$N10 -> 0.00080551329 | F10: 7118 | G10: =F10/$N10 -> 0.63707151 | H10: 19 | I10: =H10/$N10 -> 0.0017005281 | J10: 10 | K10: =J10/$N10 -> 0.00089501477 | L10: 4017 | M10: =L10/$N10 -> 0.35952743 | N10: 11173 | O10: =N10/$N10 -> 1
C11: Hombres | D11: 4 | E11: =D11/$N11 -> 0.00026413101 | F11: 9059 | G11: =F11/$N11 -> 0.5981907 | H11: 3 | I11: =H11/$N11 -> 0.00019809826 | J11: 16 | K11: =J11/$N11 -> 0.001056524 | L11: 6062 | M11: =L11/$N11 -> 0.40029054 | N11: 15144 | O11: =N11/$N11 -> 1
C12: Ambos | D12: 13 | E12: =D12/$N12 -> 0.00049397728 | F12: 16177 | G12: =F12/$N12 -> 0.61469772 | H12: 22 | I12: =H12/$N12 -> 0.00083596155 | J12: 26 | K12: =J12/$N12 -> 0.00098795455 | L12: 10079 | M12: =L12/$N12 -> 0.38298438 | N12: 26317 | O12: =N12/$N12 -> 1
B13: PGU Contributiva | C13: Mujeres | D13: 16 | E13: =D13/$N13 -> 0.00052224435 | F13: 19163 | G13: =F13/$N13 -> 0.62548552 | H13: 9 | I13: =H13/$N13 -> 0.00029376244 | J13: 54 | K13: =J13/$N13 -> 0.0017625747 | L13: 11395 | M13: =L13/$N13 -> 0.37193589 | N13: 30637 | O13: =N13/$N13 -> 1
C14: Hombres | D14: 14 | E14: =D14/$N14 -> 0.00059546595 | F14: 12835 | G14: =F14/$N14 -> 0.54591468 | H14: 1 | I14: =H14/$N14 -> 4.2533282e-05 | J14: 97 | K14: =J14/$N14 -> 0.0041257284 | L14: 10564 | M14: =L14/$N14 -> 0.44932159 | N14: 23511 | O14: =N14/$N14 -> 1
C15: Ambos | D15: 30 | E15: =D15/$N15 -> 0.00055403708 | F15: 31998 | G15: =F15/$N15 -> 0.59093595 | H15: 10 | I15: =H15/$N15 -> 0.00018467903 | J15: 151 | K15: =J15/$N15 -> 0.0027886533 | L15: 21959 | M15: =L15/$N15 -> 0.40553668 | N15: 54148 | O15: =N15/$N15 -> 1
B16: PBS Invalidez | C16: Mujeres | D16: 14 | E16: =D16/$N16 -> 0.0022849682 | F16: 150 | G16: =F16/$N16 -> 0.024481802 | H16: 8 | I16: =H16/$N16 -> 0.0013056961 | J16: 20 | K16: =J16/$N16 -> 0.0032642402 | L16: 5935 | M16: =L16/$N16 -> 0.96866329 | N16: 6127 | O16: =N16/$N16 -> 1
C17: Hombres | D17: 3 | E17: =D17/$N17 -> 0.0012131015 | F17: 159 | G17: =F17/$N17 -> 0.064294379 | H17: 3 | I17: =H17/$N17 -> 0.0012131015 | J17: 7 | K17: =J17/$N17 -> 0.0028305702 | L17: 2301 | M17: =L17/$N17 -> 0.93044885 | N17: 2473 | O17: =N17/$N17 -> 1
C18: Ambos | D18: 17 | E18: =D18/$N18 -> 0.0019767442 | F18: 309 | G18: =F18/$N18 -> 0.035930233 | H18: 11 | I18: =H18/$N18 -> 0.0012790698 | J18: 27 | K18: =J18/$N18 -> 0.0031395349 | L18: 8236 | M18: =L18/$N18 -> 0.95767442 | N18: 8600 | O18: =N18/$N18 -> 1
B19: APS Invalidez | C19: Mujeres | D19: 3 | E19: =D19/$N19 -> 0.0017133067 | F19: 636 | G19: =F19/$N19 -> 0.36322102 | H19: 0 | I19: =H19/$N19 -> 0 | J19: 140 | K19: =J19/$N19 -> 0.079954312 | L19: 972 | M19: =L19/$N19 -> 0.55511136 | N19: 1751 | O19: =N19/$N19 -> 1
C20: Hombres | D20: 14 | E20: =D20/$N20 -> 0.0058139535 | F20: 1106 | G20: =F20/$N20 -> 0.45930233 | H20: 2 | I20: =H20/$N20 -> 0.00083056478 | J20: 131 | K20: =J20/$N20 -> 0.054401993 | L20: 1155 | M20: =L20/$N20 -> 0.47965116 | N20: 2408 | O20: =N20/$N20 -> 1
C21: Ambos | D21: 17 | E21: =D21/$N21 -> 0.004087521 | F21: 1742 | G21: =F21/$N21 -> 0.41885069 | H21: 2 | I21: =H21/$N21 -> 0.00048088483 | J21: 271 | K21: =J21/$N21 -> 0.065159894 | L21: 2127 | M21: =L21/$N21 -> 0.51142101 | N21: 4159 | O21: =N21/$N21 -> 1
B22: Todos los beneficios | C22: Mujeres | D22: 42 | E22: =D22/$N22 -> 0.00084527451 | F22: 27067 | G22: =F22/$N22 -> 0.54473917 | H22: 36 | I22: =H22/$N22 -> 0.00072452101 | J22: 224 | K22: =J22/$N22 -> 0.0045081307 | L22: 22319 | M22: =L22/$N22 -> 0.4491829 | N22: 49688 | O22: =N22/$N22 -> 1
C23: Hombres | D23: 35 | E23: =D23/$N23 -> 0.00080393238 | F23: 23159 | G23: =F23/$N23 -> 0.53195057 | H23: 9 | I23: =H23/$N23 -> 0.00020672547 | J23: 251 | K23: =J23/$N23 -> 0.0057653436 | L23: 20082 | M23: =L23/$N23 -> 0.46127343 | N23: 43536 | O23: =N23/$N23 -> 1
C24: Ambos | D24: 77 | E24: =D24/$N24 -> 0.00082596756 | F24: 50226 | G24: =F24/$N24 -> 0.53876684 | H24: 45 | I24: =H24/$N24 -> 0.00048270832 | J24: 475 | K24: =J24/$N24 -> 0.0050952544 | L24: 42401 | M24: =L24/$N24 -> 0.45482923 | N24: 93224 | O24: =N24/$N24 -> 1
B25: Fuente: Elaboración propia con datos del Instituto de Previsión Social Nota 1: El periodo utilizado para el reporte de las solicitudes considera la fecha de ingreso de la solicitud. Nota 2: El estado final de las solicitudes puede cambiar entre periodos, dado que se incluyen en la estadística solicitudes en trámite. Nota 3: La Pensión Garantizada Universal (PGU) es un nuevo beneficio generado a partir de la ley 21.419 del 29-01-2022. El concepto de PGU No Contributiva o Contributiva está relacionado con la calidad de la persona que está recibiendo el beneficio, si es No Contributiva quiere decir que no estaba afiliado a un sistema previsional (D.L. 3.500 o antiguo Sistema de Reparto) ni recibe pensión de sobrevivencia, si es Contributiva quiere decir que si estaba afiliado a un sistema previsional o que recibe una pensión de sobrevivencia. De manera automática, en febrero 2022, los PBS de Vejez pasaron a ser PGU No Contributiva y los APS Vejez Subsidio Definido, los Beneficio artículo 9° bis y los APS Vejez con una Pensión Final Garantizada inferior o igual al monto de la PGU pasaron a ser PGU Contributiva (Fuente: Superintendencia de Pensiones). Nota 4: A partir de la implementación de la PGU (febrero 2022) dejan de existir nuevas solicitudes de los beneficios PBS de Vejez y APS de Vejez, ya que estos beneficios fueron reemplazados con PGU No Contributiva y PGU Contributiva, respectivamente.
B27: Serie resumen de solicitudes de beneficios, por tipo de beneficio y sexo
B28: (julio 2008 a marzo 2023)
B30: Periodo | C30: Tipo de beneficio | X30: Total Beneficios
C31: PGU No Contributiva | F31: PGU Contributiva | I31: PBS Vejez | L31: PBS Invalidez | O31: APS Vejez | R31: APS Invalidez | U31: Nbis
C32: Mujeres | D32: Hombres | E32: Total | F32: Mujeres | G32: Hombres | H32: Total | I32: Mujeres | J32: Hombres | K32: Total | L32: Mujeres | M32: Hombres | N32: Total | O32: Mujeres | P32: Hombres | Q32: Total | R32: Mujeres | S32: Hombres | T32: Total | U32: Mujeres | V32: Hombres | W32: Total | X32: Mujeres | Y32: Hombres | Z32: Total
B33: 39630 | I33: 36610 | J33: 7955 | K33: 44565 | L33: 8627 | M33: 2246 | N33: 10873 | O33: 2684 | P33: 1192 | Q33: 3876 | R33: 1257 | S33: 643 | T33: 1900 | X33: 49178 | Y33: 12036 | Z33: 61214
B34: 39661 | I34: 8908 | J34: 2759 | K34: 11667 | L34: 6729 | M34: 1913 | N34: 8642 | O34: 1597 | P34: 772 | Q34: 2369 | R34: 918 | S34: 564 | T34: 1482 | X34: 18152 | Y34: 6008 | Z34: 24160
B35: 39692 | I35: 6916 | J35: 2065 | K35: 8981 | L35: 4152 | M35: 1114 | N35: 5266 | O35: 1146 | P35: 651 | Q35: 1797 | R35: 529 | S35: 307 | T35: 836 | X35: 12743 | Y35: 4137 | Z35: 16880
B36: 39722 | I36: 5980 | J36: 1760 | K36: 7740 | L36: 4230 | M36: 1174 | N36: 5404 | O36: 1025 | P36: 656 | Q36: 1681 | R36: 335 | S36: 181 | T36: 516 | X36: 11570 | Y36: 3771 | Z36: 15341
B37: 39753 | I37: 4388 | J37: 1282 | K37: 5670 | L37: 2544 | M37: 818 | N37: 3362 | O37: 835 | P37: 536 | Q37: 1371 | R37: 380 | S37: 205 | T37: 585 | X37: 8147 | Y37: 2841 | Z37: 10988
B38: 39783 | I38: 4062 | J38: 1218 | K38: 5280 | L38: 2502 | M38: 836 | N38: 3338 | O38: 893 | P38: 643 | Q38: 1536 | R38: 393 | S38: 232 | T38: 625 | X38: 7850 | Y38: 2929 | Z38: 10779
B39: Promedio 2008 | I39: 11144 | J39: 2840 | K39: 13984 | L39: 4797 | M39: 1350 | N39: 6148 | O39: 1363 | P39: 742 | Q39: 2105 | R39: 635 | S39: 355 | T39: 991 | X39: 17940 | Y39: 5287 | Z39: 23227
B40: 39814 | I40: 3259 | J40: 1182 | K40: 4441 | L40: 2279 | M40: 688 | N40: 2967 | O40: 778 | P40: 662 | Q40: 1440 | R40: 417 | S40: 230 | T40: 647 | X40: 6733 | Y40: 2762 | Z40: 9495
B41: 39845 | I41: 2448 | J41: 870 | K41: 3318 | L41: 1714 | M41: 629 | N41: 2343 | O41: 626 | P41: 525 | Q41: 1151 | R41: 369 | S41: 226 | T41: 595 | X41: 5157 | Y41: 2250 | Z41: 7407
B42: 39873 | I42: 3168 | J42: 1058 | K42: 4226 | L42: 2445 | M42: 758 | N42: 3203 | O42: 748 | P42: 668 | Q42: 1416 | R42: 447 | S42: 303 | T42: 750 | X42: 6808 | Y42: 2787 | Z42: 9595
B43: 39904 | I43: 2846 | J43: 938 | K43: 3784 | L43: 2130 | M43: 668 | N43: 2798 | O43: 698 | P43: 592 | Q43: 1290 | R43: 412 | S43: 284 | T43: 696 | X43: 6086 | Y43: 2482 | Z43: 8568
B44: 39934 | I44: 2665 | J44: 885 | K44: 3550 | L44: 1868 | M44: 602 | N44: 2470 | O44: 581 | P44: 576 | Q44: 1157 | R44: 442 | S44: 302 | T44: 744 | X44: 5556 | Y44: 2365 | Z44: 7921
B45: 39965 | I45: 1967 | J45: 1031 | K45: 2998 | L45: 2045 | M45: 734 | N45: 2779 | O45: 35936 | P45: 18546 | Q45: 54482 | R45: 410 | S45: 351 | T45: 761 | X45: 40358 | Y45: 20662 | Z45: 61020
B46: 39995 | I46: 8111 | J46: 1138 | K46: 9249 | L46: 2698 | M46: 734 | N46: 3432 | O46: 19474 | P46: 16617 | Q46: 36091 | R46: 400 | S46: 330 | T46: 730 | X46: 30683 | Y46: 18819 | Z46: 49502
B47: 40026 | I47: 5425 | J47: 1441 | K47: 6866 | L47: 2833 | M47: 859 | N47: 3692 | O47: 32515 | P47: 22745 | Q47: 55260 | R47: 889 | S47: 575 | T47: 1464 | X47: 41662 | Y47: 25620 | Z47: 67282
B48: 40057 | I48: 5009 | J48: 1485 | K48: 6494 | L48: 2540 | M48: 873 | N48: 3413 | O48: 42718 | P48: 30864 | Q48: 73582 | R48: 970 | S48: 777 | T48: 1747 | X48: 51237 | Y48: 33999 | Z48: 85236
B49: 40087 | I49: 4144 | J49: 1395 | K49: 5539 | L49: 2447 | M49: 804 | N49: 3251 | O49: 19572 | P49: 15144 | Q49: 34716 | R49: 673 | S49: 534 | T49: 1207 | X49: 26836 | Y49: 17877 | Z49: 44713
B50: 40118 | I50: 3427 | J50: 1141 | K50: 4568 | L50: 1993 | M50: 614 | N50: 2607 | O50: 12729 | P50: 8289 | Q50: 21018 | R50: 657 | S50: 465 | T50: 1122 | X50: 18806 | Y50: 10509 | Z50: 29315
B51: 40148 | I51: 3160 | J51: 961 | K51: 4121 | L51: 1868 | M51: 635 | N51: 2503 | O51: 10450 | P51: 6068 | Q51: 16518 | R51: 679 | S51: 565 | T51: 1244 | X51: 16157 | Y51: 8229 | Z51: 24386
B52: Promedio 2009 | I52: 3802 | J52: 1127 | K52: 4930 | L52: 2238 | M52: 717 | N52: 2955 | O52: 14735 | P52: 10108 | Q52: 24843 | R52: 564 | S52: 412 | T52: 976 | X52: 21340 | Y52: 12363 | Z52: 33703
B53: 40179 | I53: 2810 | J53: 907 | K53: 3717 | L53: 1730 | M53: 624 | N53: 2354 | O53: 8375 | P53: 5011 | Q53: 13386 | R53: 600 | S53: 362 | T53: 962 | X53: 13515 | Y53: 6904 | Z53: 20419
B54: 40210 | I54: 2172 | J54: 811 | K54: 2983 | L54: 1517 | M54: 497 | N54: 2014 | O54: 6196 | P54: 3752 | Q54: 9948 | R54: 559 | S54: 370 | T54: 929 | X54: 10444 | Y54: 5430 | Z54: 15874
B55: 40238 | I55: 2354 | J55: 857 | K55: 3211 | L55: 1380 | M55: 507 | N55: 1887 | O55: 4953 | P55: 3424 | Q55: 8377 | R55: 645 | S55: 438 | T55: 1083 | X55: 9332 | Y55: 5226 | Z55: 14558
B56: 40269 | I56: 2385 | J56: 787 | K56: 3172 | L56: 1636 | M56: 594 | N56: 2230 | O56: 5795 | P56: 5114 | Q56: 10909 | R56: 634 | S56: 497 | T56: 1131 | X56: 10450 | Y56: 6992 | Z56: 17442
B57: 40299 | I57: 2165 | J57: 799 | K57: 2964 | L57: 1601 | M57: 533 | N57: 2134 | O57: 4804 | P57: 4788 | Q57: 9592 | R57: 586 | S57: 427 | T57: 1013 | X57: 9156 | Y57: 6547 | Z57: 15703
B58: 40330 | I58: 2222 | J58: 842 | K58: 3064 | L58: 1637 | M58: 536 | N58: 2173 | O58: 9030 | P58: 7038 | Q58: 16068 | R58: 547 | S58: 392 | T58: 939 | X58: 13436 | Y58: 8808 | Z58: 22244
B59: 40360 | I59: 2976 | J59: 946 | K59: 3922 | L59: 1649 | M59: 540 | N59: 2189 | O59: 15794 | P59: 12661 | Q59: 28455 | R59: 626 | S59: 441 | T59: 1067 | X59: 21045 | Y59: 14588 | Z59: 35633
B60: 40391 | I60: 3187 | J60: 1037 | K60: 4224 | L60: 1848 | M60: 635 | N60: 2483 | O60: 14051 | P60: 10729 | Q60: 24780 | R60: 613 | S60: 451 | T60: 1064 | X60: 19699 | Y60: 12852 | Z60: 32551
B61: 40422 | I61: 2771 | J61: 851 | K61: 3622 | L61: 1450 | M61: 487 | N61: 1937 | O61: 8634 | P61: 6003 | Q61: 14637 | R61: 519 | S61: 375 | T61: 894 | X61: 13374 | Y61: 7716 | Z61: 21090
B62: 40452 | I62: 2859 | J62: 872 | K62: 3731 | L62: 1578 | M62: 519 | N62: 2097 | O62: 7950 | P62: 5449 | Q62: 13399 | R62: 610 | S62: 487 | T62: 1097 | X62: 12997 | Y62: 7327 | Z62: 20324
B63: 40483 | I63: 2590 | J63: 812 | K63: 3402 | L63: 1560 | M63: 501 | N63: 2061 | O63: 6603 | P63: 4260 | Q63: 10863 | R63: 502 | S63: 348 | T63: 850 | X63: 11255 | Y63: 5921 | Z63: 17176
B64: 40513 | I64: 2048 | J64: 673 | K64: 2721 | L64: 1029 | M64: 379 | N64: 1408 | O64: 4530 | P64: 3102 | Q64: 7632 | R64: 488 | S64: 412 | T64: 900 | X64: 8095 | Y64: 4566 | Z64: 12661
B65: Promedio 2010 | I65: 2545 | J65: 850 | K65: 3394 | L65: 1551 | M65: 529 | N65: 2081 | O65: 8060 | P65: 5944 | Q65: 14004 | R65: 577 | S65: 417 | T65: 994 | X65: 12733 | Y65: 7740 | Z65: 20473
B66: 40544 | I66: 2489 | J66: 896 | K66: 3385 | L66: 1397 | M66: 474 | N66: 1871 | O66: 6366 | P66: 4627 | Q66: 10993 | R66: 565 | S66: 429 | T66: 994 | X66: 10817 | Y66: 6426 | Z66: 17243
B67: 40575 | I67: 2186 | J67: 743 | K67: 2929 | L67: 1166 | M67: 433 | N67: 1599 | O67: 5127 | P67: 3700 | Q67: 8827 | R67: 468 | S67: 361 | T67: 829 | X67: 8947 | Y67: 5237 | Z67: 14184
B68: 40603 | I68: 2526 | J68: 779 | K68: 3305 | L68: 1632 | M68: 540 | N68: 2172 | O68: 5896 | P68: 3858 | Q68: 9754 | R68: 640 | S68: 445 | T68: 1085 | X68: 10694 | Y68: 5622 | Z68: 16316
B69: 40634 | I69: 1823 | J69: 635 | K69: 2458 | L69: 1310 | M69: 433 | N69: 1743 | O69: 4398 | P69: 2714 | Q69: 7112 | R69: 400 | S69: 325 | T69: 725 | X69: 7931 | Y69: 4107 | Z69: 12038
B70: 40664 | I70: 2291 | J70: 752 | K70: 3043 | L70: 1434 | M70: 500 | N70: 1934 | O70: 5470 | P70: 3499 | Q70: 8969 | R70: 491 | S70: 340 | T70: 831 | X70: 9686 | Y70: 5091 | Z70: 14777
B71: 40695 | I71: 2128 | J71: 705 | K71: 2833 | L71: 1221 | M71: 454 | N71: 1675 | O71: 4859 | P71: 3255 | Q71: 8114 | R71: 449 | S71: 316 | T71: 765 | X71: 8657 | Y71: 4730 | Z71: 13387
B72: 40725 | I72: 2602 | J72: 756 | K72: 3358 | L72: 1305 | M72: 478 | N72: 1783 | O72: 8280 | P72: 6886 | Q72: 15166 | R72: 558 | S72: 401 | T72: 959 | X72: 12745 | Y72: 8521 | Z72: 21266
B73: 40756 | I73: 2612 | J73: 781 | K73: 3393 | L73: 1321 | M73: 474 | N73: 1795 | O73: 7512 | P73: 5762 | Q73: 13274 | R73: 556 | S73: 354 | T73: 910 | X73: 12001 | Y73: 7371 | Z73: 19372
B74: 40787 | I74: 2703 | J74: 862 | K74: 3565 | L74: 1141 | M74: 440 | N74: 1581 | O74: 5716 | P74: 3987 | Q74: 9703 | R74: 418 | S74: 288 | T74: 706 | X74: 9978 | Y74: 5577 | Z74: 15555
B75: 40817 | I75: 2103 | J75: 675 | K75: 2778 | L75: 1164 | M75: 423 | N75: 1587 | O75: 5685 | P75: 3548 | Q75: 9233 | R75: 493 | S75: 322 | T75: 815 | X75: 9445 | Y75: 4968 | Z75: 14413
B76: 40848 | I76: 2732 | J76: 879 | K76: 3611 | L76: 1364 | M76: 424 | N76: 1788 | O76: 7880 | P76: 5861 | Q76: 13741 | R76: 567 | S76: 435 | T76: 1002 | X76: 12543 | Y76: 7599 | Z76: 20142
B77: 40878 | I77: 2088 | J77: 668 | K77: 2756 | L77: 1028 | M77: 382 | N77: 1410 | O77: 6398 | P77: 4787 | Q77: 11185 | R77: 418 | S77: 329 | T77: 747 | X77: 9932 | Y77: 6166 | Z77: 16098
B78: Promedio 2011 | I78: 2357 | J78: 761 | K78: 3118 | L78: 1290 | M78: 455 | N78: 1745 | O78: 6132 | P78: 4374 | Q78: 10506 | R78: 502 | S78: 362 | T78: 864 | X78: 10281 | Y78: 5951 | Z78: 16233
B79: 40909 | I79: 2282 | J79: 761 | K79: 3043 | L79: 1110 | M79: 415 | N79: 1525 | O79: 6735 | P79: 4846 | Q79: 11581 | R79: 466 | S79: 324 | T79: 790 | X79: 10593 | Y79: 6346 | Z79: 16939
B80: 40940 | I80: 1864 | J80: 622 | K80: 2486 | L80: 955 | M80: 373 | N80: 1328 | O80: 5593 | P80: 3634 | Q80: 9227 | R80: 451 | S80: 334 | T80: 785 | X80: 8863 | Y80: 4963 | Z80: 13826
B81: 40969 | I81: 2133 | J81: 679 | K81: 2812 | L81: 1190 | M81: 405 | N81: 1595 | O81: 5915 | P81: 3962 | Q81: 9877 | R81: 451 | S81: 341 | T81: 792 | X81: 9689 | Y81: 5387 | Z81: 15076
B82: 41000 | I82: 1752 | J82: 620 | K82: 2372 | L82: 1136 | M82: 406 | N82: 1542 | O82: 4830 | P82: 3291 | Q82: 8121 | R82: 374 | S82: 284 | T82: 658 | X82: 8092 | Y82: 4601 | Z82: 12693
B83: 41030 | I83: 2152 | J83: 691 | K83: 2843 | L83: 1386 | M83: 541 | N83: 1927 | O83: 5551 | P83: 3913 | Q83: 9464 | R83: 377 | S83: 292 | T83: 669 | X83: 9466 | Y83: 5437 | Z83: 14903
B84: 41061 | I84: 1944 | J84: 657 | K84: 2601 | L84: 1251 | M84: 527 | N84: 1778 | O84: 4998 | P84: 3812 | Q84: 8810 | R84: 336 | S84: 257 | T84: 593 | X84: 8529 | Y84: 5253 | Z84: 13782
B85: 41091 | I85: 2242 | J85: 691 | K85: 2933 | L85: 1199 | M85: 500 | N85: 1699 | O85: 5365 | P85: 4078 | Q85: 9443 | R85: 445 | S85: 280 | T85: 725 | X85: 9251 | Y85: 5549 | Z85: 14800
B86: 41122 | I86: 2452 | J86: 767 | K86: 3219 | L86: 1428 | M86: 539 | N86: 1967 | O86: 9471 | P86: 7749 | Q86: 17220 | R86: 438 | S86: 317 | T86: 755 | X86: 13789 | Y86: 9372 | Z86: 23161
B87: 41153 | I87: 2026 | J87: 642 | K87: 2668 | L87: 962 | M87: 351 | N87: 1313 | O87: 11015 | P87: 8090 | Q87: 19105 | R87: 306 | S87: 235 | T87: 541 | X87: 14309 | Y87: 9318 | Z87: 23627
B88: 41183 | I88: 2840 | J88: 832 | K88: 3672 | L88: 1413 | M88: 510 | N88: 1923 | O88: 6678 | P88: 5025 | Q88: 11703 | R88: 426 | S88: 322 | T88: 748 | X88: 11357 | Y88: 6689 | Z88: 18046
B89: 41214 | I89: 2228 | J89: 701 | K89: 2929 | L89: 1160 | M89: 413 | N89: 1573 | O89: 4228 | P89: 4228 | Q89: 8456 | R89: 355 | S89: 262 | T89: 617 | X89: 7971 | Y89: 5604 | Z89: 13575
B90: 41244 | I90: 1945 | J90: 588 | K90: 2533 | L90: 997 | M90: 427 | N90: 1424 | O90: 3607 | P90: 3725 | Q90: 7332 | R90: 313 | S90: 240 | T90: 553 | X90: 6862 | Y90: 4980 | Z90: 11842
B91: Promedio 2012 | I91: 2155 | J91: 688 | K91: 2843 | L91: 1182 | M91: 451 | N91: 1633 | O91: 6166 | P91: 4696 | Q91: 10862 | R91: 395 | S91: 291 | T91: 686 | X91: 9898 | Y91: 6125 | Z91: 16023
B92: 41275 | I92: 2271 | J92: 740 | K92: 3011 | L92: 1083 | M92: 451 | N92: 1534 | O92: 4166 | P92: 3405 | Q92: 7571 | R92: 342 | S92: 268 | T92: 610 | X92: 7862 | Y92: 4864 | Z92: 12726
B93: 41306 | I93: 1650 | J93: 582 | K93: 2232 | L93: 961 | M93: 364 | N93: 1325 | O93: 2969 | P93: 2588 | Q93: 5557 | R93: 258 | S93: 226 | T93: 484 | X93: 5838 | Y93: 3760 | Z93: 9598
B94: 41334 | I94: 1844 | J94: 551 | K94: 2395 | L94: 1153 | M94: 430 | N94: 1583 | O94: 3051 | P94: 2504 | Q94: 5555 | R94: 345 | S94: 261 | T94: 606 | X94: 6393 | Y94: 3746 | Z94: 10139
B95: 41365 | I95: 1832 | J95: 605 | K95: 2437 | L95: 1262 | M95: 410 | N95: 1672 | O95: 2990 | P95: 2900 | Q95: 5890 | R95: 370 | S95: 254 | T95: 624 | X95: 6454 | Y95: 4169 | Z95: 10623
B96: 41395 | I96: 1695 | J96: 589 | K96: 2284 | L96: 1041 | M96: 376 | N96: 1417 | O96: 2793 | P96: 3316 | Q96: 6109 | R96: 338 | S96: 264 | T96: 602 | X96: 5867 | Y96: 4545 | Z96: 10412
B97: 41426 | I97: 1831 | J97: 574 | K97: 2405 | L97: 1073 | M97: 386 | N97: 1459 | O97: 3093 | P97: 3102 | Q97: 6195 | R97: 354 | S97: 265 | T97: 619 | X97: 6351 | Y97: 4327 | Z97: 10678
B98: 41456 | I98: 2063 | J98: 631 | K98: 2694 | L98: 1047 | M98: 383 | N98: 1430 | O98: 2950 | P98: 2813 | Q98: 5763 | R98: 344 | S98: 269 | T98: 613 | X98: 6404 | Y98: 4096 | Z98: 10500
B99: 41487 | I99: 2226 | J99: 739 | K99: 2965 | L99: 1122 | M99: 361 | N99: 1483 | O99: 3812 | P99: 3238 | Q99: 7050 | R99: 427 | S99: 317 | T99: 744 | X99: 7587 | Y99: 4655 | Z99: 12242
B100: 41518 | I100: 2253 | J100: 684 | K100: 2937 | L100: 889 | M100: 304 | N100: 1193 | O100: 3370 | P100: 2971 | Q100: 6341 | R100: 308 | S100: 252 | T100: 560 | X100: 6820 | Y100: 4211 | Z100: 11031
B101: 41548 | I101: 2620 | J101: 724 | K101: 3344 | L101: 1042 | M101: 399 | N101: 1441 | O101: 4408 | P101: 3709 | Q101: 8117 | R101: 415 | S101: 294 | T101: 709 | X101: 8485 | Y101: 5126 | Z101: 13611
B102: 41579 | I102: 1729 | J102: 462 | K102: 2191 | L102: 613 | M102: 258 | N102: 871 | O102: 2742 | P102: 2398 | Q102: 5140 | R102: 280 | S102: 206 | T102: 486 | X102: 5364 | Y102: 3324 | Z102: 8688
B103: 41609 | I103: 2976 | J103: 847 | K103: 3823 | L103: 1141 | M103: 483 | N103: 1624 | O103: 4145 | P103: 3556 | Q103: 7701 | R103: 359 | S103: 279 | T103: 638 | X103: 8621 | Y103: 5165 | Z103: 13786
B104: Promedio 2013 | I104: 2083 | J104: 644 | K104: 2727 | L104: 1036 | M104: 384 | N104: 1419 | O104: 3374 | P104: 3042 | Q104: 6416 | R104: 345 | S104: 263 | T104: 608 | X104: 6837 | Y104: 4332 | Z104: 11170
B105: 41640 | I105: 2580 | J105: 788 | K105: 3368 | L105: 1017 | M105: 364 | N105: 1381 | O105: 3802 | P105: 3343 | Q105: 7145 | R105: 376 | S105: 275 | T105: 651 | X105: 7775 | Y105: 4770 | Z105: 12545
...

Sheet Solicitudes_compl
B2: TOTAL SOLICITUDES
B3: informacion interna
B4: Número de solicitudes* mensuales de beneficios de vejez e invalidez del SPS y PGU**
B5: (julio 2008 a diciembre 2022)
B7: PERIODO | C7: TOTAL SOLICITUDES (PBS, APS y PGU)
C8: PBSV | D8: PBSI | E8: APSV*** | F8: APSI | G8: PGU | H8: Total | K8: quitar tabla por instituciones
B9: Total 2008 | C9: 83903 | D9: 36885 | E9: 12630 | F9: 5944 | H9: =SUM(C9:F9) -> 139362 | K9: Número de solicitudes de beneficios SPS y PGU según institución donde se realizó el trámite de solicitud | AD9: Número de solicitudes de beneficios SPS y PGU según institución donde se realizó el trámite de solicitud
B10: Total 2009 | C10: 59154 | D10: 35458 | E10: 298121 | F10: 11707 | H10: =SUM(C10:F10) -> 404440 | K10: (julio 2008 a diciembre 2022) | AD10: (octubre 2022 a diciembre 2022)
B11: Total 2010 | C11: 40733 | D11: 24967 | E11: 168046 | F11: 11929 | H11: =SUM(C11:F11) -> 245675
B12: Total 2011 | C12: 37414 | D12: 20938 | E12: 126071 | F12: 10368 | H12: =SUM(C12:F12) -> 194791 | K12: Institución | L12: 2008 | M12: 2009 | N12: 2010 | O12: 2011 | P12: 2012 | Q12: 2013 | R12: 2014 | S12: 2015 | T12: 2016 | U12: 2017 | V12: 2018 | W12: 2019 | X12: 2020 | Y12: 2021 | Z12: 2022 | AA12: Total | AD12: Institución | AE12: 44835 | AF12: 44866 | AG12: 44896 | AH12: Total Trimestre 4 2022
B13: Total 2012 | C13: 34111 | D13: 19594 | E13: 130339 | F13: 8226 | H13: =SUM(C13:F13) -> 192270 | K13: IPS | L13: 95470 | M13: 299851 | N13: 148063 | O13: 114399 | P13: 126850 | Q13: 83745 | R13: 94143 | S13: 84139 | T13: 84299 | U13: 94990 | V13: 106236 | W13: 95189 | X13: 107160 | Y13: 117979 | Z13: 250187 | AA13: =SUM(L13:Z13) -> 1902700 | AD13: IPS | AE13: 19719 | AF13: 22796 | AG13: 17770 | AH13: =SUM(AE13:AG13) -> 60285
B14: Total 2013 | C14: 32718 | D14: 17032 | E14: 76989 | F14: 7295 | H14: =SUM(C14:F14) -> 134034 | K14: AFP | L14: 1029 | M14: 30362 | N14: 32918 | O14: 25990 | P14: 24058 | Q14: 22686 | R14: 27044 | S14: 29604 | T14: 29016 | U14: 34397 | V14: 43517 | W14: 43221 | X14: 56267 | Y14: 73775 | Z14: 99369 | AA14: =SUM(L14:Z14) -> 573253 | AD14: AFP | AE14: 6527 | AF14: 6510 | AG14: 5625 | AH14: =SUM(AE14:AG14) -> 18662
B15: Total 2014 | C15: 39392 | D15: 17573 | E15: 88545 | F15: 6054 | H15: =SUM(C15:F15) -> 151564 | K15: Cía. De Seguros | L15: 0 | M15: 0 | N15: 5301 | O15: 11377 | P15: 9223 | Q15: 6357 | R15: 6542 | S15: 5381 | T15: 4531 | U15: 4540 | V15: 4894 | W15: 4177 | X15: 8095 | Y15: 7164 | Z15: 9558 | AA15: =SUM(L15:Z15) -> 87140 | AD15: Cía. De Seguros | AE15: 623 | AF15: 681 | AG15: 385 | AH15: =SUM(AE15:AG15) -> 1689
B16: Total 2015 | C16: 31042 | D16: 18557 | E16: 88878 | F16: 2501 | H16: =SUM(C16:F16) -> 140978 | K16: Municipalidades | L16: 42858 | M16: 74227 | N16: 59393 | O16: 43025 | P16: 32139 | Q16: 21246 | R16: 23835 | S16: 21854 | T16: 20904 | U16: 22824 | V16: 22939 | W16: 21341 | X16: 19280 | Y16: 24333 | Z16: 31316 | AA16: =SUM(L16:Z16) -> 481514 | AD16: Municipalidades | AE16: 2426 | AF16: 2788 | AG16: 2390 | AH16: =SUM(AE16:AG16) -> 7604
B17: Enero | C17: 2173 | D17: 1500 | E17: 6222 | F17: 224 | H17: =SUM(C17:F17) -> 10119 | K17: Registro Civil | L17: 5 | M17: 0 | N17: 0 | O17: 0 | P17: 0 | Q17: 0 | R17: 0 | S17: 0 | T17: 0 | U17: 0 | V17: 0 | W17: 0 | X17: 0 | Y17: 0 | Z17: 0 | AA17: =SUM(L17:Z17) -> 5 | AD17: Registro Civil | AE17: 20297 | AF17: 15246 | AG17: 12744 | AH17: =SUM(AE17:AG17) -> 48287
B18: Febrero | C18: 2224 | D18: 1403 | E18: 6802 | F18: 216 | H18: =SUM(C18:F18) -> 10645 | K18: Canal Web | L18: 0 | M18: 0 | N18: 0 | O18: 0 | P18: 0 | Q18: 0 | R18: 0 | S18: 0 | T18: 38 | U18: 315 | V18: 815 | W18: 1384 | X18: 29007 | Y18: 56959 | Z18: 263157 | AA18: 351675 | AD18: Canal Web
B19: Marzo | C19: 2350 | D19: 1601 | E19: 6925 | F19: 207 | H19: =SUM(C19:F19) -> 11083 | K19: Total | L19: =SUM(L13:L18) -> 139362 | M19: =SUM(M13:M18) -> 404440 | N19: =SUM(N13:N18) -> 245675 | O19: =SUM(O13:O18) -> 194791 | P19: =SUM(P13:P18) -> 192270 | Q19: =SUM(Q13:Q18) -> 134034 | R19: =SUM(R13:R18) -> 151564 | S19: =SUM(S13:S18) -> 140978 | ... AA19: =SUM(AA13:AA18) -> 3396287 | AD19: Total | AE19: =SUM(AE13:AE18) -> 49592 | AF19: =SUM(AF13:AF18) -> 48021 | AG19: =SUM(AG13:AG18) -> 38914 | AH19: =SUM(AH13:AH18) -> 136527
B20: Abril | C20: 3284 | D20: 1531 | E20: 7503 | F20: 205 | H20: =SUM(C20:F20) -> 12523 | K20: Fuente: Elaboración propia a partir de Bases de Datos del IPS. Información actualizada a Diciembre 2022.
B21: Mayo | C21: 2764 | D21: 1579 | E21: 9264 | F21: 224 | H21: =SUM(C21:F21) -> 13831
B22: Junio | C22: 2478 | D22: 1445 | E22: 6920 | F22: 174 | H22: =SUM(C22:F22) -> 11017
B23: Julio | C23: 2663 | D23: 1514 | E23: 6996 | F23: 198 | H23: =SUM(C23:F23) -> 11371 | K23: Número de solicitudes del beneficio PGU mensual según institución donde se realizó el trámite de solicitud
B24: Agosto | C24: 2949 | D24: 1850 | E24: 8983 | F24: 245 | H24: =SUM(C24:F24) -> 14027 | K24: (febrero 2022 a diciembre 2022)
B25: Septiembre | C25: 2715 | D25: 1614 | E25: 7860 | F25: 213 | H25: =SUM(C25:F25) -> 12402
B26: Octubre | C26: 2274 | D26: 1331 | E26: 6676 | F26: 215 | H26: =SUM(C26:F26) -> 10496 | K26: Institución | L26: Febrero | M26: Marzo | N26: Abril | O26: Mayo | P26: Junio | Q26: Julio | R26: Agosto | S26: Septiembre | T26: Octubre | U26: Noviembre | V26: Diciembre | W26: Total
B27: Noviembre | C27: 2376 | D27: 1259 | E27: 6679 | F27: 208 | H27: =SUM(C27:F27) -> 10522 | K27: IPS | L27: 33391 | M27: 24468 | N27: 15614 | O27: 15183 | P27: 15569 | Q27: 16839 | R27: 22369 | S27: 14247 | T27: 17724 | U27: 20504 | V27: 15932 | W27: =SUM(L27:V27) -> 211840
B28: Diciembre | C28: 2435 | D28: 1467 | E28: 6602 | F28: 248 | H28: =SUM(C28:F28) -> 10752 | K28: AFP | L28: 9704 | M28: 9520 | N28: 7533 | O28: 7931 | P28: 7526 | Q28: 7879 | R28: 9071 | S28: 6033 | T28: 5791 | U28: 5751 | V28: 4886 | W28: =SUM(L28:V28) -> 81625
B29: Total 2016 | C29: =SUM(C17:C28) -> 30685 | D29: =SUM(D17:D28) -> 18094 | E29: =SUM(E17:E28) -> 87432 | F29: =SUM(F17:F28) -> 2577 | H29: =SUM(H17:H28) -> 138788 | K29: Cía. De Seguros | L29: 1778 | M29: 1136 | N29: 679 | O29: 581 | P29: 704 | Q29: 735 | R29: 884 | S29: 415 | T29: 611 | U29: 650 | V29: 361 | W29: =SUM(L29:V29) -> 8534
B30: Enero | C30: 3122 | D30: 1508 | E30: 7979 | F30: 269 | H30: =SUM(C30:F30) -> 12878 | K30: Municipalidades | L30: 2114 | M30: 2094 | N30: 1761 | O30: 1772 | P30: 1614 | Q30: 1702 | R30: 2309 | S30: 1677 | T30: 1807 | U30: 2062 | V30: 1847 | W30: =SUM(L30:V30) -> 20759
B31: Febrero | C31: 2377 | D31: 1375 | E31: 7282 | F31: 213 | H31: =SUM(C31:F31) -> 11247 | K31: Canal Web | L31: 102199 | M31: 20649 | N31: 11093 | O31: 9844 | P31: 10561 | Q31: 12378 | R31: 23019 | S31: 11941 | T31: 19669 | U31: 14585 | V31: 12199 | W31: =SUM(L31:V31) -> 248137
B32: Marzo | C32: 2340 | D32: 1762 | E32: 8966 | F32: 224 | H32: =SUM(C32:F32) -> 13292 | K32: Total | L32: =SUM(L27:L31) -> 149186 | M32: =SUM(M27:M31) -> 57867 | N32: =SUM(N27:N31) -> 36680 | O32: =SUM(O27:O31) -> 35311 | P32: =SUM(P27:P31) -> 35974 | Q32: =SUM(Q27:Q31) -> 39533 | R32: =SUM(R27:R31) -> 57652 | S32: =SUM(S27:S31) -> 34313 | ... W32: =SUM(W27:W31) -> 570895
B33: Abril | C33: 2319 | D33: 1421 | E33: 7022 | F33: 212 | H33: =SUM(C33:F33) -> 10974 | K33: Fuente: Elaboración propia a partir de Bases de Datos del IPS. Información actualizada a Diciembre 2022.
B34: Mayo | C34: 2725 | D34: 1582 | E34: 9937 | F34: 270 | H34: =SUM(C34:F34) -> 14514
B35: Junio | C35: 2467 | D35: 1474 | E35: 7973 | F35: 218 | H35: =SUM(C35:F35) -> 12132
B36: Julio | C36: 2809 | D36: 1626 | E36: 9532 | F36: 294 | H36: =SUM(C36:F36) -> 14261 | K36: Número de solicitudes* anual de beneficios de vejez e invalidez del SPS y PGU**
B37: Agosto | C37: 2996 | D37: 1673 | E37: 9947 | F37: 305 | H37: =SUM(C37:F37) -> 14921 | K37: (febrero 2022 a diciembre 2022)
B38: Septiembre | C38: 2682 | D38: 1371 | E38: 8257 | F38: 259 | H38: =SUM(C38:F38) -> 12569
B39: Octubre | C39: 3034 | D39: 1585 | E39: 9685 | F39: 312 | H39: =SUM(C39:F39) -> 14616 | K39: Año | L39: PBSV | M39: PBSI | N39: APSV | O39: APSI | P39: PGU | Q39: Total
B40: Noviembre | C40: 2756 | D40: 1664 | E40: 9055 | F40: 316 | H40: =SUM(C40:F40) -> 13791 | K40: 2008 | L40: =Solicitudes_compl!C9 -> 83903 | M40: =Solicitudes_compl!D9 -> 36885 | N40: =Solicitudes_compl!E9 -> 12630 | O40: =Solicitudes_compl!F9 -> 5944 | P40: 0 | Q40: =SUM(L40:P40) -> 139362
B41: Diciembre | C41: 2401 | D41: 1294 | E41: 7901 | F41: 275 | H41: =SUM(C41:F41) -> 11871 | K41: 2009 | L41: =Solicitudes_compl!C10 -> 59154 | M41: =Solicitudes_compl!D10 -> 35458 | N41: =Solicitudes_compl!E10 -> 298121 | O41: =Solicitudes_compl!F10 -> 11707 | P41: 0 | Q41: =SUM(L41:P41) -> 404440
B42: Total 2017 | C42: =SUM(C30:C41) -> 32028 | D42: =SUM(D30:D41) -> 18335 | E42: =SUM(E30:E41) -> 103536 | F42: =SUM(F30:F41) -> 3167 | H42: =SUM(H30:H41) -> 157066 | K42: 2010 | L42: =Solicitudes_compl!C11 -> 40733 | M42: =Solicitudes_compl!D11 -> 24967 | N42: =Solicitudes_compl!E11 -> 168046 | O42: =Solicitudes_compl!F11 -> 11929 | P42: 0 | Q42: =SUM(L42:P42) -> 245675
B43: Enero | C43: 2721 | D43: 1453 | E43: 11159 | F43: 401 | H43: =SUM(C43:F43) -> 15734 | K43: 2011 | L43: =Solicitudes_compl!C12 -> 37414 | M43: =Solicitudes_compl!D12 -> 20938 | N43: =Solicitudes_compl!E12 -> 126071 | O43: =Solicitudes_compl!F12 -> 10368 | P43: 0 | Q43: =SUM(L43:P43) -> 194791
B44: Febrero | C44: 2301 | D44: 1173 | E44: 11051 | F44: 732 | H44: =SUM(C44:F44) -> 15257 | K44: 2012 | L44: =Solicitudes_compl!C13 -> 34111 | M44: =Solicitudes_compl!D13 -> 19594 | N44: =Solicitudes_compl!E13 -> 130339 | O44: =Solicitudes_compl!F13 -> 8226 | P44: 0 | Q44: =SUM(L44:P44) -> 192270
B45: Marzo | C45: 2626 | D45: 1458 | E45: 10390 | F45: 921 | H45: =SUM(C45:F45) -> 15395 | K45: 2013 | L45: =Solicitudes_compl!C14 -> 32718 | M45: =Solicitudes_compl!D14 -> 17032 | N45: =Solicitudes_compl!E14 -> 76989 | O45: =Solicitudes_compl!F14 -> 7295 | P45: 0 | Q45: =SUM(L45:P45) -> 134034
B46: Abril | C46: 2566 | D46: 1511 | E46: 9759 | F46: 837 | H46: =SUM(C46:F46) -> 14673 | K46: 2014 | L46: =Solicitudes_compl!C15 -> 39392 | M46: =Solicitudes_compl!D15 -> 17573 | N46: =Solicitudes_compl!E15 -> 88545 | O46: =Solicitudes_compl!F15 -> 6054 | P46: 0 | Q46: =SUM(L46:P46) -> 151564
B47: Mayo | C47: 2730 | D47: 1384 | E47: 11338 | F47: 557 | H47: =SUM(C47:F47) -> 16009 | K47: 2015 | L47: =Solicitudes_compl!C16 -> 31042 | M47: =Solicitudes_compl!D16 -> 18557 | N47: =Solicitudes_compl!E16 -> 88878 | O47: =Solicitudes_compl!F16 -> 2501 | P47: 0 | Q47: =SUM(L47:P47) -> 140978
B48: Junio | C48: 2508 | D48: 1416 | E48: 9844 | F48: 524 | H48: =SUM(C48:F48) -> 14292 | K48: 2016 | L48: =Solicitudes_compl!C29 -> 30685 | M48: =Solicitudes_compl!D29 -> 18094 | N48: =Solicitudes_compl!E29 -> 87432 | O48: =Solicitudes_compl!F29 -> 2577 | P48: 0 | Q48: =SUM(L48:P48) -> 138788
B49: Julio | C49: 2765 | D49: 1457 | E49: 10406 | F49: 480 | H49: =SUM(C49:F49) -> 15108 | K49: 2017 | L49: =Solicitudes_compl!C42 -> 32028 | M49: =Solicitudes_compl!D42 -> 18335 | N49: =Solicitudes_compl!E42 -> 103536 | O49: =Solicitudes_compl!F42 -> 3167 | P49: 0 | Q49: =SUM(L49:P49) -> 157066
B50: Agosto | C50: 3040 | D50: 1641 | E50: 11023 | F50: 427 | H50: =SUM(C50:F50) -> 16131 | K50: 2018 | L50: =Solicitudes_compl!C55 -> 31567 | M50: =Solicitudes_compl!D55 -> 16995 | N50: =Solicitudes_compl!E55 -> 123567 | O50: =Solicitudes_compl!F55 -> 6272 | P50: 0 | Q50: =SUM(L50:P50) -> 178401
B51: Septiembre | C51: 2125 | D51: 1251 | E51: 8571 | F51: 339 | H51: =SUM(C51:F51) -> 12286 | K51: 2019 | L51: =Solicitudes_compl!C68 -> 29733 | M51: =Solicitudes_compl!D68 -> 16637 | N51: =Solicitudes_compl!E68 -> 112867 | O51: =Solicitudes_compl!F68 -> 6075 | P51: 0 | Q51: =SUM(L51:P51) -> 165312
B52: Octubre | C52: 3181 | D52: 1519 | E52: 11882 | F52: 419 | H52: =SUM(C52:F52) -> 17001 | K52: 2020 | L52: =Solicitudes_compl!C81 -> 30482 | M52: =Solicitudes_compl!D81 -> 15008 | N52: =Solicitudes_compl!E81 -> 166581 | O52: =Solicitudes_compl!F81 -> 7738 | P52: 0 | Q52: =SUM(L52:P52) -> 219809
B53: Noviembre | C53: 2631 | D53: 1405 | E53: 9497 | F53: 308 | H53: =SUM(C53:F53) -> 13841 | K53: 2021 | L53: =Solicitudes_compl!C94 -> 41653 | M53: =Solicitudes_compl!D94 -> 26969 | N53: =Solicitudes_compl!E94 -> 191078 | O53: =Solicitudes_compl!F94 -> 20510 | P53: 0 | Q53: =SUM(L53:P53) -> 280210
B54: Diciembre | C54: 2373 | D54: 1327 | E54: 8647 | F54: 327 | H54: =SUM(C54:F54) -> 12674 | K54: 2022 | L54: =Solicitudes_compl!C107 -> 4879 | M54: =Solicitudes_compl!D107 -> 36400 | N54: =Solicitudes_compl!E107 -> 21970 | O54: =Solicitudes_compl!F107 -> 19443 | P54: =Solicitudes_compl!G107 -> 570895 | Q54: =SUM(L54:P54) -> 653587
B55: Total 2018 | C55: =SUM(C43:C54) -> 31567 | D55: =SUM(D43:D54) -> 16995 | E55: =SUM(E43:E54) -> 123567 | F55: =SUM(F43:F54) -> 6272 | H55: =SUM(H43:H54) -> 178401 | K55: Total | L55: =SUM(L40:L54) -> 559494 | M55: =SUM(M40:M54) -> 339442 | N55: =SUM(N40:N54) -> 1796650 | O55: =SUM(O40:O54) -> 129806 | P55: =SUM(P40:P54) -> 570895 | Q55: =SUM(Q40:Q54) -> 3396287
B56: Enero | C56: 2750 | D56: 1462 | E56: 10200 | F56: 565 | H56: =SUM(C56:F56) -> 14977 | K56: Fuente: Elaboración propia a partir de Bases de Datos del IPS. Información actualizada a Diciembre 2022.
B57: Febrero | C57: 2188 | D57: 1293 | E57: 8591 | F57: 685 | H57: =SUM(C57:F57) -> 12757 | K57: * Corresponde al número de trámites de solicitud realizados, no el número de personas que han realizado una solicitud. Esto dado que una persona puede hacer más de una solicitud, toda vez que estas sean rechazadas, desistidas o anuladas. ** Producto de un cambio en la fuente de información, el número de solicitudes fue actualizado para los años 2010 al 2021. Las actuales cifran incluyen las solicitudes automáticas generadas por los traspasos de los beneficios de invalidez a vejez. *** El número de APSV incluye las solicitudes del beneficio Nbis para los años 2019, 2020 y 2021, las cuales correspondieron a 1, 531 y 427 solicitudes, respectivamente. El beneficio Nbis (ley 21.190 art 9 bis) estaba dirigido a los pensionados por Retiro Programado con Pensión Base mayor a la PMAS, y que cumplían con los demás requisitos exigidos por la ley. Permitía acceder a un complemento de manera tal que la pensión final no desciediera del valor de una Pensión Básica Solidaria.
B58: Marzo | C58: 2496 | D58: 1471 | E58: 9418 | F58: 638 | H58: =SUM(C58:F58) -> 14023
B59: Abril | C59: 2388 | D59: 1544 | E59: 9186 | F59: 584 | H59: =SUM(C59:F59) -> 13702
B60: Mayo | C60: 2428 | D60: 1373 | E60: 9457 | F60: 483 | H60: =SUM(C60:F60) -> 13741
B61: Junio | C61: 2221 | D61: 1366 | E61: 8050 | F61: 401 | H61: =SUM(C61:F61) -> 12038
B62: Julio | C62: 2612 | D62: 1574 | E62: 10193 | F62: 470 | H62: =SUM(C62:F62) -> 14849
B63: Agosto | C63: 2584 | D63: 1488 | E63: 9712 | F63: 424 | H63: =SUM(C63:F63) -> 14208
B64: Septiembre | C64: 2469 | D64: 1221 | E64: 8795 | F64: 457 | H64: =SUM(C64:F64) -> 12942
B65: Octubre | C65: 2384 | D65: 1180 | E65: 7849 | F65: 360 | H65: =SUM(C65:F65) -> 11773
B66: Noviembre | C66: 2268 | D66: 1004 | E66: 7880 | F66: 388 | H66: =SUM(C66:F66) -> 11540
B67: Diciembre | C67: 2945 | D67: 1661 | E67: 13536 | F67: 620 | H67: =SUM(C67:F67) -> 18762
B68: Total 2019 | C68: =SUM(C56:C67) -> 29733 | D68: =SUM(D56:D67) -> 16637 | E68: =SUM(E56:E67) -> 112867 | F68: =SUM(F56:F67) -> 6075 | H68: =SUM(C68:F68) -> 165312
B69: Enero | C69: 3010 | D69: 1753 | E69: 19891 | F69: 741 | H69: =SUM(C69:F69) -> 25395
B70: Febrero | C70: 2521 | D70: 1559 | E70: 24159 | F70: 845 | H70: =SUM(C70:F70) -> 29084 | K70: Solicitudes en trámite al 31/01
B71: Marzo | C71: 2000 | D71: 1119 | E71: 12648 | F71: 527 | H71: =SUM(C71:F71) -> 16294
B72: Abril | C72: 1368 | D72: 462 | E72: 6817 | F72: 450 | H72: =SUM(C72:F72) -> 9097 | K72: 40000
B73: Mayo | C73: 2058 | D73: 843 | E73: 10889 | F73: 718 | H73: =SUM(C73:F73) -> 14508 | K73: Fuente: IPS.
B74: Junio | C74: 1919 | D74: 773 | E74: 9601 | F74: 637 | H74: =SUM(C74:F74) -> 12930
B75: Julio | C75: 2816 | D75: 939 | E75: 11414 | F75: 530 | H75: =SUM(C75:F75) -> 15699
B76: Agosto | C76: 3066 | D76: 1181 | E76: 14803 | F76: 627 | H76: =SUM(C76:F76) -> 19677 | K76: Potenciales pendientes de solicitud al 31/01
B77: Septiembre | C77: 3009 | D77: 1422 | E77: 14413 | F77: 732 | H77: =SUM(C77:F77) -> 19576
B78: Octubre | C78: 3231 | D78: 1811 | E78: 15413 | F78: 835 | H78: =SUM(C78:F78) -> 21290 | K78: 65000
B79: Noviembre | C79: 2859 | D79: 1602 | E79: 13983 | F79: 605 | H79: =SUM(C79:F79) -> 19049 | K79: Fuente: IPS.
B80: Diciembre | C80: 2625 | D80: 1544 | E80: 12550 | F80: 491 | H80: =SUM(C80:F80) -> 17210
B81: Total 2020 | C81: =SUM(C69:C80) -> 30482 | D81: =SUM(D69:D80) -> 15008 | E81: =SUM(E69:E80) -> 166581 | F81: =SUM(F69:F80) -> 7738 | H81: =SUM(H69:H80) -> 219809
B82: Enero | C82: 2624 | D82: 1886 | E82: 12697 | F82: 945 | H82: =SUM(C82:F82) -> 18152
B83: Febrero | C83: 2353 | D83: 1607 | E83: 12205 | F83: 862 | H83: =SUM(C83:F83) -> 17027
B84: Marzo | C84: 2678 | D84: 1931 | E84: 14594 | F84: 2800 | H84: =SUM(C84:F84) -> 22003
B85: Abril | C85: 2953 | D85: 2127 | E85: 13753 | F85: 3063 | H85: =SUM(C85:F85) -> 21896
B86: Mayo | C86: 3346 | D86: 2277 | E86: 13729 | F86: 2119 | H86: =SUM(C86:F86) -> 21471
B87: Junio | C87: 3596 | D87: 2125 | E87: 13497 | F87: 1738 | H87: =SUM(C87:F87) -> 20956
B88: Julio | C88: 4119 | D88: 2409 | E88: 15819 | F88: 1609 | H88: =SUM(C88:F88) -> 23956
B89: Agosto | C89: 4297 | D89: 2641 | E89: 18223 | F89: 1553 | H89: =SUM(C89:F89) -> 26714
B90: Septiembre | C90: 4529 | D90: 2330 | E90: 19815 | F90: 1444 | H90: =SUM(C90:F90) -> 28118
B91: Octubre | C91: 3477 | D91: 2464 | E91: 17701 | F91: 1432 | H91: =SUM(C91:F91) -> 25074
B92: Noviembre | C92: 3890 | D92: 2658 | E92: 20150 | F92: 1497 | H92: =SUM(C92:F92) -> 28195
B93: Diciembre | C93: 3791 | D93: 2514 | E93: 18895 | F93: 1448 | H93: =SUM(C93:F93) -> 26648
B94: Total 2021 | C94: =SUM(C82:C93) -> 41653 | D94: =SUM(D82:D93) -> 26969 | E94: =SUM(E82:E93) -> 191078 | F94: =SUM(F82:F93) -> 20510 | H94: =SUM(H82:H93) -> 280210
B95: Enero | C95: 4879 | D95: 3211 | E95: 21970 | F95: 1552 | G95: 0 | H95: =SUM(C95:G95) -> 31612
B96: Febrero | C96: 0 | D96: 3005 | E96: 0 | F96: 3339 | G96: 149186 | H96: =SUM(C96:G96) -> 155530
B97: Marzo | C97: 0 | D97: 3441 | E97: 0 | F97: 1913 | G97: 57867 | H97: =SUM(C97:G97) -> 63221
B98: Abril | C98: 0 | D98: 3126 | E98: 0 | F98: 1334 | G98: 36680 | H98: =SUM(C98:G98) -> 41140
B99: Mayo | C99: 0 | D99: 3083 | E99: 0 | F99: 1382 | G99: 35311 | H99: =SUM(C99:G99) -> 39776
B100: Junio | C100: 0 | D100: 2713 | E100: 0 | F100: 1334 | G100: 35974 | H100: =SUM(C100:G100) -> 40021
B101: Julio | C101: 0 | D101: 3135 | E101: 0 | F101: 1526 | G101: 39533 | H101: =SUM(C101:G101) -> 44194
B102: Agosto | C102: 0 | D102: 3668 | E102: 0 | F102: 1950 | G102: 57652 | H102: =SUM(C102:G102) -> 63270
...

Sheet 2.2
B2: ESTADO SOLICITUDES PILAR NO CONTRIBUTIVO DE PENSIONES A NIVEL REGIONAL Y COMUNAL
B4: Resumen trimestral de solicitudes por región, según tipo de beneficio y sexo
B5: (enero 2023 a marzo 2023)
B7: Región | C7: Tipo de beneficio | O7: Todos los beneficios
C8: PGU No Contributiva | F8: PGU Contributiva | I8: PBS Invalidez | L8: APS Invalidez
C9: Mujeres | D9: Hombres | E9: Total | F9: Mujeres | G9: Hombres | H9: Total | I9: Mujeres | J9: Hombres | K9: Total | L9: Mujeres | M9: Hombres | N9: Total | O9: Mujeres | P9: Hombres | Q9: Total
B10: Región de Tarapacá | C10: 180 | D10: 234 | E10: 414 | F10: 390 | G10: 367 | H10: 757 | I10: 71 | J10: 42 | K10: 113 | L10: 21 | M10: 46 | N10: 67 | O10: 662 | P10: 689 | Q10: 1351
B11: Región de Antofagasta | C11: 410 | D11: 420 | E11: 830 | F11: 970 | G11: 856 | H11: 1826 | I11: 157 | J11: 65 | K11: 222 | L11: 36 | M11: 41 | N11: 77 | O11: 1573 | P11: 1382 | Q11: 2955
B12: Región de Atacama | C12: 201 | D12: 276 | E12: 477 | F12: 439 | G12: 445 | H12: 884 | I12: 95 | J12: 35 | K12: 130 | L12: 15 | M12: 30 | N12: 45 | O12: 750 | P12: 786 | Q12: 1536
B13: Región de Coquimbo | C13: 475 | D13: 726 | E13: 1201 | F13: 1314 | G13: 1117 | H13: 2431 | I13: 312 | J13: 133 | K13: 445 | L13: 83 | M13: 107 | N13: 190 | O13: 2184 | P13: 2083 | Q13: 4267
B14: Región de Valparaíso | C14: 1190 | D14: 1722 | E14: 2912 | F14: 4060 | G14: 2952 | H14: 7012 | I14: 599 | J14: 252 | K14: 851 | L14: 214 | M14: 267 | N14: 481 | O14: 6063 | P14: 5193 | Q14: 11256
B15: Región del Libertador General Bernardo O’Higgins | C15: 600 | D15: 826 | E15: 1426 | F15: 1845 | G15: 1366 | H15: 3211 | I15: 421 | J15: 127 | K15: 548 | L15: 160 | M15: 192 | N15: 352 | O15: 3026 | P15: 2511 | Q15: 5537
B16: Región del Maule | C16: 707 | D16: 989 | E16: 1696 | F16: 1694 | G16: 1369 | H16: 3063 | I16: 434 | J16: 154 | K16: 588 | L16: 154 | M16: 201 | N16: 355 | O16: 2989 | P16: 2713 | Q16: 5702
B17: Región del Bio-bío | C17: 1014 | D17: 1224 | E17: 2238 | F17: 2525 | G17: 2036 | H17: 4561 | I17: 752 | J17: 243 | K17: 995 | L17: 163 | M17: 260 | N17: 423 | O17: 4454 | P17: 3763 | Q17: 8217
B18: Región de La Araucanía | C18: 731 | D18: 897 | E18: 1628 | F18: 1343 | G18: 996 | H18: 2339 | I18: 425 | J18: 197 | K18: 622 | L18: 99 | M18: 150 | N18: 249 | O18: 2598 | P18: 2240 | Q18: 4838
B19: Región de Los Lagos | C19: 552 | D19: 752 | E19: 1304 | F19: 1140 | G19: 897 | H19: 2037 | I19: 384 | J19: 181 | K19: 565 | L19: 112 | M19: 170 | N19: 282 | O19: 2188 | P19: 2000 | Q19: 4188
B20: Región Aysén del General Carlos Ibáñez del Campo | C20: 67 | D20: 115 | E20: 182 | F20: 165 | G20: 139 | H20: 304 | I20: 40 | J20: 11 | K20: 51 | L20: 7 | M20: 16 | N20: 23 | O20: 279 | P20: 281 | Q20: 560
B21: Región de Magallanes y Antártica Chilena | C21: 112 | D21: 154 | E21: 266 | F21: 298 | G21: 260 | H21: 558 | I21: 34 | J21: 18 | K21: 52 | L21: 20 | M21: 15 | N21: 35 | O21: 464 | P21: 447 | Q21: 911
... B26: Total | C26: 11173 | D26: 15144 | E26: 26317 | F26: 30637 | G26: 23511 | H26: 54148 | I26: 6127 | J26: 2473 | K26: 8600 | L26: 1751 | M26: 2408 | N26: 4159 | O26: 49688 | P26: 43536 | Q26: 93224
B27: Fuente: Elaboración propia con datos del Instituto de Previsión Social Nota 1: El periodo utilizado para el reporte de las solicitudes considera la fecha de ingreso de la solicitud. Nota 2: El estado final de las solicitudes puede cambiar entre periodos, dado que se incluyen en la estadística solicitudes en trámite. Nota 3: La Pensión Garantizada Universal (PGU) es un nuevo beneficio generado a partir de la ley 21.419 del 29-01-2022. El concepto de PGU No Contributiva o Contributiva está relacionado con la calidad de la persona que está recibiendo el beneficio, si es No Contributiva quiere decir que no estaba afiliado a un sistema previsional (D.L. 3.500 o antiguo Sistema de Reparto) ni recibe pensión de sobrevivencia, si es Contributiva quiere decir que si estaba afiliado a un sistema previsional o que recibe una pensión de sobrevivencia. De manera automática, en febrero 2022, los PBS de Vejez pasaron a ser PGU No Contributiva y los APS Vejez Subsidio Definido, los Beneficio artículo 9° bis y los APS Vejez con una Pensión Final Garantizada inferior o igual al monto de la PGU pasaron a ser PGU Contributiva (Fuente: Superintendencia de Pensiones). Nota 4: A partir de la implementación de la PGU (febrero 2022) dejan de existir nuevas solicitudes de los beneficios PBS de Vejez y APS de Vejez, ya que estos beneficios fueron reemplazados con PGU No Contributiva y PGU Contributiva, respectivamente.
B29: Número de solicitudes trimestrales por comuna, según tipo y sexo
B30: (enero 2023 a marzo 2023)
B32: Región de Tarapacá
B34: Comuna | C34: Tipo de beneficio | O34: Todos los beneficios
C35: PGU No Contributiva | F35: PGU Contributiva | I35: PBS Invalidez | L35: APS Invalidez
C36: Mujeres | D36: Hombres | E36: Total | F36: Mujeres | G36: Hombres | H36: Total | I36: Mujeres | J36: Hombres | K36: Total | L36: Mujeres | M36: Hombres | N36: Total | O36: Mujeres | P36: Hombres | Q36: Total
B37: ALTO HOSPICIO | C37: 64 | D37: 77 | E37: 141 | F37: 70 | G37: 71 | H37: 141 | I37: 36 | J37: 15 | K37: 51 | L37: 7 | M37: 13 | N37: 20 | O37: 177 | P37: 176 | Q37: 353
B38: CAMIÑA | C38: 2 | D38: 4 | E38: 6 | F38: 2 | G38: 1 | H38: 3 | O38: 4 | P38: 5 | Q38: 9
B39: COLCHANE | D39: 1 | E39: 1 | P39: 1 | Q39: 1
B40: HUARA | C40: 4 | D40: 3 | E40: 7 | F40: 1 | G40: 7 | H40: 8 | J40: 1 | K40: 1 | L40: 1 | N40: 1 | O40: 6 | P40: 11 | Q40: 17
B41: IQUIQUE | C41: 93 | D41: 133 | E41: 226 | F41: 298 | G41: 261 | H41: 559 | I41: 33 | J41: 24 | K41: 57 | L41: 13 | M41: 32 | N41: 45 | O41: 437 | P41: 450 | Q41: 887
B42: PICA | C42: 6 | D42: 1 | E42: 7 | F42: 5 | G42: 7 | H42: 12 | I42: 1 | J42: 2 | K42: 3 | M42: 1 | N42: 1 | O42: 12 | P42: 11 | Q42: 23
B43: POZO ALMONTE | C43: 11 | D43: 15 | E43: 26 | F43: 14 | G43: 20 | H43: 34 | I43: 1 | K43: 1 | O43: 26 | P43: 35 | Q43: 61
B44: Total | C44: 180 | D44: 234 | E44: 414 | F44: 390 | G44: 367 | H44: 757 | I44: 71 | J44: 42 | K44: 113 | L44: 21 | M44: 46 | N44: 67 | O44: 662 | P44: 689 | Q44: 1351
B45: Fuente: Elaboración propia con datos del Instituto de Previsión Social Nota 1: El periodo utilizado para el reporte de las solicitudes considera la fecha de ingreso de la solicitud. Nota 2: El estado final de las solicitudes puede cambiar entre periodos, dado que se incluyen en la estadística solicitudes en trámite. Nota 3: La Pensión Garantizada Universal (PGU) es un nuevo beneficio generado a partir de la ley 21.419 del 29-01-2022. El concepto de PGU No Contributiva o Contributiva está relacionado con la calidad de la persona que está recibiendo el beneficio, si es No Contributiva quiere decir que no estaba afiliado a un sistema previsional (D.L. 3.500 o antiguo Sistema de Reparto) ni recibe pensión de sobrevivencia, si es Contributiva quiere decir que si estaba afiliado a un sistema previsional o que recibe una pensión de sobrevivencia. De manera automática, en febrero 2022, los PBS de Vejez pasaron a ser PGU No Contributiva y los APS Vejez Subsidio Definido, los Beneficio artículo 9° bis y los APS Vejez con una Pensión Final Garantizada inferior o igual al monto de la PGU pasaron a ser PGU Contributiva (Fuente: Superintendencia de Pensiones). Nota 4: A partir de la implementación de la PGU (febrero 2022) dejan de existir nuevas solicitudes de los beneficios PBS de Vejez y APS de Vejez, ya que estos beneficios fueron reemplazados con PGU No Contributiva y PGU Contributiva, respectivamente.
B47: Región de Antofagasta
B49: Comuna | C49: Tipo de beneficio | O49: Todos los beneficios
C50: PGU No Contributiva | F50: PGU Contributiva | I50: PBS Invalidez | L50: APS Invalidez
C51: Mujeres | D51: Hombres | E51: Total | F51: Mujeres | G51: Hombres | H51: Total | I51: Mujeres | J51: Hombres | K51: Total | L51: Mujeres | M51: Hombres | N51: Total | O51: Mujeres | P51: Hombres | Q51: Total
B52: ANTOFAGASTA | C52: 215 | D52: 252 | E52: 467 | F52: 629 | G52: 498 | H52: 1127 | I52: 110 | J52: 44 | K52: 154 | L52: 25 | M52: 27 | N52: 52 | O52: 979 | P52: 821 | Q52: 1800
B53: CALAMA | C53: 143 | D53: 87 | E53: 230 | F53: 245 | G53: 241 | H53: 486 | I53: 32 | J53: 15 | K53: 47 | L53: 8 | M53: 6 | N53: 14 | O53: 428 | P53: 349 | Q53: 777
B54: MARIA ELENA | C54: 3 | D54: 5 | E54: 8 | F54: 4 | G54: 17 | H54: 21 | M54: 2 | N54: 2 | O54: 7 | P54: 24 | Q54: 31
B55: MEJILLONES | C55: 11 | D55: 12 | E55: 23 | F55: 19 | G55: 22 | H55: 41 | I55: 7 | J55: 4 | K55: 11 | O55: 37 | P55: 38 | Q55: 75
B56: OLLAGUE | D56: 2 | E56: 2 | P56: 2 | Q56: 2
B57: SAN PEDRO DE ATACAMA | C57: 7 | D57: 4 | E57: 11 | F57: 4 | G57: 10 | H57: 14 | M57: 1 | N57: 1 | O57: 11 | P57: 15 | Q57: 26
B58: SIERRA GORDA | C58: 2 | D58: 1 | E58: 3 | F58: 1 | G58: 1 | H58: 2 | I58: 2 | K58: 2 | O58: 5 | P58: 2 | Q58: 7
B59: TALTAL | C59: 8 | D59: 30 | E59: 38 | F59: 27 | G59: 22 | H59: 49 | I59: 2 | K59: 2 | M59: 1 | N59: 1 | O59: 37 | P59: 53 | Q59: 90
B60: TOCOPILLA | C60: 21 | D60: 27 | E60: 48 | F60: 41 | G60: 45 | H60: 86 | I60: 4 | J60: 2 | K60: 6 | L60: 3 | M60: 4 | N60: 7 | O60: 69 | P60: 78 | Q60: 147
B61: Total | C61: 410 | D61: 420 | E61: 830 | F61: 970 | G61: 856 | H61: 1826 | I61: 157 | J61: 65 | K61: 222 | L61: 36 | M61: 41 | N61: 77 | O61: 1573 | P61: 1382 | Q61: 2955
B62: Fuente: Elaboración propia con datos del Instituto de Previsión Social Nota 1: El periodo utilizado para el reporte de las solicitudes considera la fecha de ingreso de la solicitud. Nota 2: El estado final de las solicitudes puede cambiar entre periodos, dado que se incluyen en la estadística solicitudes en trámite. Nota 3: La Pensión Garantizada Universal (PGU) es un nuevo beneficio generado a partir de la ley 21.419 del 29-01-2022. El concepto de PGU No Contributiva o Contributiva está relacionado con la calidad de la persona que está recibiendo el beneficio, si es No Contributiva quiere decir que no estaba afiliado a un sistema previsional (D.L. 3.500 o antiguo Sistema de Reparto) ni recibe pensión de sobrevivencia, si es Contributiva quiere decir que si estaba afiliado a un sistema previsional o que recibe una pensión de sobrevivencia. De manera automática, en febrero 2022, los PBS de Vejez pasaron a ser PGU No Contributiva y los APS Vejez Subsidio Definido, los Beneficio artículo 9° bis y los APS Vejez con una Pensión Final Garantizada inferior o igual al monto de la PGU pasaron a ser PGU Contributiva (Fuente: Superintendencia de Pensiones). Nota 4: A partir de la implementación de la PGU (febrero 2022) dejan de existir nuevas solicitudes de los beneficios PBS de Vejez y APS de Vejez, ya que estos beneficios fueron reemplazados con PGU No Contributiva y PGU Contributiva, respectivamente.
B64: Región de Atacama
B66: Comuna | C66: Tipo de beneficio | O66: Todos los beneficios
C67: PGU No Contributiva | F67: PGU Contributiva | I67: PBS Invalidez | L67: APS Invalidez
C68: Mujeres | D68: Hombres | E68: Total | F68: Mujeres | G68: Hombres | H68: Total | I68: Mujeres | J68: Hombres | K68: Total | L68: Mujeres | M68: Hombres | N68: Total | O68: Mujeres | P68: Hombres | Q68: Total
B69: ALTO DEL CARMEN | C69: 3 | D69: 7 | E69: 10 | F69: 12 | G69: 4 | H69: 16 | I69: 1 | J69: 1 | K69: 2 | O69: 16 | P69: 12 | Q69: 28
B70: CALDERA | C70: 15 | D70: 21 | E70: 36 | F70: 31 | G70: 39 | H70: 70 | I70: 6 | J70: 4 | K70: 10 | L70: 1 | M70: 1 | N70: 2 | O70: 53 | P70: 65 | Q70: 118
B71: CHAÑARAL | C71: 13 | D71: 15 | E71: 28 | F71: 20 | G71: 15 | H71: 35 | I71: 4 | J71: 2 | K71: 6 | L71: 1 | N71: 1 | O71: 38 | P71: 32 | Q71: 70
B72: COPIAPO | C72: 88 | D72: 145 | E72: 233 | F72: 240 | G72: 237 | H72: 477 | I72: 50 | J72: 16 | K72: 66 | L72: 7 | M72: 22 | N72: 29 | O72: 385 | P72: 420 | Q72: 805
B73: DIEGO DE ALMAGRO | C73: 8 | D73: 11 | E73: 19 | F73: 21 | G73: 16 | H73: 37 | I73: 1 | J73: 2 | K73: 3 | M73: 2 | N73: 2 | O73: 30 | P73: 31 | Q73: 61
B74: FREIRINA | C74: 3 | D74: 6 | E74: 9 | F74: 9 | G74: 8 | H74: 17 | J74: 1 | K74: 1 | O74: 12 | P74: 15 | Q74: 27
B75: HUASCO | C75: 9 | D75: 10 | E75: 19 | F75: 11 | G75: 18 | H75: 29 | I75: 5 | J75: 1 | K75: 6 | L75: 1 | M75: 3 | N75: 4 | O75: 26 | P75: 32 | Q75: 58
B76: TIERRA AMARILLA | C76: 5 | D76: 10 | E76: 15 | F76: 7 | G76: 16 | H76: 23 | I76: 2 | J76: 2 | K76: 4 | L76: 2 | N76: 2 | O76: 16 | P76: 28 | Q76: 44
B77: VALLENAR | C77: 57 | D77: 51 | E77: 108 | F77: 88 | G77: 92 | H77: 180 | I77: 26 | J77: 6 | K77: 32 | L77: 3 | M77: 2 | N77: 5 | O77: 174 | P77: 151 | Q77: 325
B78: Total | C78: 201 | D78: 276 | E78: 477 | F78: 439 | G78: 445 | H78: 884 | I78: 95 | J78: 35 | K78: 130 | L78: 15 | M78: 30 | N78: 45 | O78: 750 | P78: 786 | Q78: 1536
B79: Fuente: Elaboración propia con datos del Instituto de Previsión Social Nota 1: El periodo utilizado para el reporte de las solicitudes considera la fecha de ingreso de la solicitud. Nota 2: El estado final de las solicitudes puede cambiar entre periodos, dado que se incluyen en la estadística solicitudes en trámite. Nota 3: La Pensión Garantizada Universal (PGU) es un nuevo beneficio generado a partir de la ley 21.419 del 29-01-2022. El concepto de PGU No Contributiva o Contributiva está relacionado con la calidad de la persona que está recibiendo el beneficio, si es No Contributiva quiere decir que no estaba afiliado a un sistema previsional (D.L. 3.500 o antiguo Sistema de Reparto) ni recibe pensión de sobrevivencia, si es Contributiva quiere decir que si estaba afiliado a un sistema previsional o que recibe una pensión de sobrevivencia. De manera automática, en febrero 2022, los PBS de Vejez pasaron a ser PGU No Contributiva y los APS Vejez Subsidio Definido, los Beneficio artículo 9° bis y los APS Vejez con una Pensión Final Garantizada inferior o igual al monto de la PGU pasaron a ser PGU Contributiva (Fuente: Superintendencia de Pensiones). Nota 4: A partir de la implementación de la PGU (febrero 2022) dejan de existir nuevas solicitudes de los beneficios PBS de Vejez y APS de Vejez, ya que estos beneficios fueron reemplazados con PGU No Contributiva y PGU Contributiva, respectivamente.
B81: Región de Coquimbo
B83: Comuna | C83: Tipo de beneficio | O83: Todos los beneficios
C84: PGU No Contributiva | F84: PGU Contributiva | I84: PBS Invalidez | L84: APS Invalidez
C85: Mujeres | D85: Hombres | E85: Total | F85: Mujeres | G85: Hombres | H85: Total | I85: Mujeres | J85: Hombres | K85: Total | L85: Mujeres | M85: Hombres | N85: Total | O85: Mujeres | P85: Hombres | Q85: Total
B86: ANDACOLLO | C86: 13 | D86: 16 | E86: 29 | F86: 13 | G86: 9 | H86: 22 | I86: 11 | J86: 3 | K86: 14 | L86: 3 | N86: 3 | O86: 40 | P86: 28 | Q86: 68
B87: CANELA | C87: 14 | D87: 17 | E87: 31 | F87: 13 | G87: 12 | H87: 25 | I87: 2 | K87: 2 | L87: 1 | M87: 2 | N87: 3 | O87: 30 | P87: 31 | Q87: 61
B88: COMBARBALA | C88: 15 | D88: 9 | E88: 24 | F88: 16 | G88: 9 | H88: 25 | I88: 5 | J88: 2 | K88: 7 | L88: 2 | N88: 2 | O88: 38 | P88: 20 | Q88: 58
B89: COQUIMBO | C89: 151 | D89: 221 | E89: 372 | F89: 399 | G89: 365 | H89: 764 | I89: 95 | J89: 42 | K89: 137 | L89: 19 | M89: 29 | N89: 48 | O89: 664 | P89: 657 | Q89: 1321
B90: ILLAPEL | C90: 32 | D90: 43 | E90: 75 | F90: 54 | G90: 40 | H90: 94 | I90: 15 | J90: 8 | K90: 23 | L90: 4 | M90: 2 | N90: 6 | O90: 105 | P90: 93 | Q90: 198
B91: LA HIGUERA | C91: 2 | D91: 8 | E91: 10 | F91: 10 | G91: 8 | H91: 18 | I91: 2 | J91: 1 | K91: 3 | O91: 14 | P91: 17 | Q91: 31
B92: LA SERENA | C92: 119 | D92: 146 | E92: 265 | F92: 411 | G92: 329 | H92: 740 | I92: 73 | J92: 32 | K92: 105 | L92: 29 | M92: 32 | N92: 61 | O92: 632 | P92: 539 | Q92: 1171
B93: LOS VILOS | C93: 12 | D93: 31 | E93: 43 | F93: 39 | G93: 29 | H93: 68 | I93: 4 | J93: 6 | K93: 10 | L93: 1 | M93: 3 | N93: 4 | O93: 56 | P93: 69 | Q93: 125
B94: MONTE PATRIA | C94: 14 | D94: 25 | E94: 39 | F94: 31 | G94: 28 | H94: 59 | I94: 12 | K94: 12 | L94: 9 | M94: 5 | N94: 14 | O94: 66 | P94: 58 | Q94: 124
B95: OVALLE | C95: 54 | D95: 116 | E95: 170 | F95: 203 | G95: 170 | H95: 373 | I95: 51 | J95: 22 | K95: 73 | L95: 12 | M95: 22 | N95: 34 | O95: 320 | P95: 330 | Q95: 650
B96: PAIHUANO | C96: 7 | D96: 7 | E96: 14 | F96: 14 | G96: 7 | H96: 21 | I96: 1 | K96: 1 | O96: 22 | P96: 14 | Q96: 36
B97: PUNITAQUI | C97: 7 | D97: 14 | E97: 21 | F97: 13 | G97: 8 | H97: 21 | I97: 22 | J97: 3 | K97: 25 | L97: 1 | M97: 1 | N97: 2 | O97: 43 | P97: 26 | Q97: 69
B98: RIO HURTADO | C98: 3 | D98: 6 | E98: 9 | F98: 5 | G98: 4 | H98: 9 | I98: 3 | J98: 2 | K98: 5 | M98: 1 | N98: 1 | O98: 11 | P98: 13 | Q98: 24
B99: SALAMANCA | C99: 14 | D99: 36 | E99: 50 | F99: 30 | G99: 44 | H99: 74 | I99: 3 | J99: 4 | K99: 7 | L99: 1 | M99: 6 | N99: 7 | O99: 48 | P99: 90 | Q99: 138
B100: VICUÑA | C100: 18 | D100: 31 | E100: 49 | F100: 63 | G100: 55 | H100: 118 | I100: 13 | J100: 8 | K100: 21 | L100: 1 | M100: 4 | N100: 5 | O100: 95 | P100: 98 | Q100: 193
B101: Total | C101: 475 | D101: 726 | E101: 1201 | F101: 1314 | G101: 1117 | H101: 2431 | I101: 312 | J101: 133 | K101: 445 | L101: 83 | M101: 107 | N101: 190 | O101: 2184 | P101: 2083 | Q101: 4267
B102: Fuente: Elaboración propia con datos del Instituto de Previsión Social Nota 1: El periodo utilizado para el reporte de las solicitudes considera la fecha de ingreso de la solicitud. Nota 2: El estado final de las solicitudes puede cambiar entre periodos, dado que se incluyen en la estadística solicitudes en trámite. Nota 3: La Pensión Garantizada Universal (PGU) es un nuevo beneficio generado a partir de la ley 21.419 del 29-01-2022. El concepto de PGU No Contributiva o Contributiva está relacionado con la calidad de la persona que está recibiendo el beneficio, si es No Contributiva quiere decir que no estaba afiliado a un sistema previsional (D.L. 3.500 o antiguo Sistema de Reparto) ni recibe pensión de sobrevivencia, si es Contributiva quiere decir que si estaba afiliado a un sistema previsional o que recibe una pensión de sobrevivencia. De manera automática, en febrero 2022, los PBS de Vejez pasaron a ser PGU No Contributiva y los APS Vejez Subsidio Definido, los Beneficio artículo 9° bis y los APS Vejez con una Pensión Final Garantizada inferior o igual al monto de la PGU pasaron a ser PGU Contributiva (Fuente: Superintendencia de Pensiones). Nota 4: A partir de la implementación de la PGU (febrero 2022) dejan de existir nuevas solicitudes de los beneficios PBS de Vejez y APS de Vejez, ya que estos beneficios fueron reemplazados con PGU No Contributiva y PGU Contributiva, respectivamente.
B104: Región de Valparaíso
B106: Comuna | C106: Tipo de beneficio | O106: Todos los beneficios
C107: PGU No Contributiva | F107: PGU Contributiva | I107: PBS Invalidez | L107: APS Invalidez
C108: Mujeres | D108: Hombres | E108: Total | F108: Mujeres | G108: Hombres | H108: Total | I108: Mujeres | J108: Hombres | K108: Total | L108: Mujeres | M108: Hombres | N108: Total | O108: Mujeres | P108: Hombres | Q108: Total
B109: ALGARROBO | C109: 14 | D109: 20 | E109: 34 | F109: 63 | G109: 50 | H109: 113 | I109: 3 | J109: 3 | K109: 6 | M109: 1 | N109: 1 | O109: 80 | P109: 74 | Q109: 154
B110: CABILDO | C110: 12 | D110: 18 | E110: 30 | F110: 31 | G110: 32 | H110: 63 | I110: 14 | J110: 1 | K110: 15 | L110: 3 | M110: 2 | N110: 5 | O110: 60 | P110: 53 | Q110: 113
B111: CALLE LARGA | C111: 6 | D111: 7 | E111: 13 | F111: 23 | G111: 18 | H111: 41 | I111: 10 | K111: 10 | L111: 1 | M111: 3 | N111: 4 | O111: 40 | P111: 28 | Q111: 68
B112: CARTAGENA | C112: 18 | D112: 36 | E112: 54 | F112: 43 | G112: 38 | H112: 81 | I112: 13 | J112: 2 | K112: 15 | L112: 3 | M112: 5 | N112: 8 | O112: 77 | P112: 81 | Q112: 158
B113: CASABLANCA | C113: 19 | D113: 27 | E113: 46 | F113: 45 | G113: 32 | H113: 77 | I113: 6 | J113: 2 | K113: 8 | L113: 5 | M113: 3 | N113: 8 | O113: 75 | P113: 64 | Q113: 139
B114: CATEMU | C114: 15 | D114: 15 | E114: 30 | F114: 23 | G114: 19 | H114: 42 | I114: 4 | J114: 2 | K114: 6 | L114: 4 | M114: 1 | N114: 5 | O114: 46 | P114: 37 | Q114: 83
B115: CONCON | C115: 31 | D115: 35 | E115: 66 | F115: 147 | G115: 81 | H115: 228 | I115: 10 | J115: 6 | K115: 16 | L115: 2 | N115: 2 | O115: 190 | P115: 122 | Q115: 312
B116: EL QUISCO | C116: 21 | D116: 22 | E116: 43 | F116: 60 | G116: 43 | H116: 103 | I116: 5 | J116: 3 | K116: 8 | L116: 1 | M116: 2 | N116: 3 | O116: 87 | P116: 70 | Q116: 157
B117: EL TABO | C117: 10 | D117: 23 | E117: 33 | F117: 48 | G117: 30 | H117: 78 | I117: 7 | J117: 4 | K117: 11 | L117: 6 | M117: 5 | N117: 11 | O117: 71 | P117: 62 | Q117: 133
B118: HIJUELAS | C118: 7 | D118: 21 | E118: 28 | F118: 23 | G118: 21 | H118: 44 | I118: 11 | J118: 4 | K118: 15 | L118: 3 | M118: 2 | N118: 5 | O118: 44 | P118: 48 | Q118: 92
...

Sheet 2.3
B2: SOLICITUDES CONCEDIDAS PILAR NO CONTRIBUTIVO A NIVEL NACIONAL
B4: Resumen trimestral de concesiones de beneficios del Pilar No Contributivo
B5: (enero 2023 a marzo 2023)
B7: Tipo de beneficios | C7: Número de concesiones
C8: Mujeres | D8: Hombres | E8: Ambos
B9: PGU No Contributiva | C9: 7118 | D9: 9059 | E9: 16177
B10: PGU Contributiva | C10: 19163 | D10: 12835 | E10: 31998
B11: PBS Invalidez | C11: 150 | D11: 159 | E11: 309
B12: APS Invalidez | C12: 636 | D12: 1106 | E12: 1742
B13: Total Beneficios | C13: 27067 | D13: 23159 | E13: 50226
B14: Fuente: Elaboración propia con datos del Instituto de Previsión Social Nota 1: A marzo de 2023 se encuentran vigentes 95.875 beneficios Ex PASIS de Vejez y 96.319 Ex PASIS de Invalidez Nota 2: El periodo utilizado para el reporte de las solicitudes considera la fecha de ingreso de la solicitud. Nota 3: El estado final de las solicitudes puede cambiar entre periodos, dado que se incluyen en la estadística solicitudes en trámite. Nota 4: La Pensión Garantizada Universal (PGU) es un nuevo beneficio generado a partir de la ley 21.419 del 29-01-2022. El concepto de PGU No Contributiva o Contributiva está relacionado con la calidad de la persona que está recibiendo el beneficio, si es No Contributiva quiere decir que no estaba afiliado a un sistema previsional (D.L. 3.500 o antiguo Sistema de Reparto) ni recibe pensión de sobrevivencia, si es Contributiva quiere decir que si estaba afiliado a un sistema previsional o que recibe una pensión de sobrevivencia. De manera automática, en febrero 2022, los PBS de Vejez pasaron a ser PGU No Contributiva y los APS Vejez Subsidio Definido, los Beneficio artículo 9° bis y los APS Vejez con una Pensión Final Garantizada inferior o igual al monto de la PGU pasaron a ser PGU Contributiva (Fuente: Superintendencia de Pensiones). Nota 5: A partir de la implementación de la PGU (febrero 2022) dejan de existir nuevas solicitudes de los beneficios PBS de Vejez y APS de Vejez, ya que estos beneficios fueron reemplazados con PGU No Contributiva y PGU Contributiva, respectivamente.
B16: Serie resumen de solicitudes concedidas de beneficios, por tipo de beneficio y sexo
B17: (julio 2008 a marzo 2023)
B19: Periodo | C19: Tipo de beneficio | U19: Total Beneficios
C20: PGU No Contributiva | F20: PGU Contributiva | I20: PBS Vejez | L20: PBS Invalidez | O20: APS Vejez | R20: APS Invalidez
C21: Mujeres | D21: Hombres | E21: Total | F21: Mujeres | G21: Hombres | H21: Total | I21: Mujeres | J21: Hombres | K21: Total | L21: Mujeres | M21: Hombres | N21: Total | O21: Mujeres | P21: Hombres | Q21: Total | R21: Mujeres | S21: Hombres | T21: Total | U21: Mujeres | V21: Hombres | W21: Total
B22: 39630 | I22: 36350 | J22: 7863 | K22: 44213 | L22: 4845 | M22: 1738 | N22: 6583 | O22: 2015 | P22: 795 | Q22: 2810 | R22: 199 | S22: 170 | T22: 369 | U22: 43409 | V22: 10566 | W22: 53975
B23: 39661 | I23: 8745 | J23: 2721 | K23: 11466 | L23: 3700 | M23: 1423 | N23: 5123 | O23: 1283 | P23: 519 | Q23: 1802 | R23: 102 | S23: 128 | T23: 230 | U23: 13830 | V23: 4791 | W23: 18621
B24: 39692 | I24: 6845 | J24: 2030 | K24: 8875 | L24: 2039 | M24: 756 | N24: 2795 | O24: 854 | P24: 398 | Q24: 1252 | R24: 81 | S24: 98 | T24: 179 | U24: 9819 | V24: 3282 | W24: 13101
B25: 39722 | I25: 5895 | J25: 1740 | K25: 7635 | L25: 2016 | M25: 783 | N25: 2799 | O25: 785 | P25: 416 | Q25: 1201 | R25: 89 | S25: 73 | T25: 162 | U25: 8785 | V25: 3012 | W25: 11797
B26: 39753 | I26: 4351 | J26: 1261 | K26: 5612 | L26: 1313 | M26: 597 | N26: 1910 | O26: 677 | P26: 409 | Q26: 1086 | R26: 151 | S26: 123 | T26: 274 | U26: 6492 | V26: 2390 | W26: 8882
B27: 39783 | I27: 4050 | J27: 1213 | K27: 5263 | L27: 1341 | M27: 591 | N27: 1932 | O27: 715 | P27: 480 | Q27: 1195 | R27: 188 | S27: 127 | T27: 315 | U27: 6294 | V27: 2411 | W27: 8705
B28: Promedio 2008 | I28: 11039 | J28: 2805 | K28: 13844 | L28: 2542 | M28: 981 | N28: 3524 | O28: 1055 | P28: 503 | Q28: 1558 | R28: 135 | S28: 120 | T28: 255 | U28: 14772 | V28: 4409 | W28: 19180
B29: 39814 | I29: 3250 | J29: 1169 | K29: 4419 | L29: 1254 | M29: 494 | N29: 1748 | O29: 674 | P29: 542 | Q29: 1216 | R29: 257 | S29: 162 | T29: 419 | U29: 5435 | V29: 2367 | W29: 7802
B30: 39845 | I30: 2446 | J30: 868 | K30: 3314 | L30: 933 | M30: 489 | N30: 1422 | O30: 590 | P30: 500 | Q30: 1090 | R30: 268 | S30: 190 | T30: 458 | U30: 4237 | V30: 2047 | W30: 6284
B31: 39873 | I31: 3166 | J31: 1055 | K31: 4221 | L31: 1323 | M31: 558 | N31: 1881 | O31: 695 | P31: 637 | Q31: 1332 | R31: 307 | S31: 252 | T31: 559 | U31: 5491 | V31: 2502 | W31: 7993
B32: 39904 | I32: 2833 | J32: 932 | K32: 3765 | L32: 1224 | M32: 518 | N32: 1742 | O32: 665 | P32: 567 | Q32: 1232 | R32: 334 | S32: 243 | T32: 577 | U32: 5056 | V32: 2260 | W32: 7316
B33: 39934 | I33: 2600 | J33: 877 | K33: 3477 | L33: 1042 | M33: 442 | N33: 1484 | O33: 553 | P33: 547 | Q33: 1100 | R33: 388 | S33: 259 | T33: 647 | U33: 4583 | V33: 2125 | W33: 6708
B34: 39965 | I34: 1851 | J34: 973 | K34: 2824 | L34: 1212 | M34: 561 | N34: 1773 | O34: 25293 | P34: 17563 | Q34: 42856 | R34: 357 | S34: 319 | T34: 676 | U34: 28713 | V34: 19416 | W34: 48129
B35: 39995 | I35: 7907 | J35: 1100 | K35: 9007 | L35: 1562 | M35: 564 | N35: 2126 | O35: 17318 | P35: 15867 | Q35: 33185 | R35: 370 | S35: 300 | T35: 670 | U35: 27157 | V35: 17831 | W35: 44988
B36: 40026 | I36: 5309 | J36: 1411 | K36: 6720 | L36: 1604 | M36: 628 | N36: 2232 | O36: 31821 | P36: 22265 | Q36: 54086 | R36: 682 | S36: 510 | T36: 1192 | U36: 39416 | V36: 24814 | W36: 64230
B37: 40057 | I37: 4866 | J37: 1389 | K37: 6255 | L37: 1384 | M37: 644 | N37: 2028 | O37: 41703 | P37: 30290 | Q37: 71993 | R37: 833 | S37: 686 | T37: 1519 | U37: 48786 | V37: 33009 | W37: 81795
B38: 40087 | I38: 3987 | J38: 1299 | K38: 5286 | L38: 1315 | M38: 594 | N38: 1909 | O38: 18779 | P38: 14683 | Q38: 33462 | R38: 587 | S38: 468 | T38: 1055 | U38: 24668 | V38: 17044 | W38: 41712
B39: 40118 | I39: 3353 | J39: 1111 | K39: 4464 | L39: 1006 | M39: 463 | N39: 1469 | O39: 12202 | P39: 8014 | Q39: 20216 | R39: 575 | S39: 427 | T39: 1002 | U39: 17136 | V39: 10015 | W39: 27151
B40: 40148 | I40: 3114 | J40: 944 | K40: 4058 | L40: 937 | M40: 455 | N40: 1392 | O40: 9838 | P40: 5480 | Q40: 15318 | R40: 580 | S40: 502 | T40: 1082 | U40: 14469 | V40: 7381 | W40: 21850
B41: Promedio 2009 | I41: 3724 | J41: 1094 | K41: 4818 | L41: 1233 | M41: 534 | N41: 1767 | O41: 13344 | P41: 9746 | Q41: 23091 | R41: 462 | S41: 360 | T41: 821 | U41: 18762 | V41: 11734 | W41: 30497
B42: 40179 | I42: 2797 | J42: 900 | K42: 3697 | L42: 924 | M42: 458 | N42: 1382 | O42: 8083 | P42: 4617 | Q42: 12700 | R42: 544 | S42: 351 | T42: 895 | U42: 12348 | V42: 6326 | W42: 18674
B43: 40210 | I43: 2157 | J43: 789 | K43: 2946 | L43: 796 | M43: 370 | N43: 1166 | O43: 6075 | P43: 3599 | Q43: 9674 | R43: 521 | S43: 352 | T43: 873 | U43: 9549 | V43: 5110 | W43: 14659
B44: 40238 | I44: 2334 | J44: 836 | K44: 3170 | L44: 772 | M44: 373 | N44: 1145 | O44: 4788 | P44: 3255 | Q44: 8043 | R44: 607 | S44: 429 | T44: 1036 | U44: 8501 | V44: 4893 | W44: 13394
B45: 40269 | I45: 2367 | J45: 771 | K45: 3138 | L45: 815 | M45: 436 | N45: 1251 | O45: 5583 | P45: 4887 | Q45: 10470 | R45: 578 | S45: 482 | T45: 1060 | U45: 9343 | V45: 6576 | W45: 15919
B46: 40299 | I46: 2149 | J46: 790 | K46: 2939 | L46: 803 | M46: 394 | N46: 1197 | O46: 4670 | P46: 4644 | Q46: 9314 | R46: 539 | S46: 414 | T46: 953 | U46: 8161 | V46: 6242 | W46: 14403
B47: 40330 | I47: 2217 | J47: 833 | K47: 3050 | L47: 804 | M47: 376 | N47: 1180 | O47: 8772 | P47: 6826 | Q47: 15598 | R47: 467 | S47: 361 | T47: 828 | U47: 12260 | V47: 8396 | W47: 20656
B48: 40360 | I48: 2313 | J48: 848 | K48: 3161 | L48: 765 | M48: 318 | N48: 1083 | O48: 11683 | P48: 10170 | Q48: 21853 | R48: 415 | S48: 289 | T48: 704 | U48: 15176 | V48: 11625 | W48: 26801
B49: 40391 | I49: 2365 | J49: 899 | K49: 3264 | L49: 810 | M49: 398 | N49: 1208 | O49: 9759 | P49: 8130 | Q49: 17889 | R49: 462 | S49: 325 | T49: 787 | U49: 13396 | V49: 9752 | W49: 23148
B50: 40422 | I50: 2158 | J50: 751 | K50: 2909 | L50: 681 | M50: 336 | N50: 1017 | O50: 5899 | P50: 4218 | Q50: 10117 | R50: 382 | S50: 260 | T50: 642 | U50: 9120 | V50: 5565 | W50: 14685
B51: 40452 | I51: 2218 | J51: 787 | K51: 3005 | L51: 707 | M51: 273 | N51: 980 | O51: 5513 | P51: 3909 | Q51: 9422 | R51: 423 | S51: 346 | T51: 769 | U51: 8861 | V51: 5315 | W51: 14176
B52: 40483 | I52: 2005 | J52: 720 | K52: 2725 | L52: 620 | M52: 302 | N52: 922 | O52: 4585 | P52: 3064 | Q52: 7649 | R52: 358 | S52: 250 | T52: 608 | U52: 7568 | V52: 4336 | W52: 11904
B53: 40513 | I53: 1541 | J53: 580 | K53: 2121 | L53: 456 | M53: 258 | N53: 714 | O53: 2984 | P53: 2173 | Q53: 5157 | R53: 407 | S53: 352 | T53: 759 | U53: 5388 | V53: 3363 | W53: 8751
B54: Promedio 2010 | I54: 2218 | J54: 792 | K54: 3010 | L54: 746 | M54: 358 | N54: 1104 | O54: 6533 | P54: 4958 | Q54: 11491 | R54: 475 | S54: 351 | T54: 826 | U54: 9973 | V54: 6458 | W54: 16431
B55: 40544 | I55: 1750 | J55: 770 | K55: 2520 | L55: 607 | M55: 327 | N55: 934 | O55: 4444 | P55: 3403 | Q55: 7847 | R55: 472 | S55: 385 | T55: 857 | U55: 7273 | V55: 4885 | W55: 12158
B56: 40575 | I56: 1639 | J56: 645 | K56: 2284 | L56: 456 | M56: 290 | N56: 746 | O56: 3609 | P56: 2652 | Q56: 6261 | R56: 379 | S56: 331 | T56: 710 | U56: 6083 | V56: 3918 | W56: 10001
B57: 40603 | I57: 1907 | J57: 705 | K57: 2612 | L57: 677 | M57: 376 | N57: 1053 | O57: 4242 | P57: 2789 | Q57: 7031 | R57: 524 | S57: 390 | T57: 914 | U57: 7350 | V57: 4260 | W57: 11610
B58: 40634 | I58: 1367 | J58: 558 | K58: 1925 | L58: 556 | M58: 304 | N58: 860 | O58: 3162 | P58: 1969 | Q58: 5131 | R58: 332 | S58: 292 | T58: 624 | U58: 5417 | V58: 3123 | W58: 8540
B59: 40664 | I59: 1645 | J59: 670 | K59: 2315 | L59: 608 | M59: 323 | N59: 931 | O59: 3770 | P59: 2512 | Q59: 6282 | R59: 376 | S59: 292 | T59: 668 | U59: 6399 | V59: 3797 | W59: 10196
B60: 40695 | I60: 1541 | J60: 610 | K60: 2151 | L60: 522 | M60: 288 | N60: 810 | O60: 3223 | P60: 2318 | Q60: 5541 | R60: 328 | S60: 270 | T60: 598 | U60: 5614 | V60: 3486 | W60: 9100
B61: 40725 | I61: 1883 | J61: 670 | K61: 2553 | L61: 539 | M61: 327 | N61: 866 | O61: 5198 | P61: 4905 | Q61: 10103 | R61: 420 | S61: 336 | T61: 756 | U61: 8040 | V61: 6238 | W61: 14278
B62: 40756 | I62: 2034 | J62: 691 | K62: 2725 | L62: 573 | M62: 318 | N62: 891 | O62: 5030 | P62: 4099 | Q62: 9129 | R62: 421 | S62: 295 | T62: 716 | U62: 8058 | V62: 5403 | W62: 13461
B63: 40787 | I63: 2199 | J63: 779 | K63: 2978 | L63: 494 | M63: 294 | N63: 788 | O63: 4057 | P63: 2913 | Q63: 6970 | R63: 329 | S63: 249 | T63: 578 | U63: 7079 | V63: 4235 | W63: 11314
B64: 40817 | I64: 1749 | J64: 631 | K64: 2380 | L64: 544 | M64: 293 | N64: 837 | O64: 4305 | P64: 2830 | Q64: 7135 | R64: 416 | S64: 296 | T64: 712 | U64: 7014 | V64: 4050 | W64: 11064
B65: 40848 | I65: 2318 | J65: 824 | K65: 3142 | L65: 633 | M65: 289 | N65: 922 | O65: 5748 | P65: 4581 | Q65: 10329 | R65: 483 | S65: 410 | T65: 893 | U65: 9182 | V65: 6104 | W65: 15286
B66: 40878 | I66: 1756 | J66: 635 | K66: 2391 | L66: 452 | M66: 274 | N66: 726 | O66: 4752 | P66: 3756 | Q66: 8508 | R66: 369 | S66: 302 | T66: 671 | U66: 7329 | V66: 4967 | W66: 12296
B67: Promedio 2011 | I67: 1816 | J67: 682 | K67: 2498 | L67: 555 | M67: 309 | N67: 864 | O67: 4295 | P67: 3227 | Q67: 7522 | R67: 404 | S67: 321 | T67: 725 | U67: 7070 | V67: 4539 | W67: 11609
B68: 40909 | I68: 1922 | J68: 715 | K68: 2637 | L68: 532 | M68: 285 | N68: 817 | O68: 5060 | P68: 3875 | Q68: 8935 | R68: 394 | S68: 294 | T68: 688 | U68: 7908 | V68: 5169 | W68: 13077
B69: 40940 | I69: 1555 | J69: 583 | K69: 2138 | L69: 427 | M69: 251 | N69: 678 | O69: 4530 | P69: 2984 | Q69: 7514 | R69: 381 | S69: 310 | T69: 691 | U69: 6893 | V69: 4128 | W69: 11021
B70: 40969 | I70: 1779 | J70: 635 | K70: 2414 | L70: 535 | M70: 279 | N70: 814 | O70: 4787 | P70: 3353 | Q70: 8140 | R70: 373 | S70: 316 | T70: 689 | U70: 7474 | V70: 4583 | W70: 12057
B71: 41000 | I71: 1468 | J71: 586 | K71: 2054 | L71: 554 | M71: 275 | N71: 829 | O71: 3891 | P71: 2702 | Q71: 6593 | R71: 314 | S71: 259 | T71: 573 | U71: 6227 | V71: 3822 | W71: 10049
B72: 41030 | I72: 1806 | J72: 642 | K72: 2448 | L72: 664 | M72: 381 | N72: 1045 | O72: 4148 | P72: 3154 | Q72: 7302 | R72: 316 | S72: 258 | T72: 574 | U72: 6934 | V72: 4435 | W72: 11369
B73: 41061 | I73: 1631 | J73: 608 | K73: 2239 | L73: 624 | M73: 380 | N73: 1004 | O73: 3789 | P73: 3089 | Q73: 6878 | R73: 246 | S73: 228 | T73: 474 | U73: 6290 | V73: 4305 | W73: 10595
B74: 41091 | I74: 1930 | J74: 640 | K74: 2570 | L74: 589 | M74: 360 | N74: 949 | O74: 4865 | P74: 3765 | Q74: 8630 | R74: 353 | S74: 257 | T74: 610 | U74: 7737 | V74: 5022 | W74: 12759
B75: 41122 | I75: 1948 | J75: 700 | K75: 2648 | L75: 677 | M75: 388 | N75: 1065 | O75: 8973 | P75: 7406 | Q75: 16379 | R75: 355 | S75: 270 | T75: 625 | U75: 11953 | V75: 8764 | W75: 20717
B76: 41153 | I76: 1634 | J76: 597 | K76: 2231 | L76: 421 | M76: 264 | N76: 685 | O76: 10420 | P76: 7599 | Q76: 18019 | R76: 251 | S76: 203 | T76: 454 | U76: 12726 | V76: 8663 | W76: 21389
B77: 41183 | I77: 2284 | J77: 745 | K77: 3029 | L77: 602 | M77: 364 | N77: 966 | O77: 6173 | P77: 4643 | Q77: 10816 | R77: 342 | S77: 282 | T77: 624 | U77: 9401 | V77: 6034 | W77: 15435
B78: 41214 | I78: 2021 | J78: 667 | K78: 2688 | L78: 514 | M78: 273 | N78: 787 | O78: 3890 | P78: 3976 | Q78: 7866 | R78: 287 | S78: 230 | T78: 517 | U78: 6712 | V78: 5146 | W78: 11858
B79: 41244 | I79: 1730 | J79: 543 | K79: 2273 | L79: 452 | M79: 289 | N79: 741 | O79: 3040 | P79: 3252 | Q79: 6292 | R79: 274 | S79: 221 | T79: 495 | U79: 5496 | V79: 4305 | W79: 9801
B80: Promedio 2012 | I80: 1809 | J80: 638 | K80: 2447 | L80: 549 | M80: 316 | N80: 865 | O80: 5297 | P80: 4150 | Q80: 9447 | R80: 324 | S80: 261 | T80: 585 | U80: 7979 | V80: 5365 | W80: 13344
B81: 41275 | I81: 2059 | J81: 694 | K81: 2753 | L81: 554 | M81: 313 | N81: 867 | O81: 3488 | P81: 2876 | Q81: 6364 | R81: 290 | S81: 232 | T81: 522 | U81: 6391 | V81: 4115 | W81: 10506
B82: 41306 | I82: 1485 | J82: 535 | K82: 2020 | L82: 459 | M82: 245 | N82: 704 | O82: 2527 | P82: 2274 | Q82: 4801 | R82: 217 | S82: 209 | T82: 426 | U82: 4688 | V82: 3263 | W82: 7951
B83: 41334 | I83: 1726 | J83: 522 | K83: 2248 | L83: 512 | M83: 297 | N83: 809 | O83: 2713 | P83: 2211 | Q83: 4924 | R83: 278 | S83: 228 | T83: 506 | U83: 5229 | V83: 3258 | W83: 8487
B84: 41365 | I84: 1696 | J84: 572 | K84: 2268 | L84: 542 | M84: 269 | N84: 811 | O84: 2708 | P84: 2634 | Q84: 5342 | R84: 300 | S84: 214 | T84: 514 | U84: 5246 | V84: 3689 | W84: 8935
B85: 41395 | I85: 1595 | J85: 550 | K85: 2145 | L85: 471 | M85: 277 | N85: 748 | O85: 2545 | P85: 2948 | Q85: 5493 | R85: 268 | S85: 227 | T85: 495 | U85: 4879 | V85: 4002 | W85: 8881
B86: 41426 | I86: 1552 | J86: 503 | K86: 2055 | L86: 488 | M86: 261 | N86: 749 | O86: 2446 | P86: 2553 | Q86: 4999 | R86: 266 | S86: 221 | T86: 487 | U86: 4752 | V86: 3538 | W86: 8290
B87: 41456 | I87: 1978 | J87: 592 | K87: 2570 | L87: 484 | M87: 273 | N87: 757 | O87: 2734 | P87: 2580 | Q87: 5314 | R87: 288 | S87: 228 | T87: 516 | U87: 5484 | V87: 3673 | W87: 9157
B88: 41487 | I88: 2083 | J88: 695 | K88: 2778 | L88: 508 | M88: 246 | N88: 754 | O88: 3057 | P88: 2657 | Q88: 5714 | R88: 329 | S88: 273 | T88: 602 | U88: 5977 | V88: 3871 | W88: 9848
B89: 41518 | I89: 1961 | J89: 604 | K89: 2565 | L89: 436 | M89: 217 | N89: 653 | O89: 2703 | P89: 2501 | Q89: 5204 | R89: 214 | S89: 224 | T89: 438 | U89: 5314 | V89: 3546 | W89: 8860
B90: 41548 | I90: 2200 | J90: 630 | K90: 2830 | L90: 476 | M90: 290 | N90: 766 | O90: 3609 | P90: 3178 | Q90: 6787 | R90: 305 | S90: 252 | T90: 557 | U90: 6590 | V90: 4350 | W90: 10940
B91: 41579 | I91: 1534 | J91: 407 | K91: 1941 | L91: 318 | M91: 183 | N91: 501 | O91: 2269 | P91: 1993 | Q91: 4262 | R91: 237 | S91: 194 | T91: 431 | U91: 4358 | V91: 2777 | W91: 7135
