Workbook

Sheet Indice General
B1: Subsecretaría de Previsión Social Dirección de Estudios Previsionales
B9: Informe trimestral del Pilar No Contributivo
B10: Trimestre JAS 2023
B12: I. Pago de Beneficios del Pilar No Contributivo
B13: 1. Total de beneficios pagados del Pilar No Contributivo
B14: 2. Pagos Pensión Garantizada Universal (PGU)
B15: 3. Pagos Pensión Básica Solidaria (PBS)
B16: 4. Pagos Aporte Previsional Solidario (APS)
B17: II. Estado de solicitudes
B18: 1. Solicitudes del Pilar No Contributivo a nivel nacional
B19: 2. Solicitudes a nivel regional y comunal
B20: 3. Solicitudes concedidas del Pilar No Contributivo a nivel nacional
... B29: 3. Subsidio a la Cotización de Trabajadores Jóvenes

Sheet I. Beneficios pagados
B1: Subsecretaría de Previsión Social Dirección de Estudios Previsionales
B9: I. Pago de Beneficios del Pilar No Contributivo
B10: Trimestre JAS 2023
B12: 1. Total de beneficios pagados del Pilar No Contributivo
B13: i. Resumen trimestral de beneficios pagados, por tipo de beneficio y sexo
B14: ii. Serie resumen de pagos de beneficios acumulados, por tipo de beneficio
B15: 2. Pagos Pensión Garantizada Universal (PGU)
B16: i. Resumen trimestral de beneficios pagados, por tipo de beneficio y sexo
B17: ii. Serie resumen de pagos de beneficios acumulado, por tipo de beneficio y sexo
B18: 3. Pagos Pensión Básica Solidaria (PBS)
B19: i. Resumen trimestral de beneficios pagados, por tipo de beneficio y sexo
B20: ii. Serie resumen de pagos de beneficios acumulado, por tipo de beneficio y sexo
... B23: ii. Serie resumen de pagos de beneficios acumulado, por tipo de beneficio y sexo

Sheet dinamica pgu
A1: PERIODO | B1: (Varios elementos)
A3: Etiquetas de fila
A4: oct
A5: Suma de PGU_NC_Mujer_n | B5: 322141
A6: Suma de PGU_NC_hombre_N | B6: 109963
A7: Suma de PGU_C_Mujer_N | B7: 686334
A8: Suma de PGU_C_hombre_N | B8: 563950
A9: nov
A10: Suma de PGU_NC_Mujer_n | B10: 327443
A11: Suma de PGU_NC_hombre_N | B11: 121585
A12: Suma de PGU_C_Mujer_N | B12: 704099
A13: Suma de PGU_C_hombre_N | B13: 584193
A14: dic
A15: Suma de PGU_NC_Mujer_n | B15: 329180
A16: Suma de PGU_NC_hombre_N | B16: 125728
A17: Suma de PGU_C_Mujer_N | B17: 717919
A18: Suma de PGU_C_hombre_N | B18: 594890
A22: PERIODO | B22: (Varios elementos)
A24: Etiquetas de fila
A25: oct
A26: Suma de PGU_NC_Mujer_Nom | B26: 62098940
A27: Suma de PGU_NC_hombre_Nom | B27: 21312758
A28: Suma de PGU_C_Mujer_Nom | B28: 1.3198656e+08
A29: Suma de PGU_C_hombre_Nom | B29: 1.0801488e+08
A30: nov
A31: Suma de PGU_NC_Mujer_Nom | B31: 63080933
A32: Suma de PGU_NC_hombre_Nom | B32: 23564397
A33: Suma de PGU_C_Mujer_Nom | B33: 1.3523624e+08
A34: Suma de PGU_C_hombre_Nom | B34: 1.115372e+08
A35: dic
A36: Suma de PGU_NC_Mujer_Nom | B36: 63417032
A37: Suma de PGU_NC_hombre_Nom | B37: 24368203
A38: Suma de PGU_C_Mujer_Nom | B38: 1.3763622e+08
A39: Suma de PGU_C_hombre_Nom | B39: 1.1328694e+08
A43: PERIODO | B43: (Varios elementos)
A45: Etiquetas de fila
A46: oct
A47: Suma de PGU_NC_Mujer_REAL | B47: 61325232
A48: Suma de PGU_NC_hombre_REAL | B48: 21047217
A49: Suma de PGU_C_Mujer_REAL | B49: 1.303421e+08
A50: Suma de PGU_C_hombre_REAL | B50: 1.066691e+08
A51: nov
A52: Suma de PGU_NC_Mujer_REAL | B52: 62902519
A53: Suma de PGU_NC_hombre_REAL | B53: 23497749
A54: Suma de PGU_C_Mujer_REAL | B54: 1.3485375e+08
A55: Suma de PGU_C_hombre_REAL | B55: 1.1122174e+08
A56: dic
A57: Suma de PGU_NC_Mujer_REAL | B57: 63417032
A58: Suma de PGU_NC_hombre_REAL | B58: 24368203
A59: Suma de PGU_C_Mujer_REAL | B59: 1.3763622e+08
A60: Suma de PGU_C_hombre_REAL | B60: 1.1328694e+08
A67: Valores | D67: Valores
A68: Promedio de PGU_NC_Mujer_n2 | B68: 319227.82 | D68: Promedio de PGU_C_Mujer_N | E68: 626988.27
A69: Suma de PGU_NC_Mujer_n | B69: 3511506 | D69: Suma de PGU_C_Mujer_N2 | E69: 6896871
A70: Promedio de PGU_NC_hombre_N | B70: 111460.55 | D70: Promedio de PGU_C_hombre_N | E70: 488475.91
A71: Suma de PGU_NC_hombre_N2 | B71: 1226066 | D71: Suma de PGU_C_hombre_N2 | E71: 5373235
A76: Valores | D76: Valores
A77: Promedio de PGU_NC_Mujer_Nom | B77: 60323652 | D77: Promedio de PGU_C_Mujer_Nom | E77: 1.176403e+08
A78: Suma de PGU_NC_Mujer_Nom2 | B78: 6.6356017e+08 | D78: Suma de PGU_C_Mujer_Nom2 | E78: 1.2940434e+09
A79: Promedio de PGU_NC_hombre_Nom | B79: 21167798 | D79: Promedio de PGU_C_hombre_Nom | E79: 91979553
A80: Suma de PGU_NC_hombre_Nom2 | B80: 2.3284578e+08 | D80: Suma de PGU_C_hombre_Nom2 | E80: 1.0117751e+09
A84: Valores | D84: Valores
A85: Promedio de PGU_NC_Mujer_REAL | B85: 57868225 | D85: Promedio de PGU_C_Mujer_REAL | E85: 1.1323162e+08
A86: Suma de PGU_NC_Mujer_REAL2 | B86: 6.3655048e+08 | D86: Suma de PGU_C_Mujer_REAL2 | E86: 1.2455478e+09
A87: Promedio de PGU_NC_hombre_REAL | B87: 20321992 | D87: Promedio de PGU_C_hombre_REAL | E87: 88711834
A88: Suma de PGU_NC_hombre_REAL2 | B88: 2.2354192e+08 | D88: Suma de PGU_C_hombre_REAL2 | E88: 9.7583017e+08
A93: Etiquetas de fila | B93: Suma de PGU_NC_Mujer_n | C93: Suma de PGU_NC_hombre_N | D93: Suma de PGU_C_Mujer_N | E93: Suma de PGU_C_hombre_N
A94: feb | B94: 309683 | C94: 106066 | D94: 517361 | E94: 340110
A95: mar | B95: 312946 | C95: 107255 | D95: 536699 | E95: 361057
A96: abr | B96: 314601 | C96: 107763 | D96: 552501 | E96: 374925
A97: may | B97: 316872 | C97: 108938 | D97: 605836 | E97: 477591
A98: jun | B98: 317138 | C98: 109221 | D98: 615086 | E98: 487043
A99: jul | B99: 317824 | C99: 109691 | D99: 621791 | E99: 498271
A100: ago | B100: 322017 | C100: 110018 | D100: 660104 | E100: 538150
A101: sept | B101: 321661 | C101: 109838 | D101: 679141 | E101: 553055
A102: oct | B102: 322141 | C102: 109963 | D102: 686334 | E102: 563950
A103: nov | B103: 327443 | C103: 121585 | D103: 704099 | E103: 584193
A104: dic | B104: 329180 | C104: 125728 | D104: 717919 | E104: 594890
A108: Etiquetas de fila | B108: Promedio de PGU_NC_Mujer_REAL | C108: Promedio de PGU_NC_hombre_REAL | D108: Promedio de PGU_C_Mujer_REAL | E108: Promedio de PGU_C_hombre_REAL
A109: feb | B109: 51479972 | C109: 17653930 | D109: 76563176 | E109: 52468769
A110: mar | B110: 52900840 | C110: 18182522 | D110: 90814177 | E110: 61156597
A111: abr | B111: 53866572 | C111: 18523266 | D111: 94731529 | E111: 64414475
A112: may | B112: 54858966 | C112: 18947988 | D112: 1.0507873e+08 | E112: 83047982
A113: jun | B113: 55397967 | C113: 19173744 | D113: 1.0763388e+08 | E113: 85481508
A114: jul | B114: 58993212 | C114: 20461815 | D114: 1.1563083e+08 | E114: 92933917
A115: ago | B115: 60482280 | C115: 20770527 | D115: 1.2386255e+08 | E115: 1.0089618e+08
A116: sept | B116: 60925886 | C116: 20914955 | D116: 1.2840084e+08 | E116: 1.0425297e+08
A117: oct | B117: 61325232 | C117: 21047217 | D117: 1.303421e+08 | E117: 1.066691e+08
A118: nov | B118: 62902519 | C118: 23497749 | D118: 1.3485375e+08 | E118: 1.1122174e+08
A119: dic | B119: 63417032 | C119: 24368203 | D119: 1.3763622e+08 | E119: 1.1328694e+08

Sheet N PBS
A3: Etiquetas de fila | B3: Promedio de PBS VEJEZ MUJER | C3: Promedio de PBS VEJEZ HOMBRE | D3: Promedio de PBS INVALIDEZ MUJER | E3: Promedio de PBS INVALIDEZ HOMBRE | F3: Promedio de PBS TOTAL MUJER | G3: Promedio de PBS TOTAL HOMBRE
A4: 2008 | B4: 218799.83 | C4: 107682.67 | D4: 108916.5 | E4: 84536 | F4: 327716.33 | G4: 192218.67
A5: 2009 | B5: 262267.25 | C5: 117026.58 | D5: 116205.08 | E5: 86817.667 | F5: 378472.33 | G5: 203844.25
A6: 2010 | B6: 284569.67 | C6: 119969.58 | D6: 125529.75 | E6: 89731.417 | F6: 410099.42 | G6: 209701
A7: 2011 | B7: 286982.92 | C7: 118668.92 | D7: 125674.58 | E7: 89317.917 | F7: 412657.5 | G7: 207986.83
A8: 2012 | B8: 288232.25 | C8: 116683.83 | D8: 120025.92 | E8: 85446.25 | F8: 408258.17 | G8: 202130.08
A9: 2013 | B9: 288720.25 | C9: 114312 | D9: 112605.08 | E9: 79812.917 | F9: 401325.33 | G9: 194124.92
A10: 2014 | B10: 288530.42 | C10: 111136.17 | D10: 107377.17 | E10: 75527.833 | F10: 395907.58 | G10: 186664
A11: 2015 | B11: 289070.58 | C11: 110162 | D11: 105105.42 | E11: 74655.333 | F11: 394176 | G11: 184817.33
A12: 2016 | B12: 290373 | C12: 108843.42 | D12: 105459.83 | E12: 75532.583 | F12: 395832.83 | G12: 184376
A13: 2017 | B13: 291754 | C13: 107694.83 | D13: 105581.83 | E13: 76434.167 | F13: 397335.83 | G13: 184129
A14: 2018 | B14: 295171.83 | C14: 107077.42 | D14: 105559.42 | E14: 77417 | F14: 400731.25 | G14: 184494.42
A15: 2019 | B15: 299821.5 | C15: 106705.25 | D15: 104899.17 | E15: 77850.417 | F15: 404720.67 | G15: 184555.67
... A42: dic | B42: 0 | C42: 0 | D42: 103979 | E42: 81605 | F42: 103979 | G42: 81605

Sheet MONTOS PBS
I1: PERIODO | J1: (Varios elementos)
A3: Etiquetas de fila | B3: Promedio de PBSV_MUJER | C3: Promedio de PBSV_HOMBRE | D3: Promedio de PBSI_MUJER | E3: Promedio de PBSI_HOMBRE | F3: Promedio de PBS_MUJER | G3: Promedio de PBS_HOMBRE | I3: Etiquetas de fila | J3: Suma de PBSV_MUJER | K3: Suma de PBSV_HOMBRE | L3: Suma de PBSV_TOTAL | M3: Suma de PBSI_MUJER | N3: Suma de PBSI_HOMBRE | O3: Suma de PBSI_TOTAL | P3: Suma de PBS_MUJER | Q3: Suma de PBS_HOMBRE | R3: Suma de PBS_TOTAL | T3: Etiquetas de fila | U3: Suma de PBSV_MUJER | V3: Suma de PBSV_HOMBRE | W3: Suma de PBSV_TOTAL | X3: Suma de PBSI_MUJER | Y3: Suma de PBSI_HOMBRE | Z3: Suma de PBSI_TOTAL | AA3: Suma de PBS_MUJER | AB3: Suma de PBS_HOMBRE | AC3: Suma de PBS_TOTAL | AE3: Etiquetas de fila | AF3: Suma de PBSV_MUJER | AG3: Suma de PBSV_HOMBRE | AH3: Suma de PBSV_TOTAL | AI3: Suma de PBSI_MUJER | AJ3: Suma de PBSI_HOMBRE | AK3: Suma de PBSI_TOTAL | AL3: Suma de PBS_MUJER | AM3: Suma de PBS_HOMBRE | AN3: Suma de PBS_TOTAL
A4: 2008 | B4: 8.2469269e+09 | C4: 3.9732077e+09 | D4: 3.9696562e+09 | E4: 3.0646136e+09 | F4: 1.2216583e+10 | G4: 7.0378213e+09 | I4: 2022 | J4: 0 | K4: 0 | L4: 0 | M4: 6.0133313e+10 | N4: 4.7149436e+10 | O4: 1.0728275e+11 | P4: 6.0133313e+10 | Q4: 4.7149436e+10 | R4: 1.0728275e+11 | T4: oct | U4: 0 | V4: 0 | W4: 0 | X4: 1.9903687e+10 | Y4: 1.5583475e+10 | Z4: 3.5487162e+10 | AA4: 1.9903687e+10 | AB4: 1.5583475e+10 | AC4: 3.5487162e+10 | AE4: oct | AF4: =+U4/1000 -> 0 | AG4: =+V4/1000 -> 0 | AH4: =+W4/1000 -> 0 | AI4: =+X4/1000 -> 19903687 | AJ4: =+Y4/1000 -> 15583475 | AK4: =+Z4/1000 -> 35487162 | AL4: =+AA4/1000 -> 19903687 | AM4: =+AB4/1000 -> 15583475 | AN4: =+AC4/1000 -> 35487162
A5: 2009 | B5: 1.0831943e+10 | C5: 4.7784934e+09 | D5: 5.149103e+09 | E5: 3.655593e+09 | F5: 1.5981046e+10 | G5: 8.4340864e+09 | I5: oct | J5: 0 | K5: 0 | L5: 0 | M5: 1.9903687e+10 | N5: 1.5583475e+10 | O5: 3.5487162e+10 | P5: 1.9903687e+10 | Q5: 1.5583475e+10 | R5: 3.5487162e+10 | T5: nov | U5: 0 | V5: 0 | W5: 0 | X5: 2.0075789e+10 | Y5: 1.5749774e+10 | Z5: 3.5825563e+10 | AA5: 2.0075789e+10 | AB5: 1.5749774e+10 | AC5: 3.5825563e+10 | AE5: nov | AF5: =+U5/1000 -> 0 | AG5: =+V5/1000 -> 0 | AH5: =+W5/1000 -> 0 | AI5: =+X5/1000 -> 20075789 | AJ5: =+Y5/1000 -> 15749774 | AK5: =+Z5/1000 -> 35825563 | AL5: =+AA5/1000 -> 20075789 | AM5: =+AB5/1000 -> 15749774 | AN5: =+AC5/1000 -> 35825563
A6: 2010 | B6: 1.3095568e+10 | C6: 5.5029662e+09 | D6: 5.9733298e+09 | E6: 4.1819318e+09 | F6: 1.9068897e+10 | G6: 9.684898e+09 | I6: nov | J6: 0 | K6: 0 | L6: 0 | M6: 2.0075789e+10 | N6: 1.5749774e+10 | O6: 3.5825563e+10 | P6: 2.0075789e+10 | Q6: 1.5749774e+10 | R6: 3.5825563e+10 | T6: dic | U6: 0 | V6: 0 | W6: 0 | X6: 20153837159 | Y6: 15816186175 | Z6: 35970023334 | AA6: 20153837159 | AB6: 15816186175 | AC6: 35970023334 | AE6: dic | AF6: =+U6/1000 -> 0 | AG6: =+V6/1000 -> 0 | AH6: =+W6/1000 -> 0 | AI6: =+X6/1000 -> 20153837 | AJ6: =+Y6/1000 -> 15816186 | AK6: =+Z6/1000 -> 35970023 | AL6: =+AA6/1000 -> 20153837 | AM6: =+AB6/1000 -> 15816186 | AN6: =+AC6/1000 -> 35970023
A7: 2011 | B7: 1.3994994e+10 | C7: 5.7801079e+09 | D7: 6.2216009e+09 | E7: 4.3734947e+09 | F7: 2.0216595e+10 | G7: 1.0153603e+10 | I7: dic | J7: 0 | K7: 0 | L7: 0 | M7: 20153837159 | N7: 15816186175 | O7: 35970023334 | P7: 20153837159 | Q7: 15816186175 | R7: 35970023334
A8: 2012 | B8: 1.4900592e+10 | C8: 6.0276417e+09 | D8: 6.3053347e+09 | E8: 4.4481809e+09 | F8: 2.1205927e+10 | G8: 1.0475823e+10
A9: 2013 | B9: 1.5464511e+10 | C9: 6.1276381e+09 | D9: 6.1333006e+09 | E9: 4.2916174e+09 | F9: 2.1597811e+10 | G9: 1.0419256e+10
A10: 2014 | B10: 1.6719242e+10 | C10: 6.4430339e+09 | D10: 6.3328754e+09 | E10: 4.3768174e+09 | F10: 2.3052118e+10 | G10: 1.0819851e+10
A11: 2015 | B11: 1.8210703e+10 | C11: 6.9460832e+09 | D11: 6.7614414e+09 | E11: 4.7714308e+09 | F11: 2.4972144e+10 | G11: 1.1717514e+10
A12: 2016 | B12: 1.9783297e+10 | C12: 7.4256197e+09 | D12: 7.3620108e+09 | E12: 5.231601e+09 | F12: 2.7145307e+10 | G12: 1.2657221e+10 | I12: PERIODO | J12: (Varios elementos) | AE12: nominales
A13: 2017 | B13: 2.3013212e+10 | C13: 8.5012643e+09 | D13: 8.4836307e+09 | E13: 6.1043568e+09 | F13: 3.1496842e+10 | G13: 1.4605621e+10 | AF13: vejez | AI13: invalidez | AL13: total
A14: 2018 | B14: 2.4370428e+10 | C14: 8.8423454e+09 | D14: 8.863105e+09 | E14: 6.4518852e+09 | F14: 3.3233533e+10 | G14: 1.5294231e+10 | I14: Etiquetas de fila | J14: Suma de MUJER | K14: Suma de HOMBRE | L14: Suma de TOTAL | M14: Suma de MUJER2 | N14: Suma de HOMBRE2 | O14: Suma de TOTAL2 | P14: Suma de MUJER3 | Q14: Suma de HOMBRE3 | R14: Suma de TOTAL3 | T14: Etiquetas de fila | U14: Suma de MUJER | V14: Suma de HOMBRE | W14: Suma de TOTAL | X14: Suma de MUJER2 | Y14: Suma de HOMBRE2 | Z14: Suma de TOTAL2 | AA14: Suma de MUJER3 | AB14: Suma de HOMBRE3 | AC14: Suma de TOTAL3 | AE14: Etiquetas de fila | AF14: Promedio de MUJER | AG14: Promedio de HOMBRE | AH14: Promedio de TOTAL | AI14: Promedio de MUJER2 | AJ14: Promedio de HOMBRE2 | AK14: Promedio de TOTAL2 | AL14: Promedio de MUJER3 | AM14: Promedio de HOMBRE3 | AN14: Promedio de TOTAL3
A15: 2019 | B15: 2.6689511e+10 | C15: 9.492244e+09 | D15: 9.429656e+09 | E15: 6.9564548e+09 | F15: 3.6119167e+10 | G15: 1.6448699e+10 | I15: 2022 | J15: 0 | K15: 0 | L15: 0 | M15: 60441368879 | N15: 47390715970 | O15: 107832084849 | P15: 60441368879 | Q15: 47390715970 | R15: 107832084849 | T15: oct | U15: 0 | V15: 0 | W15: 0 | X15: 20154801071 | Y15: 15780083599 | Z15: 35934884670 | AA15: 20154801071 | AB15: 15780083599 | AC15: 35934884670 | AE15: oct | AF15: =+U15/1000 -> 0 | AG15: =+V15/1000 -> 0 | AH15: =+W15/1000 -> 0 | AI15: =+X15/1000 -> 20154801 | AJ15: =+Y15/1000 -> 15780084 | AK15: =+Z15/1000 -> 35934885 | AL15: =+AA15/1000 -> 20154801 | AM15: =+AB15/1000 -> 15780084 | AN15: =+AC15/1000 -> 35934885
A16: 2020 | B16: 3.659289e+10 | C16: 1.2913294e+10 | D16: 1.1894674e+10 | E16: 8.9114229e+09 | F16: 4.8487564e+10 | G16: 2.1824717e+10 | I16: oct | J16: 0 | K16: 0 | L16: 0 | M16: 20154801071 | N16: 15780083599 | O16: 35934884670 | P16: 20154801071 | Q16: 15780083599 | R16: 35934884670 | T16: nov | U16: 0 | V16: 0 | W16: 0 | X16: 20132730649 | Y16: 15794446196 | Z16: 35927176845 | AA16: 20132730649 | AB16: 15794446196 | AC16: 35927176845 | AE16: nov | AF16: =+U16/1000 -> 0 | AG16: =+V16/1000 -> 0 | AH16: =+W16/1000 -> 0 | AI16: =+X16/1000 -> 20132731 | AJ16: =+Y16/1000 -> 15794446 | AK16: =+Z16/1000 -> 35927177 | AL16: =+AA16/1000 -> 20132731 | AM16: =+AB16/1000 -> 15794446 | AN16: =+AC16/1000 -> 35927177
A17: 2021 | B17: 4.3453866e+10 | C17: 1.494933e+10 | D17: 1.4114095e+10 | E17: 1.0837333e+10 | F17: 5.7567962e+10 | G17: 2.5786663e+10 | I17: nov | J17: 0 | K17: 0 | L17: 0 | M17: 20132730649 | N17: 15794446196 | O17: 35927176845 | P17: 20132730649 | Q17: 15794446196 | R17: 35927176845 | T17: dic | U17: 0 | V17: 0 | W17: 0 | X17: 20153837159 | Y17: 15816186175 | Z17: 35970023334 | AA17: 20153837159 | AB17: 15816186175 | AC17: 35970023334 | AE17: dic | AF17: =+U17/1000 -> 0 | AG17: =+V17/1000 -> 0 | AH17: =+W17/1000 -> 0 | AI17: =+X17/1000 -> 20153837 | AJ17: =+Y17/1000 -> 15816186 | AK17: =+Z17/1000 -> 35970023 | AL17: =+AA17/1000 -> 20153837 | AM17: =+AB17/1000 -> 15816186 | AN17: =+AC17/1000 -> 35970023
A18: ene | B18: 4.1412765e+10 | C18: 1.4344175e+10 | D18: 1.357545e+10 | E18: 1.0301137e+10 | F18: 5.4988215e+10 | G18: 2.4645311e+10 | I18: dic | J18: 0 | K18: 0 | L18: 0 | M18: 20153837159 | N18: 15816186175 | O18: 35970023334 | P18: 20153837159 | Q18: 15816186175 | R18: 35970023334 | T18: Total general | U18: 0 | V18: 0 | W18: 0 | X18: 2.0147123e+10 | Y18: 1.5796905e+10 | Z18: 35944028283 | AA18: 2.0147123e+10 | AB18: 1.5796905e+10 | AC18: 35944028283
A19: feb | B19: 4.1492133e+10 | C19: 1.4338672e+10 | D19: 1.35569e+10 | E19: 1.0317361e+10 | F19: 5.5049033e+10 | G19: 2.4656033e+10
A20: mar | B20: 4.1689378e+10 | C20: 1.4389108e+10 | D20: 1.3587482e+10 | E20: 1.0363694e+10 | F20: 5.527686e+10 | G20: 2.4752801e+10
A21: abr | B21: 4.1893694e+10 | C21: 1.4448119e+10 | D21: 1.3658161e+10 | E21: 1.0436146e+10 | F21: 5.5551855e+10 | G21: 2.4884265e+10
A22: may | B22: 4.2028716e+10 | C22: 1.4474202e+10 | D22: 1.3650261e+10 | E22: 1.0455982e+10 | F22: 5.5678977e+10 | G22: 2.4930184e+10
A23: jun | B23: 4.2051494e+10 | C23: 1.4454401e+10 | D23: 1.3673345e+10 | E23: 1.0488652e+10 | F23: 5.5724839e+10 | G23: 2.4943053e+10
A24: jul | B24: 4.3968065e+10 | C24: 1.5094747e+10 | D24: 1.4296201e+10 | E24: 1.0984398e+10 | F24: 5.8264265e+10 | G24: 2.6079145e+10
A25: ago | B25: 4.4239653e+10 | C25: 1.5183281e+10 | D25: 1.4359654e+10 | E25: 1.1056169e+10 | F25: 5.8599307e+10 | G25: 2.6239451e+10
A26: sept | B26: 4.4825753e+10 | C26: 1.5361682e+10 | D26: 1.4520122e+10 | E26: 1.1196684e+10 | F26: 5.9345875e+10 | G26: 2.6558366e+10
A27: oct | B27: 4.5558469e+10 | C27: 1.5619781e+10 | D27: 1.4731002e+10 | E27: 1.1378659e+10 | F27: 6.0289471e+10 | G27: 2.6998439e+10
A28: nov | B28: 4.5907806e+10 | C28: 1.5757842e+10 | D28: 1.4819941e+10 | E28: 1.1477734e+10 | F28: 6.0727747e+10 | G28: 2.7235576e+10
A29: dic | B29: 4.6378472e+10 | C29: 1.5925944e+10 | D29: 1.4940627e+10 | E29: 1.159138e+10 | F29: 6.1319099e+10 | G29: 2.7517324e+10
A30: 2022 | B30: 4.0614957e+09 | C30: 1.3943048e+09 | D30: 1.8608107e+10 | E30: 1.4541109e+10 | F30: 2.2669603e+10 | G30: 1.5935414e+10
... A43: Total general | B43: 1.9676256e+10 | C43: 7.3869635e+09 | D43: 8.5253168e+09 | E43: 6.2527955e+09 | F43: 2.8201573e+10 | G43: 1.3639759e+10
A52: Etiquetas de fila | B52: Promedio de PBSV_MUJER | C52: Promedio de PBSV_HOMBRE | D52: Promedio de PBSI_MUJER | E52: Promedio de PBSI_HOMBRE | F52: Promedio de PBS_MUJER | G52: Promedio de PBS_HOMBRE | I52: Etiquetas de fila | J52: Promedio de PBSV_MUJER | K52: Promedio de PBSV_HOMBRE | L52: Promedio de PBSI_MUJER | M52: Promedio de PBSI_HOMBRE | N52: Promedio de PBS_MUJER | O52: Promedio de PBS_HOMBRE
A53: 2008 | B53: 8.2469269e+09 | C53: 3.9732077e+09 | D53: 3.9696562e+09 | E53: 3.0646136e+09 | F53: 1.2216583e+10 | G53: 7.0378213e+09 | I53: 2008 | J53: 8246926.9 | K53: 3973207.7 | L53: 3969656.2 | M53: 3064613.6 | N53: 12216583 | O53: 7037821.3
A54: 2009 | B54: 1.0831943e+10 | C54: 4.7784934e+09 | D54: 5.149103e+09 | E54: 3.655593e+09 | F54: 1.5981046e+10 | G54: 8.4340864e+09 | I54: 2009 | J54: 10831943 | K54: 4778493.4 | L54: 5149103 | M54: 3655593 | N54: 15981046 | O54: 8434086.4
A55: 2010 | B55: 1.3095568e+10 | C55: 5.5029662e+09 | D55: 5.9733298e+09 | E55: 4.1819318e+09 | F55: 1.9068897e+10 | G55: 9.684898e+09 | I55: 2010 | J55: 13095568 | K55: 5502966.2 | L55: 5973329.8 | M55: 4181931.8 | N55: 19068897 | O55: 9684898
A56: 2011 | B56: 1.3994994e+10 | C56: 5.7801079e+09 | D56: 6.2216009e+09 | E56: 4.3734947e+09 | F56: 2.0216595e+10 | G56: 1.0153603e+10 | I56: 2011 | J56: 13994994 | K56: 5780107.9 | L56: 6221600.9 | M56: 4373494.7 | N56: 20216595 | O56: 10153603
A57: 2012 | B57: 1.4900592e+10 | C57: 6.0276417e+09 | D57: 6.3053347e+09 | E57: 4.4481809e+09 | F57: 2.1205927e+10 | G57: 1.0475823e+10 | I57: 2012 | J57: 14900592 | K57: 6027641.7 | L57: 6305334.7 | M57: 4448180.9 | N57: 21205927 | O57: 10475823
A58: 2013 | B58: 1.5464511e+10 | C58: 6.1276381e+09 | D58: 6.1333006e+09 | E58: 4.2916174e+09 | F58: 2.1597811e+10 | G58: 1.0419256e+10 | I58: 2013 | J58: 15464511 | K58: 6127638.1 | L58: 6133300.6 | M58: 4291617.4 | N58: 21597811 | O58: 10419256
A59: 2014 | B59: 1.6719242e+10 | C59: 6.4430339e+09 | D59: 6.3328754e+09 | E59: 4.3768174e+09 | F59: 2.3052118e+10 | G59: 1.0819851e+10 | I59: 2014 | J59: 16719242 | K59: 6443033.9 | L59: 6332875.4 | M59: 4376817.4 | N59: 23052118 | O59: 10819851
A60: 2015 | B60: 1.8210703e+10 | C60: 6.9460832e+09 | D60: 6.7614414e+09 | E60: 4.7714308e+09 | F60: 2.4972144e+10 | G60: 1.1717514e+10 | I60: 2015 | J60: 18210703 | K60: 6946083.2 | L60: 6761441.4 | M60: 4771430.8 | N60: 24972144 | O60: 11717514
A61: 2016 | B61: 1.9783297e+10 | C61: 7.4256197e+09 | D61: 7.3620108e+09 | E61: 5.231601e+09 | F61: 2.7145307e+10 | G61: 1.2657221e+10 | I61: 2016 | J61: 19783297 | K61: 7425619.7 | L61: 7362010.8 | M61: 5231601 | N61: 27145307 | O61: 12657221
A62: 2017 | B62: 2.3013212e+10 | C62: 8.5012643e+09 | D62: 8.4836307e+09 | E62: 6.1043568e+09 | F62: 3.1496842e+10 | G62: 1.4605621e+10 | I62: 2017 | J62: 23013212 | K62: 8501264.3 | L62: 8483630.7 | M62: 6104356.8 | N62: 31496842 | O62: 14605621
A63: 2018 | B63: 2.4370428e+10 | C63: 8.8423454e+09 | D63: 8.863105e+09 | E63: 6.4518852e+09 | F63: 3.3233533e+10 | G63: 1.5294231e+10 | I63: 2018 | J63: 24370428 | K63: 8842345.4 | L63: 8863105 | M63: 6451885.2 | N63: 33233533 | O63: 15294231
A64: 2019 | B64: 2.6689511e+10 | C64: 9.492244e+09 | D64: 9.429656e+09 | E64: 6.9564548e+09 | F64: 3.6119167e+10 | G64: 1.6448699e+10 | I64: 2019 | J64: 26689511 | K64: 9492244 | L64: 9429656 | M64: 6956454.8 | N64: 36119167 | O64: 16448699
... A89: oct | B89: 0 | C89: 0 | D89: 1.9903687e+10 | E89: 1.5583475e+10 | F89: 1.9903687e+10 | G89: 1.5583475e+10 | I89: dic | J89: 0 | K89: 0 | L89: 20153837 | M89: 15816186 | N89: 20153837 | O89: 15816186
A90: nov | B90: 0 | C90: 0 | D90: 2.0075789e+10 | E90: 1.5749774e+10 | F90: 2.0075789e+10 | G90: 1.5749774e+10
A91: dic | B91: 0 | C91: 0 | D91: 20153837159 | E91: 15816186175 | F91: 20153837159 | G91: 15816186175
A92: Total general | B92: 1.9676256e+10 | C92: 7.3869635e+09 | D92: 8.5253168e+09 | E92: 6.2527955e+09 | F92: 2.8201573e+10 | G92: 1.3639759e+10

Sheet 1.1
B2: TOTAL BENEFICIOS PAGADOS DEL PILAR NO CONTRIBUTIVO
B4: Resumen trimestral de beneficios pagados, por tipo de beneficio y sexo
B5: (julio 2023 a septiembre 2023)
D7: Mujeres | G7: Hombres | J7: Total
B8: Periodo | C8: Tipo de beneficio | D8: N° | E8: Monto nominal M$ * | F8: Monto real M$ ** | G8: N° | H8: Monto nominal M$ * | I8: Monto real M$ ** | J8: N° | K8: Monto nominal M$ * | L8: Monto real M$ **
B9: 45108 | C9: PGU No Contributiva | D9: 340958 | E9: 69854324 | F9: 70402476 | G9: 136319 | H9: 28019332 | I9: 28239201 | J9: 477277 | K9: 97873656 | L9: 98641677
C10: PGU Contributiva | D10: 785041 | E10: 1.5946034e+08 | F10: 1.6071163e+08 | G10: 656925 | H10: 1.3225078e+08 | I10: 1.3328857e+08 | J10: 1441966 | K10: 2.9171112e+08 | L10: 2.940002e+08
C11: PBS Invalidez | D11: 106121 | E11: 21866468 | F11: 22038056 | G11: 83495 | H11: 17204837 | I11: 17339844 | J11: 189616 | K11: 39071305 | L11: 39377900
C12: APS Vejez | D12: 107603 | E12: 25329300 | F12: 25528060 | G12: 61709 | H12: 14707933 | I12: 14823347 | J12: 169312 | K12: 40037232 | L12: 40351407
C13: APS Invalidez | D13: 47071 | E13: 8333096.5 | F13: 8398486.8 | G13: 49165 | H13: 8270074.9 | I13: 8334970.7 | J13: 96236 | K13: 16603171 | L13: 16733458
C14: Total Beneficios | D14: 1386794 | E14: 2.8484352e+08 | F14: 2.8707871e+08 | G14: 987613 | H14: 2.0045296e+08 | I14: 2.0202593e+08 | J14: 2374407 | K14: 4.8529648e+08 | L14: 4.8910464e+08
B15: 45139 | C15: PGU No Contributiva | D15: 342010 | E15: 70033844 | F15: 70504824 | G15: 136198 | H15: 27976921 | I15: 28165067 | J15: 478208 | K15: 98010765 | L15: 98669891
C16: PGU Contributiva | D16: 789396 | E16: 1.603224e+08 | F16: 1.6140057e+08 | G16: 661702 | H16: 1.3318598e+08 | I16: 1.3408166e+08 | J16: 1451098 | K16: 2.9350838e+08 | L16: 2.9548223e+08
C17: PBS Invalidez | D17: 106570 | E17: 21958710 | F17: 22106383 | G17: 83812 | H17: 17270379 | I17: 17386522 | J17: 190382 | K17: 39229088 | L17: 39492905
C18: APS Vejez | D18: 107495 | E18: 25328349 | F18: 25498683 | G18: 61425 | H18: 14670727 | I18: 14769388 | J18: 168920 | K18: 39999076 | L18: 40268071
C19: APS Invalidez | D19: 47164 | E19: 8347020.6 | F19: 8403154.5 | G19: 49448 | H19: 8312011.6 | I19: 8367910.1 | J19: 96612 | K19: 16659032 | L19: 16771065
C20: Total Beneficios | D20: 1392635 | E20: 2.8599032e+08 | F20: 2.8791362e+08 | G20: 992585 | H20: 2.0141602e+08 | I20: 2.0277055e+08 | J20: 2385220 | K20: 4.8740634e+08 | L20: 4.9068416e+08
B21: 45170 | C21: PGU No Contributiva | D21: 343880 | E21: 70389111 | F21: 70389111 | G21: 138475 | H21: 28428702 | I21: 28428702 | J21: 482355 | K21: 98817812 | L21: 98817812
C22: PGU Contributiva | D22: 795862 | E22: 1.6160243e+08 | F22: 1.6160243e+08 | G22: 666557 | H22: 1.3410851e+08 | I22: 1.3410851e+08 | J22: 1462419 | K22: 2.9571094e+08 | L22: 2.9571094e+08
C23: PBS Invalidez | D23: 106868 | E23: 22021397 | F23: 22021397 | G23: 84043 | H23: 17319291 | I23: 17319291 | J23: 190911 | K23: 39340689 | L23: 39340689
C24: APS Vejez | D24: 107346 | E24: 25293121 | F24: 25293121 | G24: 61168 | H24: 14619374 | I24: 14619374 | J24: 168514 | K24: 39912496 | L24: 39912496
C25: APS Invalidez | D25: 47248 | E25: 8349348.3 | F25: 8349348.3 | G25: 49763 | H25: 8344374.8 | I25: 8344374.8 | J25: 97011 | K25: 16693723 | L25: 16693723
C26: Total Beneficios | D26: 1401204 | E26: 2.876554e+08 | F26: 2.876554e+08 | G26: 1000006 | H26: 2.0282025e+08 | I26: 2.0282025e+08 | J26: 2401210 | K26: 4.9047566e+08 | L26: 4.9047566e+08
B27: Fuente: Elaboración propia con datos de la Superintendencia de Pensiones
B28: Nota 1: La Pensión Garantizada Universal (PGU) es un nuevo beneficio generado a partir de la ley 21.419 del 29-01-2022. El concepto de PGU No Contributiva o Contributiva está relacionado con la calidad de la persona que está recibiendo el beneficio, si es No Contributiva quiere decir que no estaba afiliado a un sistema previsional (D.L. 3.500 o antiguo Sistema de Reparto) ni recibe pensión de sobrevivencia, si es Contributiva quiere decir que sí estaba afiliado a un sistema previsional o que recibe una pensión de sobrevivencia. De manera automática, en febrero 2022, los PBS de Vejez pasaron a ser PGU No Contributiva y los APS Vejez Subsidio Definido, los Beneficio artículo 9° bis y los APS Vejez con una Pensión Final Garantizada inferior o igual al monto de la PGU pasaron a ser PGU Contributiva (Fuente: Superintendencia de Pensiones). Nota 2: Para los APS de Vejez, en aquellos casos en que este beneficio superaba el monto de la PGU se mantuvo el beneficio.
B29: * Montos nominales de cada periodo de pago. ** Montos deflactados a septiembre 2023
B31: Serie resumen de pagos de beneficios acumulados, por tipo de beneficio
B32: (julio 2008 a septiembre 2023)
C34: PGU No Contributiva | H34: PGU Contributiva | M34: PBS Vejez | R34: PBS Invalidez | W34: APS Vejez | AB34: APS Invalidez | AG34: Nbis | AL34: Total Beneficios
C35: N° Beneficios | E35: Monto real M$* | G35: Monto nominal M$** | H35: N° Beneficios | J35: Monto real M$* | L35: Monto nominal M$** | M35: N° Beneficios | O35: Monto real M$* | Q35: Monto nominal M$** | R35: N° Beneficios | T35: Monto real M$* | V35: Monto nominal M$** | W35: N° Beneficios | Y35: Monto real M$* | AA35: Monto nominal M$** | AB35: N° Beneficios | AD35: Monto real M$* | AF35: Monto nominal M$** | AG35: N° Beneficios | AI35: Monto real M$* | AK35: Monto nominal M$** | AL35: N° Beneficios | AN35: Monto real M$* | AP35: Monto nominal M$**
B36: Periodo | C36: N° | D36: %*** | E36: N° | F36: %*** | G36: N° | H36: N° | I36: %*** | J36: N° | K36: %*** | L36: N° | M36: N° | N36: %*** | O36: N° | P36: %*** | Q36: N° | R36: N° | S36: %*** | T36: N° | U36: %*** | V36: N° | W36: N° | X36: %*** | Y36: N° | Z36: %*** | AA36: N° | AB36: N° | AC36: %*** | AD36: N° | AE36: %*** | AF36: N° | AG36: N° | AH36: %*** | AI36: N° | AJ36: %*** | AK36: N° | AL36: N° | AM36: %*** | AN36: N° | AO36: %*** | AP36: N°
B37: 39630 | M37: 290570 | N37: 0.60124441 | O37: 30589054 | P37: 0.60124441 | Q37: 17434200 | R37: 192711 | S37: 0.39875559 | T37: 20287184 | U37: 0.39875559 | V37: 11562660 | AL37: 483281 | AM37: 1 | AN37: 50876238 | AO37: 1 | AP37: 28996860
B38: 39661 | M38: 292137 | N38: 0.60055999 | O38: 30469938 | P38: 0.60055999 | Q38: 17528220 | R38: 194304 | S38: 0.39944001 | T38: 20265940 | U38: 0.39944001 | V38: 11658240 | AL38: 486441 | AM38: 1 | AN38: 50735878 | AO38: 1 | AP38: 29186460
B39: 39692 | M39: 329546 | N39: 0.63002998 | O39: 34002856 | P39: 0.62997894 | Q39: 19768431 | R39: 193518 | S39: 0.36997002 | T39: 19971736 | U39: 0.37002106 | V39: 11611080 | AL39: 523064 | AM39: 1 | AN39: 53974591 | AO39: 1 | AP39: 31379511
B40: 39722 | M40: 340883 | N40: 0.63388369 | O40: 37752733 | P40: 0.64317182 | Q40: 22142510 | R40: 193041 | S40: 0.3589664 | T40: 19839322 | U40: 0.33799124 | V40: 11636042 | W40: 3399 | X40: 0.0063205577 | Y40: 984203.49 | Z40: 0.016767314 | AA40: 577249.22 | AB40: 446 | AC40: 0.00082935238 | AD40: 121482.6 | AE40: 0.0020696299 | AF40: 71251.256 | AL40: 537769 | AM40: 1 | AN40: 58697742 | AO40: 1 | AP40: 34427053
B41: 39753 | M41: 347314 | N41: 0.63749096 | O41: 37631185 | P41: 0.64785948 | Q41: 22044175 | R41: 192690 | S41: 0.35368034 | T41: 19910045 | U41: 0.34277187 | V41: 11663213 | W41: 4226 | X41: 0.0077567757 | Y41: 475630.31 | Z41: 0.0081884642 | AA41: 278622.06 | AB41: 584 | AC41: 0.0010719255 | AD41: 68551.346 | AE41: 0.0011801818 | AF41: 40157.064 | AL41: 544814 | AM41: 1 | AN41: 58085412 | AO41: 1 | AP41: 34026168
B42: 39783 | M42: 358445 | N42: 0.64228132 | O42: 40538460 | P42: 0.64842422 | Q42: 23467261 | R42: 194451 | S42: 0.34842792 | T42: 21379468 | U42: 0.34197068 | V42: 12376335 | W42: 4485 | X42: 0.0080364678 | Y42: 529037.25 | Z42: 0.0084621016 | AA42: 306253.75 | AB42: 700 | AC42: 0.0012542982 | AD42: 71458.738 | AE42: 0.0011430029 | AF42: 41366.664 | AL42: 558081 | AM42: 1 | AN42: 62518424 | AO42: 1 | AP42: 36191216
B43: Promedio 2008 | M43: 326482.5 | N43: 0.6224069 | O43: 35164038 | P43: 0.62580848 | R43: 193452.5 | S43: 0.36879824 | T43: 20275616 | U43: 0.36084174 | W43: 4036.6667 | X43: 0.0076955095 | Y43: 662957.02 | Z43: 0.011798535 | AB43: 576.66667 | AC43: 0.0010993585 | AD43: 87164.227 | AE43: 0.0015512471 | AL43: 524548.33 | AM43: 1 | AN43: 56189775 | AO43: 1
B44: 39814 | M44: 364131 | N44: 0.64167332 | O44: 39565944 | P44: 0.63183868 | Q44: 22729604 | R44: 196192 | S44: 0.34573044 | T44: 21899993 | U44: 0.34972659 | V44: 12580975 | W44: 6199 | X44: 0.010923906 | Y44: 1012124.9 | Z44: 0.016162881 | AA44: 581439.38 | AB44: 949 | AC44: 0.0016723322 | AD44: 142263.34 | AE44: 0.0022718397 | AF44: 81726.581 | AL44: 567471 | AM44: 1 | AN44: 62620326 | AO44: 1 | AP44: 35973745
B45: 39845 | M45: 366991 | N45: 0.64091253 | O45: 39601949 | P45: 0.63378798 | Q45: 22667397 | R45: 197256 | S45: 0.34448758 | T45: 21930414 | U45: 0.35097345 | V45: 12552549 | W45: 7180 | X45: 0.012539141 | Y45: 793357.51 | Z45: 0.012696861 | AA45: 454102.65 | AB45: 1180 | AC45: 0.0020607502 | AD45: 158817.13 | AE45: 0.0025417029 | AF45: 90903.886 | AL45: 572607 | AM45: 1 | AN45: 62484537 | AO45: 1 | AP45: 35764953
B46: 39873 | M46: 369833 | N46: 0.64020614 | O46: 39594986 | P46: 0.63318479 | Q46: 22752284 | R46: 198068 | S46: 0.34286921 | T46: 21820626 | U46: 0.34894541 | V46: 12538686 | W46: 8287 | X46: 0.014345362 | Y46: 927042.12 | Z46: 0.014824831 | AA46: 532701.94 | AB46: 1490 | AC46: 0.0025792916 | AD46: 190411.16 | AE46: 0.0030449676 | AF46: 109415.09 | AL46: 577678 | AM46: 1 | AN46: 62533066 | AO46: 1 | AP46: 35933087
B47: 39904 | M47: 371972 | N47: 0.63854127 | O47: 39638328 | P47: 0.62590063 | Q47: 22741681 | R47: 198891 | S47: 0.34142385 | T47: 22045021 | U47: 0.34809723 | V47: 12647880 | W47: 9630 | X47: 0.016531224 | Y47: 1317324.5 | Z47: 0.020800933 | AA47: 755788 | AB47: 2041 | AC47: 0.0035036582 | AD47: 329392.97 | AE47: 0.0052012099 | AF47: 188982.48 | AL47: 582534 | AM47: 1 | AN47: 63330067 | AO47: 1 | AP47: 36334331
B48: 39934 | M48: 374732 | N48: 0.6369018 | O48: 40095708 | P48: 0.62392417 | Q48: 22946564 | R48: 200088 | S48: 0.34007346 | T48: 22502460 | U48: 0.35015789 | V48: 12878040 | W48: 11050 | X48: 0.018780795 | Y48: 1339088.6 | Z48: 0.020837386 | AA48: 766353.42 | AB48: 2497 | AC48: 0.0042439498 | AD48: 326495.87 | AE48: 0.0050805602 | AF48: 186851.88 | AL48: 588367 | AM48: 1 | AN48: 64263753 | AO48: 1 | AP48: 36777810
B49: 39965 | M49: 377068 | N49: 0.63511324 | O49: 40265236 | P49: 0.62146722 | Q49: 23123444 | R49: 201424 | S49: 0.33926785 | T49: 22848438 | U49: 0.3526505 | V49: 13121358 | W49: 12190 | X49: 0.020532186 | Y49: 1298351.9 | Z49: 0.0200392 | AA49: 745615.06 | AB49: 3020 | AC49: 0.005086727 | AD49: 378576.8 | AE49: 0.0058430819 | AF49: 217408.37 | AL49: 593702 | AM49: 1 | AN49: 64790603 | AO49: 1 | AP49: 37207825
B50: 39995 | M50: 378458 | N50: 0.63259681 | O50: 50399944 | P50: 0.61863069 | Q50: 28816125 | R50: 202738 | S50: 0.33887885 | T50: 28525890 | U50: 0.35013909 | V50: 16309653 | W50: 13277 | X50: 0.022192655 | Y50: 1852810.7 | Z50: 0.022742198 | AA50: 1059342.9 | AB50: 3788 | AC50: 0.0063316847 | AD50: 691520.36 | AE50: 0.0084880196 | AF50: 395376.18 | AL50: 598261 | AM50: 1 | AN50: 81470165 | AO50: 1 | AP50: 46580498
B51: 40026 | M51: 379265 | N51: 0.62885818 | O51: 50849984 | P51: 0.60958882 | Q51: 28968743 | R51: 204743 | S51: 0.33948377 | T51: 29536030 | U51: 0.35407747 | V51: 16826390 | W51: 14655 | X51: 0.024299413 | Y51: 2310570.4 | Z51: 0.027699082 | AA51: 1316309.5 | AB51: 4438 | AC51: 0.0073586348 | AD51: 720273.55 | AE51: 0.0086346282 | AF51: 410332.85 | AL51: 603101 | AM51: 1 | AN51: 83416858 | AO51: 1 | AP51: 47521775
B52: 40057 | M52: 384674 | N52: 0.61716103 | O52: 52201713 | P52: 0.60982284 | Q52: 30030908 | R52: 206439 | S52: 0.3312054 | T52: 29271834 | U52: 0.34195493 | V52: 16839673 | W52: 27203 | X52: 0.04364379 | Y52: 3385219 | Z52: 0.039546286 | AA52: 1947468.7 | AB52: 4980 | AC52: 0.0079897833 | AD52: 742673.09 | AE52: 0.0086759416 | AF52: 427249.34 | AL52: 623296 | AM52: 1 | AN52: 85601439 | AO52: 1 | AP52: 49245299
B53: 40087 | M53: 391967 | N53: 0.50494358 | O53: 53307122 | P53: 0.54420683 | Q53: 30666096 | R53: 208340 | S53: 0.2683898 | T53: 29968098 | U53: 0.30594117 | V53: 17239809 | W53: 169034 | X53: 0.21775464 | Y53: 13362894 | Z53: 0.13642038 | AA53: 7687299.1 | AB53: 6918 | AC53: 0.008911974 | AD53: 1315677.8 | AE53: 0.013431617 | AF53: 756872.66 | AL53: 776259 | AM53: 1 | AN53: 97953792 | AO53: 1 | AP53: 56350077
B54: 40118 | M54: 393607 | N54: 0.48307963 | O54: 52375172 | P54: 0.56902664 | Q54: 29992656 | R54: 209889 | S54: 0.25759984 | T54: 29839845 | U54: 0.32419305 | V54: 17087795 | W54: 203555 | X54: 0.24982603 | Y54: 8660880.2 | Z54: 0.094095566 | AA54: 4959655.3 | AB54: 7736 | AC54: 0.0094945059 | AD54: 1167547.5 | AE54: 0.012684744 | AF54: 668596.41 | AL54: 814787 | AM54: 1 | AN54: 92043446 | AO54: 1 | AP54: 52708704
B55: 40148 | M55: 398828 | N55: 0.46495534 | O55: 54471994 | P55: 0.55645502 | Q55: 31098135 | R55: 212205 | S55: 0.24738947 | T55: 31383146 | U55: 0.32059243 | V55: 17916681 | W55: 237978 | X55: 0.27743574 | Y55: 10620549 | Z55: 0.10849351 | AA55: 6063286.1 | AB55: 8766 | AC55: 0.010219439 | AD55: 1415411.2 | AE55: 0.014459038 | AF55: 808060.16 | AL55: 857777 | AM55: 1 | AN55: 97891100 | AO55: 1 | AP55: 55886163
B56: Promedio 2009 | M56: 379293.83 | N56: 0.58685146 | O56: 46030673 | P56: 0.60144664 | R56: 203022.75 | S56: 0.3141211 | T56: 25964316 | U56: 0.33925532 | W56: 60019.833 | X56: 0.092863958 | Y56: 3906684.4 | Z56: 0.051045575 | AB56: 3983.5833 | AC56: 0.0061634845 | AD56: 631588.4 | AE56: 0.0082524693 | AL56: 646320 | AM56: 1 | AN56: 76533263 | AO56: 1
B57: 40179 | M57: 401503 | N57: 0.45844561 | O57: 53010978 | P57: 0.56428748 | Q57: 30420883 | R57: 213689 | S57: 0.24399515 | T57: 29718092 | U57: 0.31634103 | V57: 17054026 | W57: 250933 | X57: 0.28652123 | Y57: 9779222.8 | Z57: 0.10409718 | AA57: 5611905.4 | AB57: 9667 | AC57: 0.011038009 | AD57: 1434917.5 | AE57: 0.015274308 | AF57: 823441.85 | AL57: 875792 | AM57: 1 | AN57: 93943210 | AO57: 1 | AP57: 53910256
B58: 40210 | M58: 399656 | N58: 0.44991005 | O58: 52066831 | P58: 0.56799651 | Q58: 29963034 | R58: 212721 | S58: 0.23946923 | T58: 27724296 | U58: 0.30244406 | V58: 15954573 | W58: 265352 | X58: 0.29871823 | Y58: 10411317 | Z58: 0.11357695 | AA58: 5991427.7 | AB58: 10573 | AC58: 0.011902484 | AD58: 1465074.8 | AE58: 0.015982485 | AF58: 843110.38 | AL58: 888302 | AM58: 1 | AN58: 91667519 | AO58: 1 | AP58: 52752145
B59: 40238 | M59: 402294 | N59: 0.44120182 | O59: 53960925 | P59: 0.5510776 | Q59: 31079144 | R59: 214407 | S59: 0.23514335 | T59: 30011992 | U59: 0.30649839 | V59: 17285601 | W59: 283774 | X59: 0.31121917 | Y59: 12289694 | Z59: 0.12550888 | AA59: 7078329 | AB59: 11339 | AC59: 0.01243565 | AD59: 1656311.5 | AE59: 0.016915132 | AF59: 953963.31 | AL59: 911814 | AM59: 1 | AN59: 97918923 | AO59: 1 | AP59: 56397037
B60: 40269 | M60: 403577 | N60: 0.43827049 | O60: 53052319 | P60: 0.5638065 | Q60: 30697055 | R60: 214665 | S60: 0.23311867 | T60: 28812855 | U60: 0.3062048 | V60: 16671652 | W60: 290581 | X60: 0.31556079 | Y60: 10581886 | Z60: 0.11245759 | AA60: 6122875.3 | AB60: 12017 | AC60: 0.013050041 | AD60: 1649619 | AE60: 0.017531108 | AF60: 954500.14 | AL60: 920840 | AM60: 1 | AN60: 94096678 | AO60: 1 | AP60: 54446083
B61: 40299 | M61: 404226 | N61: 0.43466376 | O61: 53093625 | P61: 0.56029958 | Q61: 30831499 | R61: 214850 | S61: 0.23102796 | T61: 28751718 | U61: 0.30341826 | V61: 16696139 | W61: 297968 | X61: 0.32040466 | Y61: 11113924 | Z61: 0.11728577 | AA61: 6453861.9 | AB61: 12930 | AC61: 0.013903615 | AD61: 1800085.6 | AE61: 0.01899639 | AF61: 1045310.7 | AL61: 929974 | AM61: 1 | AN61: 94759352 | AO61: 1 | AP61: 55026811
B62: 40330 | M62: 405141 | N62: 0.42909933 | O62: 53050049 | P62: 0.55333694 | Q62: 30806307 | R62: 215430 | S62: 0.22816962 | T62: 29093222 | U62: 0.30345597 | V62: 16894512 | W62: 309440 | X62: 0.32773898 | Y62: 11565020 | Z62: 0.12062859 | AA62: 6715838.4 | AB62: 14155 | AC62: 0.014992067 | AD62: 2164667 | AE62: 0.022578494 | AF62: 1257028 | AL62: 944166 | AM62: 1 | AN62: 95872957 | AO62: 1 | AP62: 55673685
B63: 40360 | M63: 405859 | N63: 0.42549964 | O63: 53468392 | P63: 0.50727639 | Q63: 31248697 | R63: 215653 | S63: 0.22608904 | T63: 29261744 | U63: 0.27761807 | V63: 17101531 | W63: 317232 | X63: 0.33258373 | Y63: 20523026 | Z63: 0.1947103 | AA63: 11994335 | AB63: 15097 | AC63: 0.015827586 | AD63: 2149716.5 | AE63: 0.020395235 | AF63: 1256365.4 | AL63: 953841 | AM63: 1 | AN63: 1.0540288e+08 | AO63: 1 | AP63: 61600928
B64: 40391 | M64: 407004 | N64: 0.42148365 | O64: 53739559 | P64: 0.50333152 | Q64: 31376300 | R64: 215989 | S64: 0.22367306 | T64: 29120347 | U64: 0.27274486 | V64: 17002163 | W64: 326831 | X64: 0.3384584 | Y64: 21704786 | Z64: 0.20328978 | AA64: 12672524 | AB64: 15822 | AC64: 0.016384886 | AD64: 2203027.4 | AE64: 0.020633834 | AF64: 1286256.3 | AL64: 965646 | AM64: 1 | AN64: 1.0676772e+08 | AO64: 1 | AP64: 62337244
B65: 40422 | M65: 405711 | N65: 0.41614714 | O65: 52658151 | P65: 0.50140058 | Q65: 30867870 | R65: 216293 | S65: 0.22185672 | T65: 29118964 | U65: 0.27726506 | V65: 17069350 | W65: 337133 | X65: 0.3458051 | Y65: 21202282 | Z65: 0.20188397 | AA65: 12428642 | AB65: 15785 | AC65: 0.016191039 | AD65: 2042720.8 | AE65: 0.019450387 | AF65: 1197429.8 | AL65: 974922 | AM65: 1 | AN65: 1.0502212e+08 | AO65: 1 | AP65: 61563291
B66: 40452 | M66: 405916 | N66: 0.41141747 | O66: 53228502 | P66: 0.49481363 | Q66: 31232799 | R66: 216539 | S66: 0.2194738 | T66: 29061797 | U66: 0.27015927 | V66: 17052542 | W66: 348007 | X66: 0.35272362 | Y66: 23132979 | Z66: 0.21504481 | AA66: 13573699 | AB66: 16166 | AC66: 0.016385102 | AD66: 2149551.3 | AE66: 0.019982288 | AF66: 1261288.6 | AL66: 986628 | AM66: 1 | AN66: 1.0757283e+08 | AO66: 1 | AP66: 63120329
B67: 40483 | M67: 406466 | N67: 0.4055446 | O67: 53516620 | P67: 0.48876839 | Q67: 31423960 | R67: 216508 | S67: 0.21601721 | T67: 29035201 | U67: 0.26517909 | V67: 17048928 | W67: 362534 | X67: 0.36171219 | Y67: 24618203 | Z67: 0.22483856 | AA67: 14455349 | AB67: 16764 | AC67: 0.016725999 | AD67: 2322776.4 | AE67: 0.021213964 | AF67: 1363890.9 | AL67: 1002272 | AM67: 1 | AN67: 1.094928e+08 | AO67: 1 | AP67: 64292128
B68: 40513 | M68: 407118 | N68: 0.40265059 | O68: 53536340 | P68: 0.49036702 | Q68: 31472596 | R68: 216390 | S68: 0.2140155 | T68: 28883134 | U68: 0.26455556 | V68: 16979629 | W68: 370216 | X68: 0.36615353 | Y68: 24358348 | Z68: 0.2231107 | AA68: 14319628 | AB68: 17371 | AC68: 0.017180384 | AD68: 2398240.6 | AE68: 0.021966725 | AF68: 1409862.1 | AL68: 1011095 | AM68: 1 | AN68: 1.0917606e+08 | AO68: 1 | AP68: 64181715
B69: Promedio 2010 | M69: 404539.25 | N69: 0.42713122 | O69: 53198524 | P69: 0.52685149 | R69: 215261.17 | S69: 0.22728268 | T69: 29049447 | U69: 0.28769115 | W69: 313333.42 | X69: 0.33083189 | Y69: 16773391 | Z69: 0.16611525 | AB69: 13973.833 | AC69: 0.014754218 | AD69: 1953059 | AE69: 0.019342117 | AL69: 947107.67 | AM69: 1 | AN69: 1.0097442e+08 | AO69: 1
B70: 40544 | M70: 408161 | N70: 0.40192078 | O70: 54052480 | P70: 0.49319949 | Q70: 31862037 | R70: 216183 | S70: 0.21287786 | T70: 28547744 | U70: 0.26048264 | V70: 16827892 | W70: 372853 | X70: 0.36715259 | Y70: 24246301 | Z70: 0.22123431 | AA70: 14292342 | AB70: 18329 | AC70: 0.018048775 | AD70: 2749046.7 | AE70: 0.025083556 | AF70: 1620466.4 | AL70: 1015526 | AM70: 1 | AN70: 1.0959557e+08 | AO70: 1 | AP70: 64602738
B71: 40575 | M71: 407627 | N71: 0.39832103 | O71: 52943633 | P71: 0.48441661 | Q71: 31280218 | R71: 215873 | S71: 0.2109447 | T71: 28337001 | U71: 0.25927412 | V71: 16742099 | W71: 381231 | X71: 0.37252764 | Y71: 25576622 | Z71: 0.23401757 | AA71: 15111209 | AB71: 18632 | AC71: 0.018206638 | AD71: 2436341.3 | AE71: 0.022291711 | AF71: 1439441.9 | AL71: 1023363 | AM71: 1 | AN71: 1.092936e+08 | AO71: 1 | AP71: 64572968
B72: 40603 | M72: 408158 | N72: 0.39701768 | O72: 52925075 | P72: 0.48977941 | Q72: 31508366 | R72: 215968 | S72: 0.21007334 | T72: 28394124 | U72: 0.262765 | V72: 16904132 | W72: 384417 | X72: 0.37392467 | Y72: 23907965 | Z72: 0.22124917 | AA72: 14233346 | AB72: 19517 | AC72: 0.018984301 | AD72: 2831840.8 | AE72: 0.02620643 | AF72: 1685905.5 | AL72: 1028060 | AM72: 1 | AN72: 1.0805901e+08 | AO72: 1 | AP72: 64331750
B73: 40634 | M73: 403355 | N73: 0.39436004 | O73: 51190520 | P73: 0.48945379 | Q73: 30572922 | R73: 215453 | S73: 0.21064832 | T73: 28318212 | U73: 0.27076217 | V73: 16912712 | W73: 383911 | X73: 0.37534965 | Y73: 22657095 | Z73: 0.21663388 | AA73: 13531677 | AB73: 20090 | AC73: 0.019641986 | AD73: 2421205.5 | AE73: 0.023150151 | AF73: 1446035.9 | AL73: 1022809 | AM73: 1 | AN73: 1.0458703e+08 | AO73: 1 | AP73: 62463347
B74: 40664 | M74: 406131 | N74: 0.39346306 | O74: 53274561 | P74: 0.48762635 | Q74: 31944811 | R74: 215354 | S74: 0.20863673 | T74: 27962920 | U74: 0.25594686 | V74: 16767293 | W74: 389170 | X74: 0.37703111 | Y74: 24729323 | Z74: 0.22634948 | AA74: 14828344 | AB74: 21541 | AC74: 0.020869099 | AD74: 3286031.8 | AE74: 0.030077314 | AF74: 1970390.1 | AL74: 1032196 | AM74: 1 | AN74: 1.0925284e+08 | AO74: 1 | AP74: 65510838
B75: 40695 | M75: 406612 | N75: 0.39025411 | O75: 52201141 | P75: 0.47884413 | Q75: 31354280 | R75: 215443 | S75: 0.20677579 | T75: 28022583 | U75: 0.25705279 | V75: 16831584 | W75: 397492 | X75: 0.381501 | Y75: 25708468 | Z75: 0.23582529 | AA75: 15441626 | AB75: 22369 | AC75: 0.021469101 | AD75: 3082700.8 | AE75: 0.028277795 | AF75: 1851604.4 | AL75: 1041916 | AM75: 1 | AN75: 1.0901489e+08 | AO75: 1 | AP75: 65479095
B76: 40725 | M76: 405603 | N76: 0.38809005 | O76: 53674846 | P76: 0.45769448 | Q76: 32280384 | R76: 214230 | S76: 0.20498007 | T76: 28556117 | U76: 0.24350283 | V76: 17173825 | W76: 402342 | X76: 0.38496985 | Y76: 31936201 | Z76: 0.27232538 | AA76: 19206629 | AB76: 22951 | AC76: 0.021960032 | AD76: 3105051.8 | AE76: 0.026477301 | AF76: 1867397.3 | AL76: 1045126 | AM76: 1 | AN76: 1.1727222e+08 | AO76: 1 | AP76: 70528235
B77: 40756 | M77: 405997 | N77: 0.38525524 | O77: 53678403 | P77: 0.45146023 | Q77: 32334869 | R77: 214543 | S77: 0.20358233 | T77: 28651323 | U77: 0.2409709 | V77: 17259023 | W77: 409747 | X77: 0.38881366 | Y77: 33346264 | Z77: 0.28045753 | AA77: 20087168 | AB77: 23552 | AC77: 0.022348765 | AD77: 3223526.1 | AE77: 0.027111348 | AF77: 1941792 | AL77: 1053839 | AM77: 1 | AN77: 1.1889952e+08 | AO77: 1 | AP77: 71622851
B78: 40787 | M78: 405744 | N78: 0.3851142 | O78: 53451130 | P78: 0.45972647 | Q78: 32357994 | R78: 214849 | S78: 0.20392514 | T78: 29047959 | U78: 0.24983786 | V78: 17584917 | W78: 409464 | X78: 0.38864506 | Y78: 30849371 | Z78: 0.26533157 | AA78: 18675447 | AB78: 23511 | AC78: 0.022315598 | AD78: 2918784.9 | AE78: 0.025104103 | AF78: 1766960.3 | AL78: 1053568 | AM78: 1 | AN78: 1.1626724e+08 | AO78: 1 | AP78: 70385318
B79: 40817 | M79: 403625 | N79: 0.37899844 | O79: 52608955 | P79: 0.43739466 | Q79: 32002757 | R79: 214346 | S79: 0.20126801 | T79: 28448246 | U79: 0.23652077 | V79: 17305463 | W79: 422164 | X79: 0.39640631 | Y79: 35576455 | Z79: 0.29578522 | AA79: 21641651 | AB79: 24843 | AC79: 0.023327242 | AD79: 3644345.4 | AE79: 0.030299351 | AF79: 2216905.9 | AL79: 1064978 | AM79: 1 | AN79: 1.20278e+08 | AO79: 1 | AP79: 73166777
B80: 40848 | M80: 401693 | N80: 0.37788404 | O80: 51611650 | P80: 0.44669861 | Q80: 31495705 | R80: 213867 | S80: 0.20119077 | T80: 28085924 | U80: 0.24308356 | V80: 17139270 | W80: 422687 | X80: 0.39763369 | Y80: 32775719 | Z80: 0.28367371 | AA80: 20001189 | AB80: 24759 | AC80: 0.023291496 | AD80: 3066914.4 | AE80: 0.026544131 | AF80: 1871566.5 | AL80: 1063006 | AM80: 1 | AN80: 1.1554021e+08 | AO80: 1 | AP80: 70507731
B81: 40878 | M81: 405116 | N81: 0.37454836 | O81: 53980259 | P81: 0.44180205 | Q81: 33141815 | R81: 213801 | S81: 0.19766885 | T81: 28165879 | U81: 0.23052396 | V81: 17292772 | W81: 436791 | X81: 0.40383335 | Y81: 36315843 | Z81: 0.29722743 | AA81: 22296539 | AB81: 25904 | AC81: 0.023949438 | AD81: 3720021.3 | AE81: 0.030446557 | AF81: 2283950.8 | AL81: 1081612 | AM81: 1 | AN81: 1.22182e+08 | AO81: 1 | AP81: 75015078
B82: Promedio 2011 | M82: 405651.83 | N82: 0.38861747 | O82: 52966054 | P82: 0.46726435 | R82: 214992.5 | S82: 0.20596441 | T82: 28378169 | U82: 0.25035104 | W82: 401022.42 | X82: 0.38418245 | Y82: 28968802 | Z82: 0.25556158 | AB82: 22166.5 | AC82: 0.021235672 | AD82: 3040484.2 | AE82: 0.026823027 | AL82: 1043833.2 | AM82: 1 | AN82: 1.1335351e+08 | AO82: 1
B83: 40909 | M83: 405147 | N83: 0.37581397 | O83: 52493178 | P83: 0.45393341 | Q83: 32257171 | R83: 212218 | S83: 0.19685321 | T83: 27722639 | U83: 0.23973081 | V83: 17035621 | W83: 434885 | X83: 0.40339891 | Y83: 32266484 | Z83: 0.27902359 | AA83: 19827824 | AB83: 25802 | AC83: 0.02393391 | AD83: 3158399.5 | AE83: 0.027312179 | AF83: 1940843.3 | AL83: 1078052 | AM83: 1 | AN83: 1.156407e+08 | AO83: 1 | AP83: 71061459
B84: 40940 | M84: 405788 | N84: 0.3722812 | O84: 52576397 | P84: 0.43889155 | Q84: 32433793 | R84: 211479 | S84: 0.19401672 | T84: 27368287 | U84: 0.22846203 | V84: 16883191 | W84: 445464 | X84: 0.40868107 | Y84: 35846811 | Z84: 0.29923812 | AA84: 22113498 | AB84: 27273 | AC84: 0.025021009 | AD84: 4002100.1 | AE84: 0.033408297 | AF84: 2468850.9 | AL84: 1090004 | AM84: 1 | AN84: 1.1979359e+08 | AO84: 1 | AP84: 73899333
B85: 40969 | M85: 405724 | N85: 0.36716307 | O85: 52461191 | P85: 0.43558476 | Q85: 32415539 | R85: 211975 | S85: 0.19182841 | T85: 27720489 | U85: 0.23016295 | V85: 17128368 | W85: 459460 | X85: 0.41579187 | Y85: 36550318 | Z85: 0.30347693 | AA85: 22584280 | AB85: 27865 | AC85: 0.025216647 | AD85: 3706539.3 | AE85: 0.03077536 | AF85: 2290254.3 | AL85: 1105024 | AM85: 1 | AN85: 1.2043854e+08 | AO85: 1 | AP85: 74418441
B86: 41000 | M86: 405278 | N86: 0.36539018 | O86: 52299518 | P86: 0.44139918 | Q86: 32332027 | R86: 210835 | S86: 0.19008443 | T86: 27630048 | U86: 0.23319298 | V86: 17081142 | W86: 464267 | X86: 0.41857343 | Y86: 34803084 | Z86: 0.2937322 | AA86: 21515576 | AB86: 28785 | AC86: 0.025951955 | AD86: 3753112.4 | AE86: 0.03167564 | AF86: 2320207.5 | AL86: 1109165 | AM86: 1 | AN86: 1.1848576e+08 | AO86: 1 | AP86: 73248952
B87: 41030 | M87: 405077 | N87: 0.36230929 | O87: 52082579 | P87: 0.43297819 | Q87: 32207791 | R87: 211171 | S87: 0.18887573 | T87: 27735758 | U87: 0.23057572 | V87: 17151752 | W87: 472382 | X87: 0.42250828 | Y87: 36619976 | Z87: 0.30443291 | AA87: 22645740 | AB87: 29412 | AC87: 0.026306704 | AD87: 3850839.2 | AE87: 0.032013187 | AF87: 2381353.3 | AL87: 1118042 | AM87: 1 | AN87: 1.2028915e+08 | AO87: 1 | AP87: 74386636
B88: 41061 | M88: 405447 | N88: 0.35951851 | O88: 52393344 | P88: 0.43216835 | Q88: 32304016 | R88: 211515 | S88: 0.18755487 | T88: 27898121 | U88: 0.23011864 | V88: 17201066 | W88: 480566 | X88: 0.42612813 | Y88: 36996765 | Z88: 0.30516912 | AA88: 22810991 | AB88: 30222 | AC88: 0.026798493 | AD88: 3945415.3 | AE88: 0.032543897 | AF88: 2432613.5 | AL88: 1127750 | AM88: 1 | AN88: 1.2123365e+08 | AO88: 1 | AP88: 74748686
B89: 41091 | M89: 405988 | N89: 0.36052795 | O89: 53860821 | P89: 0.43364826 | Q89: 33204448 | R89: 211177 | S89: 0.18753069 | T89: 28577990 | U89: 0.23008924 | V89: 17617934 | W89: 478596 | X89: 0.42500575 | Y89: 37744132 | Z89: 0.30388837 | AA89: 23268733 | AB89: 30332 | AC89: 0.026935608 | AD89: 4020993.8 | AE89: 0.032374125 | AF89: 2478886.8 | AL89: 1126093 | AM89: 1 | AN89: 1.2420394e+08 | AO89: 1 | AP89: 76570001
B90: 41122 | M90: 403875 | N90: 0.35582917 | O90: 53534424 | P90: 0.42874194 | Q90: 33076216 | R90: 198447 | S90: 0.17483932 | T90: 26459526 | U90: 0.2119068 | V90: 16348005 | W90: 489880 | X90: 0.43160283 | Y90: 39320000 | Z90: 0.31490266 | AA90: 24293842 | AB90: 42823 | AC90: 0.037728684 | AD90: 5550029.3 | AE90: 0.044448602 | AF90: 3429082.7 | AL90: 1135025 | AM90: 1 | AN90: 1.2486398e+08 | AO90: 1 | AP90: 77147145
B91: 41153 | M91: 403144 | N91: 0.35241062 | O91: 52712066 | P91: 0.42433171 | Q91: 32818429 | R91: 198376 | S91: 0.17341151 | T91: 26572976 | U91: 0.21391225 | V91: 16544283 | W91: 499207 | X91: 0.43638463 | Y91: 39370374 | Z91: 0.3169312 | AA91: 24511918 | AB91: 43234 | AC91: 0.037793246 | AD91: 5568308.6 | AE91: 0.04482484 | AF91: 3466818 | AL91: 1143961 | AM91: 1 | AN91: 1.2422373e+08 | AO91: 1 | AP91: 77341448
B92: 41183 | M92: 403812 | N92: 0.35006268 | O92: 52992610 | P92: 0.42507822 | Q92: 33177418 | R92: 197358 | S92: 0.1710887 | T92: 25761134 | U92: 0.20664197 | V92: 16128436 | W92: 510960 | X92: 0.44294876 | Y92: 40581282 | Z92: 0.32552122 | AA92: 25406980 | AB92: 41412 | AC92: 0.035899863 | AD92: 5330524.5 | AE92: 0.042758601 | AF92: 3337315.2 | AL92: 1153542 | AM92: 1 | AN92: 1.2466555e+08 | AO92: 1 | AP92: 78050150
B93: 41214 | M93: 403590 | N93: 0.34642116 | O93: 52792930 | P93: 0.41859242 | Q93: 32903543 | R93: 196261 | S93: 0.16846047 | T93: 26483636 | U93: 0.20998739 | V93: 16506102 | W93: 526706 | X93: 0.45209768 | Y93: 41986851 | Z93: 0.33291157 | AA93: 26168582 | AB93: 38470 | AC93: 0.033020694 | AD93: 4856713.1 | AE93: 0.038508628 | AF93: 3026978.6 | AL93: 1165027 | AM93: 1 | AN93: 1.2612013e+08 | AO93: 1 | AP93: 78605205
B94: 41244 | M94: 406123 | N94: 0.34387217 | O94: 53787512 | P94: 0.42191777 | Q94: 33514523 | R94: 194854 | S94: 0.16498663 | T94: 25931670 | U94: 0.20341213 | V94: 16157794 | W94: 539888 | X94: 0.45713357 | Y94: 42514181 | Z94: 0.33348798 | AA94: 26490210 | AB94: 40164 | AC94: 0.034007632 | AD94: 5250036.8 | AE94: 0.041182121 | AF94: 3271251.5 | AL94: 1181029 | AM94: 1 | AN94: 1.274834e+08 | AO94: 1 | AP94: 79433779
B95: Promedio 2012 | M95: 404916.08 | N95: 0.35905532 | O95: 52832214 | P95: 0.43203515 | R95: 205472.17 | S95: 0.18220041 | T95: 27155190 | U95: 0.22206142 | W95: 483521.75 | X95: 0.42875812 | Y95: 37883355 | Z95: 0.30979093 | AB95: 33816.167 | AC95: 0.029986151 | AD95: 4416084.3 | AE95: 0.036112506 | AL95: 1127726.2 | AM95: 1 | AN95: 1.2228684e+08 | AO95: 1
B96: 41275 | M96: 407292 | N96: 0.34219173 | O96: 53374418 | P96: 0.42065001 | Q96: 33316247 | R96: 195551 | S96: 0.16429475 | T96: 26190470 | U96: 0.20641014 | V96: 16348059 | W96: 546324 | X96: 0.4590013 | Y96: 42090046 | Z96: 0.33171656 | AA96: 26272555 | AB96: 41078 | AC96: 0.034512222 | AD96: 5230640.7 | AE96: 0.041223289 | AF96: 3264959.5 | AL96: 1190245 | AM96: 1 | AN96: 1.2688557e+08 | AO96: 1 | AP96: 79201821
B97: 41306 | M97: 407384 | N97: 0.34100271 | O97: 53008900 | P97: 0.42121555 | Q97: 33126898 | R97: 195641 | S97: 0.16376223 | T97: 26061704 | U97: 0.20708966 | V97: 16286763 | W97: 550022 | X97: 0.46039852 | Y97: 41524025 | Z97: 0.32995525 | AA97: 25949645 | AB97: 41618 | AC97: 0.034836544 | AD97: 5252813.7 | AE97: 0.041739535 | AF97: 3282645.4 | AL97: 1194665 | AM97: 1 | AN97: 1.2584744e+08 | AO97: 1 | AP97: 78645952
B98: 41334 | M98: 407033 | N98: 0.33955976 | O98: 52805014 | P98: 0.4192024 | Q98: 33126135 | R98: 195663 | S98: 0.16322824 | T98: 25992111 | U98: 0.2063432 | V98: 16305615 | W98: 553656 | X98: 0.46187729 | Y98: 41867800 | Z98: 0.3323753 | AA98: 26264900 | AB98: 42356 | AC98: 0.03533471 | AD98: 5300512.5 | AE98: 0.042079102 | AF98: 3325167.1 | AL98: 1198708 | AM98: 1 | AN98: 1.2596544e+08 | AO98: 1 | AP98: 79021817
B99: 41365 | M99: 407163 | N99: 0.33837901 | O99: 53146763 | P99: 0.41932508 | Q99: 33179247 | R99: 195429 | S99: 0.16241424 | T99: 25856419 | U99: 0.20400575 | V99: 16142028 | W99: 557660 | X99: 0.46345183 | Y99: 42347980 | Z99: 0.33412327 | AA99: 26437623 | AB99: 43023 | AC99: 0.035754919 | AD99: 5392419.3 | AE99: 0.042545897 | AF99: 3366459.3 | AL99: 1203275 | AM99: 1 | AN99: 1.2674358e+08 | AO99: 1 | AP99: 79125357
B100: 41395 | M100: 403102 | N100: 0.33533122 | O100: 52323821 | P100: 0.41463632 | Q100: 32662697 | R100: 194785 | S100: 0.16203713 | T100: 25778285 | U100: 0.20427815 | V100: 16091874 | W100: 557865 | X100: 0.46407498 | Y100: 42287690 | Z100: 0.33510572 | AA100: 26397728 | AB100: 46349 | AC100: 0.03855666 | AD100: 5802288.5 | AE100: 0.045979814 | AF100: 3622028.9 | AL100: 1202101 | AM100: 1 | AN100: 1.2619208e+08 | AO100: 1 | AP100: 78774327
B101: 41426 | M101: 402501 | N101: 0.33400161 | O101: 51889905 | P101: 0.41328247 | Q101: 32599223 | R101: 194527 | S101: 0.16142154 | T101: 25601207 | U101: 0.20390343 | V101: 16083657 | W101: 560838 | X101: 0.46539213 | Y101: 42167486 | Z101: 0.33584727 | AA101: 26491228 | AB101: 47221 | AC101: 0.039184723 | AD101: 5896945.2 | AE101: 0.046966825 | AF101: 3704686.6 | AL101: 1205087 | AM101: 1 | AN101: 1.2555554e+08 | AO101: 1 | AP101: 78878795
B102: 41456 | M102: 400723 | N102: 0.33189441 | O102: 52115594 | P102: 0.41034112 | Q102: 32826372 | R102: 193707 | S102: 0.16043569 | T102: 25821854 | U102: 0.20331282 | V102: 16264571 | W102: 564939 | X102: 0.4679045 | Y102: 43077485 | Z102: 0.33917801 | AA102: 27133482 | AB102: 48012 | AC102: 0.03976541 | AD102: 5990602.8 | AE102: 0.047168045 | AF102: 3773338.1 | AL102: 1207381 | AM102: 1 | AN102: 1.2700554e+08 | AO102: 1 | AP102: 79997763
B103: 41487 | M103: 399188 | N103: 0.3300149 | O103: 52107072 | P103: 0.40790727 | Q103: 32899986 | R103: 192279 | S103: 0.15896002 | T103: 25355264 | U103: 0.19848738 | V103: 16009109 | W103: 569076 | X103: 0.47046394 | Y103: 44137680 | Z103: 0.34552086 | AA103: 27868176 | AB103: 49063 | AC103: 0.040561141 | AD103: 6142430.2 | AE103: 0.048084489 | AF103: 3878281 | AL103: 1209606 | AM103: 1 | AN103: 1.2774245e+08 | AO103: 1 | AP103: 80655553
B104: 41518 | M104: 400350 | N104: 0.32974744 | O104: 53841658 | P104: 0.41266316 | Q104: 34177654 | R104: 189756 | S104: 0.15629213 | T104: 25025604 | U104: 0.19180585 | V104: 15885775 | W104: 572392 | X104: 0.47144948 | Y104: 44976649 | Z104: 0.34471833 | AA104: 28550316 | AB104: 51613 | AC104: 0.04251094 | AD104: 6629711.6 | AE104: 0.050812658 | AF104: 4208414 | AL104: 1214111 | AM104: 1 | AN104: 1.3047362e+08 | AO104: 1 | AP104: 82822159
B105: 41548 | M105: 400134 | N105: 0.32862354 | O105: 52452863 | P105: 0.40561746 | Q105: 33343569 | R105: 187727 | S105: 0.15417713 | T105: 24707897 | U105: 0.19106592 | V105: 15706473 | W105: 576466 | X105: 0.47344215 | Y105: 45162722 | Z105: 0.34924287 | AA105: 28709326 | AB105: 53279 | AC105: 0.043757176 | AD105: 6992606 | AE105: 0.054073751 | AF105: 4445104.2 | AL105: 1217606 | AM105: 1 | AN105: 1.2931609e+08 | AO105: 1 | AP105: 82204472
...

Sheet 1.2
B2: PAGOS PENSIÓN GARANTIZADA UNIVERSAL (PGU)
B5: Resumen trimestral de beneficios pagados, por tipo de beneficio y sexo
B6: (julio 2023 a septiembre 2023)
D8: PGU No Contributiva | G8: PGU Contributiva | J8: PGU Total
B9: Periodo | C9: Sexo Beneficiarios | D9: N° | E9: Monto nominal M$ * | F9: Monto real M$ ** | G9: N° | H9: Monto nominal M$ * | I9: Monto real M$ ** | J9: N° | K9: Monto nominal M$ * | L9: Monto real M$ **
B10: 45108 | C10: Mujeres | D10: 340958 | E10: 69854324 | F10: 70402476 | G10: 785041 | H10: 1.5946034e+08 | I10: 1.6071163e+08 | J10: 1125999 | K10: 2.2931466e+08 | L10: 2.3111411e+08
C11: Hombres | D11: 136319 | E11: 28019332 | F11: 28239201 | G11: 656925 | H11: 1.3225078e+08 | I11: 1.3328857e+08 | J11: 793244 | K11: 1.6027012e+08 | L11: 1.6152777e+08
C12: Total | D12: 477277 | E12: 97873656 | F12: 98641677 | G12: 1441966 | H12: 2.9171112e+08 | I12: 2.940002e+08 | J12: 1919243 | K12: 3.8958478e+08 | L12: 3.9264187e+08
B13: 45139 | C13: Mujeres | D13: 342010 | E13: 70033844 | F13: 70504824 | G13: 789396 | H13: 1.603224e+08 | I13: 1.6140057e+08 | J13: 1131406 | K13: 2.3035624e+08 | L13: 2.319054e+08
C14: Hombres | D14: 136198 | E14: 27976921 | F14: 28165067 | G14: 661702 | H14: 1.3318598e+08 | I14: 1.3408166e+08 | J14: 797900 | K14: 1.611629e+08 | L14: 1.6224673e+08
C15: Total | D15: 478208 | E15: 98010765 | F15: 98669891 | G15: 1451098 | H15: 2.9350838e+08 | I15: 2.9548223e+08 | J15: 1929306 | K15: 3.9151914e+08 | L15: 3.9415212e+08
B16: 45170 | C16: Mujeres | D16: 343880 | E16: 70389111 | F16: 70389111 | G16: 795862 | H16: 1.6160243e+08 | I16: 1.6160243e+08 | J16: 1139742 | K16: 2.3199154e+08 | L16: 2.3199154e+08
C17: Hombres | D17: 138475 | E17: 28428702 | F17: 28428702 | G17: 666557 | H17: 1.3410851e+08 | I17: 1.3410851e+08 | J17: 805032 | K17: 1.6253721e+08 | L17: 1.6253721e+08
C18: Total | D18: 482355 | E18: 98817812 | F18: 98817812 | G18: 1462419 | H18: 2.9571094e+08 | I18: 2.9571094e+08 | J18: 1944774 | K18: 3.9452875e+08 | L18: 3.9452875e+08
B19: Fuente: Elaboración propia con datos de la Superintendencia de Pensiones
B20: Nota 1: La Pensión Garantizada Universal (PGU) es un nuevo beneficio generado a partir de la ley 21.419 del 29-01-2022. El concepto de PGU No Contributiva o Contributiva está relacionado con la calidad de la persona que está recibiendo el beneficio, si es No Contributiva quiere decir que no estaba afiliado a un sistema previsional (D.L. 3.500 o antiguo Sistema de Reparto) ni recibe pensión de sobrevivencia, si es Contributiva quiere decir que si estaba afiliado a un sistema previsional o que recibe una pensión de sobrevivencia. De manera automática, en febrero 2022, los PBS de Vejez pasaron a ser PGU No Contributiva y los APS Vejez Subsidio Definido, los Beneficio artículo 9° bis y los APS Vejez con una Pensión Final Garantizada inferior o igual al monto de la PGU pasaron a ser PGU Contributiva (Fuente: Superintendencia de Pensiones). Nota 2: Para los APS de Vejez, en aquellos casos en que este beneficio superaba el monto de la PGU se mantuvo el beneficio.
B21: * Montos nominales de cada periodo de pago. ** Montos deflactados a septiembre 2023
B23: Serie resumen de pagos de beneficios acumulado, por tipo de beneficio y sexo
B24: (febrero 2022 a septiembre 2023)
C26: PGU No Contributiva | L26: PGU Contributiva | U26: PGU Total
C27: Mujeres | F27: Hombres | I27: Total | L27: Mujeres | O27: Hombres | R27: Total | U27: Mujeres | X27: Hombres | AA27: Total
B28: Periodo | C28: N° Beneficios | D28: Monto real M$ * | E28: Monto nominal M$ ** | F28: N° Beneficios | G28: Monto real M$ * | H28: Monto nominal M$ ** | I28: N° Beneficios | J28: Monto real M$ * | K28: Monto nominal M$ ** | L28: N° Beneficios | M28: Monto real M$ * | N28: Monto nominal M$ ** | O28: N° Beneficios | P28: Monto real M$ * | Q28: Monto nominal M$ ** | R28: N° Beneficios | S28: Monto real M$ * | T28: Monto nominal M$ ** | U28: N° Beneficios | V28: Monto real M$ * | W28: Monto nominal M$ ** | X28: N° Beneficios | Y28: Monto real M$ * | Z28: Monto nominal M$ ** | AA28: N° Beneficios | AB28: Monto real M$ * | AC28: Monto nominal M$ **
B29: 44593 | C29: 309683 | D29: 65647186 | E29: 57205361 | F29: 106066 | G29: 22512266 | H29: 19617327 | I29: 415749 | J29: 88159452 | K29: 76822687 | L29: 517361 | M29: 97633252 | N29: 85078214 | O29: 340110 | P29: 66908099 | Q29: 58304128 | R29: 857471 | S29: 1.6454135e+08 | T29: 1.4338234e+08 | U29: 827044 | V29: 1.6328044e+08 | W29: 1.4228357e+08 | X29: 446176 | Y29: 89420365 | Z29: 77921454 | AA29: 1273220 | AB29: 2.527008e+08 | AC29: 2.2020503e+08
B30: 44621 | C30: 312946 | D30: 65024928 | E30: 57713942 | F30: 107255 | G30: 22349687 | H30: 19836831 | I30: 420201 | J30: 87374615 | K30: 77550774 | L30: 536699 | M30: 1.1162744e+08 | N30: 99076767 | O30: 361057 | P30: 75172782 | Q30: 66720837 | R30: 897756 | S30: 1.8680022e+08 | T30: 1.657976e+08 | U30: 849645 | V30: 1.7665237e+08 | W30: 1.5679071e+08 | X30: 468312 | Y30: 97522469 | Z30: 86557668 | AA30: 1317957 | AB30: 2.7417484e+08 | AC30: 2.4334838e+08
B31: 44652 | C31: 314601 | D31: 64398460 | E31: 57957137 | F31: 107763 | G31: 22144900 | H31: 19929902 | I31: 422364 | J31: 86543360 | K31: 77887039 | L31: 552501 | M31: 1.1325326e+08 | N31: 1.0192533e+08 | O31: 374925 | P31: 77008669 | Q31: 69306036 | R31: 927426 | S31: 1.9026192e+08 | T31: 1.7123137e+08 | U31: 867102 | V31: 1.7765172e+08 | W31: 1.5988247e+08 | X31: 482688 | Y31: 99153569 | Z31: 89235939 | AA31: 1349790 | AB31: 2.7680528e+08 | AC31: 2.4911841e+08
B32: 44682 | C32: 316872 | D32: 64040185 | E32: 58325654 | F32: 108938 | G32: 22119131 | H32: 20145363 | I32: 425810 | J32: 86159315 | K32: 78471017 | L32: 605836 | M32: 1.2266475e+08 | N32: 1.1171894e+08 | O32: 477591 | P32: 96946925 | Q32: 88296010 | R32: 1083427 | S32: 2.1961167e+08 | T32: 2.0001495e+08 | U32: 922708 | V32: 1.8670493e+08 | W32: 1.700446e+08 | X32: 586529 | Y32: 1.1906606e+08 | Z32: 1.0844137e+08 | AA32: 1509237 | AB32: 3.0577099e+08 | AC32: 2.7848597e+08
B33: 44713 | C33: 317138 | D33: 63479807 | E33: 58354483 | F33: 109221 | G33: 21970942 | H33: 20197021 | I33: 426359 | J33: 85450749 | K33: 78551504 | L33: 615086 | M33: 1.2333625e+08 | N33: 1.1337815e+08 | O33: 487043 | P33: 97952144 | Q33: 90043543 | R33: 1102129 | S33: 2.212884e+08 | T33: 2.034217e+08 | U33: 932224 | V33: 1.8681606e+08 | W33: 1.7173264e+08 | X33: 596264 | Y33: 1.1992309e+08 | Z33: 1.1024056e+08 | AA33: 1528488 | AB33: 3.0673914e+08 | AC33: 2.819732e+08
B34: 44743 | C34: 317824 | D34: 65778530 | E34: 61298892 | F34: 109691 | G34: 22815305 | H34: 21261541 | I34: 427515 | J34: 88593835 | K34: 82560433 | L34: 621791 | M34: 1.2893053e+08 | N34: 1.2015012e+08 | O34: 498271 | P34: 1.0362305e+08 | Q34: 96566129 | R34: 1120062 | S34: 2.3255357e+08 | T34: 2.1671625e+08 | U34: 939615 | V34: 1.9470906e+08 | W34: 1.8144901e+08 | X34: 607962 | Y34: 1.2643835e+08 | Z34: 1.1782767e+08 | AA34: 1547577 | AB34: 3.2114741e+08 | AC34: 2.9927668e+08
B35: 44774 | C35: 322017 | D35: 65834798 | E35: 62094245 | F35: 110018 | G35: 22608662 | H35: 21324100 | I35: 432035 | J35: 88443461 | K35: 83418344 | L35: 660104 | M35: 1.3482405e+08 | N35: 1.2716371e+08 | O35: 538150 | P35: 1.0982522e+08 | Q35: 1.0358525e+08 | R35: 1198254 | S35: 2.4464927e+08 | T35: 2.3074897e+08 | U35: 982121 | V35: 2.0065885e+08 | W35: 1.8925796e+08 | X35: 648168 | Y35: 1.3243388e+08 | Z35: 1.2490935e+08 | AA35: 1630289 | AB35: 3.3309273e+08 | AC35: 3.1416731e+08
B36: 44805 | C36: 321661 | D36: 65185702 | E36: 62013553 | F36: 109838 | G36: 22377286 | H36: 21288335 | I36: 431499 | J36: 87562989 | K36: 83301888 | L36: 679141 | M36: 1.3737837e+08 | N36: 1.3069309e+08 | O36: 553055 | P36: 1.1154213e+08 | Q36: 1.0611412e+08 | R36: 1232196 | S36: 2.489205e+08 | T36: 2.3680722e+08 | U36: 1000802 | V36: 2.0256407e+08 | W36: 1.9270664e+08 | X36: 662893 | Y36: 1.3391942e+08 | Z36: 1.2740246e+08 | AA36: 1663695 | AB36: 3.3648349e+08 | AC36: 3.201091e+08
B37: 44835 | C37: 322141 | D37: 64939678 | E37: 62098940 | F37: 109963 | G37: 22287718 | H37: 21312758 | I37: 432104 | J37: 87227396 | K37: 83411698 | L37: 686334 | M37: 1.3802433e+08 | N37: 1.3198656e+08 | O37: 563950 | P37: 1.1295606e+08 | Q37: 1.0801488e+08 | R37: 1250284 | S37: 2.509804e+08 | T37: 2.4000144e+08 | U37: 1008475 | V37: 2.0296401e+08 | W37: 1.940855e+08 | X37: 673913 | Y37: 1.3524378e+08 | Z37: 1.2932764e+08 | AA37: 1682388 | AB37: 3.3820779e+08 | AC37: 3.2341314e+08
B38: 44866 | C38: 327443 | D38: 65329470 | E38: 63080933 | F38: 121585 | G38: 24404357 | H38: 23564397 | I38: 449028 | J38: 89733827 | K38: 86645330 | L38: 704099 | M38: 1.4005677e+08 | N38: 1.3523624e+08 | O38: 584193 | P38: 1.1551298e+08 | Q38: 1.115372e+08 | R38: 1288292 | S38: 2.5556975e+08 | T38: 2.4677344e+08 | U38: 1031542 | V38: 2.0538624e+08 | W38: 1.9831717e+08 | X38: 705778 | Y38: 1.3991733e+08 | Z38: 1.351016e+08 | AA38: 1737320 | AB38: 3.4530357e+08 | AC38: 3.3341877e+08
B39: 44896 | C39: 329180 | D39: 65491792 | E39: 63417032 | F39: 125728 | G39: 25165436 | H39: 24368203 | I39: 454908 | J39: 90657229 | K39: 87785234 | L39: 717919 | M39: 1.4213914e+08 | N39: 1.3763622e+08 | O39: 594890 | P39: 1.1699325e+08 | Q39: 1.1328694e+08 | R39: 1312809 | S39: 2.5913239e+08 | T39: 2.5092316e+08 | U39: 1047099 | V39: 2.0763094e+08 | W39: 2.0105325e+08 | X39: 720618 | Y39: 1.4215869e+08 | Z39: 1.3765514e+08 | AA39: 1767717 | AB39: 3.4978962e+08 | AC39: 3.3870839e+08
B40: Promedio 2022 | C40: 319227.82 | D40: 65013685 | F40: 111460.55 | G40: 22795972 | I40: 430688.36 | J40: 87809657 | L40: 626988.27 | M40: 1.2635165e+08 | O40: 488475.91 | P40: 98585573 | R40: 1115464.2 | S40: 2.2493722e+08 | U40: 946216.09 | V40: 1.9136533e+08 | X40: 599936.45 | Y40: 1.2138154e+08 | AA40: 1546152.5 | AB40: 3.1274688e+08
B41: 44927 | C41: 331003 | D41: 65497351 | E41: 63933034 | F41: 126303 | G41: 25048511 | H41: 24450261 | I41: 457306 | J41: 90545862 | K41: 88383295 | L41: 729835 | M41: 1.4328577e+08 | N41: 1.3986358e+08 | O41: 605454 | P41: 1.1792936e+08 | Q41: 1.1511277e+08 | R41: 1335289 | S41: 2.6121513e+08 | T41: 2.5497635e+08 | U41: 1060838 | V41: 2.0878312e+08 | W41: 2.0379661e+08 | X41: 731757 | Y41: 1.4297787e+08 | Z41: 1.3956303e+08 | AA41: 1792595 | AB41: 3.5176099e+08 | AC41: 3.4335965e+08
B42: 44958 | C42: 331827 | D42: 69855797 | E42: 68143594 | F42: 127315 | G42: 26819695 | H42: 26162330 | I42: 459142 | J42: 96675492 | K42: 94305924 | L42: 737271 | M42: 1.5424008e+08 | N42: 1.5045957e+08 | O42: 613433 | P42: 1.273714e+08 | Q42: 1.2424945e+08 | R42: 1350704 | S42: 2.8161147e+08 | T42: 2.7470903e+08 | U42: 1069098 | V42: 2.2409588e+08 | W42: 2.1860317e+08 | X42: 740748 | Y42: 1.5419109e+08 | Z42: 1.5041178e+08 | AA42: 1809846 | AB42: 3.7828697e+08 | AC42: 3.6901495e+08
B43: 44986 | C43: 332837 | D43: 69291957 | E43: 68328243 | F43: 128270 | G43: 26739871 | H43: 26367973 | I43: 461107 | J43: 96031828 | K43: 94696216 | L43: 745051 | M43: 1.5414314e+08 | N43: 1.5199931e+08 | O43: 620582 | P43: 1.2742588e+08 | Q43: 1.2565363e+08 | R43: 1365633 | S43: 2.8156901e+08 | T43: 2.7765294e+08 | U43: 1077888 | V43: 2.2343509e+08 | W43: 2.2032755e+08 | X43: 748852 | Y43: 1.5416575e+08 | Z43: 1.5202161e+08 | AA43: 1826740 | AB43: 3.7760084e+08 | AC43: 3.7234916e+08
B44: 45017 | C44: 337867 | D44: 70108140 | E44: 69346479 | F44: 132828 | G44: 27627198 | H44: 27327054 | I44: 470695 | J44: 97735338 | K44: 96673533 | L44: 767130 | M44: 1.577024e+08 | N44: 1.5598911e+08 | O44: 640210 | P44: 1.304476e+08 | Q44: 1.290304e+08 | R44: 1407340 | S44: 2.8815e+08 | T44: 2.8501951e+08 | U44: 1104997 | V44: 2.2781054e+08 | W44: 2.2533559e+08 | X44: 773038 | Y44: 1.580748e+08 | Z44: 1.5635746e+08 | AA44: 1878035 | AB44: 3.8588534e+08 | AC44: 3.8169305e+08
B45: 45047 | C45: 339302 | D45: 70297429 | E45: 69611830 | F45: 136126 | G45: 28275502 | H45: 27999735 | I45: 475428 | J45: 98572931 | K45: 97611565 | L45: 774874 | M45: 1.5904955e+08 | N45: 1.5749836e+08 | O45: 645979 | P45: 1.3141353e+08 | Q45: 1.3013187e+08 | R45: 1420853 | S45: 2.9046307e+08 | T45: 2.8763023e+08 | U45: 1114176 | V45: 2.2934698e+08 | W45: 2.2711019e+08 | X45: 782105 | Y45: 1.5968903e+08 | Z45: 1.5813161e+08 | AA45: 1896281 | AB45: 3.89036e+08 | AC45: 3.852418e+08
B46: 45078 | C46: 339850 | D46: 70481247 | E46: 69687358 | F46: 135689 | G46: 28227024 | H46: 27909080 | I46: 475539 | J46: 98708271 | K46: 97596438 | L46: 779821 | M46: 1.6023645e+08 | N46: 1.5843157e+08 | O46: 651738 | P46: 1.3270027e+08 | Q46: 1.3120556e+08 | R46: 1431559 | S46: 2.9293672e+08 | T46: 2.8963713e+08 | U46: 1119671 | V46: 2.307177e+08 | W46: 2.2811893e+08 | X46: 787427 | Y46: 1.6092729e+08 | Z46: 1.5911464e+08 | AA46: 1907098 | AB46: 3.9164499e+08 | AC46: 3.8723357e+08
B47: 45108 | C47: 340958 | D47: 70402476 | E47: 69854324 | F47: 136319 | G47: 28239201 | H47: 28019332 | I47: 477277 | J47: 98641677 | K47: 97873656 | L47: 785041 | M47: 1.6071163e+08 | N47: 1.5946034e+08 | O47: 656925 | P47: 1.3328857e+08 | Q47: 1.3225078e+08 | R47: 1441966 | S47: 2.940002e+08 | T47: 2.9171112e+08 | U47: 1125999 | V47: 2.3111411e+08 | W47: 2.2931466e+08 | X47: 793244 | Y47: 1.6152777e+08 | Z47: 1.6027012e+08 | AA47: 1919243 | AB47: 3.9264187e+08 | AC47: 3.8958478e+08
B48: 45139 | C48: 342010 | D48: 70504824 | E48: 70033844 | F48: 136198 | G48: 28165067 | H48: 27976921 | I48: 478208 | J48: 98669891 | K48: 98010765 | L48: 789396 | M48: 1.6140057e+08 | N48: 1.603224e+08 | O48: 661702 | P48: 1.3408166e+08 | Q48: 1.3318598e+08 | R48: 1451098 | S48: 2.9548223e+08 | T48: 2.9350838e+08 | U48: 1131406 | V48: 2.319054e+08 | W48: 2.3035624e+08 | X48: 797900 | Y48: 1.6224673e+08 | Z48: 1.611629e+08 | AA48: 1929306 | AB48: 3.9415212e+08 | AC48: 3.9151914e+08
B49: 45170 | C49: 343880 | D49: 70389111 | E49: 70389111 | F49: 138475 | G49: 28428702 | H49: 28428702 | I49: 482355 | J49: 98817812 | K49: 98817812 | L49: 795862 | M49: 1.6160243e+08 | N49: 1.6160243e+08 | O49: 666557 | P49: 1.3410851e+08 | Q49: 1.3410851e+08 | R49: 1462419 | S49: 2.9571094e+08 | T49: 2.9571094e+08 | U49: 1139742 | V49: 2.3199154e+08 | W49: 2.3199154e+08 | X49: 805032 | Y49: 1.6253721e+08 | Z49: 1.6253721e+08 | AA49: 1944774 | AB49: 3.9452875e+08 | AC49: 3.9452875e+08
B50: Promedio al Tercer trimestre 2023 | C50: 337726 | D50: 69647592 | F50: 133058.11 | G50: 27507864 | I50: 470784.11 | J50: 97155456 | L50: 767142.33 | M50: 1.5693022e+08 | O50: 640286.67 | P50: 1.2986297e+08 | R50: 1407429 | S50: 2.867932e+08 | U50: 1104868.3 | V50: 2.2657782e+08 | X50: 773344.78 | Y50: 1.5737084e+08 | AA50: 1878213.1 | AB50: 3.8394865e+08
B51: Fuente: Elaboración propia con datos de la Superintendencia de Pensiones
B52: * Montos deflactados a septiembre 2023 **Montos nominales de cada periodo de pago.

Sheet 1.3
B2: PAGOS PENSIÓN BÁSICA SOLIDARIA (PBS)
B4: Resumen trimestral de beneficios pagados, por tipo de beneficio y sexo
B5: (julio 2023 a septiembre 2023)
D7: PBS Invalidez
B8: Periodo | C8: Sexo Beneficiarios | D8: N° | E8: Monto nominal M$ * | F8: Monto real M$ **
B9: 45108 | C9: Mujeres | D9: 106121 | E9: 21866468 | F9: 22038056
C10: Hombres | D10: 83495 | E10: 17204837 | F10: 17339844
C11: Total | D11: 189616 | E11: 39071305 | F11: 39377900
B12: 45139 | C12: Mujeres | D12: 106570 | E12: 21958710 | F12: 22106383
C13: Hombres | D13: 83812 | E13: 17270379 | F13: 17386522
C14: Total | D14: 190382 | E14: 39229088 | F14: 39492905
B15: 45170 | C15: Mujeres | D15: 106868 | E15: 22021397 | F15: 22021397
C16: Hombres | D16: 84043 | E16: 17319291 | F16: 17319291
C17: Total | D17: 190911 | E17: 39340689 | F17: 39340689
B18: Fuente: Elaboración propia con datos de la Superintendencia de Pensiones
B19: Nota 1: La Pensión Garantizada Universal (PGU) es un nuevo beneficio generado a partir de la ley 21.419 del 29-01-2022. El concepto de PGU No Contributiva o Contributiva está relacionado con la calidad de la persona que está recibiendo el beneficio, si es No Contributiva quiere decir que no estaba afiliado a un sistema previsional (D.L. 3.500 o antiguo Sistema de Reparto) ni recibe pensión de sobrevivencia, si es Contributiva quiere decir que si estaba afiliado a un sistema previsional o que recibe una pensión de sobrevivencia. De manera automática, en febrero 2022, los PBS de Vejez pasaron a ser PGU No Contributiva y los APS Vejez Subsidio Definido, los Beneficio artículo 9° bis y los APS Vejez con una Pensión Final Garantizada inferior o igual al monto de la PGU pasaron a ser PGU Contributiva (Fuente: Superintendencia de Pensiones). Nota 2: Para los APS de Vejez, en aquellos casos en que este beneficio superaba el monto de la PGU se mantuvo el beneficio.
B20: * Montos nominales de cada periodo de pago. ** Montos deflactados a septiembre 2023
B22: Serie resumen de pagos de beneficios acumulado, por tipo de beneficio y sexo
B23: (julio 2008 a septiembre 2023)
C25: PBS Vejez | L25: PBS Invalidez | U25: PBS Total
C26: Mujeres | F26: Hombres | I26: Total | L26: Mujeres | O26: Hombres | R26: Total | U26: Mujeres | X26: Hombres | AA26: Total
B27: Periodo | C27: N° Beneficiarios | D27: Monto real M$ * | E27: Monto nominal M$** | F27: N° Beneficiarios | G27: Monto real M$ * | H27: Monto nominal M$** | I27: N° Beneficiarios | J27: Monto real M$ * | K27: Monto nominal M$** | L27: N° Beneficiarios | M27: Monto real M$ * | N27: Monto nominal M$** | O27: N° Beneficiarios | P27: Monto real M$ * | Q27: Monto nominal M$** | R27: N° Beneficiarios | S27: Monto real M$ * | T27: Monto nominal M$** | U27: N° Beneficiarios | V27: Monto real M$ * | W27: Monto nominal M$** | X27: N° Beneficiarios | Y27: Monto real M$ * | Z27: Monto nominal M$** | AA27: N° Beneficiarios | AB27: Monto real M$ * | AC27: Monto nominal M$**
B28: 39630 | C28: 189150 | D28: 19912309 | E28: 11349000 | F28: 101420 | G28: 10676745 | H28: 6085200 | I28: 290570 | J28: 30589054 | K28: 17434200 | L28: 108433 | M28: 11415022 | N28: 6505980 | O28: 84278 | P28: 8872162.5 | Q28: 5056680 | R28: 192711 | S28: 20287184 | T28: 11562660 | U28: 297583 | V28: 31327330 | W28: 17854980 | X28: 185698 | Y28: 19548908 | Z28: 11141880 | AA28: 483281 | AB28: 50876238 | AC28: 28996860
B29: 39661 | C29: 190466 | D29: 19865636 | E29: 11427960 | F29: 101671 | G29: 10604302 | H29: 6100260 | I29: 292137 | J29: 30469938 | K29: 17528220 | L29: 109472 | M29: 11417948 | N29: 6568320 | O29: 84832 | P29: 8847991.8 | Q29: 5089920 | R29: 194304 | S29: 20265940 | T29: 11658240 | U29: 299938 | V29: 31283583 | W29: 17996280 | X29: 186503 | Y29: 19452294 | Z29: 11190180 | AA29: 486441 | AB29: 50735878 | AC29: 29186460
B30: 39692 | C30: 221382 | D30: 22842166 | E30: 13279878 | F30: 108164 | G30: 11160690 | H30: 6488553 | I30: 329546 | J30: 34002856 | K30: 19768431 | L30: 108958 | M30: 11244847 | N30: 6537480 | O30: 84560 | P30: 8726888.2 | Q30: 5073600 | R30: 193518 | S30: 19971736 | T30: 11611080 | U30: 330340 | V30: 34087013 | W30: 19817358 | X30: 192724 | Y30: 19887578 | Z30: 11562153 | AA30: 523064 | AB30: 53974591 | AC30: 31379511
B31: 39722 | C31: 230808 | D31: 25958557 | E31: 15225060 | F31: 110075 | G31: 11794176 | H31: 6917450.4 | I31: 340883 | J31: 37752733 | K31: 22142510 | L31: 108604 | M31: 11154003 | N31: 6541980 | O31: 84437 | P31: 8685319.3 | Q31: 5094062.2 | R31: 193041 | S31: 19839322 | T31: 11636042 | U31: 339412 | V31: 37112560 | W31: 21767040 | X31: 194512 | Y31: 20479495 | Z31: 12011513 | AA31: 533924 | AB31: 57592055 | AC31: 33778552
B32: 39753 | C32: 236178 | D32: 25833511 | E32: 15133152 | F32: 111136 | G32: 11797674 | H32: 6911023.4 | I32: 347314 | J32: 37631185 | K32: 22044175 | L32: 108404 | M32: 11222894 | N32: 6574320 | O32: 84286 | P32: 8687151.1 | Q32: 5088893.3 | R32: 192690 | S32: 19910045 | T32: 11663213 | U32: 344582 | V32: 37056405 | W32: 21707472 | X32: 195422 | Y32: 20484825 | Z32: 11999917 | AA32: 540004 | AB32: 57541230 | AC32: 33707389
B33: 39783 | C33: 244815 | D33: 27919985 | E33: 16162567 | F33: 113630 | G33: 12618476 | H33: 7304694.3 | I33: 358445 | J33: 40538460 | K33: 23467261 | L33: 109628 | M33: 12198612 | N33: 7061640 | O33: 84823 | P33: 9180855.6 | Q33: 5314694.6 | R33: 194451 | S33: 21379468 | T33: 12376335 | U33: 354443 | V33: 40118597 | W33: 23224207 | X33: 198453 | Y33: 21799331 | Z33: 12619389 | AA33: 552896 | AB33: 61917928 | AC33: 35843596
B34: Promedio 2008 | C34: 218799.83 | D34: 23722027 | F34: 107682.67 | G34: 11442010 | I34: 326482.5 | J34: 35164038 | L34: 108916.5 | M34: 11442221 | O34: 84536 | P34: 8833394.8 | R34: 193452.5 | S34: 20275616 | U34: 327716.33 | V34: 35164248 | X34: 192218.67 | Y34: 20275405 | AA34: 519935 | AB34: 55439653
B35: 39814 | C35: 249383 | D35: 27220496 | E35: 15637466 | F35: 114748 | G35: 12345448 | H35: 7092138.1 | I35: 364131 | J35: 39565944 | K35: 22729604 | L35: 110901 | M35: 12585070 | N35: 7229794.9 | O35: 85291 | P35: 9314923.1 | Q35: 5351180.5 | R35: 196192 | S35: 21899993 | T35: 12580975 | U35: 360284 | V35: 39805567 | W35: 22867260 | X35: 200039 | Y35: 21660371 | Z35: 12443319 | AA35: 560323 | AB35: 61465938 | AC35: 35310579
B36: 39845 | C36: 251808 | D36: 27265136 | E36: 15606042 | F36: 115183 | G36: 12336813 | H36: 7061355.5 | I36: 366991 | J36: 39601949 | K36: 22667397 | L36: 111775 | M36: 12638213 | N36: 7233871 | O36: 85481 | P36: 9292200.9 | Q36: 5318677.9 | R36: 197256 | S36: 21930414 | T36: 12552549 | U36: 363583 | V36: 39903349 | W36: 22839913 | X36: 200664 | Y36: 21629014 | Z36: 12380033 | AA36: 564247 | AB36: 61532362 | AC36: 35219946
B37: 39873 | C37: 254074 | D37: 27220535 | E37: 15641611 | F37: 115759 | G37: 12374451 | H37: 7110673.6 | I37: 369833 | J37: 39594986 | K37: 22752284 | L37: 112459 | M37: 12578951 | N37: 7228184.6 | O37: 85609 | P37: 9241675.4 | Q37: 5310501.4 | R37: 198068 | S37: 21820626 | T37: 12538686 | U37: 366533 | V37: 39799486 | W37: 22869795 | X37: 201368 | Y37: 21616126 | Z37: 12421175 | AA37: 567901 | AB37: 61415612 | AC37: 35290970
B38: 39904 | C38: 255795 | D38: 27294014 | E38: 15659383 | F38: 116177 | G38: 12344314 | H38: 7082298 | I38: 371972 | J38: 39638328 | K38: 22741681 | L38: 113104 | M38: 12721432 | N38: 7298661.3 | O38: 85787 | P38: 9323589.3 | Q38: 5349218.8 | R38: 198891 | S38: 22045021 | T38: 12647880 | U38: 368899 | V38: 40015446 | W38: 22958044 | X38: 201964 | Y38: 21667903 | Z38: 12431517 | AA38: 570863 | AB38: 61683349 | AC38: 35389561
B39: 39934 | C39: 258094 | D39: 27660890 | E39: 15830183 | F39: 116638 | G39: 12434818 | H39: 7116381.5 | I39: 374732 | J39: 40095708 | K39: 22946564 | L39: 114003 | M39: 13010291 | N39: 7445721.3 | O39: 86085 | P39: 9492169.1 | Q39: 5432318.8 | R39: 200088 | S39: 22502460 | T39: 12878040 | U39: 372097 | V39: 40671181 | W39: 23275904 | X39: 202723 | Y39: 21926987 | Z39: 12548700 | AA39: 574820 | AB39: 62598168 | AC39: 35824604
B40: 39965 | C40: 260086 | D40: 27820048 | E40: 15976445 | F40: 116982 | G40: 12445188 | H40: 7146998.9 | I40: 377068 | J40: 40265236 | K40: 23123444 | L40: 114983 | M40: 13290784 | N40: 7632606.4 | O40: 86441 | P40: 9557654.4 | Q40: 5488751.8 | R40: 201424 | S40: 22848438 | T40: 13121358 | U40: 375069 | V40: 41110832 | W40: 23609051 | X40: 203423 | Y40: 22002842 | Z40: 12635751 | AA40: 578492 | AB40: 63113674 | AC40: 36244802
B41: 39995 | C41: 261334 | D41: 34828687 | E41: 19913272 | F41: 117124 | G41: 15571257 | H41: 8902853.2 | I41: 378458 | J41: 50399944 | K41: 28816125 | L41: 116028 | M41: 16635501 | N41: 9511333.8 | O41: 86710 | P41: 11890388 | Q41: 6798319.4 | R41: 202738 | S41: 28525890 | T41: 16309653 | U41: 377362 | V41: 51464188 | W41: 29424606 | X41: 203834 | Y41: 27461646 | Z41: 15701173 | AA41: 581196 | AB41: 78925834 | AC41: 45125779
B42: 40026 | C42: 261917 | D42: 35023810 | E42: 19952725 | F42: 117348 | G42: 15826174 | H42: 9016017.8 | I42: 379265 | J42: 50849984 | K42: 28968743 | L42: 117514 | M42: 17331276 | N42: 9873459.8 | O42: 87229 | P42: 12204754 | Q42: 6952929.9 | R42: 204743 | S42: 29536030 | T42: 16826390 | U42: 379431 | V42: 52355086 | W42: 29826185 | X42: 204577 | Y42: 28030928 | Z42: 15968948 | AA42: 584008 | AB42: 80386014 | AC42: 45795132
B43: 40057 | C43: 267244 | D43: 36659911 | E43: 21089929 | F43: 117430 | G43: 15541802 | H43: 8940979.5 | I43: 384674 | J43: 52201713 | K43: 30030908 | L43: 118761 | M43: 17183140 | N43: 9885217.8 | O43: 87678 | P43: 12088694 | Q43: 6954455 | R43: 206439 | S43: 29271834 | T43: 16839673 | U43: 386005 | V43: 53843051 | W43: 30975147 | X43: 205108 | Y43: 27630497 | Z43: 15895434 | AA43: 591113 | AB43: 81473547 | AC43: 46870581
B44: 40087 | C44: 273548 | D44: 37398149 | E44: 21514109 | F44: 118419 | G44: 15908973 | H44: 9151987.3 | I44: 391967 | J44: 53307122 | K44: 30666096 | L44: 120250 | M44: 17754357 | N44: 10213585 | O44: 88090 | P44: 12213741 | Q44: 7026223.8 | R44: 208340 | S44: 29968098 | T44: 17239809 | U44: 393798 | V44: 55152506 | W44: 31727694 | X44: 206509 | Y44: 28122715 | Z44: 16178211 | AA44: 600307 | AB44: 83275221 | AC44: 47905905
B45: 40118 | C45: 275060 | D45: 36645982 | E45: 20985331 | F45: 118547 | G45: 15729190 | H45: 9007325.1 | I45: 393607 | J45: 52375172 | K45: 29992656 | L45: 121468 | M45: 17662445 | N45: 10114404 | O45: 88421 | P45: 12177401 | Q45: 6973391.8 | R45: 209889 | S45: 29839845 | T45: 17087795 | U45: 396528 | V45: 54308427 | W45: 31099735 | X45: 206968 | Y45: 27906591 | Z45: 15980717 | AA45: 603496 | AB45: 82215018 | AC45: 47080452
B46: 40148 | C46: 278864 | D46: 38241750 | E46: 21832267 | F46: 119964 | G46: 16230243 | H46: 9265868.1 | I46: 398828 | J46: 54471994 | K46: 31098135 | L46: 123215 | M46: 18823855 | N46: 10746564 | O46: 88990 | P46: 12559291 | Q46: 7170116.3 | R46: 212205 | S46: 31383146 | T46: 17916681 | U46: 402079 | V46: 57065605 | W46: 32578832 | X46: 208954 | Y46: 28789534 | Z46: 16435984 | AA46: 611033 | AB46: 85855140 | AC46: 49014816
B47: Promedio 2009 | C47: 262267.25 | D47: 31939951 | F47: 117026.58 | G47: 14090723 | I47: 379293.83 | J47: 46030673 | L47: 116205.08 | M47: 15184609 | O47: 86817.667 | P47: 10779707 | R47: 203022.75 | S47: 25964316 | U47: 378472.33 | V47: 47124560 | X47: 203844.25 | Y47: 24870430 | AA47: 582316.58 | AB47: 71994990
B48: 40179 | C48: 281175 | D48: 37164090 | E48: 21326987 | F48: 120328 | G48: 15846888 | H48: 9093895.9 | I48: 401503 | J48: 53010978 | K48: 30420883 | L48: 124307 | M48: 17561516 | N48: 10077853 | O48: 89382 | P48: 12156576 | Q48: 6976173.4 | R48: 213689 | S48: 29718092 | T48: 17054026 | U48: 405482 | V48: 54725606 | W48: 31404840 | X48: 209710 | Y48: 28003464 | Z48: 16070069 | AA48: 615192 | AB48: 82729070 | AC48: 47474909
B49: 40210 | C49: 280040 | D49: 36481238 | E49: 20993953 | F49: 119616 | G49: 15585593 | H49: 8969081.4 | I49: 399656 | J49: 52066831 | K49: 29963034 | L49: 123693 | M49: 16120456 | N49: 9276880.8 | O49: 89028 | P49: 11603840 | Q49: 6677691.9 | R49: 212721 | S49: 27724296 | T49: 15954573 | U49: 403733 | V49: 52601694 | W49: 30270834 | X49: 208644 | Y49: 27189432 | Z49: 15646773 | AA49: 612377 | AB49: 79791127 | AC49: 45917607
B50: 40238 | C50: 282275 | D50: 38063208 | E50: 21922751 | F50: 120019 | G50: 15897717 | H50: 9156392.8 | I50: 402294 | J50: 53960925 | K50: 31079144 | L50: 124927 | M50: 17798882 | N50: 10251381 | O50: 89480 | P50: 12213111 | Q50: 7034220.2 | R50: 214407 | S50: 30011992 | T50: 17285601 | U50: 407202 | V50: 55862090 | W50: 32174132 | X50: 209499 | Y50: 28110827 | Z50: 16190613 | AA50: 616701 | AB50: 83972917 | AC50: 48364745
B51: 40269 | C51: 283343 | D51: 37216313 | E51: 21534049 | F51: 120234 | G51: 15836006 | H51: 9163006.5 | I51: 403577 | J51: 53052319 | K51: 30697055 | L51: 125111 | M51: 16884321 | N51: 9769581.1 | O51: 89554 | P51: 11928534 | Q51: 6902070.9 | R51: 214665 | S51: 28812855 | T51: 16671652 | U51: 408454 | V51: 54100634 | W51: 31303630 | X51: 209788 | Y51: 27764540 | Z51: 16065077 | AA51: 618242 | AB51: 81865173 | AC51: 47368707
B52: 40299 | C52: 283931 | D52: 37352556 | E52: 21690651 | F52: 120295 | G52: 15741070 | H52: 9140848.3 | I52: 404226 | J52: 53093625 | K52: 30831499 | L52: 125246 | M52: 16892865 | N52: 9809696.7 | O52: 89604 | P52: 11858852 | Q52: 6886442.5 | R52: 214850 | S52: 28751718 | T52: 16696139 | U52: 409177 | V52: 54245421 | W52: 31500348 | X52: 209899 | Y52: 27599922 | Z52: 16027291 | AA52: 619076 | AB52: 81845343 | AC52: 47527638
B53: 40330 | C53: 284810 | D53: 37328950 | E53: 21677022 | F53: 120331 | G53: 15721099 | H53: 9129284.5 | I53: 405141 | J53: 53050049 | K53: 30806307 | L53: 125671 | M53: 17142658 | N53: 9954787.8 | O53: 89759 | P53: 11950564 | Q53: 6939724.6 | R53: 215430 | S53: 29093222 | T53: 16894512 | U53: 410481 | V53: 54471608 | W53: 31631810 | X53: 210090 | Y53: 27671662 | Z53: 16069009 | AA53: 620571 | AB53: 82143270 | AC53: 47700819
B54: 40360 | C54: 285566 | D54: 37629027 | E54: 21991648 | F54: 120293 | G54: 15839365 | H54: 9257048.5 | I54: 405859 | J54: 53468392 | K54: 31248697 | L54: 125791 | M54: 17214740 | N54: 10060864 | O54: 89862 | P54: 12047003 | Q54: 7040667.3 | R54: 215653 | S54: 29261744 | T54: 17101531 | U54: 411357 | V54: 54843768 | W54: 32052512 | X54: 210155 | Y54: 27886368 | Z54: 16297716 | AA54: 621512 | AB54: 82730136 | AC54: 48350228
B55: 40391 | C55: 286679 | D55: 37911906 | E55: 22135190 | F55: 120325 | G55: 15827652 | H55: 9241110 | I55: 407004 | J55: 53739559 | K55: 31376300 | L55: 126047 | M55: 17132542 | N55: 10002981 | O55: 89942 | P55: 11987805 | Q55: 6999182.2 | R55: 215989 | S55: 29120347 | T55: 17002163 | U55: 412726 | V55: 55044448 | W55: 32138171 | X55: 210267 | Y55: 27815457 | Z55: 16240292 | AA55: 622993 | AB55: 82859905 | AC55: 48378463
B56: 40422 | C56: 286024 | D56: 37140083 | E56: 21771278 | F56: 119687 | G56: 15518068 | H56: 9096591.5 | I56: 405711 | J56: 52658151 | K56: 30867870 | L56: 126265 | M56: 17119923 | N56: 10035589 | O56: 90028 | P56: 11999042 | Q56: 7033761.2 | R56: 216293 | S56: 29118964 | T56: 17069350 | U56: 412289 | V56: 54260006 | W56: 31806867 | X56: 209715 | Y56: 27517109 | Z56: 16130353 | AA56: 622004 | AB56: 81777115 | AC56: 47937220
B57: 40452 | C57: 286401 | D57: 37545089 | E57: 22030269 | F57: 119515 | G57: 15683414 | H57: 9202530.4 | I57: 405916 | J57: 53228502 | K57: 31232799 | L57: 126450 | M57: 17096815 | N57: 10031869 | O57: 90089 | P57: 11964982 | Q57: 7020672.5 | R57: 216539 | S57: 29061797 | T57: 17052542 | U57: 412851 | V57: 54641903 | W57: 32062138 | X57: 209604 | Y57: 27648396 | Z57: 16223203 | AA57: 622455 | AB57: 82290299 | AC57: 48285341
B58: 40483 | C58: 286938 | D58: 37781420 | E58: 22184544 | F58: 119528 | G58: 15735200 | H58: 9239415.6 | I58: 406466 | J58: 53516620 | K58: 31423960 | L58: 126434 | M58: 17094985 | N58: 10037856 | O58: 90074 | P58: 11940216 | Q58: 7011072 | R58: 216508 | S58: 29035201 | T58: 17048928 | U58: 413372 | V58: 54876405 | W58: 32222400 | X58: 209602 | Y58: 27675416 | Z58: 16250488 | AA58: 622974 | AB58: 82551821 | AC58: 48472888
B59: 40513 | C59: 287654 | D59: 37866271 | E59: 22260578 | F59: 119464 | G59: 15670069 | H59: 9212018.5 | I59: 407118 | J59: 53536340 | K59: 31472596 | L59: 126415 | M59: 16983340 | N59: 9984055.7 | O59: 89975 | P59: 11899794 | Q59: 6995573.8 | R59: 216390 | S59: 28883134 | T59: 16979629 | U59: 414069 | V59: 54849611 | W59: 32244633 | X59: 209439 | Y59: 27569863 | Z59: 16207592 | AA59: 623508 | AB59: 82419475 | AC59: 48452226
B60: Promedio 2010 | C60: 284569.67 | D60: 37456679 | F60: 119969.58 | G60: 15741845 | I60: 404539.25 | J60: 53198524 | L60: 125529.75 | M60: 17086920 | O60: 89731.417 | P60: 11962527 | R60: 215261.17 | S60: 29049447 | U60: 410099.42 | V60: 54543599 | X60: 209701 | Y60: 27704371 | AA60: 619800.42 | AB60: 82247971
B61: 40544 | C61: 288408 | D61: 38249759 | E61: 22546889 | F61: 119753 | G61: 15802721 | H61: 9315148.8 | I61: 408161 | J61: 54052480 | K61: 31862037 | L61: 126319 | M61: 16778456 | N61: 9890309.8 | O61: 89864 | P61: 11769289 | Q61: 6937582 | R61: 216183 | S61: 28547744 | T61: 16827892 | U61: 414727 | V61: 55028215 | W61: 32437199 | X61: 209617 | Y61: 27572010 | Z61: 16252731 | AA61: 624344 | AB61: 82600224 | AC61: 48689929
B62: 40575 | C62: 288069 | D62: 37426510 | E62: 22112374 | F62: 119558 | G62: 15517123 | H62: 9167844.3 | I62: 407627 | J62: 52943633 | K62: 31280218 | L62: 126149 | M62: 16638714 | N62: 9830503.9 | O62: 89724 | P62: 11698287 | Q62: 6911595.2 | R62: 215873 | S62: 28337001 | T62: 16742099 | U62: 414218 | V62: 54065224 | W62: 31942877 | X62: 209282 | Y62: 27215410 | Z62: 16079439 | AA62: 623500 | AB62: 81280634 | AC62: 48022317
B63: 40603 | C63: 288568 | D63: 37434273 | E63: 22286086 | F63: 119590 | G63: 15490802 | H63: 9222280.2 | I63: 408158 | J63: 52925075 | K63: 31508366 | L63: 126230 | M63: 16696861 | N63: 9940294.3 | O63: 89738 | P63: 11697263 | Q63: 6963837.8 | R63: 215968 | S63: 28394124 | T63: 16904132 | U63: 414798 | V63: 54131134 | W63: 32226380 | X63: 209328 | Y63: 27188065 | Z63: 16186118 | AA63: 624126 | AB63: 81319200 | AC63: 48412498
B64: 40634 | C64: 285145 | D64: 36187270 | E64: 21612411 | F64: 118210 | G64: 15003250 | H64: 8960510.6 | I64: 403355 | J64: 51190520 | K64: 30572922 | L64: 126017 | M64: 16679841 | N64: 9961834.5 | O64: 89436 | P64: 11638371 | Q64: 6950877.1 | R64: 215453 | S64: 28318212 | T64: 16912712 | U64: 411162 | V64: 52867111 | W64: 31574246 | X64: 207646 | Y64: 26641621 | Z64: 15911388 | AA64: 618808 | AB64: 79508732 | AC64: 47485634
B65: 40664 | C65: 287109 | D65: 37638638 | E65: 22569105 | F65: 119022 | G65: 15635923 | H65: 9375705.4 | I65: 406131 | J65: 53274561 | K65: 31944811 | L65: 125967 | M65: 16433360 | N65: 9853869.5 | O65: 89387 | P65: 11529560 | Q65: 6913423.6 | R65: 215354 | S65: 27962920 | T65: 16767293 | U65: 413076 | V65: 54071998 | W65: 32422975 | X65: 208409 | Y65: 27165483 | Z65: 16289129 | AA65: 621485 | AB65: 81237481 | AC65: 48712104
B66: 40695 | C66: 287551 | D66: 36926435 | E66: 22179626 | F66: 119061 | G66: 15274706 | H66: 9174653.9 | I66: 406612 | J66: 52201141 | K66: 31354280 | L66: 126043 | M66: 16496534 | N66: 9908537.3 | O66: 89400 | P66: 11526049 | Q66: 6923047 | R66: 215443 | S66: 28022583 | T66: 16831584 | U66: 413594 | V66: 53422969 | W66: 32088163 | X66: 208461 | Y66: 26800754 | Z66: 16097701 | AA66: 622055 | AB66: 80223723 | AC66: 48185864
B67: 40725 | C67: 286810 | D67: 37950546 | E67: 22823693 | F67: 118793 | G67: 15724300 | H67: 9456691.4 | I67: 405603 | J67: 53674846 | K67: 32280384 | L67: 125405 | M67: 16774337 | N67: 10088190 | O67: 88825 | P67: 11781779 | Q67: 7085634.8 | R67: 214230 | S67: 28556117 | T67: 17173825 | U67: 412215 | V67: 54724883 | W67: 32911883 | X67: 207618 | Y67: 27506080 | Z67: 16542326 | AA67: 619833 | AB67: 82230963 | AC67: 49454209
B68: 40756 | C68: 287169 | D68: 37963451 | E68: 22868475 | F68: 118828 | G68: 15714952 | H68: 9466393.8 | I68: 405997 | J68: 53678403 | K68: 32334869 | L68: 125477 | M68: 16801631 | N68: 10120989 | O68: 89066 | P68: 11849692 | Q68: 7138033.2 | R68: 214543 | S68: 28651323 | T68: 17259023 | U68: 412646 | V68: 54765082 | W68: 32989464 | X68: 207894 | Y68: 27564643 | Z68: 16604427 | AA68: 620540 | AB68: 82329725 | AC68: 49593891
B69: 40787 | C69: 287346 | D69: 37845943 | E69: 22910999 | F69: 118398 | G69: 15605187 | H69: 9446994.6 | I69: 405744 | J69: 53451130 | K69: 32357994 | L69: 125589 | M69: 17040194 | N69: 10315713 | O69: 89260 | P69: 12007765 | Q69: 7269204.4 | R69: 214849 | S69: 29047959 | T69: 17584917 | U69: 412935 | V69: 54886137 | W69: 33226712 | X69: 207658 | Y69: 27612952 | Z69: 16716199 | AA69: 620593 | AB69: 82499089 | AC69: 49942911
B70: 40817 | C70: 285805 | D70: 37279685 | E70: 22677749 | F70: 117820 | G70: 15329271 | H70: 9325007.9 | I70: 403625 | J70: 52608955 | K70: 32002757 | L70: 125210 | M70: 16666717 | N70: 10138595 | O70: 89136 | P70: 11781529 | Q70: 7166867.5 | R70: 214346 | S70: 28448246 | T70: 17305463 | U70: 411015 | V70: 53946402 | W70: 32816344 | X70: 206956 | Y70: 27110799 | Z70: 16491875 | AA70: 617971 | AB70: 81057201 | AC70: 49308220
B71: 40848 | C71: 284570 | D71: 36558249 | E71: 22309456 | F71: 117123 | G71: 15053401 | H71: 9186249.3 | I71: 401693 | J71: 51611650 | K71: 31495705 | L71: 124897 | M71: 16463123 | N71: 10046524 | O71: 88970 | P71: 11622801 | Q71: 7092746 | R71: 213867 | S71: 28085924 | T71: 17139270 | U71: 409467 | V71: 53021372 | W71: 32355980 | X71: 206093 | Y71: 26676202 | Z71: 16278995 | AA71: 615560 | AB71: 79697574 | AC71: 48634975
B72: 40878 | C72: 287245 | D72: 38341989 | E72: 23540515 | F72: 117871 | G72: 15638270 | H72: 9601300.1 | I72: 405116 | J72: 53980259 | K72: 33141815 | L72: 124792 | M72: 16504750 | N72: 10133285 | O72: 89009 | P72: 11661129 | Q72: 7159487.1 | R72: 213801 | S72: 28165879 | T72: 17292772 | U72: 412037 | V72: 54846739 | W72: 33673801 | X72: 206880 | Y72: 27299399 | Z72: 16760787 | AA72: 618917 | AB72: 82146138 | AC72: 50434588
B73: Promedio 2011 | C73: 286982.92 | D73: 37483562 | F73: 118668.92 | G73: 15482492 | I73: 405651.83 | J73: 52966054 | L73: 125674.58 | M73: 16664543 | O73: 89317.917 | P73: 11713626 | R73: 214992.5 | S73: 28378169 | U73: 412657.5 | V73: 54148105 | X73: 207986.83 | Y73: 27196118 | AA73: 620644.33 | AB73: 81344224
B74: 40909 | C74: 287462 | D74: 37254026 | E74: 22892679 | F74: 117685 | G74: 15239152 | H74: 9364491.6 | I74: 405147 | J74: 52493178 | K74: 32257171 | L74: 123692 | M74: 16226166 | N74: 9971013.6 | O74: 88526 | P74: 11496474 | Q74: 7064607.8 | R74: 212218 | S74: 27722639 | T74: 17035621 | U74: 411154 | V74: 53480192 | W74: 32863693 | X74: 206211 | Y74: 26735626 | Z74: 16429099 | AA74: 617365 | AB74: 80215817 | AC74: 49292792
B75: 40940 | C75: 288141 | D75: 37353969 | E75: 23043247 | F75: 117647 | G75: 15222428 | H75: 9390546.2 | I75: 405788 | J75: 52576397 | K75: 32433793 | L75: 123321 | M75: 16000499 | N75: 9870529.2 | O75: 88158 | P75: 11367789 | Q75: 7012662.1 | R75: 211479 | S75: 27368287 | T75: 16883191 | U75: 411462 | V75: 53354467 | W75: 32913776 | X75: 205805 | Y75: 26590217 | Z75: 16403208 | AA75: 617267 | AB75: 79944684 | AC75: 49316984
B76: 40969 | C76: 288041 | D76: 37247286 | E76: 23014934 | F76: 117683 | G76: 15213905 | H76: 9400605 | I76: 405724 | J76: 52461191 | K76: 32415539 | L76: 123408 | M76: 16154414 | N76: 9981741.2 | O76: 88567 | P76: 11566075 | Q76: 7146626.9 | R76: 211975 | S76: 27720489 | T76: 17128368 | U76: 411449 | V76: 53401699 | W76: 32996675 | X76: 206250 | Y76: 26779980 | Z76: 16547232 | AA76: 617699 | AB76: 80181680 | AC76: 49543907
B77: 41000 | C77: 288120 | D77: 37188543 | E77: 22990288 | F77: 117158 | G77: 15110976 | H77: 9341739.5 | I77: 405278 | J77: 52299518 | K77: 32332027 | L77: 122653 | M77: 16119000 | N77: 9964909.2 | O77: 88182 | P77: 11511048 | Q77: 7116232.4 | R77: 210835 | S77: 27630048 | T77: 17081142 | U77: 410773 | V77: 53307543 | W77: 32955197 | X77: 205340 | Y77: 26622024 | Z77: 16457972 | AA77: 616113 | AB77: 79929566 | AC77: 49413169
B78: 41030 | C78: 288068 | D78: 37038487 | E78: 22904546 | F78: 117009 | G78: 15044092 | H78: 9303244.3 | I78: 405077 | J78: 52082579 | K78: 32207791 | L78: 122948 | M78: 16243406 | N78: 10044898 | O78: 88223 | P78: 11492352 | Q78: 7106853.7 | R78: 211171 | S78: 27735758 | T78: 17151752 | U78: 411016 | V78: 53281893 | W78: 32949445 | X78: 205232 | Y78: 26536444 | Z78: 16410098 | AA78: 616248 | AB78: 79818337 | AC78: 49359543
B79: 41061 | C79: 288374 | D79: 37274991 | E79: 22982536 | F79: 117073 | G79: 15118353 | H79: 9321480.1 | I79: 405447 | J79: 52393344 | K79: 32304016 | L79: 123076 | M79: 16308588 | N79: 10055340 | O79: 88439 | P79: 11589534 | Q79: 7145726 | R79: 211515 | S79: 27898121 | T79: 17201066 | U79: 411450 | V79: 53583579 | W79: 33037876 | X79: 205512 | Y79: 26707887 | Z79: 16467206 | AA79: 616962 | AB79: 80291465 | AC79: 49505082
B80: 41091 | C80: 288929 | D80: 38322395 | E80: 23625224 | F80: 117059 | G80: 15538426 | H80: 9579223.8 | I80: 405988 | J80: 53860821 | K80: 33204448 | L80: 122827 | M80: 16687985 | N80: 10287911 | O80: 88350 | P80: 11890005 | Q80: 7330022.9 | R80: 211177 | S80: 28577990 | T80: 17617934 | U80: 411756 | V80: 55010380 | W80: 33913135 | X80: 205409 | Y80: 27428431 | Z80: 16909247 | AA80: 617165 | AB80: 82438811 | AC80: 50822382
B81: 41122 | C81: 287830 | D81: 38149857 | E81: 23570870 | F81: 116045 | G81: 15384567 | H81: 9505346.7 | I81: 403875 | J81: 53534424 | K81: 33076216 | L81: 116667 | M81: 15601783 | N81: 9639553.3 | O81: 81780 | P81: 10857744 | Q81: 6708451.2 | R81: 198447 | S81: 26459526 | T81: 16348005 | U81: 404497 | V81: 53751640 | W81: 33210423 | X81: 197825 | Y81: 26242311 | Z81: 16213798 | AA81: 602322 | AB81: 79993950 | AC81: 49424221
B82: 41153 | C82: 287533 | D82: 37609966 | E82: 23415891 | F82: 115611 | G82: 15102100 | H82: 9402537.6 | I82: 403144 | J82: 52712066 | K82: 32818429 | L82: 116640 | M82: 15710145 | N82: 9781105.7 | O82: 81736 | P82: 10862831 | Q82: 6763177.2 | R82: 198376 | S82: 26572976 | T82: 16544283 | U82: 404173 | V82: 53320112 | W82: 33196997 | X82: 197347 | Y82: 25964931 | Z82: 16165715 | AA82: 601520 | AB82: 79285042 | AC82: 49362712
B83: 41183 | C83: 288146 | D83: 37809619 | E83: 23671707 | F83: 115666 | G83: 15182990 | H83: 9505710.8 | I83: 403812 | J83: 52992610 | K83: 33177418 | L83: 115891 | M83: 15152757 | N83: 9486782.3 | O83: 81467 | P83: 10608377 | Q83: 6641653.9 | R83: 197358 | S83: 25761134 | T83: 16128436 | U83: 404037 | V83: 52962376 | W83: 33158490 | X83: 197133 | Y83: 25791368 | Z83: 16147365 | AA83: 601170 | AB83: 78753744 | AC83: 49305855
B84: 41214 | C84: 288062 | D84: 37685242 | E84: 23487576 | F84: 115528 | G84: 15107688 | H84: 9415966.4 | I84: 403590 | J84: 52792930 | K84: 32903543 | L84: 115087 | M84: 15610431 | N84: 9729304.2 | O84: 81174 | P84: 10873206 | Q84: 6776797.3 | R84: 196261 | S84: 26483636 | T84: 16506102 | U84: 403149 | V84: 53295673 | W84: 33216881 | X84: 196702 | Y84: 25980894 | Z84: 16192764 | AA84: 599851 | AB84: 79276566 | AC84: 49409644
B85: 41244 | C85: 290081 | D85: 38445397 | E85: 23954987 | F85: 116042 | G85: 15342115 | H85: 9559536.2 | I85: 406123 | J85: 53787512 | K85: 33514523 | L85: 114101 | M85: 15248237 | N85: 9501041.5 | O85: 80753 | P85: 10683433 | Q85: 6656752.8 | R85: 194854 | S85: 25931670 | T85: 16157794 | U85: 404182 | V85: 53693634 | W85: 33456029 | X85: 196795 | Y85: 26025548 | Z85: 16216289 | AA85: 600977 | AB85: 79719182 | AC85: 49672317
B86: Promedio 2012 | C86: 288232.25 | D86: 37614982 | F86: 116683.83 | G86: 15217233 | I86: 404916.08 | J86: 52832214 | L86: 120025.92 | M86: 15921951 | O86: 85446.25 | P86: 11233239 | R86: 205472.17 | S86: 27155190 | U86: 408258.17 | V86: 53536932 | X86: 202130.08 | Y86: 26450472 | AA86: 610388.25 | AB86: 79987404
B87: 41275 | C87: 291117 | D87: 38169363 | E87: 23825270 | F87: 116175 | G87: 15205055 | H87: 9490976.8 | I87: 407292 | J87: 53374418 | K87: 33316247 | L87: 114577 | M87: 15428746 | N87: 9630604.3 | O87: 80974 | P87: 10761724 | Q87: 6717455 | R87: 195551 | S87: 26190470 | T87: 16348059 | U87: 405694 | V87: 53598109 | W87: 33455874 | X87: 197149 | Y87: 25966779 | Z87: 16208432 | AA87: 602843 | AB87: 79564888 | AC87: 49664306
B88: 41306 | C88: 291221 | D88: 37885241 | E88: 23675656 | F88: 116163 | G88: 15123660 | H88: 9451241.7 | I88: 407384 | J88: 53008900 | K88: 33126898 | L88: 114575 | M88: 15311213 | N88: 9568449.8 | O88: 81066 | P88: 10750490 | Q88: 6718313.4 | R88: 195641 | S88: 26061704 | T88: 16286763 | U88: 405796 | V88: 53196454 | W88: 33244106 | X88: 197229 | Y88: 25874150 | Z88: 16169555 | AA88: 603025 | AB88: 79070604 | AC88: 49413661
B89: 41334 | C89: 290983 | D89: 37749803 | E89: 23681560 | F89: 116050 | G89: 15055211 | H89: 9444575.6 | I89: 407033 | J89: 52805014 | K89: 33126135 | L89: 114606 | M89: 15290984 | N89: 9592483.4 | O89: 81057 | P89: 10701127 | Q89: 6713131.1 | R89: 195663 | S89: 25992111 | T89: 16305615 | U89: 405589 | V89: 53040788 | W89: 33274043 | X89: 197107 | Y89: 25756338 | Z89: 16157707 | AA89: 602696 | AB89: 78797125 | AC89: 49431750
B90: 41365 | C90: 291102 | D90: 37983234 | E90: 23712735 | F90: 116061 | G90: 15163529 | H90: 9466512.3 | I90: 407163 | J90: 53146763 | K90: 33179247 | L90: 114367 | M90: 15183778 | N90: 9479153.6 | O90: 81062 | P90: 10672641 | Q90: 6662874.1 | R90: 195429 | S90: 25856419 | T90: 16142028 | U90: 405469 | V90: 53167012 | W90: 33191888 | X90: 197123 | Y90: 25836170 | Z90: 16129386 | AA90: 602592 | AB90: 79003182 | AC90: 49321275
B91: 41395 | C91: 287944 | D91: 37404012 | E91: 23349134 | F91: 115158 | G91: 14919809 | H91: 9313563 | I91: 403102 | J91: 52323821 | K91: 32662697 | L91: 113862 | M91: 15136896 | N91: 9449077.6 | O91: 80923 | P91: 10641389 | Q91: 6642796.1 | R91: 194785 | S91: 25778285 | T91: 16091874 | U91: 401806 | V91: 52540908 | W91: 32798212 | X91: 196081 | Y91: 25561199 | Z91: 15956359 | AA91: 597887 | AB91: 78102106 | AC91: 48754571
B92: 41426 | C92: 287746 | D92: 37121676 | E92: 23321257 | F92: 114755 | G92: 14768230 | H92: 9277966.9 | I92: 402501 | J92: 51889905 | K92: 32599223 | L92: 113747 | M92: 15026704 | N92: 9440350.3 | O92: 80780 | P92: 10574502 | Q92: 6643306.9 | R92: 194527 | S92: 25601207 | T92: 16083657 | U92: 401493 | V92: 52148380 | W92: 32761607 | X92: 195535 | Y92: 25342732 | Z92: 15921274 | AA92: 597028 | AB92: 77491112 | AC92: 48682881
B93: 41456 | C93: 286900 | D93: 37335450 | E93: 23516711 | F93: 113823 | G93: 14780144 | H93: 9309660.8 | I93: 400723 | J93: 52115594 | K93: 32826372 | L93: 113259 | M93: 15150473 | N93: 9542922.4 | O93: 80448 | P93: 10671380 | Q93: 6721648.4 | R93: 193707 | S93: 25821854 | T93: 16264571 | U93: 400159 | V93: 52485924 | W93: 33059634 | X93: 194271 | Y93: 25451524 | Z93: 16031309 | AA93: 594430 | AB93: 77937448 | AC93: 49090943
B94: 41487 | C94: 286299 | D94: 37388036 | E94: 23606505 | F94: 112889 | G94: 14719036 | H94: 9293481.1 | I94: 399188 | J94: 52107072 | K94: 32899986 | L94: 112410 | M94: 14865307 | N94: 9385835.5 | O94: 79869 | P94: 10489956 | Q94: 6623273.9 | R94: 192279 | S94: 25355264 | T94: 16009109 | U94: 398709 | V94: 52253343 | W94: 32992340 | X94: 192758 | Y94: 25208993 | Z94: 15916755 | AA94: 591467 | AB94: 77462336 | AC94: 48909095
B95: 41518 | C95: 287419 | D95: 38469494 | E95: 24419699 | F95: 112931 | G95: 15372164 | H95: 9757955.5 | I95: 400350 | J95: 53841658 | K95: 34177654 | L95: 110949 | M95: 14766588 | N95: 9373547.6 | O95: 78807 | P95: 10259016 | Q95: 6512227 | R95: 189756 | S95: 25025604 | T95: 15885775 | U95: 398368 | V95: 53236082 | W95: 33793246 | X95: 191738 | Y95: 25631180 | Z95: 16270183 | AA95: 590106 | AB95: 78867262 | AC95: 50063429
B96: 41548 | C96: 287421 | D96: 37648780 | E96: 23932815 | F96: 112713 | G96: 14804083 | H96: 9410753.8 | I96: 400134 | J96: 52452863 | K96: 33343569 | L96: 110059 | M96: 14571951 | N96: 9263190.2 | O96: 77668 | P96: 10135946 | Q96: 6443282.8 | R96: 187727 | S96: 24707897 | T96: 15706473 | U96: 397480 | V96: 52220730 | W96: 33196005 | X96: 190381 | Y96: 24940030 | Z96: 15854037 | AA96: 587861 | AB96: 77160760 | AC96: 49050042
B97: 41579 | C97: 288032 | D97: 37585485 | E97: 23981533 | F97: 112717 | G97: 14701487 | H97: 9380328.5 | I97: 400749 | J97: 52286971 | K97: 33361862 | L97: 109706 | M97: 14464752 | N97: 9229279 | O97: 77463 | P97: 10027201 | Q97: 6397886.4 | R97: 187169 | S97: 24491953 | T97: 15627165 | U97: 397738 | V97: 52050236 | W97: 33210812 | X97: 190180 | Y97: 24728688 | Z97: 15778215 | AA97: 587918 | AB97: 76778924 | AC97: 48989027
B98: 41609 | C98: 288459 | D98: 37395893 | E98: 24003442 | F98: 112309 | G98: 14564901 | H98: 9348827.4 | I98: 400768 | J98: 51960794 | K98: 33352270 | L98: 109144 | M98: 14193701 | N98: 9110564.2 | O98: 77638 | P98: 9848403.8 | Q98: 6321431.9 | R98: 186782 | S98: 24042105 | T98: 15431996 | U98: 397603 | V98: 51589594 | W98: 33114006 | X98: 189947 | Y98: 24413304 | Z98: 15670259 | AA98: 587550 | AB98: 76002898 | AC98: 48784266
B99: Promedio 2013 | C99: 288720.25 | D99: 37678039 | F99: 114312 | G99: 14931442 | I99: 403032.25 | J99: 52609481 | L99: 112605.08 | M99: 14949258 | O99: 79812.917 | P99: 10461148 | R99: 192418 | S99: 25410406 | U99: 401325.33 | V99: 52627297 | X99: 194124.92 | Y99: 25392591 | AA99: 595450.25 | AB99: 78019887
B100: 41640 | C100: 287495 | D100: 37157706 | E100: 23893250 | F100: 111320 | G100: 14377777 | H100: 9245237.3 | I100: 398815 | J100: 51535482 | K100: 33138487 | L100: 108852 | M100: 14427417 | N100: 9277157.5 | O100: 77061 | P100: 10033736 | Q100: 6451920.3 | R100: 185913 | S100: 24461153 | T100: 15729078 | U100: 396347 | V100: 51585123 | W100: 33170407 | X100: 188381 | Y100: 24411512 | Z100: 15697158 | AA100: 584728 | AB100: 75996635 | AC100: 48867565
B101: 41671 | C101: 285935 | D101: 36687033 | E101: 23705404 | F101: 111117 | G101: 14264863 | H101: 9217271.9 | I101: 397052 | J101: 50951896 | K101: 32922676 | L101: 107883 | M101: 14110433 | N101: 9117486.1 | O101: 75818 | P101: 9734513.7 | Q101: 6289976.8 | R101: 183701 | S101: 23844946 | T101: 15407463 | U101: 393818 | V101: 50797465 | W101: 32822890 | X101: 186935 | Y101: 23999377 | Z101: 15507249 | AA101: 580753 | AB101: 74796842 | AC101: 48330139
B102: 41699 | C102: 286445 | D102: 36527780 | E102: 23800129 | F102: 111073 | G102: 14160315 | H102: 9226329.2 | I102: 397518 | J102: 50688095 | K102: 33026459 | L102: 107894 | M102: 14128009 | N102: 9205279.7 | O102: 75876 | P102: 9780820.3 | Q102: 6372815.1 | R102: 183770 | S102: 23908829 | T102: 15578095 | U102: 394339 | V102: 50655789 | W102: 33005409 | X102: 186949 | Y102: 23941135 | Z102: 15599144 | AA102: 581288 | AB102: 74596924 | AC102: 48604553
B103: 41730 | C103: 287373 | D103: 36352430 | E103: 23832960 | F103: 111174 | G103: 14087015 | H103: 9235565.9 | I103: 398547 | J103: 50439446 | K103: 33068525 | L103: 107871 | M103: 13991852 | N103: 9173175.8 | O103: 75651 | P103: 9553387.2 | Q103: 6263281.1 | R103: 183522 | S103: 23545239 | T103: 15436457 | U103: 395244 | V103: 50344282 | W103: 33006135 | X103: 186825 | Y103: 23640403 | Z103: 15498847 | AA103: 582069 | AB103: 73984685 | AC103: 48504982
B104: 41760 | C104: 287751 | D104: 36301835 | E104: 23880145 | F104: 111202 | G104: 14042895 | H104: 9237725 | I104: 398953 | J104: 50344730 | K104: 33117870 | L104: 107839 | M104: 13817054 | N104: 9089161.9 | O104: 75719 | P104: 9550361.8 | Q104: 6282437.9 | R104: 183558 | S104: 23367416 | T104: 15371600 | U104: 395590 | V104: 50118889 | W104: 32969307 | X104: 186921 | Y104: 23593257 | Z104: 15520163 | AA104: 582511 | AB104: 73712146 | AC104: 48489470
B105: 41791 | C105: 288957 | D105: 36651555 | E105: 24122681 | F105: 111355 | G105: 14121760 | H105: 9294413.7 | I105: 400312 | J105: 50773316 | K105: 33417094 | L105: 107906 | M105: 13892051 | N105: 9143227.3 | O105: 75992 | P105: 9685759 | Q105: 6374803.7 | R105: 183898 | S105: 23577810 | T105: 15518031 | U105: 396863 | V105: 50543606 | W105: 33265908 | X105: 187347 | Y105: 23807519 | Z105: 15669217 | AA105: 584210 | AB105: 74351126 | AC105: 48935125
...

Sheet DINAMICA APS
A1: PERIODO | B1: (Varios elementos) | I1: PERIODO | J1: (Varios elementos) | O1: PERIODO | P1: (Varios elementos)
A3: Etiquetas de fila | B3: Suma de APS VEJEZ MUJER n | C3: Suma de APS VEJEZ HOMBRE n | D3: Suma de APS INVALIDEZ MUJER N | E3: Suma de APS INVALIDEZ HOMBRE N | F3: Suma de APS TOTAL MUJER N | G3: Suma de APS TOTAL HOMBRE N | I3: Etiquetas de fila | J3: Suma de APS VEJEZ MUJER nom | K3: Suma de APS VEJEZ HOMBRE nom | L3: Suma de APS INVALIDEZ MUJER nom | M3: Suma de APS INVALIDEZ HOMBRE nom | O3: Etiquetas de fila | P3: Suma de PBSV_MUJER REAL | Q3: Suma de PBSV_HOMBRE REAL | R3: Suma de PBSI_MUJER REAL | S3: Suma de PBSI_HOMBRE REAL
A4: 2022 | B4: 327413 | C4: 190531 | D4: 137530 | E4: 139864 | F4: 464943 | G4: 330395 | I4: 2022 | J4: 69469277 | K4: 40636216 | L4: 22985157 | M4: 22214073 | O4: 2022 | P4: 69114843 | Q4: 40428576 | R4: 22868011 | S4: 22101174
A5: oct | B5: 109393 | C5: 63815 | D5: 45739 | E5: 46381 | F5: 155132 | G5: 110196 | I5: oct | J5: 23196046 | K5: 13590242 | L5: 7659976.5 | M5: 7378442.3 | O5: oct | P5: 22907040 | Q5: 13420918 | R5: 7564538.8 | S5: 7286512.4
A6: nov | B6: 109031 | C6: 63526 | D6: 45910 | E6: 46666 | F6: 154941 | G6: 110192 | I6: nov | J6: 23133194 | K6: 13546987 | L6: 7675227.2 | M6: 7413824.5 | O6: nov | P6: 23067766 | Q6: 13508672 | R6: 7653519.1 | S6: 7392855.8
A7: dic | B7: 108989 | C7: 63190 | D7: 45881 | E7: 46817 | F7: 154870 | G7: 110007 | I7: dic | J7: 23140038 | K7: 13498987 | L7: 7649953.3 | M7: 7421805.9 | O7: dic | P7: 23140038 | Q7: 13498987 | R7: 7649953.3 | S7: 7421805.9
A11: PERIODO | B11: (Varios elementos)
A13: Etiquetas de fila | B13: Suma de APS VEJEZ MUJER n | C13: Suma de APS VEJEZ HOMBRE n | D13: Suma de APS INVALIDEZ MUJER N | E13: Suma de APS INVALIDEZ HOMBRE N | F13: Suma de APS TOTAL MUJER N | G13: Suma de APS TOTAL HOMBRE N
A14: 2022 | B14: 2017877 | C14: 1478761 | D14: 540602 | E14: 538156 | F14: 2558479 | G14: 2016917
A17: PERIODO | B17: (Varios elementos)
A19: Etiquetas de fila | B19: Promedio de APS VEJEZ MUJER n | C19: Promedio de APS VEJEZ HOMBRE n | D19: Promedio de APS INVALIDEZ MUJER N | E19: Promedio de APS INVALIDEZ HOMBRE N | F19: Promedio de APS TOTAL MUJER N | G19: Promedio de APS TOTAL HOMBRE N
A20: 2022 | B20: 168156.42 | C20: 123230.08 | D20: 45050.167 | E20: 44846.333 | F20: 213206.58 | G20: 168076.42
A23: PERIODO | B23: (Varios elementos)
A25: Etiquetas de fila | B25: Suma de APS VEJEZ MUJER nom | C25: Suma de APS VEJEZ HOMBRE nom | D25: Suma de APS INVALIDEZ MUJER nom | E25: Suma de APS INVALIDEZ HOMBRE nom | F25: Suma de APS TOTAL MUJER nom | G25: Suma de APS TOTAL HOMBRE nom
A26: 2022 | B26: 3.6244601e+08 | C26: 2.505165e+08 | D26: 89129737 | E26: 84667893 | F26: 4.5157575e+08 | G26: 3.3518439e+08
A29: PERIODO | B29: (Varios elementos)
A31: Etiquetas de fila | B31: Promedio de APS VEJEZ MUJER nom | C31: Promedio de APS VEJEZ HOMBRE nom | D31: Promedio de APS INVALIDEZ MUJER nom | E31: Promedio de APS INVALIDEZ HOMBRE nom | F31: Promedio de APS TOTAL MUJER nom | G31: Promedio de APS TOTAL HOMBRE nom
A32: 2022 | B32: 30203834 | C32: 20876375 | D32: 7427478.1 | E32: 7055657.8 | F32: 37631312 | G32: 27932033
A35: PERIODO | B35: (Varios elementos)
A37: Etiquetas de fila | B37: Suma de PBSV_MUJER REAL | C37: Suma de PBSV_HOMBRE REAL | D37: Suma de PBSI_MUJER REAL | E37: Suma de PBSI_HOMBRE REAL
A38: 2022 | B38: 3.4085177e+08 | C38: 2.344632e+08 | D38: 85046490 | E38: 80830616
A42: PERIODO | B42: (Varios elementos)
A44: Etiquetas de fila | B44: Promedio de PBSV_MUJER REAL | C44: Promedio de PBSV_HOMBRE REAL | D44: Promedio de PBSI_MUJER REAL | E44: Promedio de PBSI_HOMBRE REAL
A45: 2022 | B45: 28404314 | C45: 19538600 | D45: 7087207.5 | E45: 6735884.7
A51: Etiquetas de fila | B51: Promedio de APS VEJEZ MUJER n | C51: Promedio de APS VEJEZ HOMBRE n | D51: Promedio de APS INVALIDEZ MUJER N | E51: Promedio de APS INVALIDEZ HOMBRE N
A52: 2008 | B52: 2920.6667 | C52: 1116 | D52: 286.33333 | E52: 290.33333
A53: 2009 | B53: 35080.083 | C53: 24939.75 | D53: 2213.8333 | E53: 1769.75
A54: 2010 | B54: 184671.58 | C54: 128661.83 | D54: 8050.9167 | E54: 5922.9167
A55: 2011 | B55: 232153.67 | C55: 168868.75 | D55: 12883.083 | E55: 9283.4167
A56: 2012 | B56: 279628 | C56: 203893.75 | D56: 19231.417 | E56: 14584.75
A57: 2013 | B57: 327092.08 | C57: 237763.33 | D57: 26607.083 | E57: 21058.833
A58: 2014 | B58: 354831.83 | C58: 258135.42 | D58: 33075.25 | E58: 26998.167
A59: 2015 | B59: 385388.58 | C59: 279293.17 | D59: 35497.583 | E59: 29292.083
A60: 2016 | B60: 409696.25 | C60: 297461.08 | D60: 35477.75 | E60: 29444.667
A61: 2017 | B61: 434014.42 | C61: 315115.08 | D61: 35236.417 | E61: 29440.417
A62: 2018 | B62: 472783.58 | C62: 343894.42 | D62: 35802.167 | E62: 30349.5
A63: 2019 | B63: 513930.5 | C63: 376625 | D63: 36751.75 | E63: 31642.25
... A90: dic | B90: 108989 | C90: 63190 | D90: 45881 | E90: 46817
A94: Etiquetas de fila | B94: Promedio de PBSV_MUJER REAL | C94: Promedio de PBSV_HOMBRE REAL | D94: Promedio de PBSI_MUJER REAL | E94: Promedio de PBSI_HOMBRE REAL
A95: 2008 | B95: 156325.61 | C95: 77435.604 | D95: 15483.202 | E95: 15243.679
A96: 2009 | B96: 772303.77 | C96: 553043.4 | D96: 120809.27 | E96: 93245.042
A97: 2010 | B97: 3418827.3 | C97: 2476323.7 | D97: 396627.09 | E97: 287837.13
A98: 2011 | B98: 6247614.2 | C98: 4603741 | D98: 662081.86 | E98: 475799.92
A99: 2012 | B99: 8655068.7 | C99: 6361345.6 | D99: 999427.58 | E99: 752510.09
A100: 2013 | B100: 10274152 | C100: 7549289.3 | D100: 1394976.8 | E100: 1080341.7
A101: 2014 | B101: 12384537 | C101: 9088379 | D101: 1873609.1 | E101: 1487596.9
A102: 2015 | B102: 15028398 | C102: 10934865 | D102: 2145117.5 | E102: 1726456.1
A103: 2016 | B103: 17693062 | C103: 12778833 | D103: 2309466.3 | E103: 1870817.1
A104: 2017 | B104: 22026093 | C104: 15785832 | D104: 2656108.7 | E104: 2170783.9
A105: 2018 | B105: 25758209 | C105: 18313835 | D105: 2811976 | E105: 2328781.1
A106: 2019 | B106: 31325044 | C106: 22124351 | D106: 3077999.3 | E106: 2588562.3
... A133: dic | B133: 23140038 | C133: 13498987 | D133: 7649953.3 | E133: 7421805.9

Sheet 1.4
B2: PAGOS APORTE PREVISIONAL SOLIDARIO (APS)
B4: Resumen trimestral de beneficios pagados, por tipo de beneficio y sexo
B5: (julio 2023 a septiembre 2023)
D7: APS Vejez | G7: APS Invalidez | J7: APS Total
B8: Periodo | C8: Sexo Beneficiarios | D8: N° | E8: Monto nominal M$ * | F8: Monto real M$ ** | G8: N° | H8: Monto nominal M$ * | I8: Monto real M$ ** | J8: N° | K8: Monto nominal M$ * | L8: Monto real M$ **
B9: 45108 | C9: Mujeres | D9: 107603 | E9: 25329300 | F9: 25528060 | G9: 47071 | H9: 8333096.5 | I9: 8398486.8 | J9: 154674 | K9: 33662396 | L9: 33926547
C10: Hombres | D10: 61709 | E10: 14707933 | F10: 14823347 | G10: 49165 | H10: 8270074.9 | I10: 8334970.7 | J10: 110874 | K10: 22978008 | L10: 23158318
C11: Total | D11: 169312 | E11: 40037232 | F11: 40351407 | G11: 96236 | H11: 16603171 | I11: 16733458 | J11: 265548 | K11: 56640404 | L11: 57084865
B12: 45139 | C12: Mujeres | D12: 107495 | E12: 25328349 | F12: 25498683 | G12: 47164 | H12: 8347020.6 | I12: 8403154.5 | J12: 154659 | K12: 33675370 | L12: 33901838
C13: Hombres | D13: 61425 | E13: 14670727 | F13: 14769388 | G13: 49448 | H13: 8312011.6 | I13: 8367910.1 | J13: 110873 | K13: 22982738 | L13: 23137298
C14: Total | D14: 168920 | E14: 39999076 | F14: 40268071 | G14: 96612 | H14: 16659032 | I14: 16771065 | J14: 265532 | K14: 56658108 | L14: 57039136
B15: 45170 | C15: Mujeres | D15: 107346 | E15: 25293121 | F15: 25293121 | G15: 47248 | H15: 8349348.3 | I15: 8349348.3 | J15: 154594 | K15: 33642470 | L15: 33642470
C16: Hombres | D16: 61168 | E16: 14619374 | F16: 14619374 | G16: 49763 | H16: 8344374.8 | I16: 8344374.8 | J16: 110931 | K16: 22963749 | L16: 22963749
C17: Total | D17: 168514 | E17: 39912496 | F17: 39912496 | G17: 97011 | H17: 16693723 | I17: 16693723 | J17: 265525 | K17: 56606219 | L17: 56606219
B18: Fuente: Elaboración propia con datos de la Superintendencia de Pensiones
B19: Nota 1: La Pensión Garantizada Universal (PGU) es un nuevo beneficio generado a partir de la ley 21.419 del 29-01-2022. El concepto de PGU No Contributiva o Contributiva está relacionado con la calidad de la persona que está recibiendo el beneficio, si es No Contributiva quiere decir que no estaba afiliado a un sistema previsional (D.L. 3.500 o antiguo Sistema de Reparto) ni recibe pensión de sobrevivencia, si es Contributiva quiere decir que si estaba afiliado a un sistema previsional o que recibe una pensión de sobrevivencia. De manera automática, en febrero 2022, los PBS de Vejez pasaron a ser PGU No Contributiva y los APS Vejez Subsidio Definido, los Beneficio artículo 9° bis y los APS Vejez con una Pensión Final Garantizada inferior o igual al monto de la PGU pasaron a ser PGU Contributiva (Fuente: Superintendencia de Pensiones). Nota 2: Para los APS de Vejez, en aquellos casos en que este beneficio superaba el monto de la PGU se mantuvo el beneficio.
B20: * Montos nominales de cada periodo de pago. ** Montos deflactados a septiembre 2023
B22: Serie resumen de pagos de beneficios acumulado, por tipo de beneficio y sexo
B23: (julio 2008 a septiembre 2023)
C25: APS Vejez | L25: APS Invalidez | U25: APS Total
C26: Mujeres | F26: Hombres | I26: Total | L26: Mujeres | O26: Hombres | R26: Total | U26: Mujeres | X26: Hombres | AA26: Total
B27: Periodo | C27: N° Beneficios | D27: Monto real M$ * | E27: Monto nominal M$** | F27: N° Beneficios | G27: Monto real M$ * | H27: Monto nominal M$** | I27: N° Beneficios | J27: Monto real M$ * | K27: Monto nominal M$** | L27: N° Beneficios | M27: Monto real M$ * | N27: Monto nominal M$** | O27: N° Beneficios | P27: Monto real M$ * | Q27: Monto nominal M$** | R27: N° Beneficios | S27: Monto real M$ * | T27: Monto nominal M$** | U27: N° Beneficios | V27: Monto real M$ * | W27: Monto nominal M$** | X27: N° Beneficios | Y27: Monto real M$ * | Z27: Monto nominal M$** | AA27: N° Beneficios | AB27: Monto real M$ * | AC27: Monto nominal M$**
B28: 39630
B29: 39661
B30: 39692
B31: 39722 | C31: 2444 | D31: 657365.14 | E31: 385553.92 | F31: 955 | G31: 326838.35 | H31: 191695.3 | I31: 3399 | J31: 984203.49 | K31: 577249.22 | L31: 217 | M31: 60234.082 | N31: 35328.138 | O31: 229 | P31: 61248.516 | Q31: 35923.118 | R31: 446 | S31: 121482.6 | T31: 71251.256 | U31: 2661 | V31: 717599.22 | W31: 420882.06 | X31: 1184 | Y31: 388086.86 | Z31: 227618.42 | AA31: 3845 | AB31: 1105686.1 | AC31: 648500.47
B32: 39753 | C32: 3067 | D32: 329411.92 | E32: 192967.99 | F32: 1159 | G32: 146218.4 | H32: 85654.067 | I32: 4226 | J32: 475630.31 | K32: 278622.06 | L32: 290 | M32: 35030.578 | N32: 20520.752 | O32: 294 | P32: 33520.768 | Q32: 19636.312 | R32: 584 | S32: 68551.346 | T32: 40157.064 | U32: 3357 | V32: 364442.49 | W32: 213488.74 | X32: 1453 | Y32: 179739.17 | Z32: 105290.38 | AA32: 4810 | AB32: 544181.66 | AC32: 318779.12
B33: 39783 | C33: 3251 | D33: 343011.09 | E33: 198565.28 | F33: 1234 | G33: 186026.16 | H33: 107688.46 | I33: 4485 | J33: 529037.25 | K33: 306253.75 | L33: 352 | M33: 36515.178 | N33: 21138.228 | O33: 348 | P33: 34943.56 | Q33: 20228.436 | R33: 700 | S33: 71458.738 | T33: 41366.664 | U33: 3603 | V33: 379526.27 | W33: 219703.51 | X33: 1582 | Y33: 220969.72 | Z33: 127916.9 | AA33: 5185 | AB33: 600495.99 | AC33: 347620.41
B34: Promedio 2008 | C34: 2920.6667 | D34: 443262.72 | F34: 1116 | G34: 219694.3 | I34: 4036.6667 | J34: 662957.02 | L34: 286.33333 | M34: 43926.613 | O34: 290.33333 | P34: 43237.615 | R34: 576.66667 | S34: 87164.227 | U34: 3207 | V34: 487189.33 | X34: 1406.3333 | Y34: 262931.92 | AA34: 4613.3333 | AB34: 750121.25
B35: 39814 | C35: 4434 | D35: 672879.42 | E35: 386551.68 | F35: 1765 | G35: 339245.49 | H35: 194887.69 | I35: 6199 | J35: 1012124.9 | K35: 581439.38 | L35: 468 | M35: 66214.843 | N35: 38038.701 | O35: 481 | P35: 76048.499 | Q35: 43687.88 | R35: 949 | S35: 142263.34 | T35: 81726.581 | U35: 4902 | V35: 739094.26 | W35: 424590.39 | X35: 2246 | Y35: 415293.99 | Z35: 238575.57 | AA35: 7148 | AB35: 1154388.2 | AC35: 663165.96
B36: 39845 | C36: 5048 | D36: 520215.4 | E36: 297761.34 | F36: 2132 | G36: 273142.1 | H36: 156341.31 | I36: 7180 | J36: 793357.51 | K36: 454102.65 | L36: 596 | M36: 82319.543 | N36: 47118.131 | O36: 584 | P36: 76497.588 | Q36: 43785.755 | R36: 1180 | S36: 158817.13 | T36: 90903.886 | U36: 5644 | V36: 602534.95 | W36: 344879.47 | X36: 2716 | Y36: 349639.69 | Z36: 200127.07 | AA36: 8360 | AB36: 952174.64 | AC36: 545006.54
B37: 39873 | C37: 5703 | D37: 575473.2 | E37: 330681.51 | F37: 2584 | G37: 351568.92 | H37: 202020.43 | I37: 8287 | J37: 927042.12 | K37: 532701.94 | L37: 787 | M37: 107849.63 | N37: 61973.136 | O37: 703 | P37: 82561.53 | Q37: 47441.952 | R37: 1490 | S37: 190411.16 | T37: 109415.09 | U37: 6490 | V37: 683322.83 | W37: 392654.65 | X37: 3287 | Y37: 434130.46 | Z37: 249462.38 | AA37: 9777 | AB37: 1117453.3 | AC37: 642117.03
B38: 39904 | C38: 6499 | D38: 826587.25 | E38: 474237.54 | F38: 3131 | G38: 490737.24 | H38: 281550.46 | I38: 9630 | J38: 1317324.5 | K38: 755788 | L38: 1119 | M38: 190469.76 | N38: 109278.13 | O38: 922 | P38: 138923.22 | Q38: 79704.356 | R38: 2041 | S38: 329392.97 | T38: 188982.48 | U38: 7618 | V38: 1017057 | W38: 583515.67 | X38: 4053 | Y38: 629660.46 | Z38: 361254.82 | AA38: 11671 | AB38: 1646717.5 | AC38: 944770.49
B39: 39934 | C39: 7208 | D39: 760425.3 | E39: 435187.42 | F39: 3842 | G39: 578663.33 | H39: 331166 | I39: 11050 | J39: 1339088.6 | K39: 766353.42 | L39: 1372 | M39: 180578.96 | N39: 103344.39 | O39: 1125 | P39: 145916.91 | Q39: 83507.484 | R39: 2497 | S39: 326495.87 | T39: 186851.88 | U39: 8580 | V39: 941004.25 | W39: 538531.82 | X39: 4967 | Y39: 724580.24 | Z39: 414673.48 | AA39: 13547 | AB39: 1665584.5 | AC39: 953205.3
B40: 39965 | C40: 7817 | D40: 765946.07 | E40: 439866.07 | F40: 4373 | G40: 532405.8 | H40: 305749 | I40: 12190 | J40: 1298351.9 | K40: 745615.06 | L40: 1674 | M40: 214103.54 | N40: 122954.98 | O40: 1346 | P40: 164473.27 | Q40: 94453.398 | R40: 3020 | S40: 378576.8 | T40: 217408.37 | U40: 9491 | V40: 980049.6 | W40: 562821.04 | X40: 5719 | Y40: 696879.07 | Z40: 400202.4 | AA40: 15210 | AB40: 1676928.7 | AC40: 963023.44
B41: 39995 | C41: 8395 | D41: 1110843.4 | E41: 635123.79 | F41: 4882 | G41: 741967.23 | H41: 424219.13 | I41: 13277 | J41: 1852810.7 | K41: 1059342.9 | L41: 2118 | M41: 388950.62 | N41: 222382.19 | O41: 1670 | P41: 302569.74 | Q41: 172993.99 | R41: 3788 | S41: 691520.36 | T41: 395376.18 | U41: 10513 | V41: 1499794.1 | W41: 857505.98 | X41: 6552 | Y41: 1044537 | Z41: 597213.12 | AA41: 17065 | AB41: 2544331 | AC41: 1454719.1
B42: 40026 | C42: 9052 | D42: 1293754.8 | E42: 737039.57 | F42: 5603 | G42: 1016815.6 | H42: 579269.98 | I42: 14655 | J42: 2310570.4 | K42: 1316309.5 | L42: 2469 | M42: 404598.11 | N42: 230495.62 | O42: 1969 | P42: 315675.43 | Q42: 179837.23 | R42: 4438 | S42: 720273.55 | T42: 410332.85 | U42: 11521 | V42: 1698352.9 | W42: 967535.19 | X42: 7572 | Y42: 1332491 | Z42: 759107.21 | AA42: 19093 | AB42: 3030844 | AC42: 1726642.4
B43: 40057 | C43: 12193 | D43: 1664721.9 | E43: 957691.03 | F43: 15010 | G43: 1720497 | H43: 989777.64 | I43: 27203 | J43: 3385219 | K43: 1947468.7 | L43: 2777 | M43: 418637.28 | N43: 240836.12 | O43: 2203 | P43: 324035.81 | Q43: 186413.22 | R43: 4980 | S43: 742673.09 | T43: 427249.34 | U43: 14970 | V43: 2083359.2 | W43: 1198527.1 | X43: 17213 | Y43: 2044532.8 | Z43: 1176190.9 | AA43: 32183 | AB43: 4127892.1 | AC43: 2374718
B44: 40087 | C44: 98877 | D44: 8189336.6 | E44: 4711096.3 | F44: 70157 | G44: 5173557.2 | H44: 2976202.8 | I44: 169034 | J44: 13362894 | K44: 7687299.1 | L44: 3876 | M44: 751525.91 | N44: 432331.84 | O44: 3042 | P44: 564151.94 | Q44: 324540.83 | R44: 6918 | S44: 1315677.8 | T44: 756872.66 | U44: 102753 | V44: 8940862.6 | W44: 5143428.1 | X44: 73199 | Y44: 5737709.1 | Z44: 3300743.6 | AA44: 175952 | AB44: 14678572 | AC44: 8444171.7
B45: 40118 | C45: 118191 | D45: 4958791.5 | E45: 2839653.3 | F45: 85364 | G45: 3702088.6 | H45: 2120002 | I45: 203555 | J45: 8660880.2 | K45: 4959655.3 | L45: 4342 | M45: 662187.46 | N45: 379201.82 | O45: 3394 | P45: 505360.08 | Q45: 289394.59 | R45: 7736 | S45: 1167547.5 | T45: 668596.41 | U45: 122533 | V45: 5620979 | W45: 3218855.1 | X45: 88758 | Y45: 4207448.7 | Z45: 2409396.6 | AA45: 211291 | AB45: 9828427.7 | AC45: 5628251.7
B46: 40148 | C46: 137544 | D46: 5975353.2 | E46: 3411337.3 | F46: 100434 | G46: 4645196.2 | H46: 2651948.8 | I46: 237978 | J46: 10620549 | K46: 6063286.1 | L46: 4968 | M46: 810103.69 | N46: 462489.3 | O46: 3798 | P46: 605307.47 | Q46: 345570.86 | R46: 8766 | S46: 1415411.2 | T46: 808060.16 | U46: 142512 | V46: 6785456.9 | W46: 3873826.6 | X46: 104232 | Y46: 5250503.6 | Z46: 2997519.7 | AA46: 246744 | AB46: 12035961 | AC46: 6871346.3
B47: Promedio 2009 | C47: 35080.083 | D47: 2276194 | F47: 24939.75 | G47: 1630490.4 | I47: 60019.833 | J47: 3906684.4 | L47: 2213.8333 | M47: 356461.61 | O47: 1769.75 | P47: 275126.79 | R47: 3983.5833 | S47: 631588.4 | U47: 37293.917 | V47: 2632655.6 | X47: 26709.5 | Y47: 1905617.2 | AA47: 64003.417 | AB47: 4538272.8
B48: 40179 | C48: 147468 | D48: 5632030.7 | E48: 3231997.5 | F48: 103465 | G48: 4147192.1 | H48: 2379907.9 | I48: 250933 | J48: 9779222.8 | K48: 5611905.4 | L48: 5495 | M48: 821634.86 | N48: 471503.43 | O48: 4172 | P48: 613282.66 | Q48: 351938.42 | R48: 9667 | S48: 1434917.5 | T48: 823441.85 | U48: 152963 | V48: 6453665.6 | W48: 3703500.9 | X48: 107637 | Y48: 4760474.8 | Z48: 2731846.3 | AA48: 260600 | AB48: 11214140 | AC48: 6435347.3
B49: 40210 | C49: 157189 | D49: 6055058.2 | E49: 3484520.1 | F49: 108163 | G49: 4356258.9 | H49: 2506907.6 | I49: 265352 | J49: 10411317 | K49: 5991427.7 | L49: 5997 | M49: 830475.21 | N49: 477915.72 | O49: 4576 | P49: 634599.56 | Q49: 365194.66 | R49: 10573 | S49: 1465074.8 | T49: 843110.38 | U49: 163186 | V49: 6885533.4 | W49: 3962435.8 | X49: 112739 | Y49: 4990858.4 | Z49: 2872102.3 | AA49: 275925 | AB49: 11876392 | AC49: 6834538
B50: 40238 | C50: 167854 | D50: 6931436.6 | E50: 3992205.8 | F50: 115920 | G50: 5358257.7 | H50: 3086123.2 | I50: 283774 | J50: 12289694 | K50: 7078329 | L50: 6477 | M50: 955362.55 | N50: 550247.24 | O50: 4862 | P50: 700948.92 | Q50: 403716.07 | R50: 11339 | S50: 1656311.5 | T50: 953963.31 | U50: 174331 | V50: 7886799.2 | W50: 4542453 | X50: 120782 | Y50: 6059206.6 | Z50: 3489839.3 | AA50: 295113 | AB50: 13946006 | AC50: 8032292.3
B51: 40269 | C51: 172340 | D51: 6106579.2 | E51: 3533380 | F51: 118241 | G51: 4475306.6 | H51: 2589495.4 | I51: 290581 | J51: 10581886 | K51: 6122875.3 | L51: 6887 | M51: 953224.59 | N51: 551553.42 | O51: 5130 | P51: 696394.4 | Q51: 402946.71 | R51: 12017 | S51: 1649619 | T51: 954500.14 | U51: 179227 | V51: 7059803.8 | W51: 4084933.4 | X51: 123371 | Y51: 5171701 | Z51: 2992442.1 | AA51: 302598 | AB51: 12231505 | AC51: 7077375.5
B52: 40299 | C52: 177041 | D52: 6332849.6 | E52: 3677489.5 | F52: 120927 | G52: 4781074 | H52: 2776372.4 | I52: 297968 | J52: 11113924 | K52: 6453861.9 | L52: 7424 | M52: 1046795.2 | N52: 607874.6 | O52: 5506 | P52: 753290.36 | Q52: 437436.15 | R52: 12930 | S52: 1800085.6 | T52: 1045310.7 | U52: 184465 | V52: 7379644.9 | W52: 4285364.1 | X52: 126433 | Y52: 5534364.3 | Z52: 3213808.6 | AA52: 310898 | AB52: 12914009 | AC52: 7499172.7
B53: 40330 | C53: 183571 | D53: 6722294.6 | E53: 3903654.6 | F53: 125869 | G53: 4842725.5 | H53: 2812183.8 | I53: 309440 | J53: 11565020 | K53: 6715838.4 | L53: 8152 | M53: 1270239.8 | N53: 737631.7 | O53: 6003 | P53: 894427.16 | Q53: 519396.27 | R53: 14155 | S53: 2164667 | T53: 1257028 | U53: 191723 | V53: 7992534.4 | W53: 4641286.3 | X53: 131872 | Y53: 5737152.6 | Z53: 3331580 | AA53: 323595 | AB53: 13729687 | AC53: 7972866.4
B54: 40360 | C54: 187484 | D54: 11939783 | E54: 6978003.9 | F54: 129748 | G54: 8583243.6 | H54: 5016331.4 | I54: 317232 | J54: 20523026 | K54: 11994335 | L54: 8702 | M54: 1241431.9 | N54: 725533.89 | O54: 6395 | P54: 908284.53 | Q54: 530831.52 | R54: 15097 | S54: 2149716.5 | T54: 1256365.4 | U54: 196186 | V54: 13181215 | W54: 7703537.8 | X54: 136143 | Y54: 9491528.1 | Z54: 5547163 | AA54: 332329 | AB54: 22672743 | AC54: 13250701
B55: 40391 | C55: 192848 | D55: 12739188 | E55: 7437883.7 | F55: 133983 | G55: 8965597.8 | H55: 5234640.8 | I55: 326831 | J55: 21704786 | K55: 12672524 | L55: 9142 | M55: 1269824.8 | N55: 741398.03 | O55: 6680 | P55: 933202.6 | Q55: 544858.3 | R55: 15822 | S55: 2203027.4 | T55: 1286256.3 | U55: 201990 | V55: 14009013 | W55: 8179281.7 | X55: 140663 | Y55: 9898800.4 | Z55: 5779499.1 | AA55: 342653 | AB55: 23907813 | AC55: 13958781
B56: 40422 | C56: 198415 | D56: 12384559 | E56: 7259748.7 | F56: 138718 | G56: 8817723.8 | H56: 5168893 | I56: 337133 | J56: 21202282 | K56: 12428642 | L56: 9139 | M56: 1188677.4 | N56: 696795.04 | O56: 6646 | P56: 854043.43 | Q56: 500634.77 | R56: 15785 | S56: 2042720.8 | T56: 1197429.8 | U56: 207554 | V56: 13573236 | W56: 7956543.8 | X56: 145364 | Y56: 9671767.2 | Z56: 5669527.8 | AA56: 352918 | AB56: 23245003 | AC56: 13626072
B57: 40452 | C57: 204343 | D57: 13476089 | E57: 7907342 | F57: 143664 | G57: 9656889.9 | H57: 5666357.1 | I57: 348007 | J57: 23132979 | K57: 13573699 | L57: 9374 | M57: 1253718.2 | N57: 735642.11 | O57: 6792 | P57: 895833.1 | Q57: 525646.49 | R57: 16166 | S57: 2149551.3 | T57: 1261288.6 | U57: 213717 | V57: 14729807 | W57: 8642984.1 | X57: 150456 | Y57: 10552723 | Z57: 6192003.6 | AA57: 364173 | AB57: 25282530 | AC57: 14834988
B58: 40483 | C58: 211646 | D58: 14280699 | E58: 8385359.8 | F58: 150888 | G58: 10337504 | H58: 6069989.4 | I58: 362534 | J58: 24618203 | K58: 14455349 | L58: 9728 | M58: 1352783 | N58: 794328.91 | O58: 7036 | P58: 969993.36 | Q58: 569561.98 | R58: 16764 | S58: 2322776.4 | T58: 1363890.9 | U58: 221374 | V58: 15633482 | W58: 9179688.7 | X58: 157924 | Y58: 11307498 | Z58: 6639551.4 | AA58: 379298 | AB58: 26940980 | AC58: 15819240
B59: 40513 | C59: 215860 | D59: 14120877 | E59: 8301289.3 | F59: 154356 | G59: 10237471 | H59: 6018338.3 | I59: 370216 | J59: 24358348 | K59: 14319628 | L59: 10094 | M59: 1395632.9 | N59: 820455.6 | O59: 7277 | P59: 1002607.7 | Q59: 589406.51 | R59: 17371 | S59: 2398240.6 | T59: 1409862.1 | U59: 225954 | V59: 15516510 | W59: 9121744.9 | X59: 161633 | Y59: 11240079 | Z59: 6607744.8 | AA59: 387587 | AB59: 26756589 | AC59: 15729490
B60: Promedio 2010 | C60: 184671.58 | D60: 9726786.9 | F60: 128661.83 | G60: 7046603.8 | I60: 313333.42 | J60: 16773391 | L60: 8050.9167 | M60: 1131650 | O60: 5922.9167 | P60: 821408.98 | R60: 13973.833 | S60: 1953059 | U60: 192722.5 | V60: 10858437 | X60: 134584.75 | Y60: 7868012.8 | AA60: 327307.25 | AB60: 18726450
B61: 40544 | C61: 216052 | D61: 13791329 | E61: 8129503.8 | F61: 156801 | G61: 10454971 | H61: 6162838.2 | I61: 372853 | J61: 24246301 | K61: 14292342 | L61: 10664 | M61: 1600666.6 | N61: 943536.72 | O61: 7665 | P61: 1148380.1 | Q61: 676929.69 | R61: 18329 | S61: 2749046.7 | T61: 1620466.4 | U61: 226716 | V61: 15391996 | W61: 9073040.6 | X61: 164466 | Y61: 11603351 | Z61: 6839767.9 | AA61: 391182 | AB61: 26995347 | AC61: 15912808
B62: 40575 | C62: 221369 | D62: 14933520 | E62: 8823039.5 | F62: 159862 | G62: 10643101 | H62: 6288169.3 | I62: 381231 | J62: 25576622 | K62: 15111209 | L62: 10862 | M62: 1428090 | N62: 843745.75 | O62: 7770 | P62: 1008251.3 | Q62: 595696.18 | R62: 18632 | S62: 2436341.3 | T62: 1439441.9 | U62: 232231 | V62: 16361610 | W62: 9666785.3 | X62: 167632 | Y62: 11651353 | Z62: 6883865.5 | AA62: 399863 | AB62: 28012963 | AC62: 16550651
B63: 40603 | C63: 222893 | D63: 13759749 | E63: 8191716.3 | F63: 161524 | G63: 10148216 | H63: 6041629.8 | I63: 384417 | J63: 23907965 | K63: 14233346 | L63: 11369 | M63: 1660264.4 | N63: 988420.32 | O63: 8148 | P63: 1171576.3 | Q63: 697485.18 | R63: 19517 | S63: 2831840.8 | T63: 1685905.5 | U63: 234262 | V63: 15420013 | W63: 9180136.7 | X63: 169672 | Y63: 11319792 | Z63: 6739115 | AA63: 403934 | AB63: 26739806 | AC63: 15919252
B64: 40634 | C64: 222010 | D64: 13006744 | E64: 7768121.3 | F64: 161901 | G64: 9650351.2 | H64: 5763556.1 | I64: 383911 | J64: 22657095 | K64: 13531677 | L64: 11684 | M64: 1413929.4 | N64: 844452.33 | O64: 8406 | P64: 1007276.1 | Q64: 601583.55 | R64: 20090 | S64: 2421205.5 | T64: 1446035.9 | U64: 233694 | V64: 14420673 | W64: 8612573.6 | X64: 170307 | Y64: 10657627 | Z64: 6365139.7 | AA64: 404001 | AB64: 25078301 | AC64: 14977713
B65: 40664 | C65: 223751 | D65: 13985007 | E65: 8385773.6 | F65: 165419 | G65: 10744315 | H65: 6442570.6 | I65: 389170 | J65: 24729323 | K65: 14828344 | L65: 12497 | M65: 1894627.8 | N65: 1136068.1 | O65: 9044 | P65: 1391404 | Q65: 834321.98 | R65: 21541 | S65: 3286031.8 | T65: 1970390.1 | U65: 236248 | V65: 15879635 | W65: 9521841.6 | X65: 174463 | Y65: 12135719 | Z65: 7276892.6 | AA65: 410711 | AB65: 28015354 | AC65: 16798734
B66: 40695 | C66: 229420 | D66: 14987172 | E66: 9001948.5 | F66: 168072 | G66: 10721296 | H66: 6439677.8 | I66: 397492 | J66: 25708468 | K66: 15441626 | L66: 13001 | M66: 1806790.9 | N66: 1085237.4 | O66: 9368 | P66: 1275909.9 | Q66: 766367.07 | R66: 22369 | S66: 3082700.8 | T66: 1851604.4 | U66: 242421 | V66: 16793963 | W66: 10087186 | X66: 177440 | Y66: 11997206 | Z66: 7206044.8 | AA66: 419861 | AB66: 28791169 | AC66: 17293231
B67: 40725 | C67: 232716 | D67: 18509848 | E67: 11131937 | F67: 169626 | G67: 13426353 | H67: 8074691.9 | I67: 402342 | J67: 31936201 | K67: 19206629 | L67: 13322 | M67: 1798253.9 | N67: 1081481 | O67: 9629 | P67: 1306797.9 | Q67: 785916.33 | R67: 22951 | S67: 3105051.8 | T67: 1867397.3 | U67: 246038 | V67: 20308101 | W67: 12213418 | X67: 179255 | Y67: 14733151 | Z67: 8860608.2 | AA67: 425293 | AB67: 35041253 | AC67: 21074026
B68: 40756 | C68: 237643 | D68: 19366819 | E68: 11666211 | F68: 172104 | G68: 13979445 | H68: 8420956.9 | I68: 409747 | J68: 33346264 | K68: 20087168 | L68: 13665 | M68: 1862589.2 | N68: 1121989 | O68: 9887 | P68: 1360936.9 | Q68: 819803 | R68: 23552 | S68: 3223526.1 | T68: 1941792 | U68: 251308 | V68: 21229408 | W68: 12788200 | X68: 181991 | Y68: 15340382 | Z68: 9240759.9 | AA68: 433299 | AB68: 36569790 | AC68: 22028960
B69: 40787 | C69: 237602 | D69: 17841951 | E69: 10801077 | F69: 171862 | G69: 13007420 | H69: 7874370.7 | I69: 409464 | J69: 30849371 | K69: 18675447 | L69: 13650 | M69: 1702369.8 | N69: 1030572.6 | O69: 9861 | P69: 1216415.1 | Q69: 736387.64 | R69: 23511 | S69: 2918784.9 | T69: 1766960.3 | U69: 251252 | V69: 19544321 | W69: 11831649 | X69: 181723 | Y69: 14223835 | Z69: 8610758.3 | AA69: 432975 | AB69: 33768156 | AC69: 20442408
B70: 40817 | C70: 244518 | D70: 20271322 | E70: 12331326 | F70: 177646 | G70: 15305133 | H70: 9310324.6 | I70: 422164 | J70: 35576455 | K70: 21641651 | L70: 14421 | M70: 2111200.8 | N70: 1284272.7 | O70: 10422 | P70: 1533144.6 | Q70: 932633.14 | R70: 24843 | S70: 3644345.4 | T70: 2216905.9 | U70: 258939 | V70: 22382523 | W70: 13615599 | X70: 188068 | Y70: 16838277 | Z70: 10242958 | AA70: 447007 | AB70: 39220800 | AC70: 23858557
B71: 40848 | C71: 244805 | D71: 18807876 | E71: 11477396 | F71: 177882 | G71: 13967842 | H71: 8523793.5 | I71: 422687 | J71: 32775719 | K71: 20001189 | L71: 14395 | M71: 1788727.6 | N71: 1091560.5 | O71: 10364 | P71: 1278186.8 | Q71: 780005.96 | R71: 24759 | S71: 3066914.4 | T71: 1871566.5 | U71: 259200 | V71: 20596604 | W71: 12568956 | X71: 188246 | Y71: 15246029 | Z71: 9303799.5 | AA71: 447446 | AB71: 35842633 | AC71: 21872756
B72: 40878 | C72: 253065 | D72: 20887410 | E72: 12824071 | F72: 183726 | G72: 15428433 | H72: 9472467.8 | I72: 436791 | J72: 36315843 | K72: 22296539 | L72: 15067 | M72: 2162745.7 | N72: 1327843.2 | O72: 10837 | P72: 1557275.6 | Q72: 956107.64 | R72: 25904 | S72: 3720021.3 | T72: 2283950.8 | U72: 268132 | V72: 23050156 | W72: 14151914 | X72: 194563 | Y72: 16985708 | Z72: 10428575 | AA72: 462695 | AB72: 40035864 | AC72: 24580490
B73: Promedio 2011 | C73: 232153.67 | D73: 16679062 | F73: 168868.75 | G73: 12289740 | I73: 401022.42 | J73: 28968802 | L73: 12883.083 | M73: 1769188 | O73: 9283.4167 | P73: 1271296.2 | R73: 22166.5 | S73: 3040484.2 | U73: 245036.75 | V73: 18448250 | X73: 178152.17 | Y73: 13561036 | AA73: 423188.92 | AB73: 32009286
B74: 40909 | C74: 252071 | D74: 18345178 | E74: 11273151 | F74: 182814 | G74: 13921306 | H74: 8554672.5 | I74: 434885 | J74: 32266484 | K74: 19827824 | L74: 15016 | M74: 1846043.2 | N74: 1134397.5 | O74: 10786 | P74: 1312356.3 | Q74: 806445.77 | R74: 25802 | S74: 3158399.5 | T74: 1940843.3 | U74: 267087 | V74: 20191221 | W74: 12407549 | X74: 193600 | Y74: 15233662 | Z74: 9361118.2 | AA74: 460687 | AB74: 35424883 | AC74: 21768667
B75: 40940 | C75: 257841 | D75: 20567123 | E75: 12687629 | F75: 187623 | G75: 15279688 | H75: 9425869 | I75: 445464 | J75: 35846811 | K75: 22113498 | L75: 15866 | M75: 2320573.8 | N75: 1431536.1 | O75: 11407 | P75: 1681526.2 | Q75: 1037314.8 | R75: 27273 | S75: 4002100.1 | T75: 2468850.9 | U75: 273707 | V75: 22887697 | W75: 14119165 | X75: 199030 | Y75: 16961214 | Z75: 10463184 | AA75: 472737 | AB75: 39848911 | AC75: 24582349
B76: 40969 | C76: 266227 | D76: 21186694 | E76: 13091165 | F76: 193233 | G76: 15363624 | H76: 9493115.5 | I76: 459460 | J76: 36550318 | K76: 22584280 | L76: 16203 | M76: 2148143.6 | N76: 1327328.5 | O76: 11662 | P76: 1558395.7 | Q76: 962925.86 | R76: 27865 | S76: 3706539.3 | T76: 2290254.3 | U76: 282430 | V76: 23334838 | W76: 14418493 | X76: 204895 | Y76: 16922020 | Z76: 10456041 | AA76: 487325 | AB76: 40256857 | AC76: 24874535
B77: 41000 | C77: 268907 | D77: 20020715 | E77: 12376984 | F77: 195360 | G77: 14782369 | H77: 9138592 | I77: 464267 | J77: 34803084 | K77: 21515576 | L77: 16729 | M77: 2189230.5 | N77: 1353401.7 | O77: 12056 | P77: 1563881.9 | Q77: 966805.72 | R77: 28785 | S77: 3753112.4 | T77: 2320207.5 | U77: 285636 | V77: 22209946 | W77: 13730386 | X77: 207416 | Y77: 16346251 | Z77: 10105398 | AA77: 493052 | AB77: 38556196 | AC77: 23835784
B78: 41030 | C78: 273881 | D78: 21145746 | E78: 13076499 | F78: 198501 | G78: 15474230 | H78: 9569241.2 | I78: 472382 | J78: 36619976 | K78: 22645740 | L78: 17101 | M78: 2242208.1 | N78: 1386578.2 | O78: 12311 | P78: 1608631.1 | Q78: 994775.13 | R78: 29412 | S78: 3850839.2 | T78: 2381353.3 | U78: 290982 | V78: 23387954 | W78: 14463077 | X78: 210812 | Y78: 17082861 | Z78: 10564016 | AA78: 501794 | AB78: 40470815 | AC78: 25027093
B79: 41061 | C79: 279232 | D79: 21517285 | E79: 13266851 | F79: 201334 | G79: 15479480 | H79: 9544139.4 | I79: 480566 | J79: 36996765 | K79: 22810991 | L79: 17619 | M79: 2290991.1 | N79: 1412549.9 | O79: 12603 | P79: 1654424.2 | Q79: 1020063.6 | R79: 30222 | S79: 3945415.3 | T79: 2432613.5 | U79: 296851 | V79: 23808276 | W79: 14679401 | X79: 213937 | Y79: 17133905 | Z79: 10564203 | AA79: 510788 | AB79: 40942180 | AC79: 25243604
B80: 41091 | C80: 276215 | D80: 21708980 | E80: 13383285 | F80: 202381 | G80: 16035151 | H80: 9885448 | I80: 478596 | J80: 37744132 | K80: 23268733 | L80: 17698 | M80: 2340028.8 | N80: 1442595.3 | O80: 12634 | P80: 1680964.9 | Q80: 1036291.5 | R80: 30332 | S80: 4020993.8 | T80: 2478886.8 | U80: 293913 | V80: 24049009 | W80: 14825880 | X80: 215015 | Y80: 17716116 | Z80: 10921740 | AA80: 508928 | AB80: 41765126 | AC80: 25747620
B81: 41122 | C81: 282810 | D81: 22644149 | E81: 13990675 | F81: 207070 | G81: 16675851 | H81: 10303166 | I81: 489880 | J81: 39320000 | K81: 24293842 | L81: 23663 | M81: 3095144.2 | N81: 1912333.2 | O81: 19160 | P81: 2454885.1 | Q81: 1516749.5 | R81: 42823 | S81: 5550029.3 | T81: 3429082.7 | U81: 306473 | V81: 25739293 | W81: 15903009 | X81: 226230 | Y81: 19130736 | Z81: 11819916 | AA81: 532703 | AB81: 44870029 | AC81: 27722924
B82: 41153 | C82: 287696 | D82: 22597584 | E82: 14069212 | F82: 211511 | G82: 16772790 | H82: 10442706 | I82: 499207 | J82: 39370374 | K82: 24511918 | L82: 23918 | M82: 3074253.4 | N82: 1914024.1 | O82: 19316 | P82: 2494055.2 | Q82: 1552793.9 | R82: 43234 | S82: 5568308.6 | T82: 3466818 | U82: 311614 | V82: 25671838 | W82: 15983236 | X82: 230827 | Y82: 19266845 | Z82: 11995500 | AA82: 542441 | AB82: 44938683 | AC82: 27978736
B83: 41183 | C83: 294781 | D83: 23454686 | E83: 14684423 | F83: 216179 | G83: 17126596 | H83: 10722556 | I83: 510960 | J83: 40581282 | K83: 25406980 | L83: 22975 | M83: 2977217.6 | N83: 1863965.5 | O83: 18437 | P83: 2353306.9 | Q83: 1473349.7 | R83: 41412 | S83: 5330524.5 | T83: 3337315.2 | U83: 317756 | V83: 26431903 | W83: 16548389 | X83: 234616 | Y83: 19479903 | Z83: 12195906 | AA83: 552372 | AB83: 45911806 | AC83: 28744295
B84: 41214 | C84: 303521 | D84: 24143725 | E84: 15047736 | F84: 223185 | G84: 17843126 | H84: 11120846 | I84: 526706 | J84: 41986851 | K84: 26168582 | L84: 21524 | M84: 2743189.3 | N84: 1709710.9 | O84: 16946 | P84: 2113523.8 | Q84: 1317267.7 | R84: 38470 | S84: 4856713.1 | T84: 3026978.6 | U84: 325045 | V84: 26886914 | W84: 16757447 | X84: 240131 | Y84: 19956650 | Z84: 12438114 | AA84: 565176 | AB84: 46843564 | AC84: 29195561
B85: 41244 | C85: 312354 | D85: 24683044 | E85: 15379787 | F85: 227534 | G85: 17831137 | H85: 11110424 | I85: 539888 | J85: 42514181 | K85: 26490210 | L85: 22465 | M85: 2968926.1 | N85: 1849911.6 | O85: 17699 | P85: 2281110.7 | Q85: 1421339.9 | R85: 40164 | S85: 5250036.8 | T85: 3271251.5 | U85: 334819 | V85: 27651970 | W85: 17229698 | X85: 245233 | Y85: 20112247 | Z85: 12531764 | AA85: 580052 | AB85: 47764218 | AC85: 29761462
B86: Promedio 2012 | C86: 279628 | D86: 21834576 | F86: 203893.75 | G86: 16048779 | I86: 483521.75 | J86: 37883355 | L86: 19231.417 | M86: 2519662.5 | O86: 14584.75 | P86: 1896421.8 | R86: 33816.167 | S86: 4416084.3 | U86: 298859.42 | V86: 24354238 | X86: 218478.5 | Y86: 17945201 | AA86: 517337.92 | AB86: 42299439
B87: 41275 | C87: 316102 | D87: 24279139 | E87: 15155009 | F87: 230222 | G87: 17810907 | H87: 11117546 | I87: 546324 | J87: 42090046 | K87: 26272555 | L87: 22998 | M87: 2951664.9 | N87: 1842425.6 | O87: 18080 | P87: 2278975.7 | Q87: 1422533.9 | R87: 41078 | S87: 5230640.7 | T87: 3264959.5 | U87: 339100 | V87: 27230804 | W87: 16997435 | X87: 248302 | Y87: 20089882 | Z87: 12540080 | AA87: 587402 | AB87: 47320687 | AC87: 29537515
B88: 41306 | C88: 318370 | D88: 23902261 | E88: 14937261 | F88: 231652 | G88: 17621764 | H88: 11012384 | I88: 550022 | J88: 41524025 | K88: 25949645 | L88: 23375 | M88: 2981262 | N88: 1863082.6 | O88: 18243 | P88: 2271551.8 | Q88: 1419562.8 | R88: 41618 | S88: 5252813.7 | T88: 3282645.4 | U88: 341745 | V88: 26883523 | W88: 16800343 | X88: 249895 | Y88: 19893316 | Z88: 12431947 | AA88: 591640 | AB88: 46776839 | AC88: 29232290
B89: 41334 | C89: 320652 | D89: 24117821 | E89: 15129817 | F89: 233004 | G89: 17749979 | H89: 11135083 | I89: 553656 | J89: 41867800 | K89: 26264900 | L89: 23775 | M89: 3008450.5 | N89: 1887289.3 | O89: 18581 | P89: 2292062 | Q89: 1437877.8 | R89: 42356 | S89: 5300512.5 | T89: 3325167.1 | U89: 344427 | V89: 27126271 | W89: 17017106 | X89: 251585 | Y89: 20042041 | Z89: 12572961 | AA89: 596012 | AB89: 47168313 | AC89: 29590067
B90: 41365 | C90: 322878 | D90: 24446449 | E90: 15261791 | F90: 234782 | G90: 17901531 | H90: 11175832 | I90: 557660 | J90: 42347980 | K90: 26437623 | L90: 24167 | M90: 3059431.2 | N90: 1909986.9 | O90: 18856 | P90: 2332988.2 | Q90: 1456472.3 | R90: 43023 | S90: 5392419.3 | T90: 3366459.3 | U90: 347045 | V90: 27505880 | W90: 17171778 | X90: 253638 | Y90: 20234519 | Z90: 12632305 | AA90: 600683 | AB90: 47740399 | AC90: 29804082
B91: 41395 | C91: 323526 | D91: 24399877 | E91: 15231414 | F91: 234339 | G91: 17887812 | H91: 11166314 | I91: 557865 | J91: 42287690 | K91: 26397728 | L91: 25946 | M91: 3276724.8 | N91: 2045467.4 | O91: 20403 | P91: 2525563.7 | Q91: 1576561.5 | R91: 46349 | S91: 5802288.5 | T91: 3622028.9 | U91: 349472 | V91: 27676602 | W91: 17276882 | X91: 254742 | Y91: 20413376 | Z91: 12742875 | AA91: 604214 | AB91: 48089978 | AC91: 30019757
B92: 41426 | C92: 325229 | D92: 24327103 | E92: 15283217 | F92: 235609 | G92: 17840383 | H92: 11208011 | I92: 560838 | J92: 42167486 | K92: 26491228 | L92: 26338 | M92: 3313713.5 | N92: 2081801.6 | O92: 20883 | P92: 2583231.8 | Q92: 1622885 | R92: 47221 | S92: 5896945.2 | T92: 3704686.6 | U92: 351567 | V92: 27640816 | W92: 17365018 | X92: 256492 | Y92: 20423615 | Z92: 12830896 | AA92: 608059 | AB92: 48064431 | AC92: 30195914
B93: 41456 | C93: 327498 | D93: 24830781 | E93: 15640317 | F93: 237441 | G93: 18246704 | H93: 11493165 | I93: 564939 | J93: 43077485 | K93: 27133482 | L93: 26760 | M93: 3371252.7 | N93: 2123471.8 | O93: 21252 | P93: 2619350.2 | Q93: 1649866.3 | R93: 48012 | S93: 5990602.8 | T93: 3773338.1 | U93: 354258 | V93: 28202033 | W93: 17763789 | X93: 258693 | Y93: 20866054 | Z93: 13143031 | AA93: 612951 | AB93: 49068088 | AC93: 30906820
B94: 41487 | C94: 329632 | D94: 25430698 | E94: 16056738 | F94: 239444 | G94: 18706982 | H94: 11811438 | I94: 569076 | J94: 44137680 | K94: 27868176 | L94: 27306 | M94: 3443566.1 | N94: 2174239.9 | O94: 21757 | P94: 2698864.1 | Q94: 1704041.1 | R94: 49063 | S94: 6142430.2 | T94: 3878281 | U94: 356938 | V94: 28874264 | W94: 18230978 | X94: 261201 | Y94: 21405846 | Z94: 13515479 | AA94: 618139 | AB94: 50280110 | AC94: 31746457
B95: 41518 | C95: 331319 | D95: 25874696 | E95: 16424762 | F95: 241073 | G95: 19101953 | H95: 12125554 | I95: 572392 | J95: 44976649 | K95: 28550316 | L95: 28726 | M95: 3717059.6 | N95: 2359518.3 | O95: 22887 | P95: 2912651.9 | Q95: 1848895.7 | R95: 51613 | S95: 6629711.6 | T95: 4208414 | U95: 360045 | V95: 29591756 | W95: 18784280 | X95: 263960 | Y95: 22014605 | Z95: 13974450 | AA95: 624005 | AB95: 51606361 | AC95: 32758730
B96: 41548 | C96: 333585 | D96: 26008926 | E96: 16533519 | F96: 242881 | G96: 19153796 | H96: 12175806 | I96: 576466 | J96: 45162722 | K96: 28709326 | L96: 29640 | M96: 3958111.5 | N96: 2516117.5 | O96: 23639 | P96: 3034494.5 | Q96: 1928986.7 | R96: 53279 | S96: 6992606 | T96: 4445104.2 | U96: 363225 | V96: 29967038 | W96: 19049637 | X96: 266520 | Y96: 22188290 | Z96: 14104793 | AA96: 629745 | AB96: 52155328 | AC96: 33154430
B97: 41579 | C97: 336778 | D97: 26248501 | E97: 16747936 | F97: 245366 | G97: 19263855 | H97: 12291362 | I97: 582144 | J97: 45512357 | K97: 29039298 | L97: 30000 | M97: 3826782.1 | N97: 2441690 | O97: 23904 | P97: 2984960.6 | Q97: 1904563.2 | R97: 53904 | S97: 6811742.6 | T97: 4346253.2 | U97: 366778 | V97: 30075283 | W97: 19189626 | X97: 269270 | Y97: 22248816 | Z97: 14195925 | AA97: 636048 | AB97: 52324099 | AC97: 33385551
B98: 41609 | C98: 339536 | D98: 26332025 | E98: 16901836 | F98: 247347 | G98: 19294437 | H98: 12384593 | I98: 586883 | J98: 45626462 | K98: 29286429 | L98: 30254 | M98: 3807037 | N98: 2443637.1 | O98: 24221 | P98: 2992969.3 | Q98: 1921108.5 | R98: 54475 | S98: 6800006.3 | T98: 4364745.6 | U98: 369790 | V98: 30139062 | W98: 19345473 | X98: 271568 | Y98: 22287406 | Z98: 14305701 | AA98: 641358 | AB98: 52426468 | AC98: 33651174
B99: Promedio 2013 | C99: 327092.08 | D99: 25016523 | F99: 237763.33 | G99: 18381675 | I99: 564855.42 | J99: 43398198 | L99: 26607.083 | M99: 3392921.3 | O99: 21058.833 | P99: 2627305.3 | R99: 47665.917 | S99: 6020226.6 | U99: 353699.17 | V99: 28409444 | X99: 258822.17 | Y99: 21008981 | AA99: 612521.33 | AB99: 49418425
B100: 41640 | C100: 343977 | D100: 26465097 | E100: 17017659 | F100: 250199 | G100: 19323099 | H100: 12425192 | I100: 594176 | J100: 45788196 | K100: 29442851 | L100: 30730 | M100: 3874981.7 | N100: 2491701.4 | O100: 24692 | P100: 3059208.3 | Q100: 1967140.5 | R100: 55422 | S100: 6934190 | T100: 4458841.9 | U100: 374707 | V100: 30340079 | W100: 19509360 | X100: 274891 | Y100: 22382307 | Z100: 14392332 | AA100: 649598 | AB100: 52722386 | AC100: 33901693
B101: 41671 | C101: 345030 | D101: 26138444 | E101: 16889411 | F101: 250279 | G101: 19202407 | H101: 12407676 | I101: 595309 | J101: 45340850 | K101: 29297087 | L101: 31813 | M101: 4095348.1 | N101: 2646217.9 | O101: 25927 | P101: 3231008 | Q101: 2087722.7 | R101: 57740 | S101: 7326356.1 | T101: 4733940.6 | U101: 376843 | V101: 30233792 | W101: 19535629 | X101: 276206 | Y101: 22433415 | Z101: 14495399 | AA101: 653049 | AB101: 52667206 | AC101: 34031028
B102: 41699 | C102: 347209 | D102: 26107346 | E102: 17010566 | F102: 251731 | G102: 19171571 | H102: 12491475 | I102: 598940 | J102: 45278916 | K102: 29502041 | L102: 32148 | M102: 4094257.4 | N102: 2667664.4 | O102: 26144 | P102: 3213906.1 | Q102: 2094060.5 | R102: 58292 | S102: 7308163.6 | T102: 4761724.8 | U102: 379357 | V102: 30201603 | W102: 19678230 | X102: 277875 | Y102: 22385477 | Z102: 14585536 | AA102: 657232 | AB102: 52587080 | AC102: 34263766
B103: 41730 | C103: 348949 | D103: 26005019 | E103: 17049109 | F103: 253310 | G103: 19159186 | H103: 12560924 | I103: 602259 | J103: 45164205 | K103: 29610033 | L103: 32204 | M103: 3985197.1 | N103: 2612728.8 | O103: 26100 | P103: 3146632.8 | Q103: 2062959 | R103: 58304 | S103: 7131829.9 | T103: 4675687.8 | U103: 381153 | V103: 29990216 | W103: 19661838 | X103: 279410 | Y103: 22305819 | Z103: 14623883 | AA103: 660563 | AB103: 52296035 | AC103: 34285721
B104: 41760 | C104: 350968 | D104: 26144998 | E104: 17198754 | F104: 254716 | G104: 19211309 | H104: 12637622 | I104: 605684 | J104: 45356307 | K104: 29836376 | L104: 32394 | M104: 4000920.7 | N104: 2631893.6 | O104: 26240 | P104: 3152848.5 | Q104: 2074013 | R104: 58634 | S104: 7153769.2 | T104: 4705906.6 | U104: 383362 | V104: 30145919 | W104: 19830648 | X104: 280956 | Y104: 22364158 | Z104: 14711635 | AA104: 664318 | AB104: 52510077 | AC104: 34542282
B105: 41791 | C105: 353222 | D105: 26678770 | E105: 17558967 | F105: 256647 | G105: 19660726 | H105: 12939953 | I105: 609869 | J105: 46339496 | K105: 30498920 | L105: 32788 | M105: 4086922.6 | N105: 2689859.4 | O105: 26540 | P105: 3188808.6 | Q105: 2098754.4 | R105: 59328 | S105: 7275731.3 | T105: 4788613.7 | U105: 386010 | V105: 30765693 | W105: 20248826 | X105: 283187 | Y105: 22849534 | Z105: 15038707 | AA105: 669197 | AB105: 53615227 | AC105: 35287534
...

Sheet Hoja2
A3: -> region_codigo | B3: = | C3: 1
C5: estado_solicitud
A6: comuna | B6: A | C6: C | D6: D | E6: R | F6: T | G6: Total
A8: ALTO HOSPICIO | B8: 32 | C8: 8631 | D8: 1 | E8: 1938 | F8: 329 | G8: 10931
A9: CAMIÑA | B9: 0 | C9: 192 | D9: 0 | E9: 38 | F9: 4 | G9: 234
A10: COLCHANE | B10: 2 | C10: 137 | D10: 0 | E10: 25 | F10: 3 | G10: 167
A11: HUARA | B11: 6 | C11: 476 | D11: 1 | E11: 103 | F11: 14 | G11: 600
A12: IQUIQUE | B12: 90 | C12: 26648 | D12: 11 | E12: 6786 | F12: 678 | G12: 34213
A13: PICA | B13: 2 | C13: 876 | D13: 0 | E13: 200 | F13: 26 | G13: 1104
A14: POZO ALMONTE | B14: 9 | C14: 1589 | D14: 0 | E14: 403 | F14: 50 | G14: 2051
A15: Total | B15: =SUM(B8:B14) -> 141 | C15: =SUM(C8:C14) -> 38549 | D15: =SUM(D8:D14) -> 13 | E15: =SUM(E8:E14) -> 9493 | F15: =SUM(F8:F14) -> 1104 | G15: =SUM(G8:G14) -> 49300
A21: -> region_codigo = 2
B23: estado_solicitud
A24: comuna | B24: A | C24: C | D24: D | E24: R | F24: T | G24: Total
A26: ANTOFAGASTA | B26: 137 | C26: 41859 | D26: 18 | E26: 10946 | F26: 1282 | G26: 54242
A27: CALAMA | B27: 30 | C27: 14670 | D27: 8 | E27: 3983 | F27: 498 | G27: 19189
A28: MARIA ELENA | B28: 0 | C28: 414 | D28: 0 | E28: 130 | F28: 12 | G28: 556
A29: MEJILLONES | B29: 3 | C29: 1165 | D29: 1 | E29: 377 | F29: 59 | G29: 1605
A30: OLLAGUE | B30: 0 | C30: 37 | D30: 0 | E30: 5 | F30: 1 | G30: 43
A31: SAN PEDRO DE ATACAMA | B31: 1 | C31: 680 | D31: 0 | E31: 145 | F31: 25 | G31: 851
A32: SIERRA GORDA | B32: 0 | C32: 98 | D32: 0 | E32: 29 | F32: 2 | G32: 129
A33: TALTAL | B33: 4 | C33: 1885 | D33: 0 | E33: 570 | F33: 63 | G33: 2522
A34: TOCOPILLA | B34: 11 | C34: 4223 | D34: 7 | E34: 1046 | F34: 126 | G34: 5413
A36: Total | B36: =SUM(B26:B35) -> 186 | C36: =SUM(C26:C35) -> 65031 | D36: =SUM(D26:D35) -> 34 | E36: =SUM(E26:E35) -> 17231 | F36: =SUM(F26:F35) -> 2068 | G36: =SUM(G26:G35) -> 84550
A42: -> region_codigo | B42: = | C42: 3
C44: estado_solicitud
A45: comuna | C45: A | D45: C | E45: D | F45: R | G45: T | H45: Total
A47: ALTO DEL CARMEN | C47: 1 | D47: 962 | E47: 0 | F47: 159 | G47: 31 | H47: 1153
A48: CALDERA | C48: 9 | D48: 2524 | E48: 1 | F48: 499 | G48: 92 | H48: 3125
A49: CHAÑARAL | C49: 5 | D49: 2246 | E49: 3 | F49: 497 | G49: 44 | H49: 2795
A50: COPIAPO | C50: 67 | D50: 20329 | E50: 7 | F50: 4285 | G50: 511 | H50: 25199
A51: DIEGO DE ALMAGRO | C51: 6 | D51: 1399 | E51: 1 | F51: 380 | G51: 25 | H51: 1811
A52: FREIRINA | C52: 4 | D52: 1169 | E52: 0 | F52: 197 | G52: 13 | H52: 1383
A53: HUASCO | C53: 2 | D53: 1687 | E53: 1 | F53: 361 | G53: 43 | H53: 2094
A54: TIERRA AMARILLA | C54: 4 | D54: 1565 | E54: 1 | F54: 299 | G54: 40 | H54: 1909
A55: VALLENAR | C55: 34 | D55: 9905 | E55: 3 | F55: 1871 | G55: 198 | H55: 12011
A57: Total | C57: 132 | D57: 41786 | E57: 17 | F57: 8548 | G57: 997 | H57: 51480
A63: -> region_codigo | B63: = | C63: 4
C65: estado_solicitud
A66: comuna | B66: A | C66: C | D66: D | E66: R | F66: T | G66: Total
A68: ANDACOLLO | B68: 13 | C68: 2131 | D68: 1 | E68: 347 | F68: 52 | G68: 2544
A69: CANELA | B69: 2 | C69: 1814 | D69: 0 | E69: 241 | F69: 31 | G69: 2088
A70: COMBARBALA | B70: 3 | C70: 3132 | D70: 4 | E70: 459 | F70: 47 | G70: 3645
A71: COQUIMBO | B71: 86 | C71: 35562 | D71: 30 | E71: 7197 | F71: 906 | G71: 43781
A72: ILLAPEL | B72: 15 | C72: 6324 | D72: 3 | E72: 1147 | F72: 126 | G72: 7615
A73: LA HIGUERA | B73: 3 | C73: 731 | D73: 1 | E73: 102 | F73: 20 | G73: 857
A74: LA SERENA | B74: 89 | C74: 32734 | D74: 44 | E74: 7692 | F74: 869 | G74: 41428
A75: LOS VILOS | B75: 3 | C75: 3849 | D75: 3 | E75: 606 | F75: 88 | G75: 4549
A76: MONTE PATRIA | B76: 11 | C76: 5111 | D76: 5 | E76: 715 | F76: 107 | G76: 5949
A77: OVALLE | B77: 39 | C77: 19496 | D77: 8 | E77: 3011 | F77: 420 | G77: 22974
A78: PAIHUANO | B78: 2 | C78: 837 | D78: 1 | E78: 126 | F78: 24 | G78: 990
A79: PUNITAQUI | B79: 7 | C79: 2024 | D79: 1 | E79: 473 | F79: 56 | G79: 2561
A80: RIO HURTADO | C80: 927 | D80: 0 | E80: 84 | F80: 10 | G80: 1021
A81: SALAMANCA | B81: 10 | C81: 5212 | D81: 7 | E81: 858 | F81: 98 | G81: 6185
A82: VICUÑA | B82: 16 | C82: 4735 | D82: 13 | E82: 764 | F82: 120 | G82: 5648
A83: Total | B83: 299 | C83: 124619 | D83: 121 | E83: 23822 | F83: 2974 | G83: 151835
A91: -> region_codigo | B91: = | C91: 5
C93: estado_solicitud
A94: comuna | C94: A | D94: C | E94: D | F94: R | G94: T | H94: Total
A96: ALGARROBO | C96: 8 | D96: 2930 | E96: 1 | F96: 718 | G96: 100 | H96: 3757
A97: CABILDO | C97: 13 | D97: 3901 | E97: 1 | F97: 979 | G97: 85 | H97: 4979
A98: CALLE LARGA | C98: 5 | D98: 2004 | E98: 2 | F98: 378 | G98: 42 | H98: 2431
A99: CARTAGENA | C99: 13 | D99: 5034 | E99: 1 | F99: 862 | G99: 124 | H99: 6034
A100: CASABLANCA | C100: 13 | D100: 4521 | E100: 5 | F100: 897 | G100: 92 | H100: 5528
A101: CATEMU | C101: 3 | D101: 2676 | E101: 1 | F101: 468 | G101: 49 | H101: 3197
A102: CONCON | C102: 17 | D102: 5887 | E102: 2 | F102: 1489 | G102: 172 | H102: 7567
A103: EL QUISCO | C103: 6 | D103: 3878 | E103: 1 | F103: 920 | G103: 99 | H103: 4904
A104: EL TABO | C104: 4 | D104: 3390 | E104: 4 | F104: 696 | G104: 92 | H104: 4186
A105: HIJUELAS | C105: 6 | D105: 3345 | E105: 2 | F105: 650 | G105: 70 | H105: 4073
A106: ISLA DE PASCUA | C106: 4 | D106: 668 | E106: 0 | F106: 107 | G106: 21 | H106: 800
A107: JUAN FERNANDEZ | C107: 0 | D107: 141 | E107: 0 | F107: 18 | G107: 1 | H107: 160
... A133: ZAPALLAR | C133: 7 | D133: 1284 | E133: 0 | F133: 248 | G133: 27 | H133: 1566
A135: Total | C135: =SUM(C96:C134) -> 906 | D135: =SUM(D96:D134) -> 328125 | E135: =SUM(E96:E134) -> 237 | F135: =SUM(F96:F134) -> 66406 | G135: =SUM(G96:G134) -> 7403 | H135: =SUM(H96:H134) -> 403077
A141: -> region_codigo | B141: = | C141: 6
C143: estado_solicitud
A144: comuna | C144: A | D144: C | E144: D | F144: R | G144: T | H144: Total
A146: CHEPICA | C146: 10 | D146: 3236 | E146: 2 | F146: 704 | G146: 83 | H146: 4035
A147: CHIMBARONGO | C147: 18 | D147: 6369 | E147: 2 | F147: 1452 | G147: 146 | H147: 7987
A148: CODEGUA | C148: 5 | D148: 2111 | E148: 0 | F148: 379 | G148: 50 | H148: 2545
A149: COINCO | C149: 6 | D149: 1465 | E149: 0 | F149: 276 | G149: 26 | H149: 1773
A150: COLTAUCO | C150: 2 | D150: 3576 | E150: 1 | F150: 601 | G150: 69 | H150: 4249
A151: DOÑIHUE | C151: 7 | D151: 3428 | E151: 3 | F151: 661 | G151: 66 | H151: 4165
A152: GRANEROS | C152: 11 | D152: 4835 | E152: 1 | F152: 871 | G152: 88 | H152: 5806
A153: LA ESTRELLA | C153: 1 | D153: 771 | E153: 0 | F153: 142 | G153: 13 | H153: 927
A154: LAS CABRAS | C154: 8 | D154: 4613 | E154: 1 | F154: 817 | G154: 117 | H154: 5556
A155: LITUECHE | C155: 4 | D155: 1243 | E155: 0 | F155: 258 | G155: 33 | H155: 1538
A156: LOLOL | C156: 5 | D156: 1604 | E156: 0 | F156: 297 | G156: 41 | H156: 1947
A157: MACHALI | C157: 12 | D157: 5219 | E157: 2 | F157: 1268 | G157: 141 | H157: 6642
... A178: SANTA CRUZ | C178: 11 | D178: 7565 | E178: 5 | F178: 1496 | G178: 160 | H178: 9237
A180: Total | C180: =SUM(C146:C179) -> 404 | D180: =SUM(D146:D179) -> 157393 | E180: =SUM(E146:E179) -> 81 | F180: =SUM(F146:F179) -> 32570 | G180: =SUM(G146:G179) -> 3569 | H180: =SUM(H146:H179) -> 194017
A185: -> region_codigo | B185: = | C185: 7
C187: estado_solicitud
A188: comuna | B188: A | C188: C | D188: D | E188: R | F188: T | G188: Total
A190: CAUQUENES | B190: 27 | C190: 9982 | D190: 12 | E190: 1856 | F190: 174 | G190: 12051
A191: CHANCO | B191: 5 | C191: 1892 | D191: 0 | E191: 397 | F191: 50 | G191: 2344
A192: COLBUN | B192: 8 | C192: 3773 | D192: 1 | E192: 786 | F192: 83 | G192: 4651
A193: CONSTITUCION | B193: 33 | C193: 8007 | D193: 3 | E193: 1747 | F193: 172 | G193: 9962
A194: CUREPTO | B194: 8 | C194: 2551 | D194: 0 | E194: 610 | F194: 32 | G194: 3201
A195: CURICO | B195: 47 | C195: 25031 | D195: 16 | E195: 3837 | F195: 537 | G195: 29468
A196: EMPEDRADO | B196: 2 | C196: 706 | D196: 0 | E196: 180 | F196: 11 | G196: 899
...

Sheet II. Estado de Solicitudes
B1: Subsecretaría de Previsión Social Dirección de Estudios Previsionales
B9: II. Estado de solicitudes
B10: Trimestre JAS 2023
B12: 1. Solicitudes del Pilar No Contributivo a nivel nacional
B13: i. Resumen trimestral de número y estado de solicitudes, según tipo de beneficio y sexo
B14: ii. Serie resumen de solicitudes de beneficios, por tipo de beneficio y sexo
B15: 2. Solicitudes del Pilar No Contributivo a nivel regional y comunal
B16: i. Resumen trimestral de solicitudes por región, según tipo de beneficio y sexo
B17: ii. Número de solicitudes trimestrales por comuna, según tipo de beneficio y sexo
B18: Región de Arica y Parinacota
B19: Región de Tarapacá
B20: Región de Antofagasta
... B61: ii. Serie resumen de tasas de concesión de solicitudes por tipo de beneficio y sexo

Sheet 2.1
B2: SOLICITUDES DEL PILAR NO CONTRIBUTIVO A NIVEL NACIONAL
B4: Resumen trimestral de número y estado de solicitudes, según tipo de beneficio y sexo
B5: (julio 2023 a septiembre 2023)
B7: Tipo de beneficio | C7: Sexo Beneficiarios | D7: Estado de las solicitudes
D8: Anuladas | F8: Concedidas | H8: Desistidas | J8: Rechazadas | L8: En Trámite | N8: Total Solicitudes
D9: N° | E9: % | F9: N° | G9: % | H9: N° | I9: % | J9: N° | K9: % | L9: N° | M9: % | N9: N° | O9: %
B10: PGU No Contributiva | C10: Mujeres | D10: 6 | E10: =D10/$N10 -> 0.001147886 | F10: 2111 | G10: =F10/$N10 -> 0.40386455 | H10: 9 | I10: =H10/$N10 -> 0.001721829 | J10: 15 | K10: =J10/$N10 -> 0.0028697149 | L10: 3086 | M10: =L10/$N10 -> 0.59039602 | N10: 5227 | O10: =SUM(D10,F10,H10,J10,L10)/$N10 -> 1
C11: Hombres | D11: 9 | E11: =D11/$N11 -> 0.002078042 | F11: 792 | G11: =F11/$N11 -> 0.1828677 | I11: =H11/$N11 -> 0 | J11: 19 | K11: =J11/$N11 -> 0.0043869776 | L11: 3511 | M11: =L11/$N11 -> 0.81066728 | N11: 4331 | O11: =SUM(D11,F11,H11,J11,L11)/$N11 -> 1
C12: Ambos | D12: 15 | E12: =D12/$N12 -> 0.001569366 | F12: 2903 | G12: =F12/$N12 -> 0.30372463 | H12: 9 | I12: =H12/$N12 -> 0.00094161959 | J12: 34 | K12: =J12/$N12 -> 0.0035572295 | L12: 6597 | M12: =L12/$N12 -> 0.69020716 | N12: 9558 | O12: =SUM(D12,F12,H12,J12,L12)/$N12 -> 1
B13: PGU Contributiva | C13: Mujeres | D13: 13 | E13: =D13/$N13 -> 0.00041721493 | F13: 20335 | G13: =F13/$N13 -> 0.65262043 | H13: 8 | I13: =H13/$N13 -> 0.00025674765 | J13: 1594 | K13: =J13/$N13 -> 0.051156969 | L13: 9209 | M13: =L13/$N13 -> 0.29554864 | N13: 31159 | O13: =SUM(D13,F13,H13,J13,L13)/$N13 -> 1
C14: Hombres | D14: 15 | E14: =D14/$N14 -> 0.00057438254 | F14: 17349 | G14: =F14/$N14 -> 0.66433084 | I14: =H14/$N14 -> 0 | J14: 2434 | K14: =J14/$N14 -> 0.09320314 | L14: 6317 | M14: =L14/$N14 -> 0.24189163 | N14: 26115 | O14: =SUM(D14,F14,H14,J14,L14)/$N14 -> 1
C15: Ambos | D15: 28 | E15: =D15/$N15 -> 0.00048887802 | F15: 37684 | G15: =F15/$N15 -> 0.65795998 | H15: 8 | I15: =H15/$N15 -> 0.00013967944 | J15: 4028 | K15: =J15/$N15 -> 0.070328596 | L15: 15526 | M15: =L15/$N15 -> 0.27108286 | N15: 57274 | O15: =SUM(D15,F15,H15,J15,L15)/$N15 -> 1
B16: PBS Invalidez | C16: Mujeres | D16: 19 | E16: =D16/$N16 -> 0.0035283194 | F16: 247 | G16: =F16/$N16 -> 0.045868152 | H16: 3 | I16: =H16/$N16 -> 0.00055710306 | J16: 26 | K16: =J16/$N16 -> 0.0048282266 | L16: 5090 | M16: =L16/$N16 -> 0.9452182 | N16: 5385 | O16: =SUM(D16,F16,H16,J16,L16)/$N16 -> 1
C17: Hombres | D17: 2 | E17: =D17/$N17 -> 0.0008583691 | F17: 207 | G17: =F17/$N17 -> 0.088841202 | H17: 1 | I17: =H17/$N17 -> 0.00042918455 | J17: 4 | K17: =J17/$N17 -> 0.0017167382 | L17: 2116 | M17: =L17/$N17 -> 0.90815451 | N17: 2330 | O17: =SUM(D17,F17,H17,J17,L17)/$N17 -> 1
C18: Ambos | D18: 21 | E18: =D18/$N18 -> 0.0027219702 | F18: 454 | G18: =F18/$N18 -> 0.058846403 | H18: 4 | I18: =H18/$N18 -> 0.00051847051 | J18: 30 | K18: =J18/$N18 -> 0.0038885288 | L18: 7206 | M18: =L18/$N18 -> 0.93402463 | N18: 7715 | O18: =SUM(D18,F18,H18,J18,L18)/$N18 -> 1
B19: APS Invalidez | C19: Mujeres | D19: 2 | E19: =D19/$N19 -> 0.001352265 | F19: 620 | G19: =F19/$N19 -> 0.41920216 | I19: =H19/$N19 -> 0 | J19: 62 | K19: =J19/$N19 -> 0.041920216 | L19: 795 | M19: =L19/$N19 -> 0.53752535 | N19: 1479 | O19: =SUM(D19,F19,H19,J19,L19)/$N19 -> 1
C20: Hombres | D20: 5 | E20: =D20/$N20 -> 0.0021815009 | F20: 1120 | G20: =F20/$N20 -> 0.4886562 | I20: =H20/$N20 -> 0 | J20: 112 | K20: =J20/$N20 -> 0.04886562 | L20: 1055 | M20: =L20/$N20 -> 0.46029668 | N20: 2292 | O20: =SUM(D20,F20,H20,J20,L20)/$N20 -> 1
C21: Ambos | D21: 7 | E21: =D21/$N21 -> 0.0018562715 | F21: 1740 | G21: =F21/$N21 -> 0.46141607 | I21: =H21/$N21 -> 0 | J21: 174 | K21: =J21/$N21 -> 0.046141607 | L21: 1850 | M21: =L21/$N21 -> 0.49058605 | N21: 3771 | O21: =SUM(D21,F21,H21,J21,L21)/$N21 -> 1
B22: Todos los beneficios | C22: Mujeres | D22: 40 | E22: =D22/$N22 -> 0.00092485549 | F22: 23313 | G22: =F22/$N22 -> 0.5390289 | H22: 20 | I22: =H22/$N22 -> 0.00046242775 | J22: 1697 | K22: =J22/$N22 -> 0.039236994 | L22: 18180 | M22: =L22/$N22 -> 0.42034682 | N22: 43250 | O22: =SUM(D22,F22,H22,J22,L22)/$N22 -> 1
C23: Hombres | D23: 31 | E23: =D23/$N23 -> 0.00088399681 | F23: 19468 | G23: =F23/$N23 -> 0.55514999 | H23: 1 | I23: =H23/$N23 -> 2.8516026e-05 | J23: 2569 | K23: =J23/$N23 -> 0.073257671 | L23: 12999 | M23: =L23/$N23 -> 0.37067982 | N23: 35068 | O23: =SUM(D23,F23,H23,J23,L23)/$N23 -> 1
C24: Ambos | D24: 71 | E24: =D24/$N24 -> 0.00090656043 | F24: 42781 | G24: =F24/$N24 -> 0.54624735 | H24: 21 | I24: =H24/$N24 -> 0.00026813759 | J24: 4266 | K24: =J24/$N24 -> 0.054470237 | L24: 31179 | M24: =L24/$N24 -> 0.39810771 | N24: 78318 | O24: =SUM(D24,F24,H24,J24,L24)/$N24 -> 1
B25: Fuente: Elaboración propia con datos del Instituto de Previsión Social Nota 1: El periodo utilizado para el reporte de las solicitudes considera la fecha de ingreso de la solicitud. Nota 2: El estado final de las solicitudes puede cambiar entre periodos, dado que se incluyen en la estadística solicitudes en trámite. Nota 3: La Pensión Garantizada Universal (PGU) es un nuevo beneficio generado a partir de la ley 21.419 del 29-01-2022. El concepto de PGU No Contributiva o Contributiva está relacionado con la calidad de la persona que está recibiendo el beneficio, si es No Contributiva quiere decir que no estaba afiliado a un sistema previsional (D.L. 3.500 o antiguo Sistema de Reparto) ni recibe pensión de sobrevivencia, si es Contributiva quiere decir que si estaba afiliado a un sistema previsional o que recibe una pensión de sobrevivencia. De manera automática, en febrero 2022, los PBS de Vejez pasaron a ser PGU No Contributiva y los APS Vejez Subsidio Definido, los Beneficio artículo 9° bis y los APS Vejez con una Pensión Final Garantizada inferior o igual al monto de la PGU pasaron a ser PGU Contributiva (Fuente: Superintendencia de Pensiones). Nota 4: A partir de la implementación de la PGU (febrero 2022) dejan de existir nuevas solicitudes de los beneficios PBS de Vejez y APS de Vejez, ya que estos beneficios fueron reemplazados con PGU No Contributiva y PGU Contributiva, respectivamente.
B27: Serie resumen de solicitudes de beneficios, por tipo de beneficio y sexo
B28: (julio 2008 a septiembre 2023)
B30: Periodo | C30: Tipo de beneficio | U30: Total Beneficios
C31: PGU No Contributiva | F31: PGU Contributiva | I31: PBS Vejez | L31: PBS Invalidez | O31: APS Vejez | R31: APS Invalidez
C32: Mujeres | D32: Hombres | E32: Total | F32: Mujeres | G32: Hombres | H32: Total | I32: Mujeres | J32: Hombres | K32: Total | L32: Mujeres | M32: Hombres | N32: Total | O32: Mujeres | P32: Hombres | Q32: Total | R32: Mujeres | S32: Hombres | T32: Total | U32: Mujeres | V32: Hombres | W32: Total
B33: 39630 | I33: 36832 | J33: 8014 | K33: 44846 | L33: 8683 | M33: 2261 | N33: 10944 | O33: 2722 | P33: 1208 | Q33: 3930 | R33: 1266 | S33: 648 | T33: 1914 | U33: 49503 | V33: 12131 | W33: 61634
B34: 39661 | I34: 9028 | J34: 2788 | K34: 11816 | L34: 6886 | M34: 1963 | N34: 8849 | O34: 1619 | P34: 781 | Q34: 2400 | R34: 970 | S34: 596 | T34: 1566 | U34: 18503 | V34: 6128 | W34: 24631
B35: 39692 | I35: 6970 | J35: 2080 | K35: 9050 | L35: 4167 | M35: 1125 | N35: 5292 | O35: 1159 | P35: 653 | Q35: 1812 | R35: 529 | S35: 307 | T35: 836 | U35: 12825 | V35: 4165 | W35: 16990
B36: 39722 | I36: 6056 | J36: 1773 | K36: 7829 | L36: 4254 | M36: 1177 | N36: 5431 | O36: 1046 | P36: 668 | Q36: 1714 | R36: 337 | S36: 184 | T36: 521 | U36: 11693 | V36: 3802 | W36: 15495
B37: 39753 | I37: 4414 | J37: 1292 | K37: 5706 | L37: 2550 | M37: 824 | N37: 3374 | O37: 844 | P37: 543 | Q37: 1387 | R37: 381 | S37: 207 | T37: 588 | U37: 8189 | V37: 2866 | W37: 11055
B38: 39783 | I38: 4103 | J38: 1230 | K38: 5333 | L38: 2523 | M38: 845 | N38: 3368 | O38: 900 | P38: 653 | Q38: 1553 | R38: 394 | S38: 233 | T38: 627 | U38: 7920 | V38: 2961 | W38: 10881
B39: Promedio 2008 | I39: 11234 | J39: 2863 | K39: 14097 | L39: 4844 | M39: 1366 | N39: 6210 | O39: 1382 | P39: 751 | Q39: 2133 | R39: 646 | S39: 363 | T39: 1009 | U39: 18106 | V39: 5342 | W39: 23448
B40: 39814 | I40: 3293 | J40: 1195 | K40: 4488 | L40: 2290 | M40: 701 | N40: 2991 | O40: 794 | P40: 666 | Q40: 1460 | R40: 418 | S40: 234 | T40: 652 | U40: 6795 | V40: 2796 | W40: 9591
B41: 39845 | I41: 2479 | J41: 877 | K41: 3356 | L41: 1724 | M41: 633 | N41: 2357 | O41: 639 | P41: 529 | Q41: 1168 | R41: 370 | S41: 228 | T41: 598 | U41: 5212 | V41: 2267 | W41: 7479
B42: 39873 | I42: 3204 | J42: 1065 | K42: 4269 | L42: 2455 | M42: 760 | N42: 3215 | O42: 758 | P42: 671 | Q42: 1429 | R42: 448 | S42: 307 | T42: 755 | U42: 6865 | V42: 2803 | W42: 9668
B43: 39904 | I43: 2876 | J43: 943 | K43: 3819 | L43: 2147 | M43: 675 | N43: 2822 | O43: 706 | P43: 597 | Q43: 1303 | R43: 416 | S43: 285 | T43: 701 | U43: 6145 | V43: 2500 | W43: 8645
B44: 39934 | I44: 2667 | J44: 885 | K44: 3552 | L44: 1868 | M44: 602 | N44: 2470 | O44: 582 | P44: 576 | Q44: 1158 | R44: 442 | S44: 302 | T44: 744 | U44: 5559 | V44: 2365 | W44: 7924
B45: 39965 | I45: 1967 | J45: 1031 | K45: 2998 | L45: 2045 | M45: 735 | N45: 2780 | O45: 35936 | P45: 18546 | Q45: 54482 | R45: 410 | S45: 351 | T45: 761 | U45: 40358 | V45: 20663 | W45: 61021
B46: 39995 | I46: 8111 | J46: 1138 | K46: 9249 | L46: 2698 | M46: 734 | N46: 3432 | O46: 19474 | P46: 16617 | Q46: 36091 | R46: 400 | S46: 330 | T46: 730 | U46: 30683 | V46: 18819 | W46: 49502
B47: 40026 | I47: 5425 | J47: 1441 | K47: 6866 | L47: 2833 | M47: 859 | N47: 3692 | O47: 32515 | P47: 22745 | Q47: 55260 | R47: 889 | S47: 575 | T47: 1464 | U47: 41662 | V47: 25620 | W47: 67282
B48: 40057 | I48: 5009 | J48: 1485 | K48: 6494 | L48: 2540 | M48: 873 | N48: 3413 | O48: 42718 | P48: 30864 | Q48: 73582 | R48: 970 | S48: 777 | T48: 1747 | U48: 51237 | V48: 33999 | W48: 85236
B49: 40087 | I49: 4144 | J49: 1395 | K49: 5539 | L49: 2447 | M49: 804 | N49: 3251 | O49: 19572 | P49: 15144 | Q49: 34716 | R49: 673 | S49: 534 | T49: 1207 | U49: 26836 | V49: 17877 | W49: 44713
B50: 40118 | I50: 3427 | J50: 1141 | K50: 4568 | L50: 1993 | M50: 614 | N50: 2607 | O50: 12729 | P50: 8289 | Q50: 21018 | R50: 657 | S50: 465 | T50: 1122 | U50: 18806 | V50: 10509 | W50: 29315
B51: 40148 | I51: 3160 | J51: 961 | K51: 4121 | L51: 1868 | M51: 635 | N51: 2503 | O51: 10450 | P51: 6068 | Q51: 16518 | R51: 679 | S51: 565 | T51: 1244 | U51: 16157 | V51: 8229 | W51: 24386
B52: Promedio 2009 | I52: 3814 | J52: 1130 | K52: 4943 | L52: 2242 | M52: 719 | N52: 2961 | O52: 14739 | P52: 10109 | Q52: 24849 | R52: 564 | S52: 413 | T52: 977 | U52: 21360 | V52: 12371 | W52: 33730
B53: 40179 | I53: 2810 | J53: 907 | K53: 3717 | L53: 1730 | M53: 624 | N53: 2354 | O53: 8375 | P53: 5011 | Q53: 13386 | R53: 600 | S53: 362 | T53: 962 | U53: 13515 | V53: 6904 | W53: 20419
B54: 40210 | I54: 2172 | J54: 811 | K54: 2983 | L54: 1517 | M54: 497 | N54: 2014 | O54: 6196 | P54: 3752 | Q54: 9948 | R54: 559 | S54: 370 | T54: 929 | U54: 10444 | V54: 5430 | W54: 15874
B55: 40238 | I55: 2354 | J55: 857 | K55: 3211 | L55: 1380 | M55: 507 | N55: 1887 | O55: 4953 | P55: 3424 | Q55: 8377 | R55: 645 | S55: 438 | T55: 1083 | U55: 9332 | V55: 5226 | W55: 14558
B56: 40269 | I56: 2385 | J56: 789 | K56: 3174 | L56: 1636 | M56: 594 | N56: 2230 | O56: 5795 | P56: 5114 | Q56: 10909 | R56: 634 | S56: 497 | T56: 1131 | U56: 10450 | V56: 6994 | W56: 17444
B57: 40299 | I57: 2165 | J57: 799 | K57: 2964 | L57: 1601 | M57: 533 | N57: 2134 | O57: 4804 | P57: 4788 | Q57: 9592 | R57: 586 | S57: 427 | T57: 1013 | U57: 9156 | V57: 6547 | W57: 15703
B58: 40330 | I58: 2223 | J58: 842 | K58: 3065 | L58: 1637 | M58: 536 | N58: 2173 | O58: 9030 | P58: 7038 | Q58: 16068 | R58: 547 | S58: 392 | T58: 939 | U58: 13437 | V58: 8808 | W58: 22245
B59: 40360 | I59: 2977 | J59: 946 | K59: 3923 | L59: 1649 | M59: 540 | N59: 2189 | O59: 15794 | P59: 12661 | Q59: 28455 | R59: 626 | S59: 441 | T59: 1067 | U59: 21046 | V59: 14588 | W59: 35634
B60: 40391 | I60: 3187 | J60: 1037 | K60: 4224 | L60: 1848 | M60: 635 | N60: 2483 | O60: 14051 | P60: 10734 | Q60: 24785 | R60: 613 | S60: 451 | T60: 1064 | U60: 19699 | V60: 12857 | W60: 32556
B61: 40422 | I61: 2772 | J61: 851 | K61: 3623 | L61: 1450 | M61: 487 | N61: 1937 | O61: 8638 | P61: 6017 | Q61: 14655 | R61: 520 | S61: 376 | T61: 896 | U61: 13380 | V61: 7731 | W61: 21111
B62: 40452 | I62: 2859 | J62: 872 | K62: 3731 | L62: 1578 | M62: 519 | N62: 2097 | O62: 7950 | P62: 5451 | Q62: 13401 | R62: 610 | S62: 487 | T62: 1097 | U62: 12997 | V62: 7329 | W62: 20326
B63: 40483 | I63: 2590 | J63: 812 | K63: 3402 | L63: 1560 | M63: 501 | N63: 2061 | O63: 6605 | P63: 4262 | Q63: 10867 | R63: 502 | S63: 348 | T63: 850 | U63: 11257 | V63: 5923 | W63: 17180
B64: 40513 | I64: 2048 | J64: 673 | K64: 2721 | L64: 1029 | M64: 379 | N64: 1408 | O64: 4531 | P64: 3103 | Q64: 7634 | R64: 488 | S64: 412 | T64: 900 | U64: 8096 | V64: 4567 | W64: 12663
B65: Promedio 2010 | I65: 2545 | J65: 850 | K65: 3395 | L65: 1551 | M65: 529 | N65: 2081 | O65: 8060 | P65: 5946 | Q65: 14006 | R65: 578 | S65: 417 | T65: 994 | U65: 12734 | V65: 7742 | W65: 20476
B66: 40544 | I66: 2490 | J66: 896 | K66: 3386 | L66: 1397 | M66: 474 | N66: 1871 | O66: 6366 | P66: 4630 | Q66: 10996 | R66: 565 | S66: 429 | T66: 994 | U66: 10818 | V66: 6429 | W66: 17247
B67: 40575 | I67: 2187 | J67: 743 | K67: 2930 | L67: 1166 | M67: 433 | N67: 1599 | O67: 5128 | P67: 3702 | Q67: 8830 | R67: 468 | S67: 361 | T67: 829 | U67: 8949 | V67: 5239 | W67: 14188
B68: 40603 | I68: 2526 | J68: 779 | K68: 3305 | L68: 1632 | M68: 540 | N68: 2172 | O68: 5896 | P68: 3858 | Q68: 9754 | R68: 640 | S68: 445 | T68: 1085 | U68: 10694 | V68: 5622 | W68: 16316
B69: 40634 | I69: 1823 | J69: 635 | K69: 2458 | L69: 1310 | M69: 433 | N69: 1743 | O69: 4398 | P69: 2714 | Q69: 7112 | R69: 400 | S69: 325 | T69: 725 | U69: 7931 | V69: 4107 | W69: 12038
B70: 40664 | I70: 2291 | J70: 752 | K70: 3043 | L70: 1434 | M70: 500 | N70: 1934 | O70: 5470 | P70: 3499 | Q70: 8969 | R70: 491 | S70: 340 | T70: 831 | U70: 9686 | V70: 5091 | W70: 14777
B71: 40695 | I71: 2128 | J71: 705 | K71: 2833 | L71: 1221 | M71: 454 | N71: 1675 | O71: 4859 | P71: 3255 | Q71: 8114 | R71: 449 | S71: 316 | T71: 765 | U71: 8657 | V71: 4730 | W71: 13387
B72: 40725 | I72: 2603 | J72: 756 | K72: 3359 | L72: 1305 | M72: 478 | N72: 1783 | O72: 8280 | P72: 6886 | Q72: 15166 | R72: 558 | S72: 401 | T72: 959 | U72: 12746 | V72: 8521 | W72: 21267
B73: 40756 | I73: 2613 | J73: 782 | K73: 3395 | L73: 1321 | M73: 474 | N73: 1795 | O73: 7512 | P73: 5762 | Q73: 13274 | R73: 556 | S73: 354 | T73: 910 | U73: 12002 | V73: 7372 | W73: 19374
B74: 40787 | I74: 2703 | J74: 862 | K74: 3565 | L74: 1141 | M74: 440 | N74: 1581 | O74: 5716 | P74: 3987 | Q74: 9703 | R74: 418 | S74: 288 | T74: 706 | U74: 9978 | V74: 5577 | W74: 15555
B75: 40817 | I75: 2106 | J75: 675 | K75: 2781 | L75: 1164 | M75: 423 | N75: 1587 | O75: 5685 | P75: 3548 | Q75: 9233 | R75: 493 | S75: 322 | T75: 815 | U75: 9448 | V75: 4968 | W75: 14416
B76: 40848 | I76: 2732 | J76: 879 | K76: 3611 | L76: 1364 | M76: 424 | N76: 1788 | O76: 7880 | P76: 5861 | Q76: 13741 | R76: 567 | S76: 435 | T76: 1002 | U76: 12543 | V76: 7599 | W76: 20142
B77: 40878 | I77: 2088 | J77: 669 | K77: 2757 | L77: 1028 | M77: 382 | N77: 1410 | O77: 6398 | P77: 4787 | Q77: 11185 | R77: 418 | S77: 329 | T77: 747 | U77: 9932 | V77: 6167 | W77: 16099
B78: Promedio 2011 | I78: 2358 | J78: 761 | K78: 3119 | L78: 1290 | M78: 455 | N78: 1745 | O78: 6132 | P78: 4374 | Q78: 10506 | R78: 502 | S78: 362 | T78: 864 | U78: 10282 | V78: 5952 | W78: 16234
B79: 40909 | I79: 2283 | J79: 761 | K79: 3044 | L79: 1110 | M79: 415 | N79: 1525 | O79: 6735 | P79: 4846 | Q79: 11581 | R79: 466 | S79: 324 | T79: 790 | U79: 10594 | V79: 6346 | W79: 16940
B80: 40940 | I80: 1868 | J80: 622 | K80: 2490 | L80: 955 | M80: 373 | N80: 1328 | O80: 5593 | P80: 3634 | Q80: 9227 | R80: 451 | S80: 334 | T80: 785 | U80: 8867 | V80: 4963 | W80: 13830
B81: 40969 | I81: 2136 | J81: 679 | K81: 2815 | L81: 1190 | M81: 405 | N81: 1595 | O81: 5916 | P81: 3962 | Q81: 9878 | R81: 451 | S81: 341 | T81: 792 | U81: 9693 | V81: 5387 | W81: 15080
B82: 41000 | I82: 1753 | J82: 620 | K82: 2373 | L82: 1136 | M82: 406 | N82: 1542 | O82: 4830 | P82: 3291 | Q82: 8121 | R82: 374 | S82: 284 | T82: 658 | U82: 8093 | V82: 4601 | W82: 12694
B83: 41030 | I83: 2164 | J83: 693 | K83: 2857 | L83: 1386 | M83: 541 | N83: 1927 | O83: 5552 | P83: 3913 | Q83: 9465 | R83: 377 | S83: 292 | T83: 669 | U83: 9479 | V83: 5439 | W83: 14918
B84: 41061 | I84: 1957 | J84: 663 | K84: 2620 | L84: 1251 | M84: 527 | N84: 1778 | O84: 4998 | P84: 3812 | Q84: 8810 | R84: 336 | S84: 257 | T84: 593 | U84: 8542 | V84: 5259 | W84: 13801
B85: 41091 | I85: 2242 | J85: 691 | K85: 2933 | L85: 1199 | M85: 500 | N85: 1699 | O85: 5366 | P85: 4078 | Q85: 9444 | R85: 445 | S85: 280 | T85: 725 | U85: 9252 | V85: 5549 | W85: 14801
B86: 41122 | I86: 2454 | J86: 767 | K86: 3221 | L86: 1428 | M86: 539 | N86: 1967 | O86: 9471 | P86: 7751 | Q86: 17222 | R86: 438 | S86: 317 | T86: 755 | U86: 13791 | V86: 9374 | W86: 23165
B87: 41153 | I87: 2036 | J87: 651 | K87: 2687 | L87: 962 | M87: 351 | N87: 1313 | O87: 11016 | P87: 8091 | Q87: 19107 | R87: 306 | S87: 235 | T87: 541 | U87: 14320 | V87: 9328 | W87: 23648
B88: 41183 | I88: 2850 | J88: 834 | K88: 3684 | L88: 1413 | M88: 510 | N88: 1923 | O88: 6678 | P88: 5025 | Q88: 11703 | R88: 426 | S88: 322 | T88: 748 | U88: 11367 | V88: 6691 | W88: 18058
B89: 41214 | I89: 2231 | J89: 702 | K89: 2933 | L89: 1160 | M89: 413 | N89: 1573 | O89: 4229 | P89: 4228 | Q89: 8457 | R89: 355 | S89: 262 | T89: 617 | U89: 7975 | V89: 5605 | W89: 13580
B90: 41244 | I90: 1947 | J90: 590 | K90: 2537 | L90: 997 | M90: 427 | N90: 1424 | O90: 3607 | P90: 3725 | Q90: 7332 | R90: 313 | S90: 240 | T90: 553 | U90: 6864 | V90: 4982 | W90: 11846
B91: Promedio 2012 | I91: 2160 | J91: 689 | K91: 2850 | L91: 1182 | M91: 451 | N91: 1633 | O91: 6166 | P91: 4696 | Q91: 10862 | R91: 395 | S91: 291 | T91: 686 | U91: 9903 | V91: 6127 | W91: 16030
B92: 41275 | I92: 2273 | J92: 740 | K92: 3013 | L92: 1083 | M92: 451 | N92: 1534 | O92: 4166 | P92: 3406 | Q92: 7572 | R92: 342 | S92: 268 | T92: 610 | U92: 7864 | V92: 4865 | W92: 12729
B93: 41306 | I93: 1668 | J93: 586 | K93: 2254 | L93: 961 | M93: 364 | N93: 1325 | O93: 2969 | P93: 2589 | Q93: 5558 | R93: 258 | S93: 226 | T93: 484 | U93: 5856 | V93: 3765 | W93: 9621
B94: 41334 | I94: 1858 | J94: 555 | K94: 2413 | L94: 1153 | M94: 430 | N94: 1583 | O94: 3053 | P94: 2504 | Q94: 5557 | R94: 345 | S94: 261 | T94: 606 | U94: 6409 | V94: 3750 | W94: 10159
B95: 41365 | I95: 1841 | J95: 607 | K95: 2448 | L95: 1262 | M95: 410 | N95: 1672 | O95: 2990 | P95: 2901 | Q95: 5891 | R95: 370 | S95: 254 | T95: 624 | U95: 6463 | V95: 4172 | W95: 10635
B96: 41395 | I96: 1696 | J96: 590 | K96: 2286 | L96: 1041 | M96: 376 | N96: 1417 | O96: 2793 | P96: 3316 | Q96: 6109 | R96: 338 | S96: 264 | T96: 602 | U96: 5868 | V96: 4546 | W96: 10414
B97: 41426 | I97: 1831 | J97: 574 | K97: 2405 | L97: 1073 | M97: 386 | N97: 1459 | O97: 3093 | P97: 3102 | Q97: 6195 | R97: 354 | S97: 265 | T97: 619 | U97: 6351 | V97: 4327 | W97: 10678
B98: 41456 | I98: 2063 | J98: 631 | K98: 2694 | L98: 1047 | M98: 383 | N98: 1430 | O98: 2950 | P98: 2813 | Q98: 5763 | R98: 344 | S98: 269 | T98: 613 | U98: 6404 | V98: 4096 | W98: 10500
B99: 41487 | I99: 2226 | J99: 739 | K99: 2965 | L99: 1122 | M99: 361 | N99: 1483 | O99: 3812 | P99: 3238 | Q99: 7050 | R99: 427 | S99: 317 | T99: 744 | U99: 7587 | V99: 4655 | W99: 12242
B100: 41518 | I100: 2253 | J100: 684 | K100: 2937 | L100: 889 | M100: 304 | N100: 1193 | O100: 3370 | P100: 2971 | Q100: 6341 | R100: 308 | S100: 252 | T100: 560 | U100: 6820 | V100: 4211 | W100: 11031
B101: 41548 | I101: 2620 | J101: 724 | K101: 3344 | L101: 1042 | M101: 399 | N101: 1441 | O101: 4408 | P101: 3709 | Q101: 8117 | R101: 415 | S101: 294 | T101: 709 | U101: 8485 | V101: 5126 | W101: 13611
B102: 41579 | I102: 1729 | J102: 462 | K102: 2191 | L102: 613 | M102: 258 | N102: 871 | O102: 2742 | P102: 2398 | Q102: 5140 | R102: 280 | S102: 206 | T102: 486 | U102: 5364 | V102: 3324 | W102: 8688
B103: 41609 | I103: 2976 | J103: 847 | K103: 3823 | L103: 1141 | M103: 483 | N103: 1624 | O103: 4145 | P103: 3556 | Q103: 7701 | R103: 359 | S103: 279 | T103: 638 | U103: 8621 | V103: 5165 | W103: 13786
B104: Promedio 2013 | I104: 2086 | J104: 645 | K104: 2731 | L104: 1036 | M104: 384 | N104: 1419 | O104: 3374 | P104: 3042 | Q104: 6416 | R104: 345 | S104: 263 | T104: 608 | U104: 6841 | V104: 4334 | W104: 11175
B105: 41640 | I105: 2580 | J105: 788 | K105: 3368 | L105: 1017 | M105: 364 | N105: 1381 | O105: 3802 | P105: 3343 | Q105: 7145 | R105: 376 | S105: 275 | T105: 651 | U105: 7775 | V105: 4770 | W105: 12545
...

Sheet Solicitudes_compl
B2: TOTAL SOLICITUDES
B3: informacion interna
B4: Número de solicitudes* mensuales de beneficios de vejez e invalidez del SPS y PGU**
B5: (julio 2008 a diciembre 2022)
B7: PERIODO | C7: TOTAL SOLICITUDES (PBS, APS y PGU)
C8: PBSV | D8: PBSI | E8: APSV*** | F8: APSI | G8: PGU | H8: Total | K8: quitar tabla por instituciones
B9: Total 2008 | C9: 83903 | D9: 36885 | E9: 12630 | F9: 5944 | H9: =SUM(C9:F9) -> 139362 | K9: Número de solicitudes de beneficios SPS y PGU según institución donde se realizó el trámite de solicitud | AD9: Número de solicitudes de beneficios SPS y PGU según institución donde se realizó el trámite de solicitud
B10: Total 2009 | C10: 59154 | D10: 35458 | E10: 298121 | F10: 11707 | H10: =SUM(C10:F10) -> 404440 | K10: (julio 2008 a diciembre 2022) | AD10: (octubre 2022 a diciembre 2022)
B11: Total 2010 | C11: 40733 | D11: 24967 | E11: 168046 | F11: 11929 | H11: =SUM(C11:F11) -> 245675
B12: Total 2011 | C12: 37414 | D12: 20938 | E12: 126071 | F12: 10368 | H12: =SUM(C12:F12) -> 194791 | K12: Institución | L12: 2008 | M12: 2009 | N12: 2010 | O12: 2011 | P12: 2012 | Q12: 2013 | R12: 2014 | S12: 2015 | T12: 2016 | U12: 2017 | V12: 2018 | W12: 2019 | X12: 2020 | Y12: 2021 | Z12: 2022 | AA12: Total | AD12: Institución | AE12: 44835 | AF12: 44866 | AG12: 44896 | AH12: Total Trimestre 4 2022
B13: Total 2012 | C13: 34111 | D13: 19594 | E13: 130339 | F13: 8226 | H13: =SUM(C13:F13) -> 192270 | K13: IPS | L13: 95470 | M13: 299851 | N13: 148063 | O13: 114399 | P13: 126850 | Q13: 83745 | R13: 94143 | S13: 84139 | T13: 84299 | U13: 94990 | V13: 106236 | W13: 95189 | X13: 107160 | Y13: 117979 | Z13: 250187 | AA13: =SUM(L13:Z13) -> 1902700 | AD13: IPS | AE13: 19719 | AF13: 22796 | AG13: 17770 | AH13: =SUM(AE13:AG13) -> 60285
B14: Total 2013 | C14: 32718 | D14: 17032 | E14: 76989 | F14: 7295 | H14: =SUM(C14:F14) -> 134034 | K14: AFP | L14: 1029 | M14: 30362 | N14: 32918 | O14: 25990 | P14: 24058 | Q14: 22686 | R14: 27044 | S14: 29604 | T14: 29016 | U14: 34397 | V14: 43517 | W14: 43221 | X14: 56267 | Y14: 73775 | Z14: 99369 | AA14: =SUM(L14:Z14) -> 573253 | AD14: AFP | AE14: 6527 | AF14: 6510 | AG14: 5625 | AH14: =SUM(AE14:AG14) -> 18662
B15: Total 2014 | C15: 39392 | D15: 17573 | E15: 88545 | F15: 6054 | H15: =SUM(C15:F15) -> 151564 | K15: Cía. De Seguros | L15: 0 | M15: 0 | N15: 5301 | O15: 11377 | P15: 9223 | Q15: 6357 | R15: 6542 | S15: 5381 | T15: 4531 | U15: 4540 | V15: 4894 | W15: 4177 | X15: 8095 | Y15: 7164 | Z15: 9558 | AA15: =SUM(L15:Z15) -> 87140 | AD15: Cía. De Seguros | AE15: 623 | AF15: 681 | AG15: 385 | AH15: =SUM(AE15:AG15) -> 1689
B16: Total 2015 | C16: 31042 | D16: 18557 | E16: 88878 | F16: 2501 | H16: =SUM(C16:F16) -> 140978 | K16: Municipalidades | L16: 42858 | M16: 74227 | N16: 59393 | O16: 43025 | P16: 32139 | Q16: 21246 | R16: 23835 | S16: 21854 | T16: 20904 | U16: 22824 | V16: 22939 | W16: 21341 | X16: 19280 | Y16: 24333 | Z16: 31316 | AA16: =SUM(L16:Z16) -> 481514 | AD16: Municipalidades | AE16: 2426 | AF16: 2788 | AG16: 2390 | AH16: =SUM(AE16:AG16) -> 7604
B17: Enero | C17: 2173 | D17: 1500 | E17: 6222 | F17: 224 | H17: =SUM(C17:F17) -> 10119 | K17: Registro Civil | L17: 5 | M17: 0 | N17: 0 | O17: 0 | P17: 0 | Q17: 0 | R17: 0 | S17: 0 | T17: 0 | U17: 0 | V17: 0 | W17: 0 | X17: 0 | Y17: 0 | Z17: 0 | AA17: =SUM(L17:Z17) -> 5 | AD17: Registro Civil | AE17: 20297 | AF17: 15246 | AG17: 12744 | AH17: =SUM(AE17:AG17) -> 48287
B18: Febrero | C18: 2224 | D18: 1403 | E18: 6802 | F18: 216 | H18: =SUM(C18:F18) -> 10645 | K18: Canal Web | L18: 0 | M18: 0 | N18: 0 | O18: 0 | P18: 0 | Q18: 0 | R18: 0 | S18: 0 | T18: 38 | U18: 315 | V18: 815 | W18: 1384 | X18: 29007 | Y18: 56959 | Z18: 263157 | AA18: 351675 | AD18: Canal Web
B19: Marzo | C19: 2350 | D19: 1601 | E19: 6925 | F19: 207 | H19: =SUM(C19:F19) -> 11083 | K19: Total | L19: =SUM(L13:L18) -> 139362 | M19: =SUM(M13:M18) -> 404440 | N19: =SUM(N13:N18) -> 245675 | O19: =SUM(O13:O18) -> 194791 | P19: =SUM(P13:P18) -> 192270 | Q19: =SUM(Q13:Q18) -> 134034 | R19: =SUM(R13:R18) -> 151564 | S19: =SUM(S13:S18) -> 140978 | ... AA19: =SUM(AA13:AA18) -> 3396287 | AD19: Total | AE19: =SUM(AE13:AE18) -> 49592 | AF19: =SUM(AF13:AF18) -> 48021 | AG19: =SUM(AG13:AG18) -> 38914 | AH19: =SUM(AH13:AH18) -> 136527
B20: Abril | C20: 3284 | D20: 1531 | E20: 7503 | F20: 205 | H20: =SUM(C20:F20) -> 12523 | K20: Fuente: Elaboración propia a partir de Bases de Datos del IPS. Información actualizada a Diciembre 2022.
B21: Mayo | C21: 2764 | D21: 1579 | E21: 9264 | F21: 224 | H21: =SUM(C21:F21) -> 13831
B22: Junio | C22: 2478 | D22: 1445 | E22: 6920 | F22: 174 | H22: =SUM(C22:F22) -> 11017
B23: Julio | C23: 2663 | D23: 1514 | E23: 6996 | F23: 198 | H23: =SUM(C23:F23) -> 11371 | K23: Número de solicitudes del beneficio PGU mensual según institución donde se realizó el trámite de solicitud
B24: Agosto | C24: 2949 | D24: 1850 | E24: 8983 | F24: 245 | H24: =SUM(C24:F24) -> 14027 | K24: (febrero 2022 a diciembre 2022)
B25: Septiembre | C25: 2715 | D25: 1614 | E25: 7860 | F25: 213 | H25: =SUM(C25:F25) -> 12402
B26: Octubre | C26: 2274 | D26: 1331 | E26: 6676 | F26: 215 | H26: =SUM(C26:F26) -> 10496 | K26: Institución | L26: Febrero | M26: Marzo | N26: Abril | O26: Mayo | P26: Junio | Q26: Julio | R26: Agosto | S26: Septiembre | T26: Octubre | U26: Noviembre | V26: Diciembre | W26: Total
B27: Noviembre | C27: 2376 | D27: 1259 | E27: 6679 | F27: 208 | H27: =SUM(C27:F27) -> 10522 | K27: IPS | L27: 33391 | M27: 24468 | N27: 15614 | O27: 15183 | P27: 15569 | Q27: 16839 | R27: 22369 | S27: 14247 | T27: 17724 | U27: 20504 | V27: 15932 | W27: =SUM(L27:V27) -> 211840
B28: Diciembre | C28: 2435 | D28: 1467 | E28: 6602 | F28: 248 | H28: =SUM(C28:F28) -> 10752 | K28: AFP | L28: 9704 | M28: 9520 | N28: 7533 | O28: 7931 | P28: 7526 | Q28: 7879 | R28: 9071 | S28: 6033 | T28: 5791 | U28: 5751 | V28: 4886 | W28: =SUM(L28:V28) -> 81625
B29: Total 2016 | C29: =SUM(C17:C28) -> 30685 | D29: =SUM(D17:D28) -> 18094 | E29: =SUM(E17:E28) -> 87432 | F29: =SUM(F17:F28) -> 2577 | H29: =SUM(H17:H28) -> 138788 | K29: Cía. De Seguros | L29: 1778 | M29: 1136 | N29: 679 | O29: 581 | P29: 704 | Q29: 735 | R29: 884 | S29: 415 | T29: 611 | U29: 650 | V29: 361 | W29: =SUM(L29:V29) -> 8534
B30: Enero | C30: 3122 | D30: 1508 | E30: 7979 | F30: 269 | H30: =SUM(C30:F30) -> 12878 | K30: Municipalidades | L30: 2114 | M30: 2094 | N30: 1761 | O30: 1772 | P30: 1614 | Q30: 1702 | R30: 2309 | S30: 1677 | T30: 1807 | U30: 2062 | V30: 1847 | W30: =SUM(L30:V30) -> 20759
B31: Febrero | C31: 2377 | D31: 1375 | E31: 7282 | F31: 213 | H31: =SUM(C31:F31) -> 11247 | K31: Canal Web | L31: 102199 | M31: 20649 | N31: 11093 | O31: 9844 | P31: 10561 | Q31: 12378 | R31: 23019 | S31: 11941 | T31: 19669 | U31: 14585 | V31: 12199 | W31: =SUM(L31:V31) -> 248137
B32: Marzo | C32: 2340 | D32: 1762 | E32: 8966 | F32: 224 | H32: =SUM(C32:F32) -> 13292 | K32: Total | L32: =SUM(L27:L31) -> 149186 | M32: =SUM(M27:M31) -> 57867 | N32: =SUM(N27:N31) -> 36680 | O32: =SUM(O27:O31) -> 35311 | P32: =SUM(P27:P31) -> 35974 | Q32: =SUM(Q27:Q31) -> 39533 | R32: =SUM(R27:R31) -> 57652 | S32: =SUM(S27:S31) -> 34313 | ... W32: =SUM(W27:W31) -> 570895
B33: Abril | C33: 2319 | D33: 1421 | E33: 7022 | F33: 212 | H33: =SUM(C33:F33) -> 10974 | K33: Fuente: Elaboración propia a partir de Bases de Datos del IPS. Información actualizada a Diciembre 2022.
B34: Mayo | C34: 2725 | D34: 1582 | E34: 9937 | F34: 270 | H34: =SUM(C34:F34) -> 14514
B35: Junio | C35: 2467 | D35: 1474 | E35: 7973 | F35: 218 | H35: =SUM(C35:F35) -> 12132
B36: Julio | C36: 2809 | D36: 1626 | E36: 9532 | F36: 294 | H36: =SUM(C36:F36) -> 14261 | K36: Número de solicitudes* anual de beneficios de vejez e invalidez del SPS y PGU**
B37: Agosto | C37: 2996 | D37: 1673 | E37: 9947 | F37: 305 | H37: =SUM(C37:F37) -> 14921 | K37: (febrero 2022 a diciembre 2022)
B38: Septiembre | C38: 2682 | D38: 1371 | E38: 8257 | F38: 259 | H38: =SUM(C38:F38) -> 12569
B39: Octubre | C39: 3034 | D39: 1585 | E39: 9685 | F39: 312 | H39: =SUM(C39:F39) -> 14616 | K39: Año | L39: PBSV | M39: PBSI | N39: APSV | O39: APSI | P39: PGU | Q39: Total
B40: Noviembre | C40: 2756 | D40: 1664 | E40: 9055 | F40: 316 | H40: =SUM(C40:F40) -> 13791 | K40: 2008 | L40: =Solicitudes_compl!C9 -> 83903 | M40: =Solicitudes_compl!D9 -> 36885 | N40: =Solicitudes_compl!E9 -> 12630 | O40: =Solicitudes_compl!F9 -> 5944 | P40: 0 | Q40: =SUM(L40:P40) -> 139362
B41: Diciembre | C41: 2401 | D41: 1294 | E41: 7901 | F41: 275 | H41: =SUM(C41:F41) -> 11871 | K41: 2009 | L41: =Solicitudes_compl!C10 -> 59154 | M41: =Solicitudes_compl!D10 -> 35458 | N41: =Solicitudes_compl!E10 -> 298121 | O41: =Solicitudes_compl!F10 -> 11707 | P41: 0 | Q41: =SUM(L41:P41) -> 404440
B42: Total 2017 | C42: =SUM(C30:C41) -> 32028 | D42: =SUM(D30:D41) -> 18335 | E42: =SUM(E30:E41) -> 103536 | F42: =SUM(F30:F41) -> 3167 | H42: =SUM(H30:H41) -> 157066 | K42: 2010 | L42: =Solicitudes_compl!C11 -> 40733 | M42: =Solicitudes_compl!D11 -> 24967 | N42: =Solicitudes_compl!E11 -> 168046 | O42: =Solicitudes_compl!F11 -> 11929 | P42: 0 | Q42: =SUM(L42:P42) -> 245675
B43: Enero | C43: 2721 | D43: 1453 | E43: 11159 | F43: 401 | H43: =SUM(C43:F43) -> 15734 | K43: 2011 | L43: =Solicitudes_compl!C12 -> 37414 | M43: =Solicitudes_compl!D12 -> 20938 | N43: =Solicitudes_compl!E12 -> 126071 | O43: =Solicitudes_compl!F12 -> 10368 | P43: 0 | Q43: =SUM(L43:P43) -> 194791
B44: Febrero | C44: 2301 | D44: 1173 | E44: 11051 | F44: 732 | H44: =SUM(C44:F44) -> 15257 | K44: 2012 | L44: =Solicitudes_compl!C13 -> 34111 | M44: =Solicitudes_compl!D13 -> 19594 | N44: =Solicitudes_compl!E13 -> 130339 | O44: =Solicitudes_compl!F13 -> 8226 | P44: 0 | Q44: =SUM(L44:P44) -> 192270
B45: Marzo | C45: 2626 | D45: 1458 | E45: 10390 | F45: 921 | H45: =SUM(C45:F45) -> 15395 | K45: 2013 | L45: =Solicitudes_compl!C14 -> 32718 | M45: =Solicitudes_compl!D14 -> 17032 | N45: =Solicitudes_compl!E14 -> 76989 | O45: =Solicitudes_compl!F14 -> 7295 | P45: 0 | Q45: =SUM(L45:P45) -> 134034
B46: Abril | C46: 2566 | D46: 1511 | E46: 9759 | F46: 837 | H46: =SUM(C46:F46) -> 14673 | K46: 2014 | L46: =Solicitudes_compl!C15 -> 39392 | M46: =Solicitudes_compl!D15 -> 17573 | N46: =Solicitudes_compl!E15 -> 88545 | O46: =Solicitudes_compl!F15 -> 6054 | P46: 0 | Q46: =SUM(L46:P46) -> 151564
B47: Mayo | C47: 2730 | D47: 1384 | E47: 11338 | F47: 557 | H47: =SUM(C47:F47) -> 16009 | K47: 2015 | L47: =Solicitudes_compl!C16 -> 31042 | M47: =Solicitudes_compl!D16 -> 18557 | N47: =Solicitudes_compl!E16 -> 88878 | O47: =Solicitudes_compl!F16 -> 2501 | P47: 0 | Q47: =SUM(L47:P47) -> 140978
B48: Junio | C48: 2508 | D48: 1416 | E48: 9844 | F48: 524 | H48: =SUM(C48:F48) -> 14292 | K48: 2016 | L48: =Solicitudes_compl!C29 -> 30685 | M48: =Solicitudes_compl!D29 -> 18094 | N48: =Solicitudes_compl!E29 -> 87432 | O48: =Solicitudes_compl!F29 -> 2577 | P48: 0 | Q48: =SUM(L48:P48) -> 138788
B49: Julio | C49: 2765 | D49: 1457 | E49: 10406 | F49: 480 | H49: =SUM(C49:F49) -> 15108 | K49: 2017 | L49: =Solicitudes_compl!C42 -> 32028 | M49: =Solicitudes_compl!D42 -> 18335 | N49: =Solicitudes_compl!E42 -> 103536 | O49: =Solicitudes_compl!F42 -> 3167 | P49: 0 | Q49: =SUM(L49:P49) -> 157066
B50: Agosto | C50: 3040 | D50: 1641 | E50: 11023 | F50: 427 | H50: =SUM(C50:F50) -> 16131 | K50: 2018 | L50: =Solicitudes_compl!C55 -> 31567 | M50: =Solicitudes_compl!D55 -> 16995 | N50: =Solicitudes_compl!E55 -> 123567 | O50: =Solicitudes_compl!F55 -> 6272 | P50: 0 | Q50: =SUM(L50:P50) -> 178401
B51: Septiembre | C51: 2125 | D51: 1251 | E51: 8571 | F51: 339 | H51: =SUM(C51:F51) -> 12286 | K51: 2019 | L51: =Solicitudes_compl!C68 -> 29733 | M51: =Solicitudes_compl!D68 -> 16637 | N51: =Solicitudes_compl!E68 -> 112867 | O51: =Solicitudes_compl!F68 -> 6075 | P51: 0 | Q51: =SUM(L51:P51) -> 165312
B52: Octubre | C52: 3181 | D52: 1519 | E52: 11882 | F52: 419 | H52: =SUM(C52:F52) -> 17001 | K52: 2020 | L52: =Solicitudes_compl!C81 -> 30482 | M52: =Solicitudes_compl!D81 -> 15008 | N52: =Solicitudes_compl!E81 -> 166581 | O52: =Solicitudes_compl!F81 -> 7738 | P52: 0 | Q52: =SUM(L52:P52) -> 219809
B53: Noviembre | C53: 2631 | D53: 1405 | E53: 9497 | F53: 308 | H53: =SUM(C53:F53) -> 13841 | K53: 2021 | L53: =Solicitudes_compl!C94 -> 41653 | M53: =Solicitudes_compl!D94 -> 26969 | N53: =Solicitudes_compl!E94 -> 191078 | O53: =Solicitudes_compl!F94 -> 20510 | P53: 0 | Q53: =SUM(L53:P53) -> 280210
B54: Diciembre | C54: 2373 | D54: 1327 | E54: 8647 | F54: 327 | H54: =SUM(C54:F54) -> 12674 | K54: 2022 | L54: =Solicitudes_compl!C107 -> 4879 | M54: =Solicitudes_compl!D107 -> 36400 | N54: =Solicitudes_compl!E107 -> 21970 | O54: =Solicitudes_compl!F107 -> 19443 | P54: =Solicitudes_compl!G107 -> 570895 | Q54: =SUM(L54:P54) -> 653587
B55: Total 2018 | C55: =SUM(C43:C54) -> 31567 | D55: =SUM(D43:D54) -> 16995 | E55: =SUM(E43:E54) -> 123567 | F55: =SUM(F43:F54) -> 6272 | H55: =SUM(H43:H54) -> 178401 | K55: Total | L55: =SUM(L40:L54) -> 559494 | M55: =SUM(M40:M54) -> 339442 | N55: =SUM(N40:N54) -> 1796650 | O55: =SUM(O40:O54) -> 129806 | P55: =SUM(P40:P54) -> 570895 | Q55: =SUM(Q40:Q54) -> 3396287
B56: Enero | C56: 2750 | D56: 1462 | E56: 10200 | F56: 565 | H56: =SUM(C56:F56) -> 14977 | K56: Fuente: Elaboración propia a partir de Bases de Datos del IPS. Información actualizada a Diciembre 2022.
B57: Febrero | C57: 2188 | D57: 1293 | E57: 8591 | F57: 685 | H57: =SUM(C57:F57) -> 12757 | K57: * Corresponde al número de trámites de solicitud realizados, no el número de personas que han realizado una solicitud. Esto dado que una persona puede hacer más de una solicitud, toda vez que estas sean rechazadas, desistidas o anuladas. ** Producto de un cambio en la fuente de información, el número de solicitudes fue actualizado para los años 2010 al 2021. Las actuales cifran incluyen las solicitudes automáticas generadas por los traspasos de los beneficios de invalidez a vejez. *** El número de APSV incluye las solicitudes del beneficio Nbis para los años 2019, 2020 y 2021, las cuales correspondieron a 1, 531 y 427 solicitudes, respectivamente. El beneficio Nbis (ley 21.190 art 9 bis) estaba dirigido a los pensionados por Retiro Programado con Pensión Base mayor a la PMAS, y que cumplían con los demás requisitos exigidos por la ley. Permitía acceder a un complemento de manera tal que la pensión final no desciediera del valor de una Pensión Básica Solidaria.
B58: Marzo | C58: 2496 | D58: 1471 | E58: 9418 | F58: 638 | H58: =SUM(C58:F58) -> 14023
B59: Abril | C59: 2388 | D59: 1544 | E59: 9186 | F59: 584 | H59: =SUM(C59:F59) -> 13702
B60: Mayo | C60: 2428 | D60: 1373 | E60: 9457 | F60: 483 | H60: =SUM(C60:F60) -> 13741
B61: Junio | C61: 2221 | D61: 1366 | E61: 8050 | F61: 401 | H61: =SUM(C61:F61) -> 12038
B62: Julio | C62: 2612 | D62: 1574 | E62: 10193 | F62: 470 | H62: =SUM(C62:F62) -> 14849
B63: Agosto | C63: 2584 | D63: 1488 | E63: 9712 | F63: 424 | H63: =SUM(C63:F63) -> 14208
B64: Septiembre | C64: 2469 | D64: 1221 | E64: 8795 | F64: 457 | H64: =SUM(C64:F64) -> 12942
B65: Octubre | C65: 2384 | D65: 1180 | E65: 7849 | F65: 360 | H65: =SUM(C65:F65) -> 11773
B66: Noviembre | C66: 2268 | D66: 1004 | E66: 7880 | F66: 388 | H66: =SUM(C66:F66) -> 11540
B67: Diciembre | C67: 2945 | D67: 1661 | E67: 13536 | F67: 620 | H67: =SUM(C67:F67) -> 18762
B68: Total 2019 | C68: =SUM(C56:C67) -> 29733 | D68: =SUM(D56:D67) -> 16637 | E68: =SUM(E56:E67) -> 112867 | F68: =SUM(F56:F67) -> 6075 | H68: =SUM(C68:F68) -> 165312
B69: Enero | C69: 3010 | D69: 1753 | E69: 19891 | F69: 741 | H69: =SUM(C69:F69) -> 25395
B70: Febrero | C70: 2521 | D70: 1559 | E70: 24159 | F70: 845 | H70: =SUM(C70:F70) -> 29084 | K70: Solicitudes en trámite al 31/01
B71: Marzo | C71: 2000 | D71: 1119 | E71: 12648 | F71: 527 | H71: =SUM(C71:F71) -> 16294
B72: Abril | C72: 1368 | D72: 462 | E72: 6817 | F72: 450 | H72: =SUM(C72:F72) -> 9097 | K72: 40000
B73: Mayo | C73: 2058 | D73: 843 | E73: 10889 | F73: 718 | H73: =SUM(C73:F73) -> 14508 | K73: Fuente: IPS.
B74: Junio | C74: 1919 | D74: 773 | E74: 9601 | F74: 637 | H74: =SUM(C74:F74) -> 12930
B75: Julio | C75: 2816 | D75: 939 | E75: 11414 | F75: 530 | H75: =SUM(C75:F75) -> 15699
B76: Agosto | C76: 3066 | D76: 1181 | E76: 14803 | F76: 627 | H76: =SUM(C76:F76) -> 19677 | K76: Potenciales pendientes de solicitud al 31/01
B77: Septiembre | C77: 3009 | D77: 1422 | E77: 14413 | F77: 732 | H77: =SUM(C77:F77) -> 19576
B78: Octubre | C78: 3231 | D78: 1811 | E78: 15413 | F78: 835 | H78: =SUM(C78:F78) -> 21290 | K78: 65000
B79: Noviembre | C79: 2859 | D79: 1602 | E79: 13983 | F79: 605 | H79: =SUM(C79:F79) -> 19049 | K79: Fuente: IPS.
B80: Diciembre | C80: 2625 | D80: 1544 | E80: 12550 | F80: 491 | H80: =SUM(C80:F80) -> 17210
B81: Total 2020 | C81: =SUM(C69:C80) -> 30482 | D81: =SUM(D69:D80) -> 15008 | E81: =SUM(E69:E80) -> 166581 | F81: =SUM(F69:F80) -> 7738 | H81: =SUM(H69:H80) -> 219809
B82: Enero | C82: 2624 | D82: 1886 | E82: 12697 | F82: 945 | H82: =SUM(C82:F82) -> 18152
B83: Febrero | C83: 2353 | D83: 1607 | E83: 12205 | F83: 862 | H83: =SUM(C83:F83) -> 17027
B84: Marzo | C84: 2678 | D84: 1931 | E84: 14594 | F84: 2800 | H84: =SUM(C84:F84) -> 22003
B85: Abril | C85: 2953 | D85: 2127 | E85: 13753 | F85: 3063 | H85: =SUM(C85:F85) -> 21896
B86: Mayo | C86: 3346 | D86: 2277 | E86: 13729 | F86: 2119 | H86: =SUM(C86:F86) -> 21471
B87: Junio | C87: 3596 | D87: 2125 | E87: 13497 | F87: 1738 | H87: =SUM(C87:F87) -> 20956
B88: Julio | C88: 4119 | D88: 2409 | E88: 15819 | F88: 1609 | H88: =SUM(C88:F88) -> 23956
B89: Agosto | C89: 4297 | D89: 2641 | E89: 18223 | F89: 1553 | H89: =SUM(C89:F89) -> 26714
B90: Septiembre | C90: 4529 | D90: 2330 | E90: 19815 | F90: 1444 | H90: =SUM(C90:F90) -> 28118
B91: Octubre | C91: 3477 | D91: 2464 | E91: 17701 | F91: 1432 | H91: =SUM(C91:F91) -> 25074
B92: Noviembre | C92: 3890 | D92: 2658 | E92: 20150 | F92: 1497 | H92: =SUM(C92:F92) -> 28195
B93: Diciembre | C93: 3791 | D93: 2514 | E93: 18895 | F93: 1448 | H93: =SUM(C93:F93) -> 26648
B94: Total 2021 | C94: =SUM(C82:C93) -> 41653 | D94: =SUM(D82:D93) -> 26969 | E94: =SUM(E82:E93) -> 191078 | F94: =SUM(F82:F93) -> 20510 | H94: =SUM(H82:H93) -> 280210
B95: Enero | C95: 4879 | D95: 3211 | E95: 21970 | F95: 1552 | G95: 0 | H95: =SUM(C95:G95) -> 31612
B96: Febrero | C96: 0 | D96: 3005 | E96: 0 | F96: 3339 | G96: 149186 | H96: =SUM(C96:G96) -> 155530
B97: Marzo | C97: 0 | D97: 3441 | E97: 0 | F97: 1913 | G97: 57867 | H97: =SUM(C97:G97) -> 63221
B98: Abril | C98: 0 | D98: 3126 | E98: 0 | F98: 1334 | G98: 36680 | H98: =SUM(C98:G98) -> 41140
B99: Mayo | C99: 0 | D99: 3083 | E99: 0 | F99: 1382 | G99: 35311 | H99: =SUM(C99:G99) -> 39776
B100: Junio | C100: 0 | D100: 2713 | E100: 0 | F100: 1334 | G100: 35974 | H100: =SUM(C100:G100) -> 40021
B101: Julio | C101: 0 | D101: 3135 | E101: 0 | F101: 1526 | G101: 39533 | H101: =SUM(C101:G101) -> 44194
B102: Agosto | C102: 0 | D102: 3668 | E102: 0 | F102: 1950 | G102: 57652 | H102: =SUM(C102:G102) -> 63270
...

Sheet 2.2
B2: ESTADO SOLICITUDES PILAR NO CONTRIBUTIVO DE PENSIONES A NIVEL REGIONAL Y COMUNAL
B4: Resumen trimestral de solicitudes por región, según tipo de beneficio y sexo
B5: (julio 2023 a septiembre 2023)
B7: Región | C7: Tipo de beneficio | O7: Todos los beneficios
C8: PGU No Contributiva | F8: PGU Contributiva | I8: PBS Invalidez | L8: APS Invalidez
C9: Mujeres | D9: Hombres | E9: Total | F9: Mujeres | G9: Hombres | H9: Total | I9: Mujeres | J9: Hombres | K9: Total | L9: Mujeres | M9: Hombres | N9: Total | O9: Mujeres | P9: Hombres | Q9: Total
B10: Región de Arica y Parinacota | C10: 63 | D10: 52 | E10: 115 | F10: 355 | G10: 309 | H10: 664 | I10: 53 | J10: 39 | K10: 92 | L10: 27 | M10: 35 | N10: 62 | O10: 498 | P10: 435 | Q10: 933
B11: Región de Tarapacá | C11: 60 | D11: 44 | E11: 104 | F11: 422 | G11: 416 | H11: 838 | I11: 81 | J11: 28 | K11: 109 | L11: 32 | M11: 37 | N11: 69 | O11: 595 | P11: 525 | Q11: 1120
B12: Región de Antofagasta | C12: 105 | D12: 72 | E12: 177 | F12: 836 | G12: 812 | H12: 1648 | I12: 121 | J12: 48 | K12: 169 | L12: 20 | M12: 44 | N12: 64 | O12: 1082 | P12: 976 | Q12: 2058
B13: Región de Atacama | C13: 68 | D13: 71 | E13: 139 | F13: 478 | G13: 472 | H13: 950 | I13: 85 | J13: 32 | K13: 117 | L13: 22 | M13: 39 | N13: 61 | O13: 653 | P13: 614 | Q13: 1267
B14: Región de Coquimbo | C14: 223 | D14: 184 | E14: 407 | F14: 1295 | G14: 1110 | H14: 2405 | I14: 279 | J14: 118 | K14: 397 | L14: 74 | M14: 115 | N14: 189 | O14: 1871 | P14: 1527 | Q14: 3398
B15: Región de Valparaíso | C15: 612 | D15: 527 | E15: 1139 | F15: 3757 | G15: 2842 | H15: 6599 | I15: 552 | J15: 251 | K15: 803 | L15: 144 | M15: 247 | N15: 391 | O15: 5065 | P15: 3867 | Q15: 8932
B16: Región Metropolitana de Santiago | C16: 1803 | D16: 1397 | E16: 3200 | F16: 12415 | G16: 9916 | H16: 22331 | I16: 1384 | J16: 666 | K16: 2050 | L16: 423 | M16: 638 | N16: 1061 | O16: 16025 | P16: 12617 | Q16: 28642
B17: Región del Libertador General Bernardo O’Higgins | C17: 309 | D17: 285 | E17: 594 | F17: 1716 | G17: 1613 | H17: 3329 | I17: 340 | J17: 120 | K17: 460 | L17: 109 | M17: 174 | N17: 283 | O17: 2474 | P17: 2192 | Q17: 4666
B18: Región del Maule | C18: 337 | D18: 391 | E18: 728 | F18: 1892 | G18: 1734 | H18: 3626 | I18: 437 | J18: 169 | K18: 606 | L18: 115 | M18: 164 | N18: 279 | O18: 2781 | P18: 2458 | Q18: 5239
B19: Región del Ñuble | C19: 209 | D19: 182 | E19: 391 | F19: 915 | G19: 795 | H19: 1710 | I19: 373 | J19: 132 | K19: 505 | L19: 83 | M19: 102 | N19: 185 | O19: 1580 | P19: 1211 | Q19: 2791
B20: Región del Bio-bío | C20: 580 | D20: 422 | E20: 1002 | F20: 2859 | G20: 2366 | H20: 5225 | I20: 675 | J20: 251 | K20: 926 | L20: 153 | M20: 228 | N20: 381 | O20: 4267 | P20: 3267 | Q20: 7534
B21: Región de La Araucanía | C21: 315 | D21: 273 | E21: 588 | F21: 1625 | G21: 1528 | H21: 3153 | I21: 400 | J21: 207 | K21: 607 | L21: 92 | M21: 170 | N21: 262 | O21: 2432 | P21: 2178 | Q21: 4610
... B26: Total | C26: 5227 | D26: 4331 | E26: 9558 | F26: 31159 | G26: 26115 | H26: 57274 | I26: 5385 | J26: 2330 | K26: 7715 | L26: 1479 | M26: 2292 | N26: 3771 | O26: 43250 | P26: 35068 | Q26: 78318
