Workbook

Sheet Indice General
B1: Subsecretaría de Previsión Social Dirección de Estudios Previsionales
B9: Informe trimestral del Pilar No Contributivo
B10: Trimestre OND 2022
B12: I. Pago de Beneficios del Pilar No Contributivo
B13: 1. Total de beneficios pagados del Pilar No Contributivo
B14: 2. Pagos Pensión Básica Solidaria (PBS)
B15: 3. Pagos Pensión Garantizada Universal (PGU)
B16: 4. Pagos Aporte Previsional Solidario (APS)
B17: 5. Pagos Beneficio del artículo 9° bis (Nbis)
B18: II. Estado de solicitudes
B19: 1. Estado de las solicitudes del Pilar No Contributivo
B20: 2. Solicitudes del Pilar No Contributivo a nivel nacional
... B32: 3. Subsidio a la Cotización de Trabajadores Jóvenes

Sheet I. Beneficios pagados
B1: Subsecretaría de Previsión Social Dirección de Estudios Previsionales
B9: I. Pago de Beneficios del Pilar No Contributivo
B10: Trimestre OND 2022
B12: 1. Total de beneficios pagados del Pilar No Contributivo
B13: i. Resumen trimestral de beneficios pagados en T4 2022, por tipo y sexo
B14: ii. Resumen anual de beneficios pagados en 2022, por tipo y sexo
B15: iii. Serie resumen de pagos de beneficios acumulados, por tipo
B16: 2. Pagos Pensión Básica Solidaria (PBS)
B17: i. Resumen trimestral de beneficios pagados en T4 2022, por tipo y sexo
B18: ii. Resumen anual de beneficios pagados en 2022, por tipo y sexo
B19: iii. Serie resumen de pagos de beneficios acumulado, por tipo y sexo
B20: 3. Pagos Pensión Garantizada Universal (PGU)
... B31: iii. Serie resumen de pagos de beneficios acumulado, por tipo y sexo

Sheet dinamica pgu
A1: PERIODO | B1: (Varios elementos)
A3: Etiquetas de fila
A4: oct
A5: Suma de PGU_NC_Mujer_n | B5: 322141
A6: Suma de PGU_NC_hombre_N | B6: 109963
A7: Suma de PGU_C_Mujer_N | B7: 686334
A8: Suma de PGU_C_hombre_N | B8: 563950
A9: nov
A10: Suma de PGU_NC_Mujer_n | B10: 327443
A11: Suma de PGU_NC_hombre_N | B11: 121585
A12: Suma de PGU_C_Mujer_N | B12: 704099
A13: Suma de PGU_C_hombre_N | B13: 584193
A14: dic
A15: Suma de PGU_NC_Mujer_n | B15: 329180
A16: Suma de PGU_NC_hombre_N | B16: 125728
A17: Suma de PGU_C_Mujer_N | B17: 717919
A18: Suma de PGU_C_hombre_N | B18: 594890
A22: PERIODO | B22: (Varios elementos)
A24: Etiquetas de fila
A25: oct
A26: Suma de PGU_NC_Mujer_Nom | B26: 62098940
A27: Suma de PGU_NC_hombre_Nom | B27: 21312758
A28: Suma de PGU_C_Mujer_Nom | B28: 1.3198656e+08
A29: Suma de PGU_C_hombre_Nom | B29: 1.0801488e+08
A30: nov
A31: Suma de PGU_NC_Mujer_Nom | B31: 63080933
A32: Suma de PGU_NC_hombre_Nom | B32: 23564397
A33: Suma de PGU_C_Mujer_Nom | B33: 1.3523624e+08
A34: Suma de PGU_C_hombre_Nom | B34: 1.115372e+08
A35: dic
A36: Suma de PGU_NC_Mujer_Nom | B36: 63417032
A37: Suma de PGU_NC_hombre_Nom | B37: 24368203
A38: Suma de PGU_C_Mujer_Nom | B38: 1.3763622e+08
A39: Suma de PGU_C_hombre_Nom | B39: 1.1328694e+08
A43: PERIODO | B43: (Varios elementos)
A45: Etiquetas de fila
A46: oct
A47: Suma de PGU_NC_Mujer_REAL | B47: 61325232
A48: Suma de PGU_NC_hombre_REAL | B48: 21047217
A49: Suma de PGU_C_Mujer_REAL | B49: 1.303421e+08
A50: Suma de PGU_C_hombre_REAL | B50: 1.066691e+08
A51: nov
A52: Suma de PGU_NC_Mujer_REAL | B52: 62902519
A53: Suma de PGU_NC_hombre_REAL | B53: 23497749
A54: Suma de PGU_C_Mujer_REAL | B54: 1.3485375e+08
A55: Suma de PGU_C_hombre_REAL | B55: 1.1122174e+08
A56: dic
A57: Suma de PGU_NC_Mujer_REAL | B57: 63417032
A58: Suma de PGU_NC_hombre_REAL | B58: 24368203
A59: Suma de PGU_C_Mujer_REAL | B59: 1.3763622e+08
A60: Suma de PGU_C_hombre_REAL | B60: 1.1328694e+08
A67: Valores | D67: Valores
A68: Promedio de PGU_NC_Mujer_n2 | B68: 319227.82 | D68: Promedio de PGU_C_Mujer_N | E68: 626988.27
A69: Suma de PGU_NC_Mujer_n | B69: 3511506 | D69: Suma de PGU_C_Mujer_N2 | E69: 6896871
A70: Promedio de PGU_NC_hombre_N | B70: 111460.55 | D70: Promedio de PGU_C_hombre_N | E70: 488475.91
A71: Suma de PGU_NC_hombre_N2 | B71: 1226066 | D71: Suma de PGU_C_hombre_N2 | E71: 5373235
A76: Valores | D76: Valores
A77: Promedio de PGU_NC_Mujer_Nom | B77: 60323652 | D77: Promedio de PGU_C_Mujer_Nom | E77: 1.176403e+08
A78: Suma de PGU_NC_Mujer_Nom2 | B78: 6.6356017e+08 | D78: Suma de PGU_C_Mujer_Nom2 | E78: 1.2940434e+09
A79: Promedio de PGU_NC_hombre_Nom | B79: 21167798 | D79: Promedio de PGU_C_hombre_Nom | E79: 91979553
A80: Suma de PGU_NC_hombre_Nom2 | B80: 2.3284578e+08 | D80: Suma de PGU_C_hombre_Nom2 | E80: 1.0117751e+09
A84: Valores | D84: Valores
A85: Promedio de PGU_NC_Mujer_REAL | B85: 57868225 | D85: Promedio de PGU_C_Mujer_REAL | E85: 1.1323162e+08
A86: Suma de PGU_NC_Mujer_REAL2 | B86: 6.3655048e+08 | D86: Suma de PGU_C_Mujer_REAL2 | E86: 1.2455478e+09
A87: Promedio de PGU_NC_hombre_REAL | B87: 20321992 | D87: Promedio de PGU_C_hombre_REAL | E87: 88711834
A88: Suma de PGU_NC_hombre_REAL2 | B88: 2.2354192e+08 | D88: Suma de PGU_C_hombre_REAL2 | E88: 9.7583017e+08
A93: Etiquetas de fila | B93: Suma de PGU_NC_Mujer_n | C93: Suma de PGU_NC_hombre_N | D93: Suma de PGU_C_Mujer_N | E93: Suma de PGU_C_hombre_N
A94: feb | B94: 309683 | C94: 106066 | D94: 517361 | E94: 340110
A95: mar | B95: 312946 | C95: 107255 | D95: 536699 | E95: 361057
A96: abr | B96: 314601 | C96: 107763 | D96: 552501 | E96: 374925
A97: may | B97: 316872 | C97: 108938 | D97: 605836 | E97: 477591
A98: jun | B98: 317138 | C98: 109221 | D98: 615086 | E98: 487043
A99: jul | B99: 317824 | C99: 109691 | D99: 621791 | E99: 498271
A100: ago | B100: 322017 | C100: 110018 | D100: 660104 | E100: 538150
A101: sept | B101: 321661 | C101: 109838 | D101: 679141 | E101: 553055
A102: oct | B102: 322141 | C102: 109963 | D102: 686334 | E102: 563950
A103: nov | B103: 327443 | C103: 121585 | D103: 704099 | E103: 584193
A104: dic | B104: 329180 | C104: 125728 | D104: 717919 | E104: 594890
A108: Etiquetas de fila | B108: Promedio de PGU_NC_Mujer_REAL | C108: Promedio de PGU_NC_hombre_REAL | D108: Promedio de PGU_C_Mujer_REAL | E108: Promedio de PGU_C_hombre_REAL
A109: feb | B109: 51479972 | C109: 17653930 | D109: 76563176 | E109: 52468769
A110: mar | B110: 52900840 | C110: 18182522 | D110: 90814177 | E110: 61156597
A111: abr | B111: 53866572 | C111: 18523266 | D111: 94731529 | E111: 64414475
A112: may | B112: 54858966 | C112: 18947988 | D112: 1.0507873e+08 | E112: 83047982
A113: jun | B113: 55397967 | C113: 19173744 | D113: 1.0763388e+08 | E113: 85481508
A114: jul | B114: 58993212 | C114: 20461815 | D114: 1.1563083e+08 | E114: 92933917
A115: ago | B115: 60482280 | C115: 20770527 | D115: 1.2386255e+08 | E115: 1.0089618e+08
A116: sept | B116: 60925886 | C116: 20914955 | D116: 1.2840084e+08 | E116: 1.0425297e+08
A117: oct | B117: 61325232 | C117: 21047217 | D117: 1.303421e+08 | E117: 1.066691e+08
A118: nov | B118: 62902519 | C118: 23497749 | D118: 1.3485375e+08 | E118: 1.1122174e+08
A119: dic | B119: 63417032 | C119: 24368203 | D119: 1.3763622e+08 | E119: 1.1328694e+08

Sheet N PBS
A3: Etiquetas de fila | B3: Promedio de PBS VEJEZ MUJER | C3: Promedio de PBS VEJEZ HOMBRE | D3: Promedio de PBS INVALIDEZ MUJER | E3: Promedio de PBS INVALIDEZ HOMBRE | F3: Promedio de PBS TOTAL MUJER | G3: Promedio de PBS TOTAL HOMBRE
A4: 2008 | B4: 218799.83 | C4: 107682.67 | D4: 108916.5 | E4: 84536 | F4: 327716.33 | G4: 192218.67
A5: 2009 | B5: 262267.25 | C5: 117026.58 | D5: 116205.08 | E5: 86817.667 | F5: 378472.33 | G5: 203844.25
A6: 2010 | B6: 284569.67 | C6: 119969.58 | D6: 125529.75 | E6: 89731.417 | F6: 410099.42 | G6: 209701
A7: 2011 | B7: 286982.92 | C7: 118668.92 | D7: 125674.58 | E7: 89317.917 | F7: 412657.5 | G7: 207986.83
A8: 2012 | B8: 288232.25 | C8: 116683.83 | D8: 120025.92 | E8: 85446.25 | F8: 408258.17 | G8: 202130.08
A9: 2013 | B9: 288720.25 | C9: 114312 | D9: 112605.08 | E9: 79812.917 | F9: 401325.33 | G9: 194124.92
A10: 2014 | B10: 288530.42 | C10: 111136.17 | D10: 107377.17 | E10: 75527.833 | F10: 395907.58 | G10: 186664
A11: 2015 | B11: 289070.58 | C11: 110162 | D11: 105105.42 | E11: 74655.333 | F11: 394176 | G11: 184817.33
A12: 2016 | B12: 290373 | C12: 108843.42 | D12: 105459.83 | E12: 75532.583 | F12: 395832.83 | G12: 184376
A13: 2017 | B13: 291754 | C13: 107694.83 | D13: 105581.83 | E13: 76434.167 | F13: 397335.83 | G13: 184129
A14: 2018 | B14: 295171.83 | C14: 107077.42 | D14: 105559.42 | E14: 77417 | F14: 400731.25 | G14: 184494.42
A15: 2019 | B15: 299821.5 | C15: 106705.25 | D15: 104899.17 | E15: 77850.417 | F15: 404720.67 | G15: 184555.67
... A42: dic | B42: 0 | C42: 0 | D42: 103979 | E42: 81605 | F42: 103979 | G42: 81605

Sheet MONTOS PBS
I1: PERIODO | J1: (Varios elementos)
A3: Etiquetas de fila | B3: Promedio de PBSV_MUJER | C3: Promedio de PBSV_HOMBRE | D3: Promedio de PBSI_MUJER | E3: Promedio de PBSI_HOMBRE | F3: Promedio de PBS_MUJER | G3: Promedio de PBS_HOMBRE | I3: Etiquetas de fila | J3: Suma de PBSV_MUJER | K3: Suma de PBSV_HOMBRE | L3: Suma de PBSV_TOTAL | M3: Suma de PBSI_MUJER | N3: Suma de PBSI_HOMBRE | O3: Suma de PBSI_TOTAL | P3: Suma de PBS_MUJER | Q3: Suma de PBS_HOMBRE | R3: Suma de PBS_TOTAL | T3: Etiquetas de fila | U3: Suma de PBSV_MUJER | V3: Suma de PBSV_HOMBRE | W3: Suma de PBSV_TOTAL | X3: Suma de PBSI_MUJER | Y3: Suma de PBSI_HOMBRE | Z3: Suma de PBSI_TOTAL | AA3: Suma de PBS_MUJER | AB3: Suma de PBS_HOMBRE | AC3: Suma de PBS_TOTAL | AE3: Etiquetas de fila | AF3: Suma de PBSV_MUJER | AG3: Suma de PBSV_HOMBRE | AH3: Suma de PBSV_TOTAL | AI3: Suma de PBSI_MUJER | AJ3: Suma de PBSI_HOMBRE | AK3: Suma de PBSI_TOTAL | AL3: Suma de PBS_MUJER | AM3: Suma de PBS_HOMBRE | AN3: Suma de PBS_TOTAL
A4: 2008 | B4: 8.2469269e+09 | C4: 3.9732077e+09 | D4: 3.9696562e+09 | E4: 3.0646136e+09 | F4: 1.2216583e+10 | G4: 7.0378213e+09 | I4: 2022 | J4: 0 | K4: 0 | L4: 0 | M4: 6.0133313e+10 | N4: 4.7149436e+10 | O4: 1.0728275e+11 | P4: 6.0133313e+10 | Q4: 4.7149436e+10 | R4: 1.0728275e+11 | T4: oct | U4: 0 | V4: 0 | W4: 0 | X4: 1.9903687e+10 | Y4: 1.5583475e+10 | Z4: 3.5487162e+10 | AA4: 1.9903687e+10 | AB4: 1.5583475e+10 | AC4: 3.5487162e+10 | AE4: oct | AF4: =+U4/1000 -> 0 | AG4: =+V4/1000 -> 0 | AH4: =+W4/1000 -> 0 | AI4: =+X4/1000 -> 19903687 | AJ4: =+Y4/1000 -> 15583475 | AK4: =+Z4/1000 -> 35487162 | AL4: =+AA4/1000 -> 19903687 | AM4: =+AB4/1000 -> 15583475 | AN4: =+AC4/1000 -> 35487162
A5: 2009 | B5: 1.0831943e+10 | C5: 4.7784934e+09 | D5: 5.149103e+09 | E5: 3.655593e+09 | F5: 1.5981046e+10 | G5: 8.4340864e+09 | I5: oct | J5: 0 | K5: 0 | L5: 0 | M5: 1.9903687e+10 | N5: 1.5583475e+10 | O5: 3.5487162e+10 | P5: 1.9903687e+10 | Q5: 1.5583475e+10 | R5: 3.5487162e+10 | T5: nov | U5: 0 | V5: 0 | W5: 0 | X5: 2.0075789e+10 | Y5: 1.5749774e+10 | Z5: 3.5825563e+10 | AA5: 2.0075789e+10 | AB5: 1.5749774e+10 | AC5: 3.5825563e+10 | AE5: nov | AF5: =+U5/1000 -> 0 | AG5: =+V5/1000 -> 0 | AH5: =+W5/1000 -> 0 | AI5: =+X5/1000 -> 20075789 | AJ5: =+Y5/1000 -> 15749774 | AK5: =+Z5/1000 -> 35825563 | AL5: =+AA5/1000 -> 20075789 | AM5: =+AB5/1000 -> 15749774 | AN5: =+AC5/1000 -> 35825563
A6: 2010 | B6: 1.3095568e+10 | C6: 5.5029662e+09 | D6: 5.9733298e+09 | E6: 4.1819318e+09 | F6: 1.9068897e+10 | G6: 9.684898e+09 | I6: nov | J6: 0 | K6: 0 | L6: 0 | M6: 2.0075789e+10 | N6: 1.5749774e+10 | O6: 3.5825563e+10 | P6: 2.0075789e+10 | Q6: 1.5749774e+10 | R6: 3.5825563e+10 | T6: dic | U6: 0 | V6: 0 | W6: 0 | X6: 20153837159 | Y6: 15816186175 | Z6: 35970023334 | AA6: 20153837159 | AB6: 15816186175 | AC6: 35970023334 | AE6: dic | AF6: =+U6/1000 -> 0 | AG6: =+V6/1000 -> 0 | AH6: =+W6/1000 -> 0 | AI6: =+X6/1000 -> 20153837 | AJ6: =+Y6/1000 -> 15816186 | AK6: =+Z6/1000 -> 35970023 | AL6: =+AA6/1000 -> 20153837 | AM6: =+AB6/1000 -> 15816186 | AN6: =+AC6/1000 -> 35970023
A7: 2011 | B7: 1.3994994e+10 | C7: 5.7801079e+09 | D7: 6.2216009e+09 | E7: 4.3734947e+09 | F7: 2.0216595e+10 | G7: 1.0153603e+10 | I7: dic | J7: 0 | K7: 0 | L7: 0 | M7: 20153837159 | N7: 15816186175 | O7: 35970023334 | P7: 20153837159 | Q7: 15816186175 | R7: 35970023334
A8: 2012 | B8: 1.4900592e+10 | C8: 6.0276417e+09 | D8: 6.3053347e+09 | E8: 4.4481809e+09 | F8: 2.1205927e+10 | G8: 1.0475823e+10
A9: 2013 | B9: 1.5464511e+10 | C9: 6.1276381e+09 | D9: 6.1333006e+09 | E9: 4.2916174e+09 | F9: 2.1597811e+10 | G9: 1.0419256e+10
A10: 2014 | B10: 1.6719242e+10 | C10: 6.4430339e+09 | D10: 6.3328754e+09 | E10: 4.3768174e+09 | F10: 2.3052118e+10 | G10: 1.0819851e+10
A11: 2015 | B11: 1.8210703e+10 | C11: 6.9460832e+09 | D11: 6.7614414e+09 | E11: 4.7714308e+09 | F11: 2.4972144e+10 | G11: 1.1717514e+10
A12: 2016 | B12: 1.9783297e+10 | C12: 7.4256197e+09 | D12: 7.3620108e+09 | E12: 5.231601e+09 | F12: 2.7145307e+10 | G12: 1.2657221e+10 | I12: PERIODO | J12: (Varios elementos) | AE12: nominales
A13: 2017 | B13: 2.3013212e+10 | C13: 8.5012643e+09 | D13: 8.4836307e+09 | E13: 6.1043568e+09 | F13: 3.1496842e+10 | G13: 1.4605621e+10 | AF13: vejez | AI13: invalidez | AL13: total
A14: 2018 | B14: 2.4370428e+10 | C14: 8.8423454e+09 | D14: 8.863105e+09 | E14: 6.4518852e+09 | F14: 3.3233533e+10 | G14: 1.5294231e+10 | I14: Etiquetas de fila | J14: Suma de MUJER | K14: Suma de HOMBRE | L14: Suma de TOTAL | M14: Suma de MUJER2 | N14: Suma de HOMBRE2 | O14: Suma de TOTAL2 | P14: Suma de MUJER3 | Q14: Suma de HOMBRE3 | R14: Suma de TOTAL3 | T14: Etiquetas de fila | U14: Suma de MUJER | V14: Suma de HOMBRE | W14: Suma de TOTAL | X14: Suma de MUJER2 | Y14: Suma de HOMBRE2 | Z14: Suma de TOTAL2 | AA14: Suma de MUJER3 | AB14: Suma de HOMBRE3 | AC14: Suma de TOTAL3 | AE14: Etiquetas de fila | AF14: Promedio de MUJER | AG14: Promedio de HOMBRE | AH14: Promedio de TOTAL | AI14: Promedio de MUJER2 | AJ14: Promedio de HOMBRE2 | AK14: Promedio de TOTAL2 | AL14: Promedio de MUJER3 | AM14: Promedio de HOMBRE3 | AN14: Promedio de TOTAL3
A15: 2019 | B15: 2.6689511e+10 | C15: 9.492244e+09 | D15: 9.429656e+09 | E15: 6.9564548e+09 | F15: 3.6119167e+10 | G15: 1.6448699e+10 | I15: 2022 | J15: 0 | K15: 0 | L15: 0 | M15: 60441368879 | N15: 47390715970 | O15: 107832084849 | P15: 60441368879 | Q15: 47390715970 | R15: 107832084849 | T15: oct | U15: 0 | V15: 0 | W15: 0 | X15: 20154801071 | Y15: 15780083599 | Z15: 35934884670 | AA15: 20154801071 | AB15: 15780083599 | AC15: 35934884670 | AE15: oct | AF15: =+U15/1000 -> 0 | AG15: =+V15/1000 -> 0 | AH15: =+W15/1000 -> 0 | AI15: =+X15/1000 -> 20154801 | AJ15: =+Y15/1000 -> 15780084 | AK15: =+Z15/1000 -> 35934885 | AL15: =+AA15/1000 -> 20154801 | AM15: =+AB15/1000 -> 15780084 | AN15: =+AC15/1000 -> 35934885
A16: 2020 | B16: 3.659289e+10 | C16: 1.2913294e+10 | D16: 1.1894674e+10 | E16: 8.9114229e+09 | F16: 4.8487564e+10 | G16: 2.1824717e+10 | I16: oct | J16: 0 | K16: 0 | L16: 0 | M16: 20154801071 | N16: 15780083599 | O16: 35934884670 | P16: 20154801071 | Q16: 15780083599 | R16: 35934884670 | T16: nov | U16: 0 | V16: 0 | W16: 0 | X16: 20132730649 | Y16: 15794446196 | Z16: 35927176845 | AA16: 20132730649 | AB16: 15794446196 | AC16: 35927176845 | AE16: nov | AF16: =+U16/1000 -> 0 | AG16: =+V16/1000 -> 0 | AH16: =+W16/1000 -> 0 | AI16: =+X16/1000 -> 20132731 | AJ16: =+Y16/1000 -> 15794446 | AK16: =+Z16/1000 -> 35927177 | AL16: =+AA16/1000 -> 20132731 | AM16: =+AB16/1000 -> 15794446 | AN16: =+AC16/1000 -> 35927177
A17: 2021 | B17: 4.3453866e+10 | C17: 1.494933e+10 | D17: 1.4114095e+10 | E17: 1.0837333e+10 | F17: 5.7567962e+10 | G17: 2.5786663e+10 | I17: nov | J17: 0 | K17: 0 | L17: 0 | M17: 20132730649 | N17: 15794446196 | O17: 35927176845 | P17: 20132730649 | Q17: 15794446196 | R17: 35927176845 | T17: dic | U17: 0 | V17: 0 | W17: 0 | X17: 20153837159 | Y17: 15816186175 | Z17: 35970023334 | AA17: 20153837159 | AB17: 15816186175 | AC17: 35970023334 | AE17: dic | AF17: =+U17/1000 -> 0 | AG17: =+V17/1000 -> 0 | AH17: =+W17/1000 -> 0 | AI17: =+X17/1000 -> 20153837 | AJ17: =+Y17/1000 -> 15816186 | AK17: =+Z17/1000 -> 35970023 | AL17: =+AA17/1000 -> 20153837 | AM17: =+AB17/1000 -> 15816186 | AN17: =+AC17/1000 -> 35970023
A18: ene | B18: 4.1412765e+10 | C18: 1.4344175e+10 | D18: 1.357545e+10 | E18: 1.0301137e+10 | F18: 5.4988215e+10 | G18: 2.4645311e+10 | I18: dic | J18: 0 | K18: 0 | L18: 0 | M18: 20153837159 | N18: 15816186175 | O18: 35970023334 | P18: 20153837159 | Q18: 15816186175 | R18: 35970023334 | T18: Total general | U18: 0 | V18: 0 | W18: 0 | X18: 2.0147123e+10 | Y18: 1.5796905e+10 | Z18: 35944028283 | AA18: 2.0147123e+10 | AB18: 1.5796905e+10 | AC18: 35944028283
A19: feb | B19: 4.1492133e+10 | C19: 1.4338672e+10 | D19: 1.35569e+10 | E19: 1.0317361e+10 | F19: 5.5049033e+10 | G19: 2.4656033e+10
A20: mar | B20: 4.1689378e+10 | C20: 1.4389108e+10 | D20: 1.3587482e+10 | E20: 1.0363694e+10 | F20: 5.527686e+10 | G20: 2.4752801e+10
A21: abr | B21: 4.1893694e+10 | C21: 1.4448119e+10 | D21: 1.3658161e+10 | E21: 1.0436146e+10 | F21: 5.5551855e+10 | G21: 2.4884265e+10
A22: may | B22: 4.2028716e+10 | C22: 1.4474202e+10 | D22: 1.3650261e+10 | E22: 1.0455982e+10 | F22: 5.5678977e+10 | G22: 2.4930184e+10
A23: jun | B23: 4.2051494e+10 | C23: 1.4454401e+10 | D23: 1.3673345e+10 | E23: 1.0488652e+10 | F23: 5.5724839e+10 | G23: 2.4943053e+10
A24: jul | B24: 4.3968065e+10 | C24: 1.5094747e+10 | D24: 1.4296201e+10 | E24: 1.0984398e+10 | F24: 5.8264265e+10 | G24: 2.6079145e+10
A25: ago | B25: 4.4239653e+10 | C25: 1.5183281e+10 | D25: 1.4359654e+10 | E25: 1.1056169e+10 | F25: 5.8599307e+10 | G25: 2.6239451e+10
A26: sept | B26: 4.4825753e+10 | C26: 1.5361682e+10 | D26: 1.4520122e+10 | E26: 1.1196684e+10 | F26: 5.9345875e+10 | G26: 2.6558366e+10
A27: oct | B27: 4.5558469e+10 | C27: 1.5619781e+10 | D27: 1.4731002e+10 | E27: 1.1378659e+10 | F27: 6.0289471e+10 | G27: 2.6998439e+10
A28: nov | B28: 4.5907806e+10 | C28: 1.5757842e+10 | D28: 1.4819941e+10 | E28: 1.1477734e+10 | F28: 6.0727747e+10 | G28: 2.7235576e+10
A29: dic | B29: 4.6378472e+10 | C29: 1.5925944e+10 | D29: 1.4940627e+10 | E29: 1.159138e+10 | F29: 6.1319099e+10 | G29: 2.7517324e+10
A30: 2022 | B30: 4.0614957e+09 | C30: 1.3943048e+09 | D30: 1.8608107e+10 | E30: 1.4541109e+10 | F30: 2.2669603e+10 | G30: 1.5935414e+10
... A43: Total general | B43: 1.9676256e+10 | C43: 7.3869635e+09 | D43: 8.5253168e+09 | E43: 6.2527955e+09 | F43: 2.8201573e+10 | G43: 1.3639759e+10
A52: Etiquetas de fila | B52: Promedio de PBSV_MUJER | C52: Promedio de PBSV_HOMBRE | D52: Promedio de PBSI_MUJER | E52: Promedio de PBSI_HOMBRE | F52: Promedio de PBS_MUJER | G52: Promedio de PBS_HOMBRE | I52: Etiquetas de fila | J52: Promedio de PBSV_MUJER | K52: Promedio de PBSV_HOMBRE | L52: Promedio de PBSI_MUJER | M52: Promedio de PBSI_HOMBRE | N52: Promedio de PBS_MUJER | O52: Promedio de PBS_HOMBRE
A53: 2008 | B53: 8.2469269e+09 | C53: 3.9732077e+09 | D53: 3.9696562e+09 | E53: 3.0646136e+09 | F53: 1.2216583e+10 | G53: 7.0378213e+09 | I53: 2008 | J53: 8246926.9 | K53: 3973207.7 | L53: 3969656.2 | M53: 3064613.6 | N53: 12216583 | O53: 7037821.3
A54: 2009 | B54: 1.0831943e+10 | C54: 4.7784934e+09 | D54: 5.149103e+09 | E54: 3.655593e+09 | F54: 1.5981046e+10 | G54: 8.4340864e+09 | I54: 2009 | J54: 10831943 | K54: 4778493.4 | L54: 5149103 | M54: 3655593 | N54: 15981046 | O54: 8434086.4
A55: 2010 | B55: 1.3095568e+10 | C55: 5.5029662e+09 | D55: 5.9733298e+09 | E55: 4.1819318e+09 | F55: 1.9068897e+10 | G55: 9.684898e+09 | I55: 2010 | J55: 13095568 | K55: 5502966.2 | L55: 5973329.8 | M55: 4181931.8 | N55: 19068897 | O55: 9684898
A56: 2011 | B56: 1.3994994e+10 | C56: 5.7801079e+09 | D56: 6.2216009e+09 | E56: 4.3734947e+09 | F56: 2.0216595e+10 | G56: 1.0153603e+10 | I56: 2011 | J56: 13994994 | K56: 5780107.9 | L56: 6221600.9 | M56: 4373494.7 | N56: 20216595 | O56: 10153603
A57: 2012 | B57: 1.4900592e+10 | C57: 6.0276417e+09 | D57: 6.3053347e+09 | E57: 4.4481809e+09 | F57: 2.1205927e+10 | G57: 1.0475823e+10 | I57: 2012 | J57: 14900592 | K57: 6027641.7 | L57: 6305334.7 | M57: 4448180.9 | N57: 21205927 | O57: 10475823
A58: 2013 | B58: 1.5464511e+10 | C58: 6.1276381e+09 | D58: 6.1333006e+09 | E58: 4.2916174e+09 | F58: 2.1597811e+10 | G58: 1.0419256e+10 | I58: 2013 | J58: 15464511 | K58: 6127638.1 | L58: 6133300.6 | M58: 4291617.4 | N58: 21597811 | O58: 10419256
A59: 2014 | B59: 1.6719242e+10 | C59: 6.4430339e+09 | D59: 6.3328754e+09 | E59: 4.3768174e+09 | F59: 2.3052118e+10 | G59: 1.0819851e+10 | I59: 2014 | J59: 16719242 | K59: 6443033.9 | L59: 6332875.4 | M59: 4376817.4 | N59: 23052118 | O59: 10819851
A60: 2015 | B60: 1.8210703e+10 | C60: 6.9460832e+09 | D60: 6.7614414e+09 | E60: 4.7714308e+09 | F60: 2.4972144e+10 | G60: 1.1717514e+10 | I60: 2015 | J60: 18210703 | K60: 6946083.2 | L60: 6761441.4 | M60: 4771430.8 | N60: 24972144 | O60: 11717514
A61: 2016 | B61: 1.9783297e+10 | C61: 7.4256197e+09 | D61: 7.3620108e+09 | E61: 5.231601e+09 | F61: 2.7145307e+10 | G61: 1.2657221e+10 | I61: 2016 | J61: 19783297 | K61: 7425619.7 | L61: 7362010.8 | M61: 5231601 | N61: 27145307 | O61: 12657221
A62: 2017 | B62: 2.3013212e+10 | C62: 8.5012643e+09 | D62: 8.4836307e+09 | E62: 6.1043568e+09 | F62: 3.1496842e+10 | G62: 1.4605621e+10 | I62: 2017 | J62: 23013212 | K62: 8501264.3 | L62: 8483630.7 | M62: 6104356.8 | N62: 31496842 | O62: 14605621
A63: 2018 | B63: 2.4370428e+10 | C63: 8.8423454e+09 | D63: 8.863105e+09 | E63: 6.4518852e+09 | F63: 3.3233533e+10 | G63: 1.5294231e+10 | I63: 2018 | J63: 24370428 | K63: 8842345.4 | L63: 8863105 | M63: 6451885.2 | N63: 33233533 | O63: 15294231
A64: 2019 | B64: 2.6689511e+10 | C64: 9.492244e+09 | D64: 9.429656e+09 | E64: 6.9564548e+09 | F64: 3.6119167e+10 | G64: 1.6448699e+10 | I64: 2019 | J64: 26689511 | K64: 9492244 | L64: 9429656 | M64: 6956454.8 | N64: 36119167 | O64: 16448699
... A89: oct | B89: 0 | C89: 0 | D89: 1.9903687e+10 | E89: 1.5583475e+10 | F89: 1.9903687e+10 | G89: 1.5583475e+10 | I89: dic | J89: 0 | K89: 0 | L89: 20153837 | M89: 15816186 | N89: 20153837 | O89: 15816186
A90: nov | B90: 0 | C90: 0 | D90: 2.0075789e+10 | E90: 1.5749774e+10 | F90: 2.0075789e+10 | G90: 1.5749774e+10
A91: dic | B91: 0 | C91: 0 | D91: 20153837159 | E91: 15816186175 | F91: 20153837159 | G91: 15816186175
A92: Total general | B92: 1.9676256e+10 | C92: 7.3869635e+09 | D92: 8.5253168e+09 | E92: 6.2527955e+09 | F92: 2.8201573e+10 | G92: 1.3639759e+10

Sheet 1.1
B2: TOTAL BENEFICIOS PAGADOS DEL PILAR NO CONTRIBUTIVO
B4: Resumen trimestral de beneficios pagados, por tipo y sexo
B5: (octubre 2022 a diciembre 2022)
D7: Mujeres | G7: Hombres | J7: Ambos
B8: Periodo | C8: Tipo de beneficio | D8: N° | E8: Monto nominal M$ * | F8: Monto real M$ ** | G8: N° | H8: Monto nominal M$ * | I8: Monto real M$ ** | J8: N° | K8: Monto nominal M$ * | L8: Monto real M$ **
B9: octubre 2022 | C9: PBS Vejez
C10: PBS Invalidez | D10: 103979 | E10: 20154801 | F10: =+[1]PBS!$AF$181 -> 20409083 | G10: 81414 | H10: 15780084 | I10: =+[1]PBS!$AG$181 -> 15979172 | J10: 185393 | K10: 35934885 | L10: =+[1]PBS!$AH$181 -> 36388256
C11: PGU No Contributiva | D11: 322141 | E11: 62098940 | F11: =+[1]PGU_desagr!$AB$18 -> 62882408 | G11: 109963 | H11: 21312758 | I11: =+[1]PGU_desagr!$AC$18 -> 21581650 | J11: 432104 | K11: 83411698 | L11: =+[1]PGU_desagr!$AD$18 -> 84464058
C12: PGU Contributiva | D12: 686334 | E12: 1.3198656e+08 | F12: =+[1]PGU_desagr!$AE$18 -> 1.3365176e+08 | G12: 563950 | H12: 1.0801488e+08 | I12: =+[1]PGU_desagr!$AF$18 -> 1.0937765e+08 | J12: 1250284 | K12: 2.4000144e+08 | L12: =+[1]PGU_desagr!$AG$18 -> 2.4302941e+08
C13: APS Vejez | D13: 109393 | E13: 23196046 | F13: 23488697 | G13: 63815 | H13: 13590242 | I13: 13761703 | J13: 173208 | K13: 36786288 | L13: 37250400
C14: APS Invalidez | D14: 45739 | E14: 7659976.5 | F14: 7756618.3 | G14: 46381 | H14: 7378442.3 | I14: 7471532.2 | J14: 92120 | K14: 15038419 | L14: 15228150
C15: Nbis
C16: Total Beneficios | D16: =SUM(D9:D15) -> 1267586 | E16: =SUM(E9:E15) -> 2.4509632e+08 | F16: =SUM(F9:F15) -> 2.4818857e+08 | G16: =SUM(G9:G15) -> 865523 | H16: =SUM(H9:H15) -> 1.6607641e+08 | I16: =SUM(I9:I15) -> 1.681717e+08 | J16: =SUM(J9:J15) -> 2133109 | K16: =SUM(K9:K15) -> 4.1117273e+08 | L16: =SUM(L9:L15) -> 4.1636028e+08
B17: noviembre 2022 | C17: PBS Vejez
C18: PBS Invalidez | D18: 103866 | E18: 20132731 | F18: =+[1]PBS!$AF$182 -> 20189834 | G18: 81490 | H18: 15794446 | I18: =+[1]PBS!$AG$182 -> 15839245 | J18: 185356 | K18: 35927177 | L18: =+[1]PBS!$AH$182 -> 36029079
C19: PGU No Contributiva | D19: 327443 | E19: 63080933 | F19: =+[1]PGU_desagr!$AB$19 -> 63259852 | G19: 121585 | H19: 23564397 | I19: =+[1]PGU_desagr!$AC$19 -> 23631234 | J19: 449028 | K19: 86645330 | L19: =+[1]PGU_desagr!$AD$19 -> 86891086
C20: PGU Contributiva | D20: 704099 | E20: 1.3523624e+08 | F20: =+[1]PGU_desagr!$AE$19 -> 1.3561981e+08 | G20: 584193 | H20: 1.115372e+08 | I20: =+[1]PGU_desagr!$AF$19 -> 1.1185356e+08 | J20: 1288292 | K20: 2.4677344e+08 | L20: =+[1]PGU_desagr!$AG$19 -> 2.4747337e+08
C21: APS Vejez | D21: 109031 | E21: 23133194 | F21: =+[1]APS!$AA$183 -> 23198807 | G21: 63526 | H21: 13546987 | I21: =+[1]APS!$AB$183 -> 13585411 | J21: 172557 | K21: 36680181 | L21: =+[1]APS!$AC$183 -> 36784218
C22: APS Invalidez | D22: 45910 | E22: 7675227.2 | F22: =+[1]APS!$AD$183 -> 7696996.8 | G22: 46666 | H22: 7413824.5 | I22: =+[1]APS!$AE$183 -> 7434852.7 | J22: 92576 | K22: 15089052 | L22: =+[1]APS!$AF$183 -> 15131849
C23: Nbis
C24: Total Beneficios | D24: =SUM(D17:D23) -> 1290349 | E24: =SUM(E17:E23) -> 2.4925832e+08 | F24: =SUM(F17:F23) -> 2.4996531e+08 | G24: =SUM(G17:G23) -> 897460 | H24: =SUM(H17:H23) -> 1.7185686e+08 | I24: =SUM(I17:I23) -> 1.723443e+08 | J24: =SUM(J17:J23) -> 2187809 | K24: =SUM(K17:K23) -> 4.2111518e+08 | L24: =SUM(L17:L23) -> 4.2230961e+08
B25: diciembre 2022 | C25: PBS Vejez
C26: PBS Invalidez | D26: 103979 | E26: 20153837 | F26: =+[1]PBS!$AF$183 -> 20153837 | G26: 81605 | H26: 15816186 | I26: =+[1]PBS!$AG$183 -> 15816186 | J26: 185584 | K26: 35970023 | L26: =+[1]PBS!$AH$183 -> 35970023
C27: PGU No Contributiva | D27: 329180 | E27: 63417032 | F27: =+[1]PGU_desagr!$AB$20 -> 63417032 | G27: 125728 | H27: 24368203 | I27: =+[1]PGU_desagr!$AC$20 -> 24368203 | J27: 454908 | K27: 87785234 | L27: =+[1]PGU_desagr!$AD$20 -> 87785234
C28: PGU Contributiva | D28: 717919 | E28: 1.3763622e+08 | F28: =+[1]PGU_desagr!$AE$20 -> 1.3763622e+08 | G28: 594890 | H28: 1.1328694e+08 | I28: =+[1]PGU_desagr!$AF$20 -> 1.1328694e+08 | J28: 1312809 | K28: 2.5092316e+08 | L28: =+[1]PGU_desagr!$AG$20 -> 2.5092316e+08
C29: APS Vejez | D29: 108989 | E29: 23140038 | F29: =+[1]APS!$AA$184 -> 23140038 | G29: 63190 | H29: 13498987 | I29: =+[1]APS!$AB$184 -> 13498987 | J29: 172179 | K29: 36639025 | L29: =+[1]APS!$AC$184 -> 36639025
C30: APS Invalidez | D30: 45881 | E30: 7649953.3 | F30: =+[1]APS!$AD$184 -> 7649953.3 | G30: 46817 | H30: 7421805.9 | I30: =+[1]APS!$AE$184 -> 7421805.9 | J30: 92698 | K30: 15071759 | L30: =+[1]APS!$AF$184 -> 15071759
C31: Nbis
C32: Total Beneficios | D32: =SUM(D25:D31) -> 1305948 | E32: =SUM(E25:E31) -> 2.5199708e+08 | F32: =SUM(F25:F31) -> 2.5199708e+08 | G32: =SUM(G25:G31) -> 912230 | H32: =SUM(H25:H31) -> 1.7439212e+08 | I32: =SUM(I25:I31) -> 1.7439212e+08 | J32: =SUM(J25:J31) -> 2218178 | K32: =SUM(K25:K31) -> 4.263892e+08 | L32: =SUM(L25:L31) -> 4.263892e+08
B33: Fuente: Elaboración propia con datos del IPS
B34: Nota: Las cifras son provisorias.
B35: * Montos nominales de cada periodo de pago. ** Montos deflactados a diciembre de 2022.
B37: Resumen anual de beneficios pagados, por tipo y sexo
B38: (enero 2022 a diciembre 2022)
D40: Mujeres | G40: Hombres | J40: Ambos
B41: Periodo | C41: Tipo de beneficio | D41: N° promedio mensual | E41: Monto nominal M$ * | F41: Monto real M$ ** | G41: N° promedio mensual | H41: Monto nominal M$ * | I41: Monto real M$ ** | J41: N° promedio mensual | K41: Monto nominal M$ * | L41: Monto real M$ **
B42: Año 2022 | C42: PBS Vejez | D42: 309032 | E42: 54315079 | F42: 60530406 | G42: 105909 | H42: 18646278 | I42: 20779990 | J42: 414941 | K42: 72961356 | L42: 81310395
C43: PBS Invalidez | D43: 103357.58 | E43: 2.3401777e+08 | F43: 242022236 | G43: 80758.083 | H43: 1.8285215e+08 | I43: 188463669 | J43: 184115.67 | K43: 4.1686992e+08 | L43: 430485905
C44: PGU No Contributiva | D44: 319227.82 | E44: 6.6356017e+08 | F44: 6.9249478e+08 | G44: 111460.55 | H44: 2.3284578e+08 | I44: 2.4281182e+08 | J44: 430688.36 | K44: 8.9640595e+08 | L44: 9.353066e+08
C45: PGU Contributiva | D45: 626988.27 | E45: 1.2940434e+09 | F45: 1.3458375e+09 | G45: 488475.91 | H45: 1.0117751e+09 | I45: 1.0500865e+09 | J45: 1115464.2 | K45: 2.3058184e+09 | L45: 2.3959241e+09
C46: APS Vejez | D46: 168156.42 | E46: 3.6244601e+08 | F46: 3.8604321e+08 | G46: 123230.08 | H46: 2.505165e+08 | I46: 2.6808536e+08 | J46: 291386.5 | K46: 6.1296251e+08 | L46: 6.5412857e+08
C47: APS Invalidez | D47: 45050.167 | E47: 89129737 | F47: 93534966 | G47: 44846.333 | H47: 84667893 | I47: 88806431 | J47: 89896.5 | K47: 1.7379763e+08 | L47: 1.823414e+08
C48: Nbis | D48: 3 | E48: 183.096 | F48: 204.04785 | G48: 13 | H48: 851.881 | I48: 949.36257 | J48: 16 | K48: 1034.977 | L48: 1153.4104
C49: Total Beneficios | D49: =SUM(D42:D48) -> 1571815.3 | E49: 2.6975123e+09 | F49: 2.8204633e+09 | G49: =SUM(G42:G48) -> 954692.95 | H49: 1.7813045e+09 | I49: 1.8590347e+09 | J49: =SUM(J42:J48) -> 2526508.2 | K49: 4.4788168e+09 | L49: 4.6794981e+09
B50: Fuente: Elaboración propia con datos del IPS
B51: Nota: Las cifras son provisorias.
B52: * Montos nominales de cada periodo de pago. ** Montos deflactados a diciembre de 2022.
B54: Serie resumen de pagos de beneficios acumulados, por tipo
B55: (enero 2020 a diciembre 2022)
C57: PBS Vejez | G57: PBS Invalidez | K57: PGU No Contributiva | O57: PGU Contributiva | S57: APS Vejez | W57: APS Invalidez | AA57: Nbis | AE57: Total Beneficios
C58: N° Beneficios promedio | E58: Monto promedio M$* | G58: N° Beneficios promedio | I58: Monto promedio M$* | K58: N° Beneficios promedio | M58: Monto promedio M$* | O58: N° Beneficios promedio | Q58: Monto promedio M$* | S58: N° Beneficios promedio | U58: Monto promedio M$* | W58: N° Beneficios promedio | Y58: Monto promedio M$* | AA58: N° Beneficios promedio | AC58: Monto promedio M$* | AE58: N° Beneficios promedio | AG58: Monto promedio M$*
B59: Periodo | C59: N | D59: % | E59: N | F59: % | G59: N | H59: % | I59: N | J59: % | K59: N | L59: % | M59: N | N59: % | O59: N | P59: % | Q59: N | R59: % | S59: N | T59: % | U59: N | V59: % | W59: N | X59: % | Y59: N | Z59: % | AA59: N | AB59: % | AC59: N | AD59: % | AE59: N | AF59: % | AG59: N | AH59: %
B60: Promedio 2020 | C60: 408354 | D60: =+C60/$AE60 -> 0.24729459 | E60: =+[1]PBS!$AE$188 -> 74217775 | F60: =+E60/$AG60 -> 0.29823564 | G60: 182015.5 | H60: =+G60/$AE60 -> 0.11022654 | I60: 31192576 | J60: =+I60/$AG60 -> 0.1253438 | S60: 989609.25 | T60: =+S60/$AE60 -> 0.59929623 | U60: 1.3214851e+08 | V60: =+U60/$AG60 -> 0.53102367 | W60: 71303.417 | X60: =+W60/$AE60 -> 0.043180547 | Y60: 11296974 | Z60: =+Y60/$AG60 -> 0.045395598 | AA60: 3.4545455 | AB60: =+AA60/$AE60 -> 2.0920339e-06 | AC60: 321.10296 | AD60: =+AC60/$AG60 -> 1.2903155e-06 | AE60: =+C60+G60+K60+O60+S60+W60+AA60 -> 1651285.6 | AF60: =+D60+H60+T60+X60+AB60+L60+P60 -> 1 | AG60: =+E60+I60+M60+Q60+U60+Y60+AC60 -> 2.4885616e+08 | AH60: =+F60+J60+V60+Z60+AD60+N60+R60 -> 1
B61: 44197 | C61: 408308 | D61: =+C61/$AE61 -> 0.23923311 | E61: 80327969 | F61: =+E61/$AG61 -> 0.28375939 | G61: 181008 | H61: =+G61/$AE61 -> 0.106055 | I61: 34398547 | J61: =+I61/$AG61 -> 0.12151323 | S61: 1044504 | T61: =+S61/$AE61 -> 0.61198884 | U61: 1.5560132e+08 | V61: =+U61/$AG61 -> 0.54966328 | W61: 72911 | X61: =+W61/$AE61 -> 0.042719529 | Y61: 12756279 | Z61: =+Y61/$AG61 -> 0.045061691 | AA61: 6 | AB61: =+AA61/$AE61 -> 3.5154801e-06 | AC61: 679.71109 | AD61: =+AC61/$AG61 -> 2.4010866e-06 | AE61: =+C61+G61+K61+O61+S61+W61+AA61 -> 1706737 | AF61: =+D61+H61+T61+X61+AB61+L61+P61 -> 1 | AG61: =+E61+I61+M61+Q61+U61+Y61+AC61 -> 2.8308479e+08 | AH61: =+F61+J61+V61+Z61+AD61+N61+R61 -> 1
B62: 44228 | C62: 408052 | D62: =+C62/$AE62 -> 0.23801211 | E62: 80137119 | F62: =+E62/$AG62 -> 0.28327527 | G62: 180639 | H62: =+G62/$AE62 -> 0.10536468 | I62: 34268080 | J62: =+I62/$AG62 -> 0.12113362 | S62: 1052693 | T62: =+S62/$AE62 -> 0.61402389 | U62: 1.5575834e+08 | V62: =+U62/$AG62 -> 0.55058736 | W62: 73029 | X62: =+W62/$AE62 -> 0.042596988 | Y62: 12730862 | Z62: =+Y62/$AG62 -> 0.045002097 | AA62: 4 | AB62: =+AA62/$AE62 -> 2.3331547e-06 | AC62: 464.96973 | AD62: =+AC62/$AG62 -> 1.6436132e-06 | AE62: =+C62+G62+K62+O62+S62+W62+AA62 -> 1714417 | AF62: =+D62+H62+T62+X62+AB62+L62+P62 -> 1 | AG62: =+E62+I62+M62+Q62+U62+Y62+AC62 -> 2.8289486e+08 | AH62: =+F62+J62+V62+Z62+AD62+N62+R62 -> 1
B63: 44256 | C63: 408360 | D63: =+C63/$AE63 -> 0.23711256 | E63: 79891753 | F63: =+E63/$AG63 -> 0.28212473 | G63: 180566 | H63: =+G63/$AE63 -> 0.10484491 | I63: 34121846 | J63: =+I63/$AG63 -> 0.12049575 | S63: 1060194 | T63: =+S63/$AE63 -> 0.61559731 | U63: 1.5646928e+08 | V63: =+U63/$AG63 -> 0.5525458 | W63: 73094 | X63: =+W63/$AE63 -> 0.042441732 | Y63: 12695483 | Z63: =+Y63/$AG63 -> 0.044832035 | AA63: 6 | AB63: =+AA63/$AE63 -> 3.4838755e-06 | AC63: 474.37786 | AD63: =+AC63/$AG63 -> 1.6751883e-06 | AE63: =+C63+G63+K63+O63+S63+W63+AA63 -> 1722220 | AF63: =+D63+H63+T63+X63+AB63+L63+P63 -> 1 | AG63: =+E63+I63+M63+Q63+U63+Y63+AC63 -> 2.8317883e+08 | AH63: =+F63+J63+V63+Z63+AD63+N63+R63 -> 1
B64: 44287 | C64: 408797 | D64: =+C64/$AE64 -> 0.2358691 | E64: 79665141 | F64: =+E64/$AG64 -> 0.28078174 | G64: 180965 | H64: =+G64/$AE64 -> 0.10441381 | I64: 34068417 | J64: =+I64/$AG64 -> 0.12007497 | S64: 1068719 | T64: =+S64/$AE64 -> 0.61663316 | U64: 1.5718229e+08 | V64: =+U64/$AG64 -> 0.55399282 | W64: 74665 | X64: =+W64/$AE64 -> 0.043080468 | Y64: 12809692 | Z64: =+Y64/$AG64 -> 0.045148074 | AA64: 6 | AB64: =+AA64/$AE64 -> 3.4619006e-06 | AC64: 679.36315 | AD64: =+AC64/$AG64 -> 2.394432e-06 | AE64: =+C64+G64+K64+O64+S64+W64+AA64 -> 1733152 | AF64: =+D64+H64+T64+X64+AB64+L64+P64 -> 1 | AG64: =+E64+I64+M64+Q64+U64+Y64+AC64 -> 2.8372622e+08 | AH64: =+F64+J64+V64+Z64+AD64+N64+R64 -> 1
B65: 44317 | C65: 408904 | D65: =+C65/$AE65 -> 0.23449356 | E65: 79465386 | F65: =+E65/$AG65 -> 0.27940555 | G65: 180572 | H65: =+G65/$AE65 -> 0.10355235 | I65: 33902883 | J65: =+I65/$AG65 -> 0.11920478 | S65: 1076768 | T65: =+S65/$AE65 -> 0.61749251 | U65: 1.5801734e+08 | V65: =+U65/$AG65 -> 0.5555994 | W65: 77523 | X65: =+W65/$AE65 -> 0.044456997 | Y65: 13022415 | Z65: =+Y65/$AG65 -> 0.045787672 | AA65: 8 | AB65: =+AA65/$AE65 -> 4.5877478e-06 | AC65: 737.96169 | AD65: =+AC65/$AG65 -> 2.5947221e-06 | AE65: =+C65+G65+K65+O65+S65+W65+AA65 -> 1743775 | AF65: =+D65+H65+T65+X65+AB65+L65+P65 -> 1 | AG65: =+E65+I65+M65+Q65+U65+Y65+AC65 -> 2.8440876e+08 | AH65: =+F65+J65+V65+Z65+AD65+N65+R65 -> 1
B66: 44348 | C66: 408641 | D66: =+C66/$AE66 -> 0.23314477 | E66: 79343003 | F66: =+E66/$AG66 -> 0.27771687 | G66: 180850 | H66: =+G66/$AE66 -> 0.1031816 | I66: 33927175 | J66: =+I66/$AG66 -> 0.11875211 | S66: 1083928 | T66: =+S66/$AE66 -> 0.61842093 | U66: 1.5923348e+08 | V66: =+U66/$AG66 -> 0.55735 | W66: 79307 | X66: =+W66/$AE66 -> 0.04524757 | Y66: 13192866 | Z66: =+Y66/$AG66 -> 0.046177751 | AA66: 9 | AB66: =+AA66/$AE66 -> 5.1348321e-06 | AC66: 936.38836 | AD66: =+AC66/$AG66 -> 3.2775523e-06 | AE66: =+C66+G66+K66+O66+S66+W66+AA66 -> 1752735 | AF66: =+D66+H66+T66+X66+AB66+L66+P66 -> 1 | AG66: =+E66+I66+M66+Q66+U66+Y66+AC66 -> 2.8569746e+08 | AH66: =+F66+J66+V66+Z66+AD66+N66+R66 -> 1
B67: 44378 | C67: 408548 | D67: =+C67/$AE67 -> 0.23197692 | E67: 81607557 | F67: =+E67/$AG67 -> 0.27455465 | G67: 180980 | H67: =+G67/$AE67 -> 0.10276193 | I67: 34930405 | J67: =+I67/$AG67 -> 0.11751737 | S67: 1090775 | T67: =+S67/$AE67 -> 0.61935102 | U67: 1.6689524e+08 | V67: =+U67/$AG67 -> 0.56149046 | W67: 80846 | X67: =+W67/$AE67 -> 0.045905024 | Y67: 13802000 | Z67: =+Y67/$AG67 -> 0.046434466 | AA67: 9 | AB67: =+AA67/$AE67 -> 5.110274e-06 | AC67: 908.77691 | AD67: =+AC67/$AG67 -> 3.0574243e-06 | AE67: =+C67+G67+K67+O67+S67+W67+AA67 -> 1761158 | AF67: =+D67+H67+T67+X67+AB67+L67+P67 -> 1 | AG67: =+E67+I67+M67+Q67+U67+Y67+AC67 -> 2.9723611e+08 | AH67: =+F67+J67+V67+Z67+AD67+N67+R67 -> 1
B68: 44409 | C68: 409302 | D68: =+C68/$AE68 -> 0.23134419 | E68: 81518279 | F68: =+E68/$AG68 -> 0.27310071 | G68: 181161 | H68: =+G68/$AE68 -> 0.10239516 | I68: 34866238 | J68: =+I68/$AG68 -> 0.11680809 | S68: 1097020 | T68: =+S68/$AE68 -> 0.62005365 | U68: 1.6820346e+08 | V68: =+U68/$AG68 -> 0.56351147 | W68: 81743 | X68: =+W68/$AE68 -> 0.046202481 | Y68: 13902805 | Z68: =+Y68/$AG68 -> 0.046576866 | AA68: 8 | AB68: =+AA68/$AE68 -> 4.5217309e-06 | AC68: 857.87554 | AD68: =+AC68/$AG68 -> 2.8740354e-06 | AE68: =+C68+G68+K68+O68+S68+W68+AA68 -> 1769234 | AF68: =+D68+H68+T68+X68+AB68+L68+P68 -> 1 | AG68: =+E68+I68+M68+Q68+U68+Y68+AC68 -> 2.9849164e+08 | AH68: =+F68+J68+V68+Z68+AD68+N68+R68 -> 1
B69: 44440 | C69: 409787 | D69: =+C69/$AE69 -> 0.23001764 | E69: 80655803 | F69: =+E69/$AG69 -> 0.27124838 | G69: 181169 | H69: =+G69/$AE69 -> 0.10169201 | I69: 34462502 | J69: =+I69/$AG69 -> 0.11589864 | S69: 1108270 | T69: =+S69/$AE69 -> 0.62208329 | U69: 1.6841852e+08 | V69: =+U69/$AG69 -> 0.56639754 | W69: 82312 | X69: =+W69/$AE69 -> 0.046202568 | Y69: 13812718 | Z69: =+Y69/$AG69 -> 0.046452668 | AA69: 8 | AB69: =+AA69/$AE69 -> 4.4904819e-06 | AC69: 826.21671 | AD69: =+AC69/$AG69 -> 2.7785966e-06 | AE69: =+C69+G69+K69+O69+S69+W69+AA69 -> 1781546 | AF69: =+D69+H69+T69+X69+AB69+L69+P69 -> 1 | AG69: =+E69+I69+M69+Q69+U69+Y69+AC69 -> 2.9735036e+08 | AH69: =+F69+J69+V69+Z69+AD69+N69+R69 -> 1
B70: 44470 | C70: 411102 | D70: =+C70/$AE70 -> 0.22884336 | E70: 79828196 | F70: =+E70/$AG70 -> 0.26959178 | G70: 181504 | H70: =+G70/$AE70 -> 0.10103572 | I70: 34069087 | J70: =+I70/$AG70 -> 0.11505641 | S70: 1121224 | T70: =+S70/$AE70 -> 0.62413871 | U70: 1.6853482e+08 | V70: =+U70/$AG70 -> 0.56916736 | W70: 82592 | X70: =+W70/$AE70 -> 0.045975527 | Y70: 13674435 | Z70: =+Y70/$AG70 -> 0.046180616 | AA70: 12 | AB70: =+AA70/$AE70 -> 6.6799003e-06 | AC70: 1132.685 | AD70: =+AC70/$AG70 -> 3.825247e-06 | AE70: =+C70+G70+K70+O70+S70+W70+AA70 -> 1796434 | AF70: =+D70+H70+T70+X70+AB70+L70+P70 -> 1 | AG70: =+E70+I70+M70+Q70+U70+Y70+AC70 -> 2.9610767e+08 | AH70: =+F70+J70+V70+Z70+AD70+N70+R70 -> 1
B71: 44501 | C71: 412375 | D71: =+C71/$AE71 -> 0.22735994 | E71: 79667468 | F71: =+E71/$AG71 -> 0.26786164 | G71: 181898 | H71: =+G71/$AE71 -> 0.10028813 | I71: 33974656 | J71: =+I71/$AG71 -> 0.11423116 | S71: 1135385 | T71: =+S71/$AE71 -> 0.62598621 | U71: 1.7003384e+08 | V71: =+U71/$AG71 -> 0.57169562 | W71: 84083 | X71: =+W71/$AE71 -> 0.046358547 | Y71: 13743266 | Z71: =+Y71/$AG71 -> 0.046208244 | AA71: 13 | AB71: =+AA71/$AE71 -> 7.1674549e-06 | AC71: 991.78865 | AD71: =+AC71/$AG71 -> 3.3346376e-06 | AE71: =+C71+G71+K71+O71+S71+W71+AA71 -> 1813754 | AF71: =+D71+H71+T71+X71+AB71+L71+P71 -> 1 | AG71: =+E71+I71+M71+Q71+U71+Y71+AC71 -> 2.9742022e+08 | AH71: =+F71+J71+V71+Z71+AD71+N71+R71 -> 1
B72: 44531 | C72: 413523 | D72: =+C72/$AE72 -> 0.22621881 | E72: 79249358 | F72: =+E72/$AG72 -> 0.26645992 | G72: 182087 | H72: =+G72/$AE72 -> 0.099611155 | I72: 33747921 | J72: =+I72/$AG72 -> 0.11347055 | S72: 1147603 | T72: =+S72/$AE72 -> 0.62779913 | U72: 1.7074683e+08 | V72: =+U72/$AG72 -> 0.57410163 | W72: 84750 | X72: =+W72/$AE72 -> 0.046362702 | Y72: 13670389 | Z72: =+Y72/$AG72 -> 0.045963916 | AA72: 15 | AB72: =+AA72/$AE72 -> 8.205788e-06 | AC72: 1184.7104 | AD72: =+AC72/$AG72 -> 3.9833488e-06 | AE72: =+C72+G72+K72+O72+S72+W72+AA72 -> 1827978 | AF72: =+D72+H72+T72+X72+AB72+L72+P72 -> 1 | AG72: =+E72+I72+M72+Q72+U72+Y72+AC72 -> 2.9741568e+08 | AH72: =+F72+J72+V72+Z72+AD72+N72+R72 -> 1
B73: Promedio 2021 | C73: 409641.58 | D73: =+C73/$AE73 -> 0.23271625 | E73: =+[1]PBS!$AE$189 -> 80113086 | F73: =+E73/$AG73 -> 0.27569646 | G73: 181116.58 | H73: =+G73/$AE73 -> 0.10289183 | I73: 34228146 | J73: =+I73/$AG73 -> 0.11779073 | S73: 1090590.2 | T73: =+S73/$AE73 -> 0.61956124 | U73: 1.6292456e+08 | V73: =+U73/$AG73 -> 0.560679 | W73: 78904.583 | X73: =+W73/$AE73 -> 0.044825475 | Y73: 13317768 | Z73: =+Y73/$AG73 -> 0.045830982 | AA73: 9.1666667 | AB73: =+AA73/$AE73 -> 5.2075579e-06 | AC73: 822.90209 | AD73: =+AC73/$AG73 -> 2.8318868e-06 | AE73: =+C73+G73+K73+O73+S73+W73+AA73 -> 1760262.1 | AF73: =+D73+H73+T73+X73+AB73+L73+P73 -> 1 | AG73: =+E73+I73+M73+Q73+U73+Y73+AC73 -> 2.9058438e+08 | AH73: =+F73+J73+V73+Z73+AD73+N73+R73 -> 1
B74: 44562 | C74: 414941 | D74: =+C74/$AE74 -> 0.22500393 | E74: 81310395 | F74: =+E74/$AG74 -> 0.26114788 | G74: 182344 | H74: =+G74/$AE74 -> 0.098876989 | I74: 35775951 | J74: =+I74/$AG74 -> 0.11490307 | S74: 1161305 | T74: =+S74/$AE74 -> 0.62972372 | U74: 1.7959986e+08 | V74: =+U74/$AG74 -> 0.57682814 | W74: 85544 | X74: =+W74/$AE74 -> 0.046386682 | Y74: 14670304 | Z74: =+Y74/$AG74 -> 0.047117208 | AA74: 16 | AB74: =+AA74/$AE74 -> 8.6760838e-06 | AC74: 1153.4104 | AD74: =+AC74/$AG74 -> 3.7044549e-06 | AE74: =+C74+G74+K74+O74+S74+W74+AA74 -> 1844150 | AF74: =+D74+H74+T74+X74+AB74+L74+P74 -> 1 | AG74: =+E74+I74+M74+Q74+U74+Y74+AC74 -> 3.1135767e+08 | AH74: =+F74+J74+V74+Z74+AD74+N74+R74 -> 1
B75: 44593 | G75: 182599 | H75: =+G75/$AE75 -> 0.098417443 | I75: 37527687 | J75: =+I75/$AG75 -> 0.10487831 | K75: 415749 | L75: =+K75/$AE75 -> 0.22408093 | M75: 85366587 | N75: =+M75/$AG75 -> 0.23857327 | O75: 857471 | P75: =+O75/$AE75 -> 0.46216082 | Q75: 1.5932873e+08 | R75: =+Q75/$AG75 -> 0.44527464 | S75: 313314 | T75: =+S75/$AE75 -> 0.16887038 | U75: 60094285 | V75: =+U75/$AG75 -> 0.16794498 | W75: 86219 | X75: =+W75/$AE75 -> 0.046470427 | Y75: 15503962 | Z75: =+Y75/$AG75 -> 0.043328791 | AE75: =+C75+G75+K75+O75+S75+W75+AA75 -> 1855352 | AF75: =+D75+H75+T75+X75+AB75+L75+P75 -> 1 | AG75: =+E75+I75+M75+Q75+U75+Y75+AC75 -> 3.5782125e+08 | AH75: =+F75+J75+V75+Z75+AD75+N75+R75 -> 1
B76: 44621 | G76: 182858 | H76: =+G76/$AE76 -> 0.095980844 | I76: 36895631 | J76: =+I76/$AG76 -> 0.097740106 | K76: 420201 | L76: =+K76/$AE76 -> 0.22056047 | M76: 84606613 | N76: =+M76/$AG76 -> 0.22413112 | O76: 897756 | P76: =+O76/$AE76 -> 0.47122564 | Q76: 1.8088245e+08 | R76: =+Q76/$AG76 -> 0.47917515 | S76: 316664 | T76: =+S76/$AE76 -> 0.16621465 | U76: 59759187 | V76: =+U76/$AG76 -> 0.15830788 | W76: 87672 | X76: =+W76/$AE76 -> 0.0460184 | Y76: 15343244 | Z76: =+Y76/$AG76 -> 0.040645741 | AE76: =+C76+G76+K76+O76+S76+W76+AA76 -> 1905151 | AF76: =+D76+H76+T76+X76+AB76+L76+P76 -> 1 | AG76: =+E76+I76+M76+Q76+U76+Y76+AC76 -> 3.7748712e+08 | AH76: =+F76+J76+V76+Z76+AD76+N76+R76 -> 1
B77: 44652 | G77: 182742 | H77: =+G77/$AE77 -> 0.094545556 | I77: 36363579 | J77: =+I77/$AG77 -> 0.096192663 | K77: 422364 | L77: =+K77/$AE77 -> 0.21851922 | M77: 83801692 | N77: =+M77/$AG77 -> 0.22168082 | O77: 927426 | P77: =+O77/$AE77 -> 0.47982405 | Q77: 1.8423448e+08 | R77: =+Q77/$AG77 -> 0.48735593 | S77: 311879 | T77: =+S77/$AE77 -> 0.1613574 | U77: 58454464 | V77: =+U77/$AG77 -> 0.15462974 | W77: 88435 | X77: =+W77/$AE77 -> 0.045753774 | Y77: 15174392 | Z77: =+Y77/$AG77 -> 0.040140856 | AE77: =+C77+G77+K77+O77+S77+W77+AA77 -> 1932846 | AF77: =+D77+H77+T77+X77+AB77+L77+P77 -> 1 | AG77: =+E77+I77+M77+Q77+U77+Y77+AC77 -> 3.7802861e+08 | AH77: =+F77+J77+V77+Z77+AD77+N77+R77 -> 1
B78: 44682 | G78: 183254 | H78: =+G78/$AE78 -> 0.093527812 | I78: 36031829 | J78: =+I78/$AG78 -> 0.094000501 | K78: 425810 | L78: =+K78/$AE78 -> 0.21732174 | M78: 83429814 | N78: =+M78/$AG78 -> 0.21765324 | O78: 1083427 | P78: =+O78/$AE78 -> 0.55295141 | Q78: 2.1265444e+08 | R78: =+Q78/$AG78 -> 0.55477684 | S78: 177591 | T78: =+S78/$AE78 -> 0.090637573 | U78: 36181984 | V78: =+U78/$AG78 -> 0.094392228 | W78: 89271 | X78: =+W78/$AE78 -> 0.045561469 | Y78: 15017218 | Z78: =+Y78/$AG78 -> 0.039177196 | AE78: =+C78+G78+K78+O78+S78+W78+AA78 -> 1959353 | AF78: =+D78+H78+T78+X78+AB78+L78+P78 -> 1 | AG78: =+E78+I78+M78+Q78+U78+Y78+AC78 -> 3.8331529e+08 | AH78: =+F78+J78+V78+Z78+AD78+N78+R78 -> 1
B79: 44713 | G79: 184170 | H79: =+G79/$AE79 -> 0.09311937 | I79: 35876696 | J79: =+I79/$AG79 -> 0.093631845 | K79: 426359 | L79: =+K79/$AE79 -> 0.2155741 | M79: 82743695 | N79: =+M79/$AG79 -> 0.21594644 | O79: 1102129 | P79: =+O79/$AE79 -> 0.55725448 | Q79: 2.1427804e+08 | R79: =+Q79/$AG79 -> 0.55922789 | S79: 174924 | T79: =+S79/$AE79 -> 0.088444441 | U79: 35335957 | V79: =+U79/$AG79 -> 0.092220613 | W79: 90202 | X79: =+W79/$AE79 -> 0.045607609 | Y79: 14933272 | Z79: =+Y79/$AG79 -> 0.038973206 | AE79: =+C79+G79+K79+O79+S79+W79+AA79 -> 1977784 | AF79: =+D79+H79+T79+X79+AB79+L79+P79 -> 1 | AG79: =+E79+I79+M79+Q79+U79+Y79+AC79 -> 3.8316766e+08 | AH79: =+F79+J79+V79+Z79+AD79+N79+R79 -> 1
B80: 44743 | G80: 184681 | H80: =+G80/$AE80 -> 0.09245533 | I80: 37199039 | J80: =+I80/$AG80 -> 0.092498195 | K80: 427515 | L80: =+K80/$AE80 -> 0.21402332 | M80: 85787209 | N80: =+M80/$AG80 -> 0.21331632 | O80: 1120062 | P80: =+O80/$AE80 -> 0.56072742 | Q80: 2.2518635e+08 | R80: =+Q80/$AG80 -> 0.55994271 | S80: 174528 | T80: =+S80/$AE80 -> 0.087372517 | U80: 38438705 | V80: =+U80/$AG80 -> 0.095580719 | W80: 90730 | X80: =+W80/$AE80 -> 0.045421413 | Y80: 15548316 | Z80: =+Y80/$AG80 -> 0.038662052 | AE80: =+C80+G80+K80+O80+S80+W80+AA80 -> 1997516 | AF80: =+D80+H80+T80+X80+AB80+L80+P80 -> 1 | AG80: =+E80+I80+M80+Q80+U80+Y80+AC80 -> 4.0215961e+08 | AH80: =+F80+J80+V80+Z80+AD80+N80+R80 -> 1
B81: 44774 | G81: 185109 | H81: =+G81/$AE81 -> 0.088937501 | I81: 36838461 | J81: =+I81/$AG81 -> 0.089238645 | K81: 432035 | L81: =+K81/$AE81 -> 0.20757561 | M81: 85641598 | N81: =+M81/$AG81 -> 0.2074609 | O81: 1198254 | P81: =+O81/$AE81 -> 0.57571332 | Q81: 2.3689885e+08 | R81: =+Q81/$AG81 -> 0.57387122 | S81: 174548 | T81: =+S81/$AE81 -> 0.083863361 | U81: 38012378 | V81: =+U81/$AG81 -> 0.092082378 | W81: 91392 | X81: =+W81/$AE81 -> 0.043910215 | Y81: 15417098 | Z81: =+Y81/$AG81 -> 0.037346862 | AE81: =+C81+G81+K81+O81+S81+W81+AA81 -> 2081338 | AF81: =+D81+H81+T81+X81+AB81+L81+P81 -> 1 | AG81: =+E81+I81+M81+Q81+U81+Y81+AC81 -> 4.1280839e+08 | AH81: =+F81+J81+V81+Z81+AD81+N81+R81 -> 1
B82: 44805 | G82: 185298 | H82: =+G82/$AE82 -> 0.087618266 | I82: 36557895 | J82: =+I82/$AG82 -> 0.088035814 | K82: 431499 | L82: =+K82/$AE82 -> 0.20403455 | M82: 84789019 | N82: =+M82/$AG82 -> 0.20418217 | O82: 1232196 | P82: =+O82/$AE82 -> 0.58264459 | Q82: 2.4103477e+08 | R82: =+Q82/$AG82 -> 0.58044077 | S82: 173941 | T82: =+S82/$AE82 -> 0.082248102 | U82: 37578102 | V82: =+U82/$AG82 -> 0.090492595 | W82: 91899 | X82: =+W82/$AE82 -> 0.043454495 | Y82: 15301831 | Z82: =+Y82/$AG82 -> 0.036848652 | AE82: =+C82+G82+K82+O82+S82+W82+AA82 -> 2114833 | AF82: =+D82+H82+T82+X82+AB82+L82+P82 -> 1 | AG82: =+E82+I82+M82+Q82+U82+Y82+AC82 -> 4.1526162e+08 | AH82: =+F82+J82+V82+Z82+AD82+N82+R82 -> 1
B83: 44835 | G83: 185393 | H83: =+G83/$AE83 -> 0.086912108 | I83: 36388256 | J83: =+I83/$AG83 -> 0.087396079 | K83: 432104 | L83: =+K83/$AE83 -> 0.20257005 | M83: 84464058 | N83: =+M83/$AG83 -> 0.20286291 | O83: 1250284 | P83: =+O83/$AE83 -> 0.58613226 | Q83: 2.4302941e+08 | R83: =+Q83/$AG83 -> 0.5836998 | S83: 173208 | T83: =+S83/$AE83 -> 0.081199789 | U83: 37250400 | V83: =+U83/$AG83 -> 0.089466749 | W83: 92120 | X83: =+W83/$AE83 -> 0.043185791 | Y83: 15228150 | Z83: =+Y83/$AG83 -> 0.036574456 | AE83: =+C83+G83+K83+O83+S83+W83+AA83 -> 2133109 | AF83: =+D83+H83+T83+X83+AB83+L83+P83 -> 1 | AG83: =+E83+I83+M83+Q83+U83+Y83+AC83 -> 4.1636028e+08 | AH83: =+F83+J83+V83+Z83+AD83+N83+R83 -> 1
B84: 44866 | G84: 185356 | H84: =+G84/$AE84 -> 0.084722204 | I84: 36029079 | J84: =+I84/$AG84 -> 0.085314372 | K84: 449028 | L84: =+K84/$AE84 -> 0.20524095 | M84: 86891086 | N84: =+M84/$AG84 -> 0.20575209 | O84: 1288292 | P84: =+O84/$AE84 -> 0.58885031 | Q84: 2.4747337e+08 | R84: =+Q84/$AG84 -> 0.58599987 | S84: 172557 | T84: =+S84/$AE84 -> 0.078872059 | U84: 36784218 | V84: =+U84/$AG84 -> 0.087102491 | W84: 92576 | X84: =+W84/$AE84 -> 0.04231448 | Y84: 15131849 | Z84: =+Y84/$AG84 -> 0.035831175 | AE84: =+C84+G84+K84+O84+S84+W84+AA84 -> 2187809 | AF84: =+D84+H84+T84+X84+AB84+L84+P84 -> 1 | AG84: =+E84+I84+M84+Q84+U84+Y84+AC84 -> 4.2230961e+08 | AH84: =+F84+J84+V84+Z84+AD84+N84+R84 -> 1
B85: 44896 | G85: 185584 | H85: =+G85/$AE85 -> 0.083665062 | I85: 35970023 | J85: =+I85/$AG85 -> 0.084359603 | K85: 454908 | L85: =+K85/$AE85 -> 0.20508183 | M85: 87785234 | N85: =+M85/$AG85 -> 0.20588053 | O85: 1312809 | P85: =+O85/$AE85 -> 0.59184114 | Q85: 2.5092316e+08 | R85: =+Q85/$AG85 -> 0.58848385 | S85: 172179 | T85: =+S85/$AE85 -> 0.077621814 | U85: 36639025 | V85: =+U85/$AG85 -> 0.085928595 | W85: 92698 | X85: =+W85/$AE85 -> 0.041790154 | Y85: 15071759 | Z85: =+Y85/$AG85 -> 0.035347423 | AE85: =+C85+G85+K85+O85+S85+W85+AA85 -> 2218178 | AF85: =+D85+H85+T85+X85+AB85+L85+P85 -> 1 | AG85: =+E85+I85+M85+Q85+U85+Y85+AC85 -> 4.263892e+08 | AH85: =+F85+J85+V85+Z85+AD85+N85+R85 -> 1
B86: Promedio 2022 | C86: 414941 | D86: =+C86/$AE86 -> 0.16423497 | E86: =+[1]PBS!$AE$190 -> 81310395 | F86: =+E86/$AG86 -> 0.16583431 | G86: 184115.67 | H86: =+G86/$AE86 -> 0.072873567 | I86: 36454510 | J86: =+I86/$AG86 -> 0.074349765 | K86: 430688.36 | L86: =+K86/$AE86 -> 0.17046783 | M86: 85027873 | N86: =+M86/$AG86 -> 0.17341619 | O86: 1115464.2 | P86: =+O86/$AE86 -> 0.44150428 | Q86: 2.1781128e+08 | R86: =+Q86/$AG86 -> 0.44423083 | S86: 291386.5 | T86: =+S86/$AE86 -> 0.11533171 | U86: 54510714 | V86: =+U86/$AG86 -> 0.11117578 | W86: 89896.5 | X86: =+W86/$AE86 -> 0.035581321 | Y86: 15195116 | Z86: =+Y86/$AG86 -> 0.030990769 | AA86: 16 | AB86: =+AA86/$AE86 -> 6.332851e-06 | AC86: 1153.4104 | AD86: =+AC86/$AG86 -> 2.3524056e-06 | AE86: =+C86+G86+K86+O86+S86+W86+AA86 -> 2526508.2 | AF86: =+D86+H86+T86+X86+AB86+L86+P86 -> 1 | AG86: =+E86+I86+M86+Q86+U86+Y86+AC86 -> 4.9031104e+08 | AH86: 1
B87: Fuente: Elaboración propia con datos del IPS
B88: Nota: Las cifras son provisorias.
B89: * Montos nominales de cada periodo de pago. ** Montos deflactados a diciembre de 2022.

Sheet 1.2
B2: PAGOS PENSIÓN BÁSICA SOLIDARIA (PBS)
B4: Resumen trimestral de beneficios pagados, por tipo y sexo
B5: (octubre 2022 a diciembre 2022)
D7: PBS Vejez | G7: PBS Invalidez | J7: PBS Total
B8: Periodo | C8: Sexo Beneficiarios | D8: N° | E8: Monto nominal M$ * | F8: Monto real M$ ** | G8: N° | H8: Monto nominal M$ * | I8: Monto real M$ ** | J8: N° | K8: Monto nominal M$ * | L8: Monto real M$ **
B9: octubre 2022 | C9: Mujeres | G9: 103979 | H9: =+[1]PBS!$S$181/1000 -> 20154801 | I9: =+[1]PBS!$AF$181 -> 20409083 | J9: 103979 | K9: 20154801 | L9: 20409083
C10: Hombres | G10: 81414 | H10: =+[1]PBS!$R$181/1000 -> 15780084 | I10: =+[1]PBS!$AG$181 -> 15979172 | J10: 81414 | K10: 15780084 | L10: 15979172
C11: Ambos | G11: 185393 | H11: =+[1]PBS!$T$181/1000 -> 35934885 | I11: =+[1]PBS!$AH$181 -> 36388256 | J11: 185393 | K11: 35934885 | L11: 36388256
B12: noviembre 2022 | C12: Mujeres | G12: 103866 | H12: =+[1]PBS!$S$182/1000 -> 20132731 | I12: =+[1]PBS!$AF$182 -> 20189834 | J12: 103866 | K12: 20132731 | L12: 20189834
C13: Hombres | G13: 81490 | H13: =+[1]PBS!$R$182/1000 -> 15794446 | I13: =+[1]PBS!$AG$182 -> 15839245 | J13: 81490 | K13: 15794446 | L13: 15839245
C14: Ambos | G14: 185356 | H14: =+[1]PBS!$T$182/1000 -> 35927177 | I14: =+[1]PBS!$AH$182 -> 36029079 | J14: 185356 | K14: 35927177 | L14: 36029079
B15: diciembre 2022 | C15: Mujeres | G15: 103979 | H15: =+[1]PBS!$S$183/1000 -> 20153837 | I15: =+[1]PBS!$AF$183 -> 20153837 | J15: 103979 | K15: 20153837 | L15: 20153837
C16: Hombres | G16: 81605 | H16: =+[1]PBS!$R$183/1000 -> 15816186 | I16: =+[1]PBS!$AG$183 -> 15816186 | J16: 81605 | K16: 15816186 | L16: 15816186
C17: Ambos | G17: 185584 | H17: =+[1]PBS!$T$183/1000 -> 35970023 | I17: =+[1]PBS!$AH$183 -> 35970023 | J17: 185584 | K17: 35970023 | L17: 35970023
B18: Fuente: Elaboración propia con datos del IPS
B19: Nota: Las cifras son provisorias.
B20: * Montos nominales de cada periodo de pago. ** Montos deflactados a diciembre de 2022.
B22: Resumen anual de beneficios pagados, por tipo y sexo
B23: (enero 2022 a diciembre 2022)
D25: PBS Vejez * | G25: PBS Invalidez | J25: PBS Total
B26: Periodo | C26: Sexo Beneficiarios | D26: N° promedio mensual | E26: Monto nominal M$ ** | F26: Monto real M$ *** | G26: N° promedio mensual | H26: Monto nominal M$ ** | I26: Monto real M$ *** | J26: N° promedio mensual | K26: Monto nominal M$ ** | L26: Monto real M$ ***
B27: Año 2022 | C27: Mujeres | D27: 309032 | E27: 54315079 | F27: 60530406 | G27: 103357.58 | H27: 2.3401777e+08 | I27: 2.4558417e+08 | J27: 129110.25 | K27: 2.8833285e+08 | L27: 3.0611457e+08
C28: Hombres | D28: 105909 | E28: 18646278 | F28: 20779990 | G28: 80758.083 | H28: 1.8285215e+08 | I28: 1.9186996e+08 | J28: 89583.833 | K28: 2.0149843e+08 | L28: 2.1264995e+08
C29: Ambos | D29: 414941 | E29: 72961356 | F29: 81310395 | G29: 184115.67 | H29: 4.1686992e+08 | I29: 4.3745412e+08 | J29: 218694.08 | K29: 4.8983128e+08 | L29: 5.1876452e+08
B30: Fuente: Elaboración propia con datos del IPS
B31: Nota: Las cifras son provisorias
B32: * PBS Vejez sólo se pagó hasta enero de 2022, luego pasó a ser PGU No Contributiva, por lo que para los promedios se considera sólo la cantidad de meses en las que el beneficio estuvo vigente. **Montos nominales de cada periodo de pago. *** Montos deflactados a diciembre de 2022
B34: Serie resumen de pagos de beneficios acumulado, por tipo y sexo
B35: (enero 2020 a diciembre 2022)
C37: PBS Vejez | G37: PBS Invalidez | K37: PBS Total
C38: Mujeres | E38: Hombres | G38: Mujeres | I38: Hombres | K38: Mujeres | M38: Hombres
B39: Periodo | C39: N° Beneficios promedio | D39: Monto promedio M$ * | E39: N° Beneficios promedio | F39: Monto promedio M$ * | G39: N° Beneficios promedio | H39: Monto promedio M$ * | I39: N° Beneficios promedio | J39: Monto promedio M$ * | K39: N° Beneficios promedio | L39: Monto promedio M$ * | M39: N° Beneficios promedio | N39: Monto promedio M$ *
B40: Promedio 2020 | C40: 302635 | D40: 54856999 | E40: 105719.42 | F40: 19360776 | G40: 104028.33 | H40: 17833070 | I40: 77987.167 | J40: 13359506 | K40: 406663.33 | L40: 72690069 | M40: 183706.58 | N40: 32720282
B41: 44197 | C41: 303535 | D41: 59662587 | E41: 104773 | F41: 20665381 | G41: 102915 | H41: 19557894 | I41: 78093 | J41: 14840653 | K41: 406450 | L41: 79220482 | M41: 182866 | N41: 35506034
B42: 44228 | C42: 303509 | D42: 59556011 | E42: 104543 | F42: 20581109 | G42: 102585 | H42: 19458987 | I42: 78054 | J42: 14809093 | K42: 406094 | L42: 79014998 | M42: 182597 | N42: 35390202
B43: 44256 | C43: 303836 | D43: 59392429 | E43: 104524 | F43: 20499324 | G43: 102435 | H43: 19357295 | I43: 78131 | J43: 14764551 | K43: 406271 | L43: 78749724 | M43: 182655 | N43: 35263875
B44: 44287 | C44: 304229 | D44: 59236060 | E44: 104568 | F44: 20429081 | G44: 102581 | H44: 19312111 | I44: 78384 | J44: 14756306 | K44: 406810 | L44: 78548171 | M44: 182952 | N44: 35185387
B45: 44317 | C45: 304427 | D45: 59108949 | E45: 104477 | F45: 20356437 | G45: 102248 | H45: 19197649 | I45: 78324 | J45: 14705234 | K45: 406675 | L45: 78306599 | M45: 182801 | N45: 35061670
B46: 44348 | C46: 304385 | D46: 59046792 | E46: 104256 | F46: 20296211 | G46: 102342 | H46: 19199488 | I46: 78508 | J46: 14727687 | K46: 406727 | L46: 78246280 | M46: 182764 | N46: 35023898
B47: 44378 | C47: 304412 | D47: 60751025 | E47: 104136 | F47: 20856532 | G47: 102344 | H47: 19753174 | I47: 78636 | J47: 15177231 | K47: 406756 | L47: 80504199 | M47: 182772 | N47: 36033763
B48: 44409 | C48: 304998 | D48: 60689369 | E48: 104304 | F48: 20828910 | G48: 102353 | H48: 19699032 | I48: 78808 | J48: 15167206 | K48: 407351 | L48: 80388400 | M48: 183112 | N48: 35996116
B49: 44440 | C49: 305471 | D49: 60069965 | E49: 104316 | F49: 20585838 | G49: 102289 | H49: 19458082 | I49: 78880 | J49: 15004420 | K49: 407760 | L49: 79528047 | M49: 183196 | N49: 35590258
B50: 44470 | C50: 306429 | D50: 59446787 | E50: 104673 | F50: 20381409 | G50: 102399 | H50: 19221690 | I50: 79105 | J50: 14847397 | K50: 408828 | L50: 78668477 | M50: 183778 | N50: 35228807
B51: 44501 | C51: 307296 | D51: 59309499 | E51: 105079 | F51: 20357970 | G51: 102500 | H51: 19146271 | I51: 79398 | J51: 14828385 | K51: 409796 | L51: 78455769 | M51: 184477 | N51: 35186355
B52: 44531 | C52: 308126 | D52: 58992032 | E52: 105397 | F52: 20257326 | G52: 102539 | H52: 19004031 | I52: 79548 | J52: 14743889 | K52: 410665 | L52: 77996063 | M52: 184945 | N52: 35001215
B53: Promedio 2021 | C53: 305054.42 | D53: 59605125 | E53: 104587.17 | F53: 20507961 | G53: 102460.83 | H53: 19363809 | I53: 78655.75 | J53: 14864338 | K53: 407515.25 | L53: 78968934 | M53: 183242.92 | N53: 35372298
B54: 44562 | C54: 309032 | D54: 60530406 | E54: 105909 | F54: 20779990 | G54: 102612 | H54: 20132786 | I54: 79732 | J54: 15643165 | K54: 411644 | L54: 80663192 | M54: 185641 | N54: 36423155
B55: 44593 | G55: 102691 | H55: 21105180 | I55: 79908 | J55: 16422507 | K55: 102691 | L55: 21105180 | M55: 79908 | N55: 16422507
B56: 44621 | G56: 102784 | H56: 20739550 | I56: 80074 | J56: 16156081 | K56: 102784 | L56: 20739550 | M56: 80074 | N56: 16156081
B57: 44652 | G57: 102632 | H57: 20423141 | I57: 80110 | J57: 15940438 | K57: 102632 | L57: 20423141 | M57: 80110 | N57: 15940438
B58: 44682 | G58: 102856 | H58: 20224322 | I58: 80398 | J58: 15807507 | K58: 102856 | L58: 20224322 | M58: 80398 | N58: 15807507
B59: 44713 | G59: 103404 | H59: 20143983 | I59: 80766 | J59: 15732712 | K59: 103404 | L59: 20143983 | M59: 80766 | N59: 15732712
B60: 44743 | G60: 103650 | H60: 20878309 | I60: 81031 | J60: 16320729 | K60: 103650 | L60: 20878309 | M60: 81031 | N60: 16320729
B61: 44774 | G61: 103890 | H61: 20675534 | I61: 81219 | J61: 16162927 | K61: 103890 | L61: 20675534 | M61: 81219 | N61: 16162927
B62: 44805 | G62: 103948 | H62: 20508608 | I62: 81350 | J62: 16049287 | K62: 103948 | L62: 20508608 | M62: 81350 | N62: 16049287
B63: 44835 | G63: 103979 | H63: 20409083 | I63: 81414 | J63: 15979172 | K63: 103979 | L63: 20409083 | M63: 81414 | N63: 15979172
B64: 44866 | G64: 103866 | H64: 20189834 | I64: 81490 | J64: 15839245 | K64: 103866 | L64: 20189834 | M64: 81490 | N64: 15839245
B65: 44896 | G65: 103979 | H65: 20153837 | I65: 81605 | J65: 15816186 | K65: 103979 | L65: 20153837 | M65: 81605 | N65: 15816186
B66: Promedio 2022 | C66: 309032 | D66: 60530406 | E66: 105909 | F66: 20779990 | G66: 103357.58 | H66: 20465347 | I66: 80758.083 | J66: 15989163 | K66: 129110.25 | L66: 25509548 | M66: 89583.833 | N66: 17720829
B67: Fuente: Elaboración propia con datos del IPS
B68: Nota: Las cifras son provisorias
B69: * Montos deflactados a diciembre de 2022.

Sheet DINAMICA APS
A1: PERIODO | B1: (Varios elementos) | I1: PERIODO | J1: (Varios elementos) | O1: PERIODO | P1: (Varios elementos)
A3: Etiquetas de fila | B3: Suma de APS VEJEZ MUJER n | C3: Suma de APS VEJEZ HOMBRE n | D3: Suma de APS INVALIDEZ MUJER N | E3: Suma de APS INVALIDEZ HOMBRE N | F3: Suma de APS TOTAL MUJER N | G3: Suma de APS TOTAL HOMBRE N | I3: Etiquetas de fila | J3: Suma de APS VEJEZ MUJER nom | K3: Suma de APS VEJEZ HOMBRE nom | L3: Suma de APS INVALIDEZ MUJER nom | M3: Suma de APS INVALIDEZ HOMBRE nom | O3: Etiquetas de fila | P3: Suma de PBSV_MUJER REAL | Q3: Suma de PBSV_HOMBRE REAL | R3: Suma de PBSI_MUJER REAL | S3: Suma de PBSI_HOMBRE REAL
A4: 2022 | B4: 327413 | C4: 190531 | D4: 137530 | E4: 139864 | F4: 464943 | G4: 330395 | I4: 2022 | J4: 69469277 | K4: 40636216 | L4: 22985157 | M4: 22214073 | O4: 2022 | P4: 69114843 | Q4: 40428576 | R4: 22868011 | S4: 22101174
A5: oct | B5: 109393 | C5: 63815 | D5: 45739 | E5: 46381 | F5: 155132 | G5: 110196 | I5: oct | J5: 23196046 | K5: 13590242 | L5: 7659976.5 | M5: 7378442.3 | O5: oct | P5: 22907040 | Q5: 13420918 | R5: 7564538.8 | S5: 7286512.4
A6: nov | B6: 109031 | C6: 63526 | D6: 45910 | E6: 46666 | F6: 154941 | G6: 110192 | I6: nov | J6: 23133194 | K6: 13546987 | L6: 7675227.2 | M6: 7413824.5 | O6: nov | P6: 23067766 | Q6: 13508672 | R6: 7653519.1 | S6: 7392855.8
A7: dic | B7: 108989 | C7: 63190 | D7: 45881 | E7: 46817 | F7: 154870 | G7: 110007 | I7: dic | J7: 23140038 | K7: 13498987 | L7: 7649953.3 | M7: 7421805.9 | O7: dic | P7: 23140038 | Q7: 13498987 | R7: 7649953.3 | S7: 7421805.9
A11: PERIODO | B11: (Varios elementos)
A13: Etiquetas de fila | B13: Suma de APS VEJEZ MUJER n | C13: Suma de APS VEJEZ HOMBRE n | D13: Suma de APS INVALIDEZ MUJER N | E13: Suma de APS INVALIDEZ HOMBRE N | F13: Suma de APS TOTAL MUJER N | G13: Suma de APS TOTAL HOMBRE N
A14: 2022 | B14: 2017877 | C14: 1478761 | D14: 540602 | E14: 538156 | F14: 2558479 | G14: 2016917
A17: PERIODO | B17: (Varios elementos)
A19: Etiquetas de fila | B19: Promedio de APS VEJEZ MUJER n | C19: Promedio de APS VEJEZ HOMBRE n | D19: Promedio de APS INVALIDEZ MUJER N | E19: Promedio de APS INVALIDEZ HOMBRE N | F19: Promedio de APS TOTAL MUJER N | G19: Promedio de APS TOTAL HOMBRE N
A20: 2022 | B20: 168156.42 | C20: 123230.08 | D20: 45050.167 | E20: 44846.333 | F20: 213206.58 | G20: 168076.42
A23: PERIODO | B23: (Varios elementos)
A25: Etiquetas de fila | B25: Suma de APS VEJEZ MUJER nom | C25: Suma de APS VEJEZ HOMBRE nom | D25: Suma de APS INVALIDEZ MUJER nom | E25: Suma de APS INVALIDEZ HOMBRE nom | F25: Suma de APS TOTAL MUJER nom | G25: Suma de APS TOTAL HOMBRE nom
A26: 2022 | B26: 3.6244601e+08 | C26: 2.505165e+08 | D26: 89129737 | E26: 84667893 | F26: 4.5157575e+08 | G26: 3.3518439e+08
A29: PERIODO | B29: (Varios elementos)
A31: Etiquetas de fila | B31: Promedio de APS VEJEZ MUJER nom | C31: Promedio de APS VEJEZ HOMBRE nom | D31: Promedio de APS INVALIDEZ MUJER nom | E31: Promedio de APS INVALIDEZ HOMBRE nom | F31: Promedio de APS TOTAL MUJER nom | G31: Promedio de APS TOTAL HOMBRE nom
A32: 2022 | B32: 30203834 | C32: 20876375 | D32: 7427478.1 | E32: 7055657.8 | F32: 37631312 | G32: 27932033
A35: PERIODO | B35: (Varios elementos)
A37: Etiquetas de fila | B37: Suma de PBSV_MUJER REAL | C37: Suma de PBSV_HOMBRE REAL | D37: Suma de PBSI_MUJER REAL | E37: Suma de PBSI_HOMBRE REAL
A38: 2022 | B38: 3.4085177e+08 | C38: 2.344632e+08 | D38: 85046490 | E38: 80830616
A42: PERIODO | B42: (Varios elementos)
A44: Etiquetas de fila | B44: Promedio de PBSV_MUJER REAL | C44: Promedio de PBSV_HOMBRE REAL | D44: Promedio de PBSI_MUJER REAL | E44: Promedio de PBSI_HOMBRE REAL
A45: 2022 | B45: 28404314 | C45: 19538600 | D45: 7087207.5 | E45: 6735884.7
A51: Etiquetas de fila | B51: Promedio de APS VEJEZ MUJER n | C51: Promedio de APS VEJEZ HOMBRE n | D51: Promedio de APS INVALIDEZ MUJER N | E51: Promedio de APS INVALIDEZ HOMBRE N
A52: 2008 | B52: 2920.6667 | C52: 1116 | D52: 286.33333 | E52: 290.33333
A53: 2009 | B53: 35080.083 | C53: 24939.75 | D53: 2213.8333 | E53: 1769.75
A54: 2010 | B54: 184671.58 | C54: 128661.83 | D54: 8050.9167 | E54: 5922.9167
A55: 2011 | B55: 232153.67 | C55: 168868.75 | D55: 12883.083 | E55: 9283.4167
A56: 2012 | B56: 279628 | C56: 203893.75 | D56: 19231.417 | E56: 14584.75
A57: 2013 | B57: 327092.08 | C57: 237763.33 | D57: 26607.083 | E57: 21058.833
A58: 2014 | B58: 354831.83 | C58: 258135.42 | D58: 33075.25 | E58: 26998.167
A59: 2015 | B59: 385388.58 | C59: 279293.17 | D59: 35497.583 | E59: 29292.083
A60: 2016 | B60: 409696.25 | C60: 297461.08 | D60: 35477.75 | E60: 29444.667
A61: 2017 | B61: 434014.42 | C61: 315115.08 | D61: 35236.417 | E61: 29440.417
A62: 2018 | B62: 472783.58 | C62: 343894.42 | D62: 35802.167 | E62: 30349.5
A63: 2019 | B63: 513930.5 | C63: 376625 | D63: 36751.75 | E63: 31642.25
... A90: dic | B90: 108989 | C90: 63190 | D90: 45881 | E90: 46817
A94: Etiquetas de fila | B94: Promedio de PBSV_MUJER REAL | C94: Promedio de PBSV_HOMBRE REAL | D94: Promedio de PBSI_MUJER REAL | E94: Promedio de PBSI_HOMBRE REAL
A95: 2008 | B95: 156325.61 | C95: 77435.604 | D95: 15483.202 | E95: 15243.679
A96: 2009 | B96: 772303.77 | C96: 553043.4 | D96: 120809.27 | E96: 93245.042
A97: 2010 | B97: 3418827.3 | C97: 2476323.7 | D97: 396627.09 | E97: 287837.13
A98: 2011 | B98: 6247614.2 | C98: 4603741 | D98: 662081.86 | E98: 475799.92
A99: 2012 | B99: 8655068.7 | C99: 6361345.6 | D99: 999427.58 | E99: 752510.09
A100: 2013 | B100: 10274152 | C100: 7549289.3 | D100: 1394976.8 | E100: 1080341.7
A101: 2014 | B101: 12384537 | C101: 9088379 | D101: 1873609.1 | E101: 1487596.9
A102: 2015 | B102: 15028398 | C102: 10934865 | D102: 2145117.5 | E102: 1726456.1
A103: 2016 | B103: 17693062 | C103: 12778833 | D103: 2309466.3 | E103: 1870817.1
A104: 2017 | B104: 22026093 | C104: 15785832 | D104: 2656108.7 | E104: 2170783.9
A105: 2018 | B105: 25758209 | C105: 18313835 | D105: 2811976 | E105: 2328781.1
A106: 2019 | B106: 31325044 | C106: 22124351 | D106: 3077999.3 | E106: 2588562.3
... A133: dic | B133: 23140038 | C133: 13498987 | D133: 7649953.3 | E133: 7421805.9

Sheet 1.3
B2: PAGOS PENSIÓN GARANTIZADA UNIVERSAL (PGU)
B5: Resumen trimestral de beneficios pagados, por tipo y sexo
B6: (octubre 2022 a diciembre 2022)
D8: PGU No Contributiva | G8: PGU Contributiva | J8: PGU Total
B9: Periodo | C9: Sexo Beneficiarios | D9: N° | E9: Monto nominal M$ * | F9: Monto real M$ ** | G9: N° | H9: Monto nominal M$ * | I9: Monto real M$ ** | J9: N° | K9: Monto nominal M$ * | L9: Monto real M$ **
B10: octubre 2022 | C10: Mujeres | D10: =+[1]PGU_desagr!$C$18 -> 322141 | E10: =+[1]PGU_desagr!$O$18/1000 -> 62098940 | F10: =+[1]PGU_desagr!$AB$18 -> 62882408 | G10: =+[1]PGU_desagr!$F$18 -> 686334 | H10: =+[1]PGU_desagr!$R$18/1000 -> 1.3198656e+08 | I10: =+[1]PGU_desagr!$AE$18 -> 1.3365176e+08 | J10: =+[1]PGU_desagr!$I$18 -> 1008475 | K10: =+[1]PGU_desagr!$U$18/1000 -> 1.940855e+08 | L10: =+[1]PGU_desagr!$AH$18 -> 1.9653417e+08
C11: Hombres | D11: =+[1]PGU_desagr!$D$18 -> 109963 | E11: =+[1]PGU_desagr!$P$18/1000 -> 21312758 | F11: =+[1]PGU_desagr!$AC$18 -> 21581650 | G11: =+[1]PGU_desagr!$G$18 -> 563950 | H11: =+[1]PGU_desagr!$S$18/1000 -> 1.0801488e+08 | I11: =+[1]PGU_desagr!$AF$18 -> 1.0937765e+08 | J11: =+[1]PGU_desagr!$J$18 -> 673913 | K11: =+[1]PGU_desagr!$V$18/1000 -> 1.2932764e+08 | L11: =+[1]PGU_desagr!$AI$18 -> 1.309593e+08
C12: Ambos | D12: =+[1]PGU_desagr!$E$18 -> 432104 | E12: =+[1]PGU_desagr!$Q$18/1000 -> 83411698 | F12: =+[1]PGU_desagr!$AD$18 -> 84464058 | G12: =+[1]PGU_desagr!$H$18 -> 1250284 | H12: =+[1]PGU_desagr!$T$18/1000 -> 2.4000144e+08 | I12: =+[1]PGU_desagr!$AG$18 -> 2.4302941e+08 | J12: =+[1]PGU_desagr!$K$18 -> 1682388 | K12: =+[1]PGU_desagr!$W$18/1000 -> 3.2341314e+08 | L12: =+[1]PGU_desagr!$AJ$18 -> 3.2749347e+08
B13: noviembre 2022 | C13: Mujeres | D13: =+[1]PGU_desagr!$C$19 -> 327443 | E13: =+[1]PGU_desagr!$O$19/1000 -> 63080933 | F13: =+[1]PGU_desagr!$AB$19 -> 63259852 | G13: =+[1]PGU_desagr!$F$19 -> 704099 | H13: =+[1]PGU_desagr!$R$19/1000 -> 1.3523624e+08 | I13: =+[1]PGU_desagr!$AE$19 -> 1.3561981e+08 | J13: =+[1]PGU_desagr!$I$19 -> 1031542 | K13: =+[1]PGU_desagr!$U$19/1000 -> 1.9831717e+08 | L13: =+[1]PGU_desagr!$AH$19 -> 1.9887967e+08
C14: Hombres | D14: =+[1]PGU_desagr!$D$19 -> 121585 | E14: =+[1]PGU_desagr!$P$19/1000 -> 23564397 | F14: =+[1]PGU_desagr!$AC$19 -> 23631234 | G14: =+[1]PGU_desagr!$G$19 -> 584193 | H14: =+[1]PGU_desagr!$S$19/1000 -> 1.115372e+08 | I14: =+[1]PGU_desagr!$AF$19 -> 1.1185356e+08 | J14: =+[1]PGU_desagr!$J$19 -> 705778 | K14: =+[1]PGU_desagr!$V$19/1000 -> 1.351016e+08 | L14: =+[1]PGU_desagr!$AI$19 -> 1.3548479e+08
C15: Ambos | D15: =+[1]PGU_desagr!$E$19 -> 449028 | E15: =+[1]PGU_desagr!$Q$19/1000 -> 86645330 | F15: =+[1]PGU_desagr!$AD$19 -> 86891086 | G15: =+[1]PGU_desagr!$H$19 -> 1288292 | H15: =+[1]PGU_desagr!$T$19/1000 -> 2.4677344e+08 | I15: =+[1]PGU_desagr!$AG$19 -> 2.4747337e+08 | J15: =+[1]PGU_desagr!$K$19 -> 1737320 | K15: =+[1]PGU_desagr!$W$19/1000 -> 3.3341877e+08 | L15: =+[1]PGU_desagr!$AJ$19 -> 3.3436446e+08
B16: diciembre 2022 | C16: Mujeres | D16: =+[1]PGU_desagr!$C$20 -> 329180 | E16: =+[1]PGU_desagr!$O$20/1000 -> 63417032 | F16: =+[1]PGU_desagr!$AB$20 -> 63417032 | G16: =+[1]PGU_desagr!$F$20 -> 717919 | H16: =+[1]PGU_desagr!$R$20/1000 -> 1.3763622e+08 | I16: =+[1]PGU_desagr!$AE$20 -> 1.3763622e+08 | J16: =+[1]PGU_desagr!$I$20 -> 1047099 | K16: =+[1]PGU_desagr!$U$20/1000 -> 2.0105325e+08 | L16: =+[1]PGU_desagr!$AH$20 -> 2.0105325e+08
C17: Hombres | D17: =+[1]PGU_desagr!$D$20 -> 125728 | E17: =+[1]PGU_desagr!$P$20/1000 -> 24368203 | F17: =+[1]PGU_desagr!$AC$20 -> 24368203 | G17: =+[1]PGU_desagr!$G$20 -> 594890 | H17: =+[1]PGU_desagr!$S$20/1000 -> 1.1328694e+08 | I17: =+[1]PGU_desagr!$AF$20 -> 1.1328694e+08 | J17: =+[1]PGU_desagr!$J$20 -> 720618 | K17: =+[1]PGU_desagr!$V$20/1000 -> 1.3765514e+08 | L17: =+[1]PGU_desagr!$AI$20 -> 1.3765514e+08
C18: Ambos | D18: =+[1]PGU_desagr!$E$20 -> 454908 | E18: =+[1]PGU_desagr!$Q$20/1000 -> 87785234 | F18: =+[1]PGU_desagr!$AD$20 -> 87785234 | G18: =+[1]PGU_desagr!$H$20 -> 1312809 | H18: =+[1]PGU_desagr!$T$20/1000 -> 2.5092316e+08 | I18: =+[1]PGU_desagr!$AG$20 -> 2.5092316e+08 | J18: =+[1]PGU_desagr!$K$20 -> 1767717 | K18: =+[1]PGU_desagr!$W$20/1000 -> 3.3870839e+08 | L18: =+[1]PGU_desagr!$AJ$20 -> 3.3870839e+08
B19: Fuente: Elaboración propia con datos del IPS
B20: Nota 1: La Pensión Garantizada Universal (PGU) es un nuevo beneficio generado a partir de la ley 21.419 del 29-01-2022. El concepto de PGU No Contributiva o Contributiva está relacionado con la calidad de la persona que está recibiendo el beneficio, si es No Contributiva quiere decir que no estaba afiliado a un sistema previsional (D.L. 3.500 o antiguo Sistema de Reparto) ni recibe pensión de sobrevivencia, si es Contributiva quiere decir que si estaba afiliado a un sistema previsional o que recibe una pensión de sobrevivencia. De manera automática, en febrero 2022, los PBS de Vejez pasaron a ser PGU No Contributiva y los APS Vejez Subsidio Definido, los Beneficio artículo 9° bis y los APS Vejez con una Pensión Final Garantizada inferior o igual al monto de la PGU pasaron a ser PGU Contributiva (Fuente: Superintendencia de Pensiones).
B21: Nota 2: Las cifras son provisorias
B22: * Montos nominales de cada periodo de pago. ** Montos deflactados a diciembre de 2022
B24: Resumen anual de beneficios pagados, por tipo y sexo
B25: (febrero 2022 a diciembre 2022)
D27: PGU No Contributiva | G27: PGU Contributiva | J27: PGU Total
B28: Periodo | C28: Sexo Beneficiarios | D28: N° promedio mensual | E28: Monto nominal M$ * | F28: Monto real M$ ** | G28: N° promedio mensual | H28: Monto nominal M$ * | I28: Monto real M$ ** | J28: N° promedio mensual | K28: Monto nominal M$ * | L28: Monto real M$ **
B29: Año 2022 | C29: Mujeres | D29: 319227.82 | E29: 6.6356017e+08 | F29: 6.9249478e+08 | G29: 626988.27 | H29: 1.2940434e+09 | I29: 1.3458375e+09 | J29: 946216.09 | K29: 1.9576035e+09 | L29: 2.0383323e+09
C30: Hombres | D30: 111460.55 | E30: 2.3284578e+08 | F30: 2.4281182e+08 | G30: 488475.91 | H30: 1.0117751e+09 | I30: 1.0500865e+09 | J30: 599936.45 | K30: 1.2446209e+09 | L30: 1.2928983e+09
C31: Ambos | D31: 430688.36 | E31: 8.9640595e+08 | F31: 9.353066e+08 | G31: 1115464.2 | H31: 2.3058184e+09 | I31: 2.3959241e+09 | J31: 1546152.5 | K31: 3.2022244e+09 | L31: 3.3312307e+09
B32: Fuente: Elaboración propia con datos del IPS
B33: Nota: Las cifras son provisorias
B34: * Montos nominales de cada periodo de pago. ** Montos deflactados a diciembre de 2022
B36: Serie resumen de pagos de beneficios acumulado, por tipo y sexo
B37: (febrero 2022 a diciembre 2022)
C39: PGU No Contributiva | G39: PGU Contributiva | K39: PGU Total
C40: Mujeres | E40: Hombres | G40: Mujeres | I40: Hombres | K40: Mujeres | M40: Hombres
B41: Periodo | C41: N° Beneficios promedio | D41: Monto promedio M$ * | E41: N° Beneficios promedio | F41: Monto promedio M$ * | G41: N° Beneficios promedio | H41: Monto promedio M$ * | I41: N° Beneficios promedio | J41: Monto promedio M$ * | K41: N° Beneficios promedio | L41: Monto promedio M$ * | M41: N° Beneficios promedio | N41: Monto promedio M$ *
B42: 44593 | C42: 309683 | D42: 63567503 | E42: 106066 | F42: 21799084 | G42: 517361 | H42: 94540259 | I42: 340110 | J42: 64788470 | K42: 827044 | L42: 1.5810776e+08 | M42: 446176 | N42: 86587555
B43: 44621 | C43: 312946 | D43: 62964957 | E43: 107255 | F43: 21641655 | G43: 536699 | H43: 1.0809112e+08 | I43: 361057 | J43: 72791331 | K43: 849645 | L43: 1.7105607e+08 | M43: 468312 | N43: 94432986
B44: 44652 | C44: 314601 | D44: 62358336 | E44: 107763 | F44: 21443356 | G44: 552501 | H44: 1.0966543e+08 | I44: 374925 | J44: 74569058 | K44: 867102 | L44: 1.7202376e+08 | M44: 482688 | N44: 96012414
B45: 44682 | C45: 316872 | D45: 62011410 | E45: 108938 | F45: 21418403 | G45: 605836 | H45: 1.1877877e+08 | I45: 477591 | J45: 93875675 | K45: 922708 | L45: 1.8079018e+08 | M45: 586529 | N45: 1.1529408e+08
B46: 44713 | C46: 317138 | D46: 61468785 | E46: 109221 | F46: 21274909 | G46: 615086 | H46: 1.19429e+08 | I46: 487043 | J46: 94849049 | K46: 932224 | L46: 1.8089778e+08 | M46: 596264 | N46: 1.1612396e+08
B47: 44743 | C47: 317824 | D47: 63694686 | E47: 109691 | F47: 22092523 | G47: 621791 | H47: 1.2484604e+08 | I47: 498271 | J47: 1.003403e+08 | K47: 939615 | L47: 1.8854073e+08 | M47: 607962 | N47: 1.2243282e+08
B48: 44774 | C48: 322017 | D48: 63749171 | E48: 110018 | F48: 21892427 | G48: 660104 | H48: 1.3055286e+08 | I48: 538150 | J48: 1.0634599e+08 | K48: 982121 | L48: 1.9430203e+08 | M48: 648168 | N48: 1.2823842e+08
B49: 44805 | C49: 321661 | D49: 63120638 | E49: 109838 | F49: 21668381 | G49: 679141 | H49: 1.3302627e+08 | I49: 553055 | J49: 1.0800851e+08 | K49: 1000802 | L49: 1.961469e+08 | M49: 662893 | N49: 1.2967689e+08
B50: 44835 | C50: 322141 | D50: 62882408 | E50: 109963 | F50: 21581650 | G50: 686334 | H50: 1.3365176e+08 | I50: 563950 | J50: 1.0937765e+08 | K50: 1008475 | L50: 1.9653417e+08 | M50: 673913 | N50: 1.309593e+08
B51: 44866 | C51: 327443 | D51: 63259852 | E51: 121585 | F51: 23631234 | G51: 704099 | H51: 1.3561981e+08 | I51: 584193 | J51: 1.1185356e+08 | K51: 1031542 | L51: 1.9887967e+08 | M51: 705778 | N51: 1.3548479e+08
B52: 44896 | C52: 329180 | D52: 63417032 | E52: 125728 | F52: 24368203 | G52: 717919 | H52: 1.3763622e+08 | I52: 594890 | J52: 1.1328694e+08 | K52: 1047099 | L52: 2.0105325e+08 | M52: 720618 | N52: 1.3765514e+08
B53: Promedio 2022 | C53: 319227.82 | D53: 62954071 | E53: 111460.55 | F53: 22073802 | G53: 626988.27 | H53: 1.2234887e+08 | I53: 488475.91 | J53: 95462411 | K53: 946216.09 | L53: 1.8530294e+08 | M53: 599936.45 | N53: 1.1753621e+08
B54: Fuente: Elaboración propia con datos del IPS
B55: Nota: Las cifras son provisorias
B56: * Montos deflactados a diciembre de 2022

Sheet 1.4
B2: PAGOS APORTE PREVISIONAL SOLIDARIO (APS)
B4: Resumen trimestral de beneficios pagados, por tipo y sexo
B5: (octubre 2022 a diciembre 2022)
D7: APS Vejez | G7: APS Invalidez | J7: APS Total
B8: Periodo | C8: Sexo Beneficiarios | D8: N° | E8: Monto nominal M$ * | F8: Monto real M$ ** | G8: N° | H8: Monto nominal M$ * | I8: Monto real M$ ** | J8: N° | K8: Monto nominal M$ * | L8: Monto real M$ **
B9: octubre 2022 | C9: Mujeres | D9: 109393 | E9: =+[1]APS!$P$182/1000 -> 23196046 | F9: =+[1]APS!$AA$182 -> 23488697 | G9: =+[1]APS!$G$182 -> 45739 | H9: =+[1]APS!$S$182/1000 -> 7659976.5 | I9: =+[1]APS!$AD$182 -> 7756618.3 | J9: =+[1]APS!$J$182 -> 155132 | K9: =+[1]APS!$V$182/1000 -> 30856022 | L9: =+[1]APS!$AG$182 -> 31245316
C10: Hombres | D10: 63815 | E10: =+[1]APS!$O$182/1000 -> 13590242 | F10: =+[1]APS!$AB$182 -> 13761703 | G10: =+[1]APS!$F$182 -> 46381 | H10: =+[1]APS!$R$182/1000 -> 7378442.3 | I10: =+[1]APS!$AE$182 -> 7471532.2 | J10: =+[1]APS!$I$182 -> 110196 | K10: =+[1]APS!$U$182/1000 -> 20968684 | L10: =+[1]APS!$AH$182 -> 21233235
C11: Ambos | D11: 173208 | E11: =+[1]APS!$Q$182/1000 -> 36786288 | F11: =+[1]APS!$AC$182 -> 37250400 | G11: =+[1]APS!$H$182 -> 92120 | H11: =+[1]APS!$T$182/1000 -> 15038419 | I11: =+[1]APS!$AF$182 -> 15228150 | J11: =+[1]APS!$K$182 -> 265328 | K11: =+[1]APS!$W$182/1000 -> 51824706 | L11: =+[1]APS!$AI$182 -> 52478551
B12: noviembre 2022 | C12: Mujeres | D12: 109031 | E12: =+[1]APS!$P$183/1000 -> 23133194 | F12: =+[1]APS!$AA$183 -> 23198807 | G12: =+[1]APS!$G$183 -> 45910 | H12: =+[1]APS!$S$183/1000 -> 7675227.2 | I12: =+[1]APS!$AD$183 -> 7696996.8 | J12: =+[1]APS!$J$183 -> 154941 | K12: =+[1]APS!$V$183/1000 -> 30808421 | L12: =+[1]APS!$AG$183 -> 30895804
C13: Hombres | D13: 63526 | E13: =+[1]APS!$O$183/1000 -> 13546987 | F13: =+[1]APS!$AB$183 -> 13585411 | G13: =+[1]APS!$F$183 -> 46666 | H13: =+[1]APS!$R$183/1000 -> 7413824.5 | I13: =+[1]APS!$AE$183 -> 7434852.7 | J13: =+[1]APS!$I$183 -> 110192 | K13: =+[1]APS!$U$183/1000 -> 20960812 | L13: =+[1]APS!$AH$183 -> 21020264
C14: Ambos | D14: 172557 | E14: =+[1]APS!$Q$183/1000 -> 36680181 | F14: =+[1]APS!$AC$183 -> 36784218 | G14: =+[1]APS!$H$183 -> 92576 | H14: =+[1]APS!$T$183/1000 -> 15089052 | I14: =+[1]APS!$AF$183 -> 15131849 | J14: =+[1]APS!$K$183 -> 265133 | K14: =+[1]APS!$W$183/1000 -> 51769232 | L14: =+[1]APS!$AI$183 -> 51916068
B15: diciembre 2022 | C15: Mujeres | D15: 108989 | E15: =+[1]APS!$P$184/1000 -> 23140038 | F15: =+[1]APS!$AA$184 -> 23140038 | G15: =+[1]APS!$G$184 -> 45881 | H15: =+[1]APS!$S$184/1000 -> 7649953.3 | I15: =+[1]APS!$AD$184 -> 7649953.3 | J15: =+[1]APS!$J$184 -> 154870 | K15: =+[1]APS!$V$184/1000 -> 30789991 | L15: =+[1]APS!$AG$184 -> 30789991
C16: Hombres | D16: 63190 | E16: =+[1]APS!$O$184/1000 -> 13498987 | F16: =+[1]APS!$AB$184 -> 13498987 | G16: =+[1]APS!$F$184 -> 46817 | H16: =+[1]APS!$R$184/1000 -> 7421805.9 | I16: =+[1]APS!$AE$184 -> 7421805.9 | J16: =+[1]APS!$I$184 -> 110007 | K16: =+[1]APS!$U$184/1000 -> 20920793 | L16: =+[1]APS!$AH$184 -> 20920793
C17: Ambos | D17: 172179 | E17: =+[1]APS!$Q$184/1000 -> 36639025 | F17: =+[1]APS!$AC$184 -> 36639025 | G17: =+[1]APS!$H$184 -> 92698 | H17: =+[1]APS!$T$184/1000 -> 15071759 | I17: =+[1]APS!$AF$184 -> 15071759 | J17: =+[1]APS!$K$184 -> 264877 | K17: =+[1]APS!$W$184/1000 -> 51710784 | L17: =+[1]APS!$AI$184 -> 51710784
B18: Fuente: Elaboración propia con datos del IPS
B19: Nota: Las cifras son provisorias
B20: * Montos nominales de cada periodo de pago. ** Montos deflactados a diciembre de 2022
B22: Resumen anual de beneficios pagados, por tipo y sexo
B23: (enero 2022 a diciembre 2022)
D25: APS Vejez | G25: APS Invalidez | J25: APS Total
B26: Periodo | C26: Sexo Beneficiarios | D26: N° promedio mensual | E26: Monto nominal M$ * | F26: Monto real M$ ** | G26: N° promedio mensual | H26: Monto nominal M$ * | I26: Monto real M$ ** | J26: N° promedio mensual | K26: Monto nominal M$ * | L26: Monto real M$ **
B27: Año 2022 | C27: Mujeres | D27: 168156.42 | E27: 3.6244601e+08 | F27: 3.8604321e+08 | G27: 45050.167 | H27: 89129737 | I27: 93534966 | J27: 213206.58 | K27: 4.5157575e+08 | L27: 4.7957817e+08
C28: Hombres | D28: 123230.08 | E28: 2.505165e+08 | F28: 2.6808536e+08 | G28: 44846.333 | H28: 84667893 | I28: 88806431 | J28: 168076.42 | K28: 3.3518439e+08 | L28: 3.5689179e+08
C29: Ambos | D29: 291386.5 | E29: 6.1296251e+08 | F29: 6.5412857e+08 | G29: 89896.5 | H29: 1.7379763e+08 | I29: 1.823414e+08 | J29: 381283 | K29: 7.8676014e+08 | L29: 8.3646996e+08
B30: Fuente: Elaboración propia con datos del IPS
B31: Nota: Las cifras son provisorias
B32: * Montos nominales de cada periodo de pago. ** Montos deflactados a diciembre de 2022
B34: Serie resumen de pagos de beneficios acumulado, por tipo y sexo
B35: (enero 2020 a diciembre 2022)
C37: APS Vejez | G37: APS Invalidez | K37: APS Total
C38: Mujeres | E38: Hombres | G38: Mujeres | I38: Hombres | K38: Mujeres | M38: Hombres
B39: Periodo | C39: N° Beneficios promedio | D39: Monto promedio M$ * | E39: N° Beneficios promedio | F39: Monto promedio M$ * | G39: N° Beneficios promedio | H39: Monto promedio M$ * | I39: N° Beneficios promedio | J39: Monto promedio M$ * | K39: N° Beneficios promedio | L39: Monto promedio M$ * | M39: N° Beneficios promedio | N39: Monto promedio M$ *
B40: Promedio 2020 | C40: =+[1]APS!$D$189 -> 569814.17 | D40: 78109549 | E40: 419795.08 | F40: 54038961 | G40: =+[1]APS!$G$189 -> 38063.25 | H40: 6106010 | I40: 33240.167 | J40: 5190963.9 | K40: 607877.42 | L40: 84215559 | M40: 453035.25 | N40: 59229925
B41: 44197 | C41: 600842 | D41: 91766146 | E41: 443662 | F41: 63835170 | G41: 38683 | H41: 6861931.7 | I41: 34228 | J41: 5894347.5 | K41: 639525 | L41: 98628077 | M41: 477890 | N41: 69729517
B42: 44228 | C42: 605436 | D42: 91855518 | E42: 447257 | F42: 63902819 | G42: 38750 | H42: 6847110.4 | I42: 34279 | J42: 5883751.7 | K42: 644186 | L42: 98702629 | M42: 481536 | N42: 69786570
B43: 44256 | C43: 610095 | D43: 92402342 | E43: 450099 | F43: 64066934 | G43: 38777 | H43: 6824656.1 | I43: 34317 | J43: 5870827.2 | K43: 648872 | L43: 99226999 | M43: 484416 | N43: 69937761
B44: 44287 | C44: 615165 | D44: 92937319 | E44: 453554 | F44: 64244968 | G44: 39434 | H44: 6863197.5 | I44: 35231 | J44: 5946494.8 | K44: 654599 | L44: 99800517 | M44: 488785 | N44: 70191463
B45: 44317 | C45: 619925 | D45: 93507275 | E45: 456843 | F45: 64510062 | G45: 40665 | H45: 6950552.7 | I45: 36858 | J45: 6071862.3 | K45: 660590 | L45: 1.0045783e+08 | M45: 493701 | N45: 70581925
B46: 44348 | C46: 624280 | D46: 94300916 | E46: 459648 | F46: 64932561 | G46: 41406 | H46: 7016135.5 | I46: 37901 | J46: 6176730.4 | K46: 665686 | L46: 1.0131705e+08 | M46: 497549 | N46: 71109291
B47: 44378 | C47: 628233 | D47: 98785632 | E47: 462542 | F47: 68109609 | G47: 41969 | H47: 7302821.3 | I47: 38877 | J47: 6499178.7 | K47: 670202 | L47: 1.0608845e+08 | M47: 501419 | N47: 74608787
B48: 44409 | C48: 632311 | D48: 99543994 | E48: 464709 | F48: 68659470 | G48: 42296 | H48: 7330005.3 | I48: 39447 | J48: 6572800.1 | K48: 674607 | L48: 1.06874e+08 | M48: 504156 | N48: 75232270
B49: 44440 | C49: 638396 | D49: 99623618 | E49: 469874 | F49: 68794898 | G49: 42481 | H49: 7262701.5 | I49: 39831 | J49: 6550016.4 | K49: 680877 | L49: 1.0688632e+08 | M49: 509705 | N49: 75344914
B50: 44470 | C50: 645913 | D50: 99668384 | E50: 475311 | F50: 68866440 | G50: 42530 | H50: 7169189.3 | I50: 40062 | J50: 6505245.5 | K50: 688443 | L50: 1.0683757e+08 | M50: 515373 | N50: 75371686
B51: 44501 | C51: 654021 | D51: 1.0054056e+08 | E51: 481364 | F51: 69493278 | G51: 43059 | H51: 7174228.5 | I51: 41024 | J51: 6569037.6 | K51: 697080 | L51: 1.0771479e+08 | M51: 522388 | N51: 76062315
B52: 44531 | C52: 661228 | D52: 1.0096162e+08 | E52: 486375 | F52: 69785205 | G52: 43273 | H52: 7122350.3 | I52: 41477 | J52: 6548038.9 | K52: 704501 | L52: 1.0808397e+08 | M52: 527852 | N52: 76333244
B53: Promedio 2021 | C53: 627987.08 | D53: 96324444 | E53: 462603.17 | F53: 66600118 | G53: 41110.25 | H53: 7060406.7 | I53: 37794.333 | J53: 6257360.9 | K53: 669097.33 | L53: 1.0338485e+08 | M53: 500397.5 | N53: 72857479
B54: 44562 | C54: 669074 | D54: 1.0597518e+08 | E54: 492231 | F54: 73624686 | G54: 43561 | H54: 7616546.1 | I54: 41983 | J54: 7053757.9 | K54: 712635 | L54: 1.1359172e+08 | M54: 534214 | N54: 80678444
B55: 44593 | C55: 157011 | D55: 31611158 | E55: 156303 | F55: 28483127 | G55: 43796 | H55: 8024662.8 | I55: 42423 | J55: 7479299.5 | K55: 200807 | L55: 39635820 | M55: 198726 | N55: 35962426
B56: 44621 | C56: 158373 | D56: 31354651 | E56: 158291 | F56: 28404537 | G56: 44375 | H56: 7925328.6 | I56: 43297 | J56: 7417915.2 | K56: 202748 | L56: 39279979 | M56: 201588 | N56: 35822452
B57: 44652 | C57: 154818 | D57: 30454959 | E57: 157061 | F57: 27999505 | G57: 44630 | H57: 7821296.9 | I57: 43805 | J57: 7353095.2 | K57: 199448 | L57: 38276255 | M57: 200866 | N57: 35352601
B58: 44682 | C58: 111871 | D58: 22837041 | E58: 65720 | F58: 13344942 | G58: 44880 | H58: 7725379.8 | I58: 44391 | J58: 7291838.3 | K58: 156751 | L58: 30562421 | M58: 110111 | N58: 20636781
B59: 44713 | C59: 109948 | D59: 22250553 | E59: 64976 | F59: 13085404 | G59: 45192 | H59: 7664757.6 | I59: 45010 | J59: 7268514.8 | K59: 155140 | L59: 29915310 | M59: 109986 | N59: 20353919
B60: 44743 | C60: 109799 | D60: 24160689 | E60: 64729 | F60: 14278016 | G60: 45366 | H60: 7964794.8 | I60: 45364 | J60: 7583521.2 | K60: 155165 | L60: 32125484 | M60: 110093 | N60: 21861537
B61: 44774 | C61: 109904 | D61: 23910001 | E61: 64644 | F61: 14102377 | G61: 45575 | H61: 7882848.5 | I61: 45817 | J61: 7534249.4 | K61: 155479 | L61: 31792850 | M61: 110461 | N61: 21636626
B62: 44805 | C62: 109666 | D62: 23661437 | E62: 64275 | F62: 13916665 | G62: 45697 | H62: 7805782.6 | I62: 46202 | J62: 7496048.3 | K62: 155363 | L62: 31467220 | M62: 110477 | N62: 21412713
B63: 44835 | C63: 109393 | D63: 23488697 | E63: 63815 | F63: 13761703 | G63: 45739 | H63: 7756618.3 | I63: 46381 | J63: 7471532.2 | K63: 155132 | L63: 31245316 | M63: 110196 | N63: 21233235
B64: 44866 | C64: 109031 | D64: 23198807 | E64: 63526 | F64: 13585411 | G64: 45910 | H64: 7696996.8 | I64: 46666 | J64: 7434852.7 | K64: 154941 | L64: 30895804 | M64: 110192 | N64: 21020264
B65: 44896 | C65: 108989 | D65: 23140038 | E65: 63190 | F65: 13498987 | G65: 45881 | H65: 7649953.3 | I65: 46817 | J65: 7421805.9 | K65: 154870 | L65: 30789991 | M65: 110007 | N65: 20920793
B66: Promedio 2022 | C66: 168156.42 | D66: 32170267 | E66: 123230.08 | F66: 22340447 | G66: 45050.167 | H66: 7794580.5 | I66: 44846.333 | J66: 7400535.9 | K66: 213206.58 | L66: 39964848 | M66: 168076.42 | N66: 29740982
B67: Fuente: Elaboración propia con datos del IPS
B68: Nota: Las cifras son provisorias
B69: * Montos deflactados a diciembre de 2022.
A79: ocultar
B80: Número de beneficios y montos APS pagados mensualmente
B81: (julio 2008 a diciembre 2022)
C84: NÚMERO DE BENEFICIARIOS DE APS | O84: MONTOS PAGADOS APS
C85: APS VEJEZ | F85: APS INVALIDEZ | I85: TOTAL APS | O85: APS VEJEZ | R85: APS INVALIDEZ | U85: TOTAL APS | AA85: 1000
B86: PERIODO | C86: APS VEJEZ HOMBRE n | D86: APS VEJEZ MUJER n | E86: APS VEJEZ AMBOS n | F86: APS INVALIDEZ HOMBRE N | G86: APS INVALIDEZ MUJER N | H86: APS INVALIDEZ AMBOS N | I86: APS TOTAL HOMBRE N | J86: APS TOTAL MUJER N | K86: APS TOTAL AMBOS N | L86: APS VEJEZ HOMBRE | M86: APS VEJEZ MUJER | N86: APS VEJEZ AMBOS | O86: APS INVALIDEZ HOMBRE | P86: APS INVALIDEZ MUJER | Q86: APS INVALIDEZ AMBOS | R86: APS TOTAL HOMBRE | S86: APS TOTAL MUJER | T86: APS TOTAL AMBOS | U86: IPC PERIODO | V86: IPC DICIEMBRE 2022 | W86: COEF. DEFLACTOR | X86: PBSV_HOMBRE REAL | Y86: PBSV_MUJER REAL | Z86: PBSV_TOTAL REAL | AA86: PBSI_HOMBRE REAL | AB86: PBSI_MUJER REAL | AC86: PBSI_TOTAL REAL | AD86: PBS_HOMBRE REAL | AE86: PBS_MUJER REAL | AF86: PBS_TOTAL REAL | AG86: APS VEJEZ HOMBRE nom | AH86: APS VEJEZ MUJER nom | AI86: APS VEJEZ AMBOS nom | AJ86: APS INVALIDEZ HOMBRE nom | AK86: APS INVALIDEZ MUJER nom | AL86: APS INVALIDEZ AMBOS nom | AM86: APS TOTAL HOMBRE nom | AN86: APS TOTAL MUJER nom | AO86: APS TOTAL AMBOS nom
B87: 39630 | U87: 75.937683 | V87: 129.01506 | W87: =+V87/U87 -> 1.6989596
B88: 39661 | U88: 76.645667 | V88: 129.01506 | W88: =+V88/U88 -> 1.6832661
B89: 39692 | U89: 77.460121 | V89: 129.01506 | W89: =+V89/U89 -> 1.6655674
B90: 39722 | C90: 955 | D90: 2444 | E90: 3399 | F90: 229 | G90: 217 | H90: 446 | I90: 1184 | J90: 2661 | K90: 3845 | L90: 191695297 | M90: 385553922 | N90: =+L90+M90 -> 577249219 | O90: 35923118 | P90: 35328138 | Q90: =+O90+P90 -> 71251256 | R90: =+L90+O90 -> 227618415 | S90: =+M90+P90 -> 420882060 | T90: =+R90+S90 -> 648500475 | U90: 78.144751 | V90: 129.01506 | W90: =+V90/U90 -> 1.6509753 | X90: =+L90/$W90/$AA$85 -> 116110.33 | Y90: =+M90/$W90/$AA$85 -> 233531 | Z90: =+N90/$W90/$AA$85 -> 349641.34 | AA90: =+O90/$W90/$AA$85 -> 21758.725 | AB90: =+P90/$W90/$AA$85 -> 21398.344 | AC90: =+Q90/$W90/$AA$85 -> 43157.069 | AD90: =+R90/$W90/$AA$85 -> 137869.06 | AE90: =+S90/$W90/$AA$85 -> 254929.35 | AF90: =+T90/$W90/$AA$85 -> 392798.41 | AG90: =+L90/$AA$85 -> 191695.3 | AH90: =+M90/$AA$85 -> 385553.92 | AI90: =+N90/$AA$85 -> 577249.22 | AJ90: =+O90/$AA$85 -> 35923.118 | AK90: =+P90/$AA$85 -> 35328.138 | AL90: =+Q90/$AA$85 -> 71251.256 | AM90: =+R90/$AA$85 -> 227618.42 | AN90: =+S90/$AA$85 -> 420882.06 | AO90: =+T90/$AA$85 -> 648500.47
B91: 39753 | C91: 1159 | D91: 3067 | E91: 4226 | F91: 294 | G91: 290 | H91: 584 | I91: 1453 | J91: 3357 | K91: 4810 | L91: 85654067 | M91: 192967990 | N91: =+L91+M91 -> 278622057 | O91: 19636312 | P91: 20520752 | Q91: =+O91+P91 -> 40157064 | R91: =+L91+O91 -> 105290379 | S91: =+M91+P91 -> 213488742 | T91: =+R91+S91 -> 318779121 | U91: 78.048997 | V91: 129.01506 | W91: =+V91/U91 -> 1.6530008 | X91: =+L91/$W91/$AA$85 -> 51817.317 | Y91: =+M91/$W91/$AA$85 -> 116737.99 | Z91: =+N91/$W91/$AA$85 -> 168555.31 | AA91: =+O91/$W91/$AA$85 -> 11879.191 | AB91: =+P91/$W91/$AA$85 -> 12414.242 | AC91: =+Q91/$W91/$AA$85 -> 24293.433 | AD91: =+R91/$W91/$AA$85 -> 63696.508 | AE91: =+S91/$W91/$AA$85 -> 129152.23 | AF91: =+T91/$W91/$AA$85 -> 192848.74 | AG91: =+L91/$AA$85 -> 85654.067 | AH91: =+M91/$AA$85 -> 192967.99 | AI91: =+N91/$AA$85 -> 278622.06 | AJ91: =+O91/$AA$85 -> 19636.312 | AK91: =+P91/$AA$85 -> 20520.752 | AL91: =+Q91/$AA$85 -> 40157.064 | AM91: =+R91/$AA$85 -> 105290.38 | AN91: =+S91/$AA$85 -> 213488.74 | AO91: =+T91/$AA$85 -> 318779.12
B92: 39783 | C92: 1234 | D92: 3251 | E92: 4485 | F92: 348 | G92: 352 | H92: 700 | I92: 1582 | J92: 3603 | K92: 5185 | L92: 107688464 | M92: 198565283 | N92: =+L92+M92 -> 306253747 | O92: 20228436 | P92: 21138228 | Q92: =+O92+P92 -> 41366664 | R92: =+L92+O92 -> 127916900 | S92: =+M92+P92 -> 219703511 | T92: =+R92+S92 -> 347620411 | U92: 77.128789 | V92: 129.01506 | W92: =+V92/U92 -> 1.6727224 | X92: =+L92/$W92/$AA$85 -> 64379.16 | Y92: =+M92/$W92/$AA$85 -> 118707.85 | Z92: =+N92/$W92/$AA$85 -> 183087.01 | AA92: =+O92/$W92/$AA$85 -> 12093.122 | AB92: =+P92/$W92/$AA$85 -> 12637.021 | AC92: =+Q92/$W92/$AA$85 -> 24730.142 | AD92: =+R92/$W92/$AA$85 -> 76472.281 | AE92: =+S92/$W92/$AA$85 -> 131344.87 | AF92: =+T92/$W92/$AA$85 -> 207817.15 | AG92: =+L92/$AA$85 -> 107688.46 | AH92: =+M92/$AA$85 -> 198565.28 | AI92: =+N92/$AA$85 -> 306253.75 | AJ92: =+O92/$AA$85 -> 20228.436 | AK92: =+P92/$AA$85 -> 21138.228 | AL92: =+Q92/$AA$85 -> 41366.664 | AM92: =+R92/$AA$85 -> 127916.9 | AN92: =+S92/$AA$85 -> 219703.51 | AO92: =+T92/$AA$85 -> 347620.41
B93: 39814 | C93: 1765 | D93: 4434 | E93: 6199 | F93: 481 | G93: 468 | H93: 949 | I93: 2246 | J93: 4902 | K93: 7148 | L93: 194887690 | M93: 386551685 | N93: =+L93+M93 -> 581439375 | O93: 43687880 | P93: 38038701 | Q93: =+O93+P93 -> 81726581 | R93: =+L93+O93 -> 238575570 | S93: =+M93+P93 -> 424590386 | T93: =+R93+S93 -> 663165956 | U93: 76.540569 | V93: 129.01506 | W93: =+V93/U93 -> 1.6855774 | X93: =+L93/$W93/$AA$85 -> 115620.73 | Y93: =+M93/$W93/$AA$85 -> 229328.94 | Z93: =+N93/$W93/$AA$85 -> 344949.67 | AA93: =+O93/$W93/$AA$85 -> 25918.643 | AB93: =+P93/$W93/$AA$85 -> 22567.163 | AC93: =+Q93/$W93/$AA$85 -> 48485.806 | AD93: =+R93/$W93/$AA$85 -> 141539.37 | AE93: =+S93/$W93/$AA$85 -> 251896.1 | AF93: =+T93/$W93/$AA$85 -> 393435.47 | AG93: =+L93/$AA$85 -> 194887.69 | AH93: =+M93/$AA$85 -> 386551.68 | AI93: =+N93/$AA$85 -> 581439.38 | AJ93: =+O93/$AA$85 -> 43687.88 | AK93: =+P93/$AA$85 -> 38038.701 | AL93: =+Q93/$AA$85 -> 81726.581 | AM93: =+R93/$AA$85 -> 238575.57 | AN93: =+S93/$AA$85 -> 424590.39 | AO93: =+T93/$AA$85 -> 663165.96
B94: 39845 | C94: 2132 | D94: 5048 | E94: 7180 | F94: 584 | G94: 596 | H94: 1180 | I94: 2716 | J94: 5644 | K94: 8360 | L94: 156341312 | M94: 297761340 | N94: =+L94+M94 -> 454102652 | O94: 43785755 | P94: 47118131 | Q94: =+O94+P94 -> 90903886 | R94: =+L94+O94 -> 200127067 | S94: =+M94+P94 -> 344879471 | T94: =+R94+S94 -> 545006538 | U94: 76.261696 | V94: 129.01506 | W94: =+V94/U94 -> 1.6917412 | X94: =+L94/$W94/$AA$85 -> 92414.436 | Y94: =+M94/$W94/$AA$85 -> 176008.8 | Z94: =+N94/$W94/$AA$85 -> 268423.23 | AA94: =+O94/$W94/$AA$85 -> 25882.064 | AB94: =+P94/$W94/$AA$85 -> 27851.855 | AC94: =+Q94/$W94/$AA$85 -> 53733.919 | AD94: =+R94/$W94/$AA$85 -> 118296.5 | AE94: =+S94/$W94/$AA$85 -> 203860.65 | AF94: =+T94/$W94/$AA$85 -> 322157.15 | AG94: =+L94/$AA$85 -> 156341.31 | AH94: =+M94/$AA$85 -> 297761.34 | AI94: =+N94/$AA$85 -> 454102.65 | AJ94: =+O94/$AA$85 -> 43785.755 | AK94: =+P94/$AA$85 -> 47118.131 | AL94: =+Q94/$AA$85 -> 90903.886 | AM94: =+R94/$AA$85 -> 200127.07 | AN94: =+S94/$AA$85 -> 344879.47 | AO94: =+T94/$AA$85 -> 545006.54
B95: 39873 | C95: 2584 | D95: 5703 | E95: 8287 | F95: 703 | G95: 787 | H95: 1490 | I95: 3287 | J95: 6490 | K95: 9777 | L95: 202020432 | M95: 330681512 | N95: =+L95+M95 -> 532701944 | O95: 47441952 | P95: 61973136 | Q95: =+O95+P95 -> 109415088 | R95: =+L95+O95 -> 249462384 | S95: =+M95+P95 -> 392654648 | T95: =+R95+S95 -> 642117032 | U95: 76.560749 | V95: 129.01506 | W95: =+V95/U95 -> 1.6851331 | X95: =+L95/$W95/$AA$85 -> 119883.96 | Y95: =+M95/$W95/$AA$85 -> 196234.65 | Z95: =+N95/$W95/$AA$85 -> 316118.61 | AA95: =+O95/$W95/$AA$85 -> 28153.237 | AB95: =+P95/$W95/$AA$85 -> 36776.403 | AC95: =+Q95/$W95/$AA$85 -> 64929.64 | AD95: =+R95/$W95/$AA$85 -> 148037.2 | AE95: =+S95/$W95/$AA$85 -> 233011.05 | AF95: =+T95/$W95/$AA$85 -> 381048.25 | AG95: =+L95/$AA$85 -> 202020.43 | AH95: =+M95/$AA$85 -> 330681.51 | AI95: =+N95/$AA$85 -> 532701.94 | AJ95: =+O95/$AA$85 -> 47441.952 | AK95: =+P95/$AA$85 -> 61973.136 | AL95: =+Q95/$AA$85 -> 109415.09 | AM95: =+R95/$AA$85 -> 249462.38 | AN95: =+S95/$AA$85 -> 392654.65 | AO95: =+T95/$AA$85 -> 642117.03
B96: 39904 | C96: 3131 | D96: 6499 | E96: 9630 | F96: 922 | G96: 1119 | H96: 2041 | I96: 4053 | J96: 7618 | K96: 11671 | L96: 281550462 | M96: 474237539 | N96: =+L96+M96 -> 755788001 | O96: 79704356 | P96: 109278129 | Q96: =+O96+P96 -> 188982485 | R96: =+L96+O96 -> 361254818 | S96: =+M96+P96 -> 583515668 | T96: =+R96+S96 -> 944770486 | U96: 76.441392 | V96: 129.01506 | W96: =+V96/U96 -> 1.6877643 | X96: =+L96/$W96/$AA$85 -> 166818.59 | Y96: =+M96/$W96/$AA$85 -> 280985.64 | Z96: =+N96/$W96/$AA$85 -> 447804.22 | AA96: =+O96/$W96/$AA$85 -> 47224.813 | AB96: =+P96/$W96/$AA$85 -> 64747.267 | AC96: =+Q96/$W96/$AA$85 -> 111972.08 | AD96: =+R96/$W96/$AA$85 -> 214043.4 | AE96: =+S96/$W96/$AA$85 -> 345732.9 | AF96: =+T96/$W96/$AA$85 -> 559776.3 | AG96: =+L96/$AA$85 -> 281550.46 | AH96: =+M96/$AA$85 -> 474237.54 | AI96: =+N96/$AA$85 -> 755788 | AJ96: =+O96/$AA$85 -> 79704.356 | AK96: =+P96/$AA$85 -> 109278.13 | AL96: =+Q96/$AA$85 -> 188982.48 | AM96: =+R96/$AA$85 -> 361254.82 | AN96: =+S96/$AA$85 -> 583515.67 | AO96: =+T96/$AA$85 -> 944770.49
B97: 39934 | C97: 3842 | D97: 7208 | E97: 11050 | F97: 1125 | G97: 1372 | H97: 2497 | I97: 4967 | J97: 8580 | K97: 13547 | L97: 331166000 | M97: 435187423 | N97: =+L97+M97 -> 766353423 | O97: 83507484 | P97: 103344394 | Q97: =+O97+P97 -> 186851878 | R97: =+L97+O97 -> 414673484 | S97: =+M97+P97 -> 538531817 | T97: =+R97+S97 -> 953205301 | U97: 76.250227 | V97: 129.01506 | W97: =+V97/U97 -> 1.6919957 | X97: =+L97/$W97/$AA$85 -> 195725.08 | Y97: =+M97/$W97/$AA$85 -> 257203.62 | Z97: =+N97/$W97/$AA$85 -> 452928.71 | AA97: =+O97/$W97/$AA$85 -> 49354.43 | AB97: =+P97/$W97/$AA$85 -> 61078.402 | AC97: =+Q97/$W97/$AA$85 -> 110432.83 | AD97: =+R97/$W97/$AA$85 -> 245079.51 | AE97: =+S97/$W97/$AA$85 -> 318282.02 | AF97: =+T97/$W97/$AA$85 -> 563361.54 | AG97: =+L97/$AA$85 -> 331166 | AH97: =+M97/$AA$85 -> 435187.42 | AI97: =+N97/$AA$85 -> 766353.42 | AJ97: =+O97/$AA$85 -> 83507.484 | AK97: =+P97/$AA$85 -> 103344.39 | AL97: =+Q97/$AA$85 -> 186851.88 | AM97: =+R97/$AA$85 -> 414673.48 | AN97: =+S97/$AA$85 -> 538531.82 | AO97: =+T97/$AA$85 -> 953205.3
B98: 39965 | C98: 4373 | D98: 7817 | E98: 12190 | F98: 1346 | G98: 1674 | H98: 3020 | I98: 5719 | J98: 9491 | K98: 15210 | L98: 305748999 | M98: 439866065 | N98: =+L98+M98 -> 745615064 | O98: 94453398 | P98: 122954975 | Q98: =+O98+P98 -> 217408373 | R98: =+L98+O98 -> 400202397 | S98: =+M98+P98 -> 562821040 | T98: =+R98+S98 -> 963023437 | U98: 76.514479 | V98: 129.01506 | W98: =+V98/U98 -> 1.6861522 | X98: =+L98/$W98/$AA$85 -> 181329.42 | Y98: =+M98/$W98/$AA$85 -> 260869.73 | Z98: =+N98/$W98/$AA$85 -> 442199.15 | AA98: =+O98/$W98/$AA$85 -> 56017.125 | AB98: =+P98/$W98/$AA$85 -> 72920.45 | AC98: =+Q98/$W98/$AA$85 -> 128937.58 | AD98: =+R98/$W98/$AA$85 -> 237346.55 | AE98: =+S98/$W98/$AA$85 -> 333790.18 | AF98: =+T98/$W98/$AA$85 -> 571136.73 | AG98: =+L98/$AA$85 -> 305749 | AH98: =+M98/$AA$85 -> 439866.07 | AI98: =+N98/$AA$85 -> 745615.06 | AJ98: =+O98/$AA$85 -> 94453.398 | AK98: =+P98/$AA$85 -> 122954.98 | AL98: =+Q98/$AA$85 -> 217408.37 | AM98: =+R98/$AA$85 -> 400202.4 | AN98: =+S98/$AA$85 -> 562821.04 | AO98: =+T98/$AA$85 -> 963023.44
B99: 39995 | C99: 4882 | D99: 8395 | E99: 13277 | F99: 1670 | G99: 2118 | H99: 3788 | I99: 6552 | J99: 10513 | K99: 17065 | L99: 424219133 | M99: 635123794 | N99: =+L99+M99 -> 1059342927 | O99: 172993990 | P99: 222382190 | Q99: =+O99+P99 -> 395376180 | R99: =+L99+O99 -> 597213123 | S99: =+M99+P99 -> 857505984 | T99: =+R99+S99 -> 1454719107 | U99: 76.17753 | V99: 129.01506 | W99: =+V99/U99 -> 1.6936104 | X99: =+L99/$W99/$AA$85 -> 250482.13 | Y99: =+M99/$W99/$AA$85 -> 375011.75 | Z99: =+N99/$W99/$AA$85 -> 625493.88 | AA99: =+O99/$W99/$AA$85 -> 102145.09 | AB99: =+P99/$W99/$AA$85 -> 131306.58 | AC99: =+Q99/$W99/$AA$85 -> 233451.68 | AD99: =+R99/$W99/$AA$85 -> 352627.22 | AE99: =+S99/$W99/$AA$85 -> 506318.33 | AF99: =+T99/$W99/$AA$85 -> 858945.56 | AG99: =+L99/$AA$85 -> 424219.13 | AH99: =+M99/$AA$85 -> 635123.79 | AI99: =+N99/$AA$85 -> 1059342.9 | AJ99: =+O99/$AA$85 -> 172993.99 | AK99: =+P99/$AA$85 -> 222382.19 | AL99: =+Q99/$AA$85 -> 395376.18 | AM99: =+R99/$AA$85 -> 597213.12 | AN99: =+S99/$AA$85 -> 857505.98 | AO99: =+T99/$AA$85 -> 1454719.1
B100: 40026 | C100: 5603 | D100: 9052 | E100: 14655 | F100: 1969 | G100: 2469 | H100: 4438 | I100: 7572 | J100: 11521 | K100: 19093 | L100: 579269980 | M100: 737039569 | N100: =+L100+M100 -> 1316309549 | O100: 179837233 | P100: 230495621 | Q100: =+O100+P100 -> 410332854 | R100: =+L100+O100 -> 759107213 | S100: =+M100+P100 -> 967535190 | T100: =+R100+S100 -> 1726642403 | U100: 75.903217 | V100: 129.01506 | W100: =+V100/U100 -> 1.6997311 | X100: =+L100/$W100/$AA$85 -> 340800.96 | Y100: =+M100/$W100/$AA$85 -> 433621.29 | Z100: =+N100/$W100/$AA$85 -> 774422.25 | AA100: =+O100/$W100/$AA$85 -> 105803.35 | AB100: =+P100/$W100/$AA$85 -> 135607.11 | AC100: =+Q100/$W100/$AA$85 -> 241410.46 | AD100: =+R100/$W100/$AA$85 -> 446604.31 | AE100: =+S100/$W100/$AA$85 -> 569228.4 | AF100: =+T100/$W100/$AA$85 -> 1015832.7 | AG100: =+L100/$AA$85 -> 579269.98 | AH100: =+M100/$AA$85 -> 737039.57 | AI100: =+N100/$AA$85 -> 1316309.5 | AJ100: =+O100/$AA$85 -> 179837.23 | AK100: =+P100/$AA$85 -> 230495.62 | AL100: =+Q100/$AA$85 -> 410332.85 | AM100: =+R100/$AA$85 -> 759107.21 | AN100: =+S100/$AA$85 -> 967535.19 | AO100: =+T100/$AA$85 -> 1726642.4
B101: 40057 | C101: 15010 | D101: 12193 | E101: 27203 | F101: 2203 | G101: 2777 | H101: 4980 | I101: 17213 | J101: 14970 | K101: 32183 | L101: 989777643 | M101: 957691029 | N101: =+L101+M101 -> 1947468672 | O101: 186413223 | P101: 240836118 | Q101: =+O101+P101 -> 427249341 | R101: =+L101+O101 -> 1176190866 | S101: =+M101+P101 -> 1198527147 | T101: =+R101+S101 -> 2374718013 | U101: 76.648749 | V101: 129.01506 | W101: =+V101/U101 -> 1.6831984 | X101: =+L101/$W101/$AA$85 -> 588033.84 | Y101: =+M101/$W101/$AA$85 -> 568970.96 | Z101: =+N101/$W101/$AA$85 -> 1157004.8 | AA101: =+O101/$W101/$AA$85 -> 110749.4 | AB101: =+P101/$W101/$AA$85 -> 143082.43 | AC101: =+Q101/$W101/$AA$85 -> 253831.83 | AD101: =+R101/$W101/$AA$85 -> 698783.24 | AE101: =+S101/$W101/$AA$85 -> 712053.38 | AF101: =+T101/$W101/$AA$85 -> 1410836.6 | AG101: =+L101/$AA$85 -> 989777.64 | AH101: =+M101/$AA$85 -> 957691.03 | AI101: =+N101/$AA$85 -> 1947468.7 | AJ101: =+O101/$AA$85 -> 186413.22 | AK101: =+P101/$AA$85 -> 240836.12 | AL101: =+Q101/$AA$85 -> 427249.34 | AM101: =+R101/$AA$85 -> 1176190.9 | AN101: =+S101/$AA$85 -> 1198527.1 | AO101: =+T101/$AA$85 -> 2374718
... B174: 42278 | C174: 285404 | D174: 393767 | E174: 679171 | F174: 29631 | G174: 35726 | H174: 65357 | I174: 315035 | J174: 429493 | K174: 744528 | L174: 16237880278 | M174: 22458624022 | N174: =+L174+M174 -> 38696504300 | O174: 2500792061 | P174: 3086793074 | Q174: =+O174+P174 -> 5587585135 | R174: =+L174+O174 -> 18738672339 | S174: =+M174+P174 -> 25545417096 | T174: =+R174+S174 -> 44284089435 | U174: 93.427486 | V174: 129.01506 | W174: =+V174/U174 -> 1.3809111 | X174: =+L174/$W174/$AA$85 -> 11758816 | Y174: =+M174/$W174/$AA$85 -> 16263627 | Z174: =+N174/$W174/$AA$85 -> 28022443 | AA174: =+O174/$W174/$AA$85 -> 1810972.5 | AB174: =+P174/$W174/$AA$85 -> 2235330.7 | AC174: =+Q174/$W174/$AA$85 -> 4046303.2 | AD174: =+R174/$W174/$AA$85 -> 13569789 | AE174: =+S174/$W174/$AA$85 -> 18498958 | AF174: =+T174/$W174/$AA$85 -> 32068747 | AG174: =+L174/$AA$85 -> 16237880 | AH174: =+M174/$AA$85 -> 22458624 | AI174: =+N174/$AA$85 -> 38696504 | AJ174: =+O174/$AA$85 -> 2500792.1 | AK174: =+P174/$AA$85 -> 3086793.1 | AL174: =+Q174/$AA$85 -> 5587585.1 | AM174: =+R174/$AA$85 -> 18738672 | AN174: =+S174/$AA$85 -> 25545417 | AO174: =+T174/$AA$85 -> 44284089
B175: 42309 | C175: 286695 | D175: 394851 | E175: 681546 | F175: 29591 | G175: 35684 | H175: 65275 | I175: =C175+F175 -> 316286 | J175: =D175+G175 -> 430535 | K175: =E175+H175 -> 746821 | L175: 16295615647 | M175: 22486036004 | N175: =+L175+M175 -> 38781651651 | O175: 2498516558 | P175: 3085806031 | Q175: =+O175+P175 -> 5584322589 | R175: =+L175+O175 -> 18794132205 | S175: =+M175+P175 -> 25571842035 | T175: =+R175+S175 -> 44365974240 | U175: 93.403432 | V175: 129.01506 | W175: =+V175/U175 -> 1.3812668 | X175: =+L175/$W175/$AA$85 -> 11797588 | Y175: =+M175/$W175/$AA$85 -> 16279286 | Z175: =+N175/$W175/$AA$85 -> 28076873 | AA175: =+O175/$W175/$AA$85 -> 1808858.8 | AB175: =+P175/$W175/$AA$85 -> 2234040.6 | AC175: =+Q175/$W175/$AA$85 -> 4042899.4 | AD175: =+R175/$W175/$AA$85 -> 13606446 | AE175: =+S175/$W175/$AA$85 -> 18513326 | AF175: =+T175/$W175/$AA$85 -> 32119773 | AG175: =+L175/$AA$85 -> 16295616 | AH175: =+M175/$AA$85 -> 22486036 | AI175: =+N175/$AA$85 -> 38781652 | AJ175: =+O175/$AA$85 -> 2498516.6 | AK175: =+P175/$AA$85 -> 3085806 | AL175: =+Q175/$AA$85 -> 5584322.6 | AM175: =+R175/$AA$85 -> 18794132 | AN175: =+S175/$AA$85 -> 25571842 | AO175: =+T175/$AA$85 -> 44365974
B176: 42339 | C176: 288817 | D176: 397672 | E176: 686489 | F176: 29530 | G176: 35597 | H176: 65127 | I176: =C176+F176 -> 318347 | J176: =D176+G176 -> 433269 | K176: =E176+H176 -> 751616 | L176: 16418859100 | M176: 22713656139 | N176: =+L176+M176 -> 39132515239 | O176: 2488140257 | P176: 3070197758 | Q176: =+O176+P176 -> 5558338015 | R176: =+L176+O176 -> 18906999357 | S176: =+M176+P176 -> 25783853897 | T176: =+R176+S176 -> 44690853254 | U176: 93.412779 | V176: 129.01506 | W176: =+V176/U176 -> 1.3811285 | X176: =+L176/$W176/$AA$85 -> 11888002 | Y176: =+M176/$W176/$AA$85 -> 16445722 | Z176: =+N176/$W176/$AA$85 -> 28333724 | AA176: =+O176/$W176/$AA$85 -> 1801526.9 | AB176: =+P176/$W176/$AA$85 -> 2222963.1 | AC176: =+Q176/$W176/$AA$85 -> 4024490 | AD176: =+R176/$W176/$AA$85 -> 13689529 | AE176: =+S176/$W176/$AA$85 -> 18668685 | AF176: =+T176/$W176/$AA$85 -> 32358214 | AG176: =+L176/$AA$85 -> 16418859 | AH176: =+M176/$AA$85 -> 22713656 | AI176: =+N176/$AA$85 -> 39132515 | AJ176: =+O176/$AA$85 -> 2488140.3 | AK176: =+P176/$AA$85 -> 3070197.8 | AL176: =+Q176/$AA$85 -> 5558338 | AM176: =+R176/$AA$85 -> 18906999 | AN176: =+S176/$AA$85 -> 25783854 | AO176: =+T176/$AA$85 -> 44690853
B177: 42370 | C177: 290198 | D177: 399583 | E177: =C177+D177 -> 689781 | F177: 29617 | G177: 35653 | H177: =F177+G177 -> 65270 | I177: =C177+F177 -> 319815 | J177: =D177+G177 -> 435236 | K177: =E177+H177 -> 755051 | L177: 16548300026 | M177: 22789592183 | N177: =+L177+M177 -> 39337892209 | O177: 2503378238 | P177: 3090894367 | Q177: =+O177+P177 -> 5594272605 | R177: =+L177+O177 -> 19051678264 | S177: =+M177+P177 -> 25880486550 | T177: =+R177+S177 -> 44932164814 | U177: 93.852448 | V177: 129.01506 | W177: =+V177/U177 -> 1.3746584 | X177: =+L177/$W177/$AA$85 -> 12038118 | Y177: =+M177/$W177/$AA$85 -> 16578368 | Z177: =+N177/$W177/$AA$85 -> 28616486 | AA177: =+O177/$W177/$AA$85 -> 1821091.2 | AB177: =+P177/$W177/$AA$85 -> 2248481.8 | AC177: =+Q177/$W177/$AA$85 -> 4069572.9 | AD177: =+R177/$W177/$AA$85 -> 13859209 | AE177: =+S177/$W177/$AA$85 -> 18826849 | AF177: =+T177/$W177/$AA$85 -> 32686059 | AG177: =+L177/$AA$85 -> 16548300 | AH177: =+M177/$AA$85 -> 22789592 | AI177: =+N177/$AA$85 -> 39337892 | AJ177: =+O177/$AA$85 -> 2503378.2 | AK177: =+P177/$AA$85 -> 3090894.4 | AL177: =+Q177/$AA$85 -> 5594272.6 | AM177: =+R177/$AA$85 -> 19051678 | AN177: =+S177/$AA$85 -> 25880487 | AO177: =+T177/$AA$85 -> 44932165
B178: 42401 | C178: 291345 | D178: 401765 | E178: =C178+D178 -> 693110 | F178: 29599 | G178: 35604 | H178: =F178+G178 -> 65203 | I178: =C178+F178 -> 320944 | J178: =D178+G178 -> 437369 | K178: =E178+H178 -> 758313 | L178: 16407786059 | M178: 22635180851 | N178: =+L178+M178 -> 39042966910 | O178: 2490719319 | P178: 3077814227 | Q178: =+O178+P178 -> 5568533546 | R178: =+L178+O178 -> 18898505378 | S178: =+M178+P178 -> 25712995078 | T178: =+R178+S178 -> 44611500456 | U178: 94.11333 | V178: 129.01506 | W178: =+V178/U178 -> 1.3708478 | X178: =+L178/$W178/$AA$85 -> 11969079 | Y178: =+M178/$W178/$AA$85 -> 16511811 | Z178: =+N178/$W178/$AA$85 -> 28480890 | AA178: =+O178/$W178/$AA$85 -> 1816918.9 | AB178: =+P178/$W178/$AA$85 -> 2245190.3 | AC178: =+Q178/$W178/$AA$85 -> 4062109.1 | AD178: =+R178/$W178/$AA$85 -> 13785998 | AE178: =+S178/$W178/$AA$85 -> 18757002 | AF178: =+T178/$W178/$AA$85 -> 32542999 | AG178: =+L178/$AA$85 -> 16407786 | AH178: =+M178/$AA$85 -> 22635181 | AI178: =+N178/$AA$85 -> 39042967 | AJ178: =+O178/$AA$85 -> 2490719.3 | AK178: =+P178/$AA$85 -> 3077814.2 | AL178: =+Q178/$AA$85 -> 5568533.5 | AM178: =+R178/$AA$85 -> 18898505 | AN178: =+S178/$AA$85 -> 25712995 | AO178: =+T178/$AA$85 -> 44611500
B179: 42430 | C179: 292122 | D179: 402760 | E179: =C179+D179 -> 694882 | F179: 29505 | G179: 35532 | H179: =F179+G179 -> 65037 | I179: =C179+F179 -> 321627 | J179: =D179+G179 -> 438292 | K179: =E179+H179 -> 759919 | L179: 16352677604 | M179: 22620982057 | N179: =+L179+M179 -> 38973659661 | O179: 2476491708 | P179: 3056782234 | Q179: =+O179+P179 -> 5533273942 | R179: =+L179+O179 -> 18829169312 | S179: =+M179+P179 -> 25677764291 | T179: =+R179+S179 -> 44506933603 | U179: 94.470356 | V179: 129.01506 | W179: =+V179/U179 -> 1.3656671 | X179: =+L179/$W179/$AA$85 -> 11974132 | Y179: =+M179/$W179/$AA$85 -> 16564053 | Z179: =+N179/$W179/$AA$85 -> 28538185 | AA179: =+O179/$W179/$AA$85 -> 1813393.4 | AB179: =+P179/$W179/$AA$85 -> 2238307 | AC179: =+Q179/$W179/$AA$85 -> 4051700.5 | AD179: =+R179/$W179/$AA$85 -> 13787525 | AE179: =+S179/$W179/$AA$85 -> 18802360 | AF179: =+T179/$W179/$AA$85 -> 32589885 | AG179: =+L179/$AA$85 -> 16352678 | AH179: =+M179/$AA$85 -> 22620982 | AI179: =+N179/$AA$85 -> 38973660 | AJ179: =+O179/$AA$85 -> 2476491.7 | AK179: =+P179/$AA$85 -> 3056782.2 | AL179: =+Q179/$AA$85 -> 5533273.9 | AM179: =+R179/$AA$85 -> 18829169 | AN179: =+S179/$AA$85 -> 25677764 | AO179: =+T179/$AA$85 -> 44506934
B180: 42461 | C180: 293491 | D180: 405007 | E180: =C180+D180 -> 698498 | F180: 29521 | G180: 35542 | H180: =F180+G180 -> 65063 | I180: =C180+F180 -> 323012 | J180: =D180+G180 -> 440549 | K180: =E180+H180 -> 763561 | L180: 16495083677 | M180: 22744876349 | N180: =+L180+M180 -> 39239960026 | O180: 2496793482 | P180: 3082608775 | Q180: =+O180+P180 -> 5579402257 | R180: =+L180+O180 -> 18991877159 | S180: =+M180+P180 -> 25827485124 | T180: =+R180+S180 -> 44819362283 | U180: 94.778282 | V180: 129.01506 | W180: =+V180/U180 -> 1.3612302 | X180: =+L180/$W180/$AA$85 -> 12117777 | Y180: =+M180/$W180/$AA$85 -> 16709060 | Z180: =+N180/$W180/$AA$85 -> 28826837 | AA180: =+O180/$W180/$AA$85 -> 1834218.5 | AB180: =+P180/$W180/$AA$85 -> 2264575.7 | AC180: =+Q180/$W180/$AA$85 -> 4098794.2 | AD180: =+R180/$W180/$AA$85 -> 13951996 | AE180: =+S180/$W180/$AA$85 -> 18973636 | AF180: =+T180/$W180/$AA$85 -> 32925631 | AG180: =+L180/$AA$85 -> 16495084 | AH180: =+M180/$AA$85 -> 22744876 | AI180: =+N180/$AA$85 -> 39239960 | AJ180: =+O180/$AA$85 -> 2496793.5 | AK180: =+P180/$AA$85 -> 3082608.8 | AL180: =+Q180/$AA$85 -> 5579402.3 | AM180: =+R180/$AA$85 -> 18991877 | AN180: =+S180/$AA$85 -> 25827485 | AO180: =+T180/$AA$85 -> 44819362
B181: 42491 | C181: 295268 | D181: 407494 | E181: =C181+D181 -> 702762 | F181: 29498 | G181: 35521 | H181: =F181+G181 -> 65019 | I181: =C181+F181 -> 324766 | J181: =D181+G181 -> 443015 | K181: =E181+H181 -> 767781 | L181: 16761793857 | M181: 23151650998 | N181: =+L181+M181 -> 39913444855 | O181: 2484643830 | P181: 3071492417 | Q181: =+O181+P181 -> 5556136247 | R181: =+L181+O181 -> 19246437687 | S181: =+M181+P181 -> 26223143415 | T181: =+R181+S181 -> 45469581102 | U181: 94.991013 | V181: 129.01506 | W181: =+V181/U181 -> 1.3581817 | X181: =+L181/$W181/$AA$85 -> 12341349 | Y181: =+M181/$W181/$AA$85 -> 17046063 | Z181: =+N181/$W181/$AA$85 -> 29387412 | AA181: =+O181/$W181/$AA$85 -> 1829389.9 | AB181: =+P181/$W181/$AA$85 -> 2261473.9 | AC181: =+Q181/$W181/$AA$85 -> 4090863.7 | AD181: =+R181/$W181/$AA$85 -> 14170738 | AE181: =+S181/$W181/$AA$85 -> 19307537 | AF181: =+T181/$W181/$AA$85 -> 33478275 | AG181: =+L181/$AA$85 -> 16761794 | AH181: =+M181/$AA$85 -> 23151651 | AI181: =+N181/$AA$85 -> 39913445 | AJ181: =+O181/$AA$85 -> 2484643.8 | AK181: =+P181/$AA$85 -> 3071492.4 | AL181: =+Q181/$AA$85 -> 5556136.2 | AM181: =+R181/$AA$85 -> 19246438 | AN181: =+S181/$AA$85 -> 26223143 | AO181: =+T181/$AA$85 -> 45469581
B182: 42522 | C182: 296574 | D182: 409023 | E182: =C182+D182 -> 705597 | F182: 29478 | G182: 35515 | H182: =F182+G182 -> 64993 | I182: =C182+F182 -> 326052 | J182: =D182+G182 -> 444538 | K182: =E182+H182 -> 770590 | L182: 16626167460 | M182: 22891099246 | N182: =+L182+M182 -> 39517266706 | O182: 2479221224 | P182: 3064223888 | Q182: =+O182+P182 -> 5543445112 | R182: =+L182+O182 -> 19105388684 | S182: =+M182+P182 -> 25955323134 | T182: =+R182+S182 -> 45060711818 | U182: 95.418257 | V182: 129.01506 | W182: =+V182/U182 -> 1.3521003 | X182: =+L182/$W182/$AA$85 -> 12296549 | Y182: =+M182/$W182/$AA$85 -> 16930030 | Z182: =+N182/$W182/$AA$85 -> 29226579 | AA182: =+O182/$W182/$AA$85 -> 1833607.4 | AB182: =+P182/$W182/$AA$85 -> 2266269.6 | AC182: =+Q182/$W182/$AA$85 -> 4099877.1 | AD182: =+R182/$W182/$AA$85 -> 14130156 | AE182: =+S182/$W182/$AA$85 -> 19196300 | AF182: =+T182/$W182/$AA$85 -> 33326456 | AG182: =+L182/$AA$85 -> 16626167 | AH182: =+M182/$AA$85 -> 22891099 | AI182: =+N182/$AA$85 -> 39517267 | AJ182: =+O182/$AA$85 -> 2479221.2 | AK182: =+P182/$AA$85 -> 3064223.9 | AL182: =+Q182/$AA$85 -> 5543445.1 | AM182: =+R182/$AA$85 -> 19105389 | AN182: =+S182/$AA$85 -> 25955323 | AO182: =+T182/$AA$85 -> 45060712
B183: 42552 | C183: 298366 | D183: 409755 | E183: =C183+D183 -> 708121 | F183: 29434 | G183: 35484 | H183: =F183+G183 -> 64918 | I183: =C183+F183 -> 327800 | J183: =D183+G183 -> 445239 | K183: =E183+H183 -> 773039 | L183: 17844580951 | M183: 24588525248 | N183: =+L183+M183 -> 42433106199 | O183: 2595310706 | P183: 3195549461 | Q183: =+O183+P183 -> 5790860167 | R183: =+L183+O183 -> 20439891657 | S183: =+M183+P183 -> 27784074709 | T183: =+R183+S183 -> 48223966366 | U183: 95.649097 | V183: 129.01506 | W183: =+V183/U183 -> 1.3488372 | X183: =+L183/$W183/$AA$85 -> 13229604 | Y183: =+M183/$W183/$AA$85 -> 18229425 | Z183: =+N183/$W183/$AA$85 -> 31459028 | AA183: =+O183/$W183/$AA$85 -> 1924109.7 | AB183: =+P183/$W183/$AA$85 -> 2369114.3 | AC183: =+Q183/$W183/$AA$85 -> 4293224.1 | AD183: =+R183/$W183/$AA$85 -> 15153713 | AE183: =+S183/$W183/$AA$85 -> 20598539 | AF183: =+T183/$W183/$AA$85 -> 35752252 | AG183: =+L183/$AA$85 -> 17844581 | AH183: =+M183/$AA$85 -> 24588525 | AI183: =+N183/$AA$85 -> 42433106 | AJ183: =+O183/$AA$85 -> 2595310.7 | AK183: =+P183/$AA$85 -> 3195549.5 | AL183: =+Q183/$AA$85 -> 5790860.2 | AM183: =+R183/$AA$85 -> 20439892 | AN183: =+S183/$AA$85 -> 27784075 | AO183: =+T183/$AA$85 -> 48223966
B184: 42583 | C184: 299699 | D184: 411971 | E184: =C184+D184 -> 711670 | F184: 29404 | G184: 35469 | H184: =F184+G184 -> 64873 | I184: =C184+F184 -> 329103 | J184: =D184+G184 -> 447440 | K184: =E184+H184 -> 776543 | L184: 17975217673 | M184: 24867925235 | N184: =+L184+M184 -> 42843142908 | O184: 2586263131 | P184: 3192667899 | Q184: =+O184+P184 -> 5778931030 | R184: =+L184+O184 -> 20561480804 | S184: =+M184+P184 -> 28060593134 | T184: =+R184+S184 -> 48622073938 | U184: 95.695815 | V184: 129.01506 | W184: =+V184/U184 -> 1.3481787 | X184: =+L184/$W184/$AA$85 -> 13332964 | Y184: =+M184/$W184/$AA$85 -> 18445571 | Z184: =+N184/$W184/$AA$85 -> 31778535 | AA184: =+O184/$W184/$AA$85 -> 1918338.6 | AB184: =+P184/$W184/$AA$85 -> 2368134.1 | AC184: =+Q184/$W184/$AA$85 -> 4286472.7 | AD184: =+R184/$W184/$AA$85 -> 15251303 | AE184: =+S184/$W184/$AA$85 -> 20813705 | AF184: =+T184/$W184/$AA$85 -> 36065008 | AG184: =+L184/$AA$85 -> 17975218 | AH184: =+M184/$AA$85 -> 24867925 | AI184: =+N184/$AA$85 -> 42843143 | AJ184: =+O184/$AA$85 -> 2586263.1 | AK184: =+P184/$AA$85 -> 3192667.9 | AL184: =+Q184/$AA$85 -> 5778931 | AM184: =+R184/$AA$85 -> 20561481 | AN184: =+S184/$AA$85 -> 28060593 | AO184: =+T184/$AA$85 -> 48622074
B185: 42614 | C185: 300890 | D185: 413826 | E185: =C185+D185 -> 714716 | F185: 29305 | G185: 35378 | H185: =F185+G185 -> 64683 | I185: =C185+F185 -> 330195 | J185: =D185+G185 -> 449204 | K185: =E185+H185 -> 779399 | L185: 18029193178 | M185: 25033986456 | N185: =+L185+M185 -> 43063179634 | O185: 2573433933 | P185: 3175030485 | Q185: =+O185+P185 -> 5748464418 | R185: =+L185+O185 -> 20602627111 | S185: =+M185+P185 -> 28209016941 | T185: =+R185+S185 -> 48811644052 | U185: 95.928713 | V185: 129.01506 | W185: =+V185/U185 -> 1.3449055 | X185: =+L185/$W185/$AA$85 -> 13405546 | Y185: =+M185/$W185/$AA$85 -> 18613937 | Z185: =+N185/$W185/$AA$85 -> 32019483 | AA185: =+O185/$W185/$AA$85 -> 1913468.2 | AB185: =+P185/$W185/$AA$85 -> 2360783.3 | AC185: =+Q185/$W185/$AA$85 -> 4274251.5 | AD185: =+R185/$W185/$AA$85 -> 15319015 | AE185: =+S185/$W185/$AA$85 -> 20974720 | AF185: =+T185/$W185/$AA$85 -> 36293735 | AG185: =+L185/$AA$85 -> 18029193 | AH185: =+M185/$AA$85 -> 25033986 | AI185: =+N185/$AA$85 -> 43063180 | AJ185: =+O185/$AA$85 -> 2573433.9 | AK185: =+P185/$AA$85 -> 3175030.5 | AL185: =+Q185/$AA$85 -> 5748464.4 | AM185: =+R185/$AA$85 -> 20602627 | AN185: =+S185/$AA$85 -> 28209017 | AO185: =+T185/$AA$85 -> 48811644
B186: 42644 | C186: 302315 | D186: 415563 | E186: =C186+D186 -> 717878 | F186: 29264 | G186: 35331 | H186: =F186+G186 -> 64595 | I186: =C186+F186 -> 331579 | J186: =D186+G186 -> 450894 | K186: =E186+H186 -> 782473 | L186: 18068775129 | M186: 25096386040 | N186: =+L186+M186 -> 43165161169 | O186: 2567636250 | P186: 3174256344 | Q186: =+O186+P186 -> 5741892594 | R186: =+L186+O186 -> 20636411379 | S186: =+M186+P186 -> 28270642384 | T186: =+R186+S186 -> 48907053763 | U186: 96.087759 | V186: 129.01506 | W186: =+V186/U186 -> 1.3426794 | X186: =+L186/$W186/$AA$85 -> 13457252 | Y186: =+M186/$W186/$AA$85 -> 18691272 | Z186: =+N186/$W186/$AA$85 -> 32148524 | AA186: =+O186/$W186/$AA$85 -> 1912322.7 | AB186: =+P186/$W186/$AA$85 -> 2364120.8 | AC186: =+Q186/$W186/$AA$85 -> 4276443.5 | AD186: =+R186/$W186/$AA$85 -> 15369575 | AE186: =+S186/$W186/$AA$85 -> 21055393 | AF186: =+T186/$W186/$AA$85 -> 36424968 | AG186: =+L186/$AA$85 -> 18068775 | AH186: =+M186/$AA$85 -> 25096386 | AI186: =+N186/$AA$85 -> 43165161 | AJ186: =+O186/$AA$85 -> 2567636.2 | AK186: =+P186/$AA$85 -> 3174256.3 | AL186: =+Q186/$AA$85 -> 5741892.6 | AM186: =+R186/$AA$85 -> 20636411 | AN186: =+S186/$AA$85 -> 28270642 | AO186: =+T186/$AA$85 -> 48907054
B187: 42675 | C187: 304146 | D187: 418973 | E187: =C187+D187 -> 723119 | F187: 29235 | G187: 35297 | H187: =F187+G187 -> 64532 | I187: =C187+F187 -> 333381 | J187: =D187+G187 -> 454270 | K187: =E187+H187 -> 787651 | L187: 18306691760 | M187: 25579163465 | N187: =+L187+M187 -> 43885855225 | O187: 2564748517 | P187: 3174145174 | Q187: =+O187+P187 -> 5738893691 | R187: =+L187+O187 -> 20871440277 | S187: =+M187+P187 -> 28753308639 | T187: =+R187+S187 -> 49624748916 | U187: 96.139417 | V187: 129.01506 | W187: =+V187/U187 -> 1.341958 | X187: =+L187/$W187/$AA$85 -> 13641777 | Y187: =+M187/$W187/$AA$85 -> 19061077 | Z187: =+N187/$W187/$AA$85 -> 32702854 | AA187: =+O187/$W187/$AA$85 -> 1911198.9 | AB187: =+P187/$W187/$AA$85 -> 2365309 | AC187: =+Q187/$W187/$AA$85 -> 4276507.8 | AD187: =+R187/$W187/$AA$85 -> 15552976 | AE187: =+S187/$W187/$AA$85 -> 21426386 | AF187: =+T187/$W187/$AA$85 -> 36979362 | AG187: =+L187/$AA$85 -> 18306692 | AH187: =+M187/$AA$85 -> 25579163 | AI187: =+N187/$AA$85 -> 43885855 | AJ187: =+O187/$AA$85 -> 2564748.5 | AK187: =+P187/$AA$85 -> 3174145.2 | AL187: =+Q187/$AA$85 -> 5738893.7 | AM187: =+R187/$AA$85 -> 20871440 | AN187: =+S187/$AA$85 -> 28753309 | AO187: =+T187/$AA$85 -> 49624749
B188: 42705 | C188: 305119 | D188: 420635 | E188: =C188+D188 -> 725754 | F188: 29476 | G188: 35407 | H188: =F188+G188 -> 64883 | I188: =C188+F188 -> 334595 | J188: =D188+G188 -> 456042 | K188: =E188+H188 -> 790637 | L188: 18209781609 | M188: 25463423947 | N188: =+L188+M188 -> 43673205556 | O188: 2584181940 | P188: 3175970482 | Q188: =+O188+P188 -> 5760152422 | R188: =+L188+O188 -> 20793963549 | S188: =+M188+P188 -> 28639394429 | T188: =+R188+S188 -> 49433357978 | U188: 95.943074 | V188: 129.01506 | W188: =+V188/U188 -> 1.3447042 | X188: =+L188/$W188/$AA$85 -> 13541849 | Y188: =+M188/$W188/$AA$85 -> 18936078 | Z188: =+N188/$W188/$AA$85 -> 32477927 | AA188: =+O188/$W188/$AA$85 -> 1921747.5 | AB188: =+P188/$W188/$AA$85 -> 2361835.8 | AC188: =+Q188/$W188/$AA$85 -> 4283583.2 | AD188: =+R188/$W188/$AA$85 -> 15463597 | AE188: =+S188/$W188/$AA$85 -> 21297914 | AF188: =+T188/$W188/$AA$85 -> 36761511 | AG188: =+L188/$AA$85 -> 18209782 | AH188: =+M188/$AA$85 -> 25463424 | AI188: =+N188/$AA$85 -> 43673206 | AJ188: =+O188/$AA$85 -> 2584181.9 | AK188: =+P188/$AA$85 -> 3175970.5 | AL188: =+Q188/$AA$85 -> 5760152.4 | AM188: =+R188/$AA$85 -> 20793964 | AN188: =+S188/$AA$85 -> 28639394 | AO188: =+T188/$AA$85 -> 49433358
B189: 42736 | C189: 306164 | D189: 422492 | E189: 728656 | F189: 29465 | G189: 35386 | H189: 64851 | I189: 335629 | J189: 457878 | K189: 793507 | L189: 20062643259 | M189: 28092849913 | N189: =+L189+M189 -> 48155493172 | O189: 2863941809 | P189: 3510119871 | Q189: =+O189+P189 -> 6374061680 | R189: =+L189+O189 -> 22926585068 | S189: =+M189+P189 -> 31602969784 | T189: =+R189+S189 -> 54529554852 | U189: 96.46126 | V189: 129.01506 | W189: =+V189/U189 -> 1.3374805 | X189: =+L189/$W189/$AA$85 -> 15000326 | Y189: =+M189/$W189/$AA$85 -> 21004306 | Z189: =+N189/$W189/$AA$85 -> 36004632 | AA189: =+O189/$W189/$AA$85 -> 2141296.1 | AB189: =+P189/$W189/$AA$85 -> 2624426.9 | AC189: =+Q189/$W189/$AA$85 -> 4765723 | AD189: =+R189/$W189/$AA$85 -> 17141622 | AE189: =+S189/$W189/$AA$85 -> 23628733 | AF189: =+T189/$W189/$AA$85 -> 40770355 | AG189: =+L189/$AA$85 -> 20062643 | AH189: =+M189/$AA$85 -> 28092850 | AI189: =+N189/$AA$85 -> 48155493 | AJ189: =+O189/$AA$85 -> 2863941.8 | AK189: =+P189/$AA$85 -> 3510119.9 | AL189: =+Q189/$AA$85 -> 6374061.7 | AM189: =+R189/$AA$85 -> 22926585 | AN189: =+S189/$AA$85 -> 31602970 | AO189: =+T189/$AA$85 -> 54529555
B190: 42767 | C190: 306699 | D190: 424127 | E190: 730826 | F190: 29378 | G190: 35320 | H190: 64698 | I190: 336077 | J190: 459447 | K190: 795524 | L190: 20023786872 | M190: 27978911712 | N190: =+L190+M190 -> 48002698584 | O190: 2851866179 | P190: 3504848284 | Q190: =+O190+P190 -> 6356714463 | R190: =+L190+O190 -> 22875653051 | S190: =+M190+P190 -> 31483759996 | T190: =+R190+S190 -> 54359413047 | U190: 96.692182 | V190: 129.01506 | W190: =+V190/U190 -> 1.3342863 | X190: =+L190/$W190/$AA$85 -> 15007114 | Y190: =+M190/$W190/$AA$85 -> 20969196 | Z190: =+N190/$W190/$AA$85 -> 35976310 | AA190: =+O190/$W190/$AA$85 -> 2137372 | AB190: =+P190/$W190/$AA$85 -> 2626758.8 | AC190: =+Q190/$W190/$AA$85 -> 4764130.7 | AD190: =+R190/$W190/$AA$85 -> 17144486 | AE190: =+S190/$W190/$AA$85 -> 23595955 | AF190: =+T190/$W190/$AA$85 -> 40740441 | AG190: =+L190/$AA$85 -> 20023787 | AH190: =+M190/$AA$85 -> 27978912 | AI190: =+N190/$AA$85 -> 48002699 | AJ190: =+O190/$AA$85 -> 2851866.2 | AK190: =+P190/$AA$85 -> 3504848.3 | AL190: =+Q190/$AA$85 -> 6356714.5 | AM190: =+R190/$AA$85 -> 22875653 | AN190: =+S190/$AA$85 -> 31483760 | AO190: =+T190/$AA$85 -> 54359413
...

Sheet 1.5
B2: Pagos Beneficio del artículo 9° bis (Nbis)
B5: Resumen trimestral de beneficios pagados, por tipo y sexo
B6: (octubre 2022 a diciembre 2022)
B8: No aplica, los pagos de este beneficio se realizaron hasta enero de 2022, luego pasaron a PGU
B11: Resumen anual de beneficios pagados, por tipo y sexo
B12: (enero 2022 a diciembre 2022)
D14: Nbis *
B15: Periodo | C15: Sexo Beneficiarios | D15: N° promedio mensual | E15: Monto nominal M$ ** | F15: Monto real M$ ***
B16: Año 2022 | C16: Mujeres | D16: 3 | E16: 183.096 | F16: 204.04785
C17: Hombres | D17: 13 | E17: 851.881 | F17: 949.36257
C18: Ambos | D18: 16 | E18: 1034.977 | F18: 1153.4104
B19: Fuente: Elaboración propia con datos del IPS
B20: Nota: Las cifras son provisorias
B21: * Nbis sólo se pagó hasta enero de 2022, luego pasó a ser PGU No Contributiva, por lo que para los promedios se considera sólo la cantidad de meses en las que el beneficio estuvo vigente. **Montos nominales de cada periodo de pago. *** Montos deflactados a diciembre de 2022
B23: Serie resumen de pagos de beneficios acumulado, por tipo y sexo
B24: (febrero 2020 a diciembre 2022)
C26: Nbis *
C27: Mujeres | E27: Hombres
B28: Periodo | C28: N° Beneficios promedio | D28: Monto promedio M$ ** | E28: N° Beneficios promedio | F28: Monto promedio M$ **
B29: Promedio 2020 | C29: =+[1]Nbis!$D$55 -> 2.0909091 | D29: 181.42384 | E29: 2.1428571 | F29: 219.49577
B30: 44197 | C30: 3 | D30: 420.12212 | E30: 3 | F30: 259.58897
B31: 44228 | C31: 2 | D31: 249.2296 | E31: 2 | F31: 215.74013
B32: 44256 | C32: 2 | D32: 247.58266 | E32: 4 | F32: 226.7952
B33: 44287 | C33: 2 | D33: 246.5268 | E33: 4 | F33: 432.83634
B34: 44317 | C34: 3 | D34: 260.73408 | E34: 5 | F34: 477.22761
B35: 44348 | C35: 3 | D35: 259.30585 | E35: 6 | F35: 677.08251
B36: 44378 | C36: 2 | D36: 145.81473 | E36: 7 | F36: 762.96218
B37: 44409 | C37: 2 | D37: 145.20366 | E37: 6 | F37: 712.67188
B38: 44440 | C38: 2 | D38: 142.04655 | E38: 6 | F38: 684.17016
B39: 44470 | C39: 2 | D39: 138.99032 | E39: 10 | F39: 993.69467
B40: 44501 | C40: 2 | D40: 135.95678 | E40: 11 | F40: 855.83187
B41: 44531 | C41: 2 | D41: 131.92408 | E41: 13 | F41: 1052.7863
B42: Promedio 2021 | C42: =+[1]Nbis!$D$56 -> 2.25 | D42: 210.28644 | E42: =+[1]Nbis!$C$56 -> 6.4166667 | F42: 612.61565
B43: 44562 | C43: =+[1]Nbis!$D$34 -> 3 | D43: 204.04785 | E43: =+[1]Nbis!$C$34 -> 13 | F43: 949.36257
B44: 44593
B45: 44621
B46: 44652
B47: 44682
B48: 44713
B49: 44743
B50: 44774
B51: 44805
B52: 44835
B53: 44866
B54: 44896
B55: Promedio 2022 | C55: 3 | D55: 204.04785 | E55: =+[1]Nbis!$C$57 -> 13 | F55: 949.36257
B56: Fuente: Elaboración propia con datos del IPS
B57: Nota: Las cifras son provisorias
B58: * Nbis sólo se pagó hasta enero de 2022, luego pasó a ser PGU No Contributiva, por lo que para los promedios se considera sólo la cantidad de meses en las que el beneficio estuvo vigente. ** Montos deflactados a diciembre de 2022

Sheet Hoja2
A3: -> region_codigo | B3: = | C3: 1
C5: estado_solicitud
A6: comuna | B6: A | C6: C | D6: D | E6: R | F6: T | G6: Total
A8: ALTO HOSPICIO | B8: 32 | C8: 8631 | D8: 1 | E8: 1938 | F8: 329 | G8: 10931
A9: CAMIÑA | B9: 0 | C9: 192 | D9: 0 | E9: 38 | F9: 4 | G9: 234
A10: COLCHANE | B10: 2 | C10: 137 | D10: 0 | E10: 25 | F10: 3 | G10: 167
A11: HUARA | B11: 6 | C11: 476 | D11: 1 | E11: 103 | F11: 14 | G11: 600
A12: IQUIQUE | B12: 90 | C12: 26648 | D12: 11 | E12: 6786 | F12: 678 | G12: 34213
A13: PICA | B13: 2 | C13: 876 | D13: 0 | E13: 200 | F13: 26 | G13: 1104
A14: POZO ALMONTE | B14: 9 | C14: 1589 | D14: 0 | E14: 403 | F14: 50 | G14: 2051
A15: Total | B15: =SUM(B8:B14) -> 141 | C15: =SUM(C8:C14) -> 38549 | D15: =SUM(D8:D14) -> 13 | E15: =SUM(E8:E14) -> 9493 | F15: =SUM(F8:F14) -> 1104 | G15: =SUM(G8:G14) -> 49300
A21: -> region_codigo = 2
B23: estado_solicitud
A24: comuna | B24: A | C24: C | D24: D | E24: R | F24: T | G24: Total
A26: ANTOFAGASTA | B26: 137 | C26: 41859 | D26: 18 | E26: 10946 | F26: 1282 | G26: 54242
A27: CALAMA | B27: 30 | C27: 14670 | D27: 8 | E27: 3983 | F27: 498 | G27: 19189
A28: MARIA ELENA | B28: 0 | C28: 414 | D28: 0 | E28: 130 | F28: 12 | G28: 556
A29: MEJILLONES | B29: 3 | C29: 1165 | D29: 1 | E29: 377 | F29: 59 | G29: 1605
A30: OLLAGUE | B30: 0 | C30: 37 | D30: 0 | E30: 5 | F30: 1 | G30: 43
A31: SAN PEDRO DE ATACAMA | B31: 1 | C31: 680 | D31: 0 | E31: 145 | F31: 25 | G31: 851
A32: SIERRA GORDA | B32: 0 | C32: 98 | D32: 0 | E32: 29 | F32: 2 | G32: 129
A33: TALTAL | B33: 4 | C33: 1885 | D33: 0 | E33: 570 | F33: 63 | G33: 2522
A34: TOCOPILLA | B34: 11 | C34: 4223 | D34: 7 | E34: 1046 | F34: 126 | G34: 5413
A36: Total | B36: =SUM(B26:B35) -> 186 | C36: =SUM(C26:C35) -> 65031 | D36: =SUM(D26:D35) -> 34 | E36: =SUM(E26:E35) -> 17231 | F36: =SUM(F26:F35) -> 2068 | G36: =SUM(G26:G35) -> 84550
A42: -> region_codigo | B42: = | C42: 3
C44: estado_solicitud
A45: comuna | C45: A | D45: C | E45: D | F45: R | G45: T | H45: Total
A47: ALTO DEL CARMEN | C47: 1 | D47: 962 | E47: 0 | F47: 159 | G47: 31 | H47: 1153
A48: CALDERA | C48: 9 | D48: 2524 | E48: 1 | F48: 499 | G48: 92 | H48: 3125
A49: CHAÑARAL | C49: 5 | D49: 2246 | E49: 3 | F49: 497 | G49: 44 | H49: 2795
A50: COPIAPO | C50: 67 | D50: 20329 | E50: 7 | F50: 4285 | G50: 511 | H50: 25199
A51: DIEGO DE ALMAGRO | C51: 6 | D51: 1399 | E51: 1 | F51: 380 | G51: 25 | H51: 1811
A52: FREIRINA | C52: 4 | D52: 1169 | E52: 0 | F52: 197 | G52: 13 | H52: 1383
A53: HUASCO | C53: 2 | D53: 1687 | E53: 1 | F53: 361 | G53: 43 | H53: 2094
A54: TIERRA AMARILLA | C54: 4 | D54: 1565 | E54: 1 | F54: 299 | G54: 40 | H54: 1909
A55: VALLENAR | C55: 34 | D55: 9905 | E55: 3 | F55: 1871 | G55: 198 | H55: 12011
A57: Total | C57: 132 | D57: 41786 | E57: 17 | F57: 8548 | G57: 997 | H57: 51480
A63: -> region_codigo | B63: = | C63: 4
C65: estado_solicitud
A66: comuna | B66: A | C66: C | D66: D | E66: R | F66: T | G66: Total
A68: ANDACOLLO | B68: 13 | C68: 2131 | D68: 1 | E68: 347 | F68: 52 | G68: 2544
A69: CANELA | B69: 2 | C69: 1814 | D69: 0 | E69: 241 | F69: 31 | G69: 2088
A70: COMBARBALA | B70: 3 | C70: 3132 | D70: 4 | E70: 459 | F70: 47 | G70: 3645
A71: COQUIMBO | B71: 86 | C71: 35562 | D71: 30 | E71: 7197 | F71: 906 | G71: 43781
A72: ILLAPEL | B72: 15 | C72: 6324 | D72: 3 | E72: 1147 | F72: 126 | G72: 7615
A73: LA HIGUERA | B73: 3 | C73: 731 | D73: 1 | E73: 102 | F73: 20 | G73: 857
A74: LA SERENA | B74: 89 | C74: 32734 | D74: 44 | E74: 7692 | F74: 869 | G74: 41428
A75: LOS VILOS | B75: 3 | C75: 3849 | D75: 3 | E75: 606 | F75: 88 | G75: 4549
A76: MONTE PATRIA | B76: 11 | C76: 5111 | D76: 5 | E76: 715 | F76: 107 | G76: 5949
A77: OVALLE | B77: 39 | C77: 19496 | D77: 8 | E77: 3011 | F77: 420 | G77: 22974
A78: PAIHUANO | B78: 2 | C78: 837 | D78: 1 | E78: 126 | F78: 24 | G78: 990
A79: PUNITAQUI | B79: 7 | C79: 2024 | D79: 1 | E79: 473 | F79: 56 | G79: 2561
A80: RIO HURTADO | C80: 927 | D80: 0 | E80: 84 | F80: 10 | G80: 1021
A81: SALAMANCA | B81: 10 | C81: 5212 | D81: 7 | E81: 858 | F81: 98 | G81: 6185
A82: VICUÑA | B82: 16 | C82: 4735 | D82: 13 | E82: 764 | F82: 120 | G82: 5648
A83: Total | B83: 299 | C83: 124619 | D83: 121 | E83: 23822 | F83: 2974 | G83: 151835
A91: -> region_codigo | B91: = | C91: 5
C93: estado_solicitud
A94: comuna | C94: A | D94: C | E94: D | F94: R | G94: T | H94: Total
A96: ALGARROBO | C96: 8 | D96: 2930 | E96: 1 | F96: 718 | G96: 100 | H96: 3757
A97: CABILDO | C97: 13 | D97: 3901 | E97: 1 | F97: 979 | G97: 85 | H97: 4979
A98: CALLE LARGA | C98: 5 | D98: 2004 | E98: 2 | F98: 378 | G98: 42 | H98: 2431
A99: CARTAGENA | C99: 13 | D99: 5034 | E99: 1 | F99: 862 | G99: 124 | H99: 6034
A100: CASABLANCA | C100: 13 | D100: 4521 | E100: 5 | F100: 897 | G100: 92 | H100: 5528
A101: CATEMU | C101: 3 | D101: 2676 | E101: 1 | F101: 468 | G101: 49 | H101: 3197
A102: CONCON | C102: 17 | D102: 5887 | E102: 2 | F102: 1489 | G102: 172 | H102: 7567
A103: EL QUISCO | C103: 6 | D103: 3878 | E103: 1 | F103: 920 | G103: 99 | H103: 4904
A104: EL TABO | C104: 4 | D104: 3390 | E104: 4 | F104: 696 | G104: 92 | H104: 4186
A105: HIJUELAS | C105: 6 | D105: 3345 | E105: 2 | F105: 650 | G105: 70 | H105: 4073
A106: ISLA DE PASCUA | C106: 4 | D106: 668 | E106: 0 | F106: 107 | G106: 21 | H106: 800
A107: JUAN FERNANDEZ | C107: 0 | D107: 141 | E107: 0 | F107: 18 | G107: 1 | H107: 160
... A133: ZAPALLAR | C133: 7 | D133: 1284 | E133: 0 | F133: 248 | G133: 27 | H133: 1566
A135: Total | C135: =SUM(C96:C134) -> 906 | D135: =SUM(D96:D134) -> 328125 | E135: =SUM(E96:E134) -> 237 | F135: =SUM(F96:F134) -> 66406 | G135: =SUM(G96:G134) -> 7403 | H135: =SUM(H96:H134) -> 403077
A141: -> region_codigo | B141: = | C141: 6
C143: estado_solicitud
A144: comuna | C144: A | D144: C | E144: D | F144: R | G144: T | H144: Total
A146: CHEPICA | C146: 10 | D146: 3236 | E146: 2 | F146: 704 | G146: 83 | H146: 4035
A147: CHIMBARONGO | C147: 18 | D147: 6369 | E147: 2 | F147: 1452 | G147: 146 | H147: 7987
A148: CODEGUA | C148: 5 | D148: 2111 | E148: 0 | F148: 379 | G148: 50 | H148: 2545
A149: COINCO | C149: 6 | D149: 1465 | E149: 0 | F149: 276 | G149: 26 | H149: 1773
A150: COLTAUCO | C150: 2 | D150: 3576 | E150: 1 | F150: 601 | G150: 69 | H150: 4249
A151: DOÑIHUE | C151: 7 | D151: 3428 | E151: 3 | F151: 661 | G151: 66 | H151: 4165
A152: GRANEROS | C152: 11 | D152: 4835 | E152: 1 | F152: 871 | G152: 88 | H152: 5806
A153: LA ESTRELLA | C153: 1 | D153: 771 | E153: 0 | F153: 142 | G153: 13 | H153: 927
A154: LAS CABRAS | C154: 8 | D154: 4613 | E154: 1 | F154: 817 | G154: 117 | H154: 5556
A155: LITUECHE | C155: 4 | D155: 1243 | E155: 0 | F155: 258 | G155: 33 | H155: 1538
A156: LOLOL | C156: 5 | D156: 1604 | E156: 0 | F156: 297 | G156: 41 | H156: 1947
A157: MACHALI | C157: 12 | D157: 5219 | E157: 2 | F157: 1268 | G157: 141 | H157: 6642
... A178: SANTA CRUZ | C178: 11 | D178: 7565 | E178: 5 | F178: 1496 | G178: 160 | H178: 9237
A180: Total | C180: =SUM(C146:C179) -> 404 | D180: =SUM(D146:D179) -> 157393 | E180: =SUM(E146:E179) -> 81 | F180: =SUM(F146:F179) -> 32570 | G180: =SUM(G146:G179) -> 3569 | H180: =SUM(H146:H179) -> 194017
A185: -> region_codigo | B185: = | C185: 7
C187: estado_solicitud
A188: comuna | B188: A | C188: C | D188: D | E188: R | F188: T | G188: Total
A190: CAUQUENES | B190: 27 | C190: 9982 | D190: 12 | E190: 1856 | F190: 174 | G190: 12051
A191: CHANCO | B191: 5 | C191: 1892 | D191: 0 | E191: 397 | F191: 50 | G191: 2344
A192: COLBUN | B192: 8 | C192: 3773 | D192: 1 | E192: 786 | F192: 83 | G192: 4651
A193: CONSTITUCION | B193: 33 | C193: 8007 | D193: 3 | E193: 1747 | F193: 172 | G193: 9962
A194: CUREPTO | B194: 8 | C194: 2551 | D194: 0 | E194: 610 | F194: 32 | G194: 3201
A195: CURICO | B195: 47 | C195: 25031 | D195: 16 | E195: 3837 | F195: 537 | G195: 29468
A196: EMPEDRADO | B196: 2 | C196: 706 | D196: 0 | E196: 180 | F196: 11 | G196: 899
...

Sheet II. Estado de Solicitudes
B1: Subsecretaría de Previsión Social Dirección de Estudios Previsionales
B9: II. Estado de solicitudes
B10: Trimestre OND 2022
B12: 1. Estado de las solicitudes del Pilar No Contributivo
B13: i. Resumen anual de estado de las solicitudes de beneficios del Pilar No Contributivo
B14: ii. Serie resumen por año del estado de las solicitudes por tipo de beneficio
B15: 2. Solicitudes del Pilar No Contributivo a nivel nacional
B16: i. Resumen trimestral de número y estado de solicitudes en T4 2022, según tipo y sexo
B17: ii. Resumen anual de número y estado de solicitudes en 2022, por tipo y sexo
B18: iii. Serie resumen de solicitudes de beneficios, por tipo y sexo
B19: 3. Solicitudes del Pilar No Contributivo a nivel regional y comunal
B20: i. Resumen trimestral de solicitudes por región en T4 2022, según tipo y sexo
... B73: iii. Serie resumen de tasas de concesión de solicitudes por tipo y sexo

Sheet 2.1
B2: ESTADO DE LAS SOLICITUDES DEL PILAR NO CONTRIBUTIVO
B4: Resumen anual de estado de las solicitudes de beneficios del Pilar No Contributivo
B5: (enero 2022 a diciembre 2022)
B7: Tipo de Beneficio | C7: Concedidas | E7: Suspendidas | G7: Extintas | I7: Total Solicitudes
C8: N° | D8: % | E8: N° | F8: % | G8: N° | H8: % | I8: N° | J8: %
B9: PBS Vejez | C9: 4474 | D9: =+C9/$I9 -> 0.91699119 | E9: 53 | F9: =+E9/$I9 -> 0.010862882 | G9: 3828 | H9: =+G9/$I9 -> 0.78458701 | I9: 4879 | J9: =+I9/$I9 -> 1
B10: PBS Invalidez | C10: 9283 | D10: =+C10/$I10 -> 0.25502747 | E10: 1260 | F10: =+E10/$I10 -> 0.034615385 | G10: 10252 | H10: =+G10/$I10 -> 0.28164835 | I10: 36400 | J10: =+I10/$I10 -> 1
B11: PGU No Contributiva | C11: 61292 | D11: =+C11/$I11 -> 0.71298784 | E11: 1251 | F11: =+E11/$I11 -> 0.014552434 | G11: 29767 | H11: =+G11/$I11 -> 0.34626883 | I11: 85965 | J11: =+I11/$I11 -> 1
B12: PGU Contributiva | C12: 372682 | D12: =+C12/$I12 -> 0.76852742 | E12: 619 | F12: =+E12/$I12 -> 0.0012764729 | G12: 41180 | H12: =+G12/$I12 -> 0.084919473 | I12: 484930 | J12: =+I12/$I12 -> 1
B13: APS Vejez | C13: 20511 | D13: =+C13/$I13 -> 0.93359126 | E13: =351+229 -> 580 | F13: =+E13/$I13 -> 0.026399636 | G13: =14666+7811 -> 22477 | H13: =+G13/$I13 -> 1.0230769 | I13: 21970 | J13: =+I13/$I13 -> 1
B14: APS Invalidez | C14: 14797 | D14: =+C14/$I14 -> 0.76104511 | E14: 431 | F14: =+E14/$I14 -> 0.022167361 | G14: 6508 | H14: =+G14/$I14 -> 0.33472201 | I14: 19443 | J14: =+I14/$I14 -> 1
B15: Total Beneficios | C15: 483039 | D15: =+C15/$I15 -> 0.73905846 | E15: =SUM(E9:E14) -> 4194 | F15: =+E15/$I15 -> 0.0064168963 | G15: =SUM(G9:G14) -> 114012 | H15: =+G15/$I15 -> 0.17444043 | I15: 653587 | J15: =+I15/$I15 -> 1
B16: Fuente: Elaboración propia con datos del IPS Nota: El estado final de las solicitudes puede cambiar entre periodos, dado que se incluyen solicitudes en trámite.
B18: Serie resumen por año del estado de las solicitudes por tipo de beneficio
B19: (julio 2008 a diciembre 2022)
B21: Estado Solicitudes | C21: Tipo beneficios | D21: Periodo
D22: 2008 | F22: 2009 | H22: 2010 | J22: 2011 | L22: 2012 | N22: 2013 | P22: 2014 | R22: 2015 | T22: 2016 | V22: 2017 | X22: 2018 | Z22: 2019 | AB22: 2020 | AD22: 2021 | AF22: 2022
D23: N° | E23: % | F23: N° | G23: % | H23: N° | I23: % | J23: N° | K23: % | L23: N° | M23: % | N23: N° | O23: % | P23: N° | Q23: % | R23: N° | S23: % | T23: N° | U23: % | V23: N° | W23: % | X23: N° | Y23: % | Z23: N° | AA23: % | AB23: N° | AC23: % | AD23: N° | AE23: % | AF23: N° | AG23: %
B24: Concedidas | C24: PBS Vejez | D24: 83064 | E24: =IFERROR(D24/D$45,0) -> 0.99000036 | F24: 57810 | G24: =IFERROR(F24/F$45,0) -> 0.97727964 | H24: 36125 | I24: =IFERROR(H24/H$45,0) -> 0.88687305 | J24: 29976 | K24: =IFERROR(J24/J$45,0) -> 0.80119741 | L24: 29369 | M24: =IFERROR(L24/L$45,0) -> 0.86098326 | N24: 29479 | O24: =IFERROR(N24/N$45,0) -> 0.90100251 | P24: 32567 | Q24: =IFERROR(P24/P$45,0) -> 0.82674147 | R24: 26363 | S24: =IFERROR(R24/R$45,0) -> 0.84926873 | T24: 24913 | U24: =IFERROR(T24/T$45,0) -> 0.81189506 | V24: 26161 | W24: =IFERROR(V24/V$45,0) -> 0.81681654 | X24: 28351 | Y24: =IFERROR(X24/X$45,0) -> 0.89812146 | Z24: 26756 | AA24: =IFERROR(Z24/Z$45,0) -> 0.89987556 | AB24: 27128 | AC24: =IFERROR(AB24/AB$45,0) -> 0.88996785 | AD24: 35508 | AE24: =IFERROR(AD24/AD$45,0) -> 0.85247161 | AF24: 4474 | AG24: =IFERROR(AF24/AF$45,0) -> 0.91699119
C25: PBS Invalidez | D25: 21142 | E25: =IFERROR(D25/D$46,0) -> 0.57318693 | F25: 21206 | G25: =IFERROR(F25/F$46,0) -> 0.59805968 | H25: 13245 | I25: =IFERROR(H25/H$46,0) -> 0.53050026 | J25: 10364 | K25: =IFERROR(J25/J$46,0) -> 0.49498519 | L25: 10380 | M25: =IFERROR(L25/L$46,0) -> 0.52975401 | N25: 9014 | O25: =IFERROR(N25/N$46,0) -> 0.52923908 | P25: 9988 | Q25: =IFERROR(P25/P$46,0) -> 0.56837193 | R25: 11711 | S25: =IFERROR(R25/R$46,0) -> 0.63108261 | T25: 11810 | U25: =IFERROR(T25/T$46,0) -> 0.65270255 | V25: 11910 | W25: =IFERROR(V25/V$46,0) -> 0.64957731 | X25: 10990 | Y25: =IFERROR(X25/X$46,0) -> 0.64666078 | Z25: 10802 | AA25: =IFERROR(Z25/Z$46,0) -> 0.64927571 | AB25: 9792 | AC25: =IFERROR(AB25/AB$46,0) -> 0.65245203 | AD25: 16018 | AE25: =IFERROR(AD25/AD$46,0) -> 0.59394119 | AF25: 9283 | AG25: =IFERROR(AF25/AF$46,0) -> 0.25502747
C26: PGU No Contributiva | E26: =IFERROR(D26/D$47,0) -> 0 | G26: =IFERROR(F26/F$47,0) -> 0 | I26: =IFERROR(H26/H$47,0) -> 0 | K26: =IFERROR(J26/J$47,0) -> 0 | M26: =IFERROR(L26/L$47,0) -> 0 | O26: =IFERROR(N26/N$47,0) -> 0 | Q26: =IFERROR(P26/P$47,0) -> 0 | S26: =IFERROR(R26/R$47,0) -> 0 | U26: =IFERROR(T26/T$47,0) -> 0 | W26: =IFERROR(V26/V$47,0) -> 0 | Y26: =IFERROR(X26/X$47,0) -> 0 | AA26: =IFERROR(Z26/Z$47,0) -> 0 | AC26: =IFERROR(AB26/AB$47,0) -> 0 | AE26: =IFERROR(AD26/AD$47,0) -> 0 | AF26: 61292 | AG26: =IFERROR(AF26/AF$47,0) -> 0.71298784
C27: PGU Contributiva | E27: =IFERROR(D27/D$48,0) -> 0 | G27: =IFERROR(F27/F$48,0) -> 0 | I27: =IFERROR(H27/H$48,0) -> 0 | K27: =IFERROR(J27/J$48,0) -> 0 | M27: =IFERROR(L27/L$48,0) -> 0 | O27: =IFERROR(N27/N$48,0) -> 0 | Q27: =IFERROR(P27/P$48,0) -> 0 | S27: =IFERROR(R27/R$48,0) -> 0 | U27: =IFERROR(T27/T$48,0) -> 0 | W27: =IFERROR(V27/V$48,0) -> 0 | Y27: =IFERROR(X27/X$48,0) -> 0 | AA27: =IFERROR(Z27/Z$48,0) -> 0 | AC27: =IFERROR(AB27/AB$48,0) -> 0 | AE27: =IFERROR(AD27/AD$48,0) -> 0 | AF27: 372682 | AG27: =IFERROR(AF27/AF$48,0) -> 0.76852742
C28: APS Vejez | D28: 9346 | E28: =IFERROR(D28/D$49,0) -> 0.73998416 | F28: 277086 | G28: =IFERROR(F28/F$49,0) -> 0.9294414 | H28: 137886 | I28: =IFERROR(H28/H$49,0) -> 0.82052533 | J28: 90267 | K28: =IFERROR(J28/J$49,0) -> 0.7160013 | L28: 113364 | M28: =IFERROR(L28/L$49,0) -> 0.8697627 | N28: 65567 | O28: =IFERROR(N28/N$49,0) -> 0.85164114 | P28: 70060 | Q28: =IFERROR(P28/P$49,0) -> 0.79123609 | R28: 71190 | S28: =IFERROR(R28/R$49,0) -> 0.80098562 | T28: 67758 | U28: =IFERROR(T28/T$49,0) -> 0.77497941 | V28: 82237 | W28: =IFERROR(V28/V$49,0) -> 0.79428411 | X28: 111944 | Y28: =IFERROR(X28/X$49,0) -> 0.90593767 | Z28: 102022 | AA28: =IFERROR(Z28/Z$49,0) -> 0.90391346 | AB28: 149617 | AC28: =IFERROR(AB28/AB$49,0) -> 0.89816366 | AD28: 166454 | AE28: =IFERROR(AD28/AD$49,0) -> 0.87113116 | AF28: 20511 | AG28: =IFERROR(AF28/AF$49,0) -> 0.93359126
C29: APS Invalidez | D29: 1529 | E29: =IFERROR(D29/D$50,0) -> 0.25723419 | F29: 9856 | G29: =IFERROR(F29/F$50,0) -> 0.84188947 | H29: 9914 | I29: =IFERROR(H29/H$50,0) -> 0.83108391 | J29: 8697 | K29: =IFERROR(J29/J$50,0) -> 0.83883102 | L29: 7014 | M29: =IFERROR(L29/L$50,0) -> 0.85266229 | N29: 6048 | O29: =IFERROR(N29/N$50,0) -> 0.829061 | P29: 5270 | Q29: =IFERROR(P29/P$50,0) -> 0.87049884 | R29: 2081 | S29: =IFERROR(R29/R$50,0) -> 0.83206717 | T29: 2218 | U29: =IFERROR(T29/T$50,0) -> 0.86069073 | V29: 2802 | W29: =IFERROR(V29/V$50,0) -> 0.88474897 | X29: 5864 | Y29: =IFERROR(X29/X$50,0) -> 0.93494898 | Z29: 5629 | AA29: =IFERROR(Z29/Z$50,0) -> 0.92658436 | AB29: 7155 | AC29: =IFERROR(AB29/AB$50,0) -> 0.92465753 | AD29: 19064 | AE29: =IFERROR(AD29/AD$50,0) -> 0.92949781 | AF29: 14797 | AG29: =IFERROR(AF29/AF$50,0) -> 0.76104511
C30: Total beneficios | D30: 115081 | E30: =IFERROR(D30/D$51,0) -> 0.8257703 | F30: 365958 | G30: =IFERROR(F30/F$51,0) -> 0.90485115 | H30: 197170 | I30: =IFERROR(H30/H$51,0) -> 0.80256436 | J30: 139304 | K30: =IFERROR(J30/J$51,0) -> 0.71514598 | L30: 160127 | M30: =IFERROR(L30/L$51,0) -> 0.83282363 | N30: 110108 | O30: =IFERROR(N30/N$51,0) -> 0.82149305 | P30: 117885 | Q30: =IFERROR(P30/P$51,0) -> 0.77779024 | R30: 111345 | S30: =IFERROR(R30/R$51,0) -> 0.78980408 | T30: 106699 | U30: =IFERROR(T30/T$51,0) -> 0.76879125 | V30: 123110 | W30: =IFERROR(V30/V$51,0) -> 0.78381063 | X30: 157149 | Y30: =IFERROR(X30/X$51,0) -> 0.88087511 | Z30: 145209 | AA30: =IFERROR(Z30/Z$51,0) -> 0.87839358 | AB30: 193692 | AC30: =IFERROR(AB30/AB$51,0) -> 0.88118321 | AD30: 237044 | AE30: =IFERROR(AD30/AD$51,0) -> 0.84595125 | AF30: 483039 | AG30: =IFERROR(AF30/AF$51,0) -> 0.73905846
B31: Suspendidas | C31: PBS Vejez | D31: 0 | E31: =IFERROR(D31/D$45,0) -> 0 | F31: 1481 | G31: =IFERROR(F31/F$45,0) -> 0.025036346 | H31: 635 | I31: =IFERROR(H31/H$45,0) -> 0.015589326 | J31: 746 | K31: =IFERROR(J31/J$45,0) -> 0.01993906 | L31: 719 | M31: =IFERROR(L31/L$45,0) -> 0.021078245 | N31: 407 | O31: =IFERROR(N31/N$45,0) -> 0.012439636 | P31: 3429 | Q31: =IFERROR(P31/P$45,0) -> 0.087048132 | R31: 892 | S31: =IFERROR(R31/R$45,0) -> 0.028735262 | T31: 736 | U31: =IFERROR(T31/T$45,0) -> 0.023985661 | V31: 854 | W31: =IFERROR(V31/V$45,0) -> 0.026664169 | X31: 587 | Y31: =IFERROR(X31/X$45,0) -> 0.018595369 | Z31: 781 | AA31: =IFERROR(Z31/Z$45,0) -> 0.026267111 | AB31: 2529 | AC31: =IFERROR(AB31/AB$45,0) -> 0.082966997 | AD31: 863 | AE31: =IFERROR(AD31/AD$45,0) -> 0.020718796 | AF31: 53 | AG31: =IFERROR(AF31/AF$45,0) -> 0.010862882
C32: PBS Invalidez | D32: 0 | E32: =IFERROR(D32/D$46,0) -> 0 | F32: 818 | G32: =IFERROR(F32/F$46,0) -> 0.023069547 | H32: 247 | I32: =IFERROR(H32/H$46,0) -> 0.0098930588 | J32: 349 | K32: =IFERROR(J32/J$46,0) -> 0.016668259 | L32: 487 | M32: =IFERROR(L32/L$46,0) -> 0.024854547 | N32: 315 | O32: =IFERROR(N32/N$46,0) -> 0.018494598 | P32: 557 | Q32: =IFERROR(P32/P$46,0) -> 0.031696352 | R32: 780 | S32: =IFERROR(R32/R$46,0) -> 0.042032656 | T32: 804 | U32: =IFERROR(T32/T$46,0) -> 0.044434619 | V32: 726 | W32: =IFERROR(V32/V$46,0) -> 0.0395964 | X32: 513 | Y32: =IFERROR(X32/X$46,0) -> 0.030185349 | Z32: 569 | AA32: =IFERROR(Z32/Z$46,0) -> 0.034200878 | AB32: 1122 | AC32: =IFERROR(AB32/AB$46,0) -> 0.074760128 | AD32: 2205 | AE32: =IFERROR(AD32/AD$46,0) -> 0.08176054 | AF32: 1260 | AG32: =IFERROR(AF32/AF$46,0) -> 0.034615385
C33: PGU No Contributiva | E33: =IFERROR(D33/D$47,0) -> 0 | G33: =IFERROR(F33/F$47,0) -> 0 | I33: =IFERROR(H33/H$47,0) -> 0 | K33: =IFERROR(J33/J$47,0) -> 0 | M33: =IFERROR(L33/L$47,0) -> 0 | O33: =IFERROR(N33/N$47,0) -> 0 | Q33: =IFERROR(P33/P$47,0) -> 0 | S33: =IFERROR(R33/R$47,0) -> 0 | U33: =IFERROR(T33/T$47,0) -> 0 | W33: =IFERROR(V33/V$47,0) -> 0 | Y33: =IFERROR(X33/X$47,0) -> 0 | AA33: =IFERROR(Z33/Z$47,0) -> 0 | AC33: =IFERROR(AB33/AB$47,0) -> 0 | AE33: =IFERROR(AD33/AD$47,0) -> 0 | AF33: 1251 | AG33: =IFERROR(AF33/AF$47,0) -> 0.014552434
C34: PGU Contributiva | E34: =IFERROR(D34/D$48,0) -> 0 | G34: =IFERROR(F34/F$48,0) -> 0 | I34: =IFERROR(H34/H$48,0) -> 0 | K34: =IFERROR(J34/J$48,0) -> 0 | M34: =IFERROR(L34/L$48,0) -> 0 | O34: =IFERROR(N34/N$48,0) -> 0 | Q34: =IFERROR(P34/P$48,0) -> 0 | S34: =IFERROR(R34/R$48,0) -> 0 | U34: =IFERROR(T34/T$48,0) -> 0 | W34: =IFERROR(V34/V$48,0) -> 0 | Y34: =IFERROR(X34/X$48,0) -> 0 | AA34: =IFERROR(Z34/Z$48,0) -> 0 | AC34: =IFERROR(AB34/AB$48,0) -> 0 | AE34: =IFERROR(AD34/AD$48,0) -> 0 | AF34: 619 | AG34: =IFERROR(AF34/AF$48,0) -> 0.0012764729
C35: APS Vejez | D35: 0 | E35: =IFERROR(D35/D$49,0) -> 0 | F35: 264 | G35: =IFERROR(F35/F$49,0) -> 0.00088554647 | H35: 12 | I35: =IFERROR(H35/H$49,0) -> 7.1409019e-05 | J35: 0 | K35: =IFERROR(J35/J$49,0) -> 0 | L35: 518 | M35: =IFERROR(L35/L$49,0) -> 0.0039742518 | N35: 171 | O35: =IFERROR(N35/N$49,0) -> 0.0022210965 | P35: 780 | Q35: =IFERROR(P35/P$49,0) -> 0.0088090801 | R35: 761 | S35: =IFERROR(R35/R$49,0) -> 0.0085622989 | T35: 9696 | U35: =IFERROR(T35/T$49,0) -> 0.11089761 | V35: 12811 | W35: =IFERROR(V35/V$49,0) -> 0.12373474 | X35: 15457 | Y35: =IFERROR(X35/X$49,0) -> 0.12509003 | Z35: 16560 | AA35: =IFERROR(Z35/Z$49,0) -> 0.14672136 | AB35: 18510 | AC35: =IFERROR(AB35/AB$49,0) -> 0.11111711 | AD35: 1687 | AE35: =IFERROR(AD35/AD$49,0) -> 0.0088288552 | AF35: 580 | AG35: =IFERROR(AF35/AF$49,0) -> 0.026399636
C36: APS Invalidez | D36: 0 | E36: =IFERROR(D36/D$50,0) -> 0 | F36: 68 | G36: =IFERROR(F36/F$50,0) -> 0.0058084906 | H36: 5 | I36: =IFERROR(H36/H$50,0) -> 0.00041914662 | J36: 0 | K36: =IFERROR(J36/J$50,0) -> 0 | L36: 56 | M36: =IFERROR(L36/L$50,0) -> 0.006807683 | N36: 13 | O36: =IFERROR(N36/N$50,0) -> 0.0017820425 | P36: 81 | Q36: =IFERROR(P36/P$50,0) -> 0.013379584 | R36: 140 | S36: =IFERROR(R36/R$50,0) -> 0.055977609 | T36: 735 | U36: =IFERROR(T36/T$50,0) -> 0.28521537 | V36: 831 | W36: =IFERROR(V36/V$50,0) -> 0.26239343 | X36: 1252 | Y36: =IFERROR(X36/X$50,0) -> 0.19961735 | Z36: 1641 | AA36: =IFERROR(Z36/Z$50,0) -> 0.27012346 | AB36: 1261 | AC36: =IFERROR(AB36/AB$50,0) -> 0.16296201 | AD36: 276 | AE36: =IFERROR(AD36/AD$50,0) -> 0.01345685 | AF36: 431 | AG36: =IFERROR(AF36/AF$50,0) -> 0.022167361
C37: Total beneficios | D37: 0 | E37: =IFERROR(D37/D$51,0) -> 0 | F37: 2631 | G37: =IFERROR(F37/F$51,0) -> 0.0065052913 | H37: 899 | I37: =IFERROR(H37/H$51,0) -> 0.003659306 | J37: 1095 | K37: =IFERROR(J37/J$51,0) -> 0.0056214096 | L37: 1780 | M37: =IFERROR(L37/L$51,0) -> 0.0092578145 | N37: 906 | O37: =IFERROR(N37/N$51,0) -> 0.0067594789 | P37: 4847 | Q37: =IFERROR(P37/P$51,0) -> 0.03197989 | R37: 2573 | S37: =IFERROR(R37/R$51,0) -> 0.018251075 | T37: 11971 | U37: =IFERROR(T37/T$51,0) -> 0.086253855 | V37: 15222 | W37: =IFERROR(V37/V$51,0) -> 0.096914673 | X37: 17809 | Y37: =IFERROR(X37/X$51,0) -> 0.099825674 | Z37: 19551 | AA37: =IFERROR(Z37/Z$51,0) -> 0.11826728 | AB37: 23422 | AC37: =IFERROR(AB37/AB$51,0) -> 0.10655615 | AD37: 5031 | AE37: =IFERROR(AD37/AD$51,0) -> 0.017954391 | AF37: 4194 | AG37: =IFERROR(AF37/AF$51,0) -> 0.0064168963
B38: Extintas | C38: PBS Vejez | D38: 6127 | E38: =IFERROR(D38/D$45,0) -> 0.073024802 | F38: 17524 | G38: =IFERROR(F38/F$45,0) -> 0.2962437 | H38: 34791 | I38: =IFERROR(H38/H$45,0) -> 0.85412319 | J38: 26236 | K38: =IFERROR(J38/J$45,0) -> 0.70123483 | L38: 23012 | M38: =IFERROR(L38/L$45,0) -> 0.67462109 | N38: 22314 | O38: =IFERROR(N38/N$45,0) -> 0.6820099 | P38: 20472 | Q38: =IFERROR(P38/P$45,0) -> 0.51969943 | R38: 17589 | S38: =IFERROR(R38/R$45,0) -> 0.56661942 | T38: 18952 | U38: =IFERROR(T38/T$45,0) -> 0.61763076 | V38: 18945 | W38: =IFERROR(V38/V$45,0) -> 0.59151368 | X38: 19764 | Y38: =IFERROR(X38/X$45,0) -> 0.62609687 | Z38: 17332 | AA38: =IFERROR(Z38/Z$45,0) -> 0.58292133 | AB38: 16993 | AC38: =IFERROR(AB38/AB$45,0) -> 0.55747654 | AD38: 20883 | AE38: =IFERROR(AD38/AD$45,0) -> 0.50135644 | AF38: 3828 | AG38: =IFERROR(AF38/AF$45,0) -> 0.78458701
C39: PBS Invalidez | D39: 3730 | E39: =IFERROR(D39/D$46,0) -> 0.10112512 | F39: 11361 | G39: =IFERROR(F39/F$46,0) -> 0.32040724 | H39: 11302 | I39: =IFERROR(H39/H$46,0) -> 0.45267753 | J39: 10418 | K39: =IFERROR(J39/J$46,0) -> 0.49756424 | L39: 11740 | M39: =IFERROR(L39/L$46,0) -> 0.59916301 | N39: 12280 | O39: =IFERROR(N39/N$46,0) -> 0.72099577 | P39: 10259 | Q39: =IFERROR(P39/P$46,0) -> 0.58379332 | R39: 9664 | S39: =IFERROR(R39/R$46,0) -> 0.52077383 | T39: 9782 | U39: =IFERROR(T39/T$46,0) -> 0.5406212 | V39: 11498 | W39: =IFERROR(V39/V$46,0) -> 0.62710663 | X39: 10439 | Y39: =IFERROR(X39/X$46,0) -> 0.61423948 | Z39: 10546 | AA39: =IFERROR(Z39/Z$46,0) -> 0.63388832 | AB39: 11291 | AC39: =IFERROR(AB39/AB$46,0) -> 0.75233209 | AD39: 13221 | AE39: =IFERROR(AD39/AD$46,0) -> 0.49022952 | AF39: 10252 | AG39: =IFERROR(AF39/AF$46,0) -> 0.28164835
C40: PGU No Contributiva | E40: =IFERROR(D40/D$47,0) -> 0 | G40: =IFERROR(F40/F$47,0) -> 0 | I40: =IFERROR(H40/H$47,0) -> 0 | K40: =IFERROR(J40/J$47,0) -> 0 | M40: =IFERROR(L40/L$47,0) -> 0 | O40: =IFERROR(N40/N$47,0) -> 0 | Q40: =IFERROR(P40/P$47,0) -> 0 | S40: =IFERROR(R40/R$47,0) -> 0 | U40: =IFERROR(T40/T$47,0) -> 0 | W40: =IFERROR(V40/V$47,0) -> 0 | Y40: =IFERROR(X40/X$47,0) -> 0 | AA40: =IFERROR(Z40/Z$47,0) -> 0 | AC40: =IFERROR(AB40/AB$47,0) -> 0 | AE40: =IFERROR(AD40/AD$47,0) -> 0 | AF40: 29767 | AG40: =IFERROR(AF40/AF$47,0) -> 0.34626883
C41: PGU Contributiva | E41: =IFERROR(D41/D$48,0) -> 0 | G41: =IFERROR(F41/F$48,0) -> 0 | I41: =IFERROR(H41/H$48,0) -> 0 | K41: =IFERROR(J41/J$48,0) -> 0 | M41: =IFERROR(L41/L$48,0) -> 0 | O41: =IFERROR(N41/N$48,0) -> 0 | Q41: =IFERROR(P41/P$48,0) -> 0 | S41: =IFERROR(R41/R$48,0) -> 0 | U41: =IFERROR(T41/T$48,0) -> 0 | W41: =IFERROR(V41/V$48,0) -> 0 | Y41: =IFERROR(X41/X$48,0) -> 0 | AA41: =IFERROR(Z41/Z$48,0) -> 0 | AC41: =IFERROR(AB41/AB$48,0) -> 0 | AE41: =IFERROR(AD41/AD$48,0) -> 0 | AF41: 41180 | AG41: =IFERROR(AF41/AF$48,0) -> 0.084919473
C42: APS Vejez | D42: 3949 | E42: =IFERROR(D42/D$49,0) -> 0.31266825 | F42: 17566 | G42: =IFERROR(F42/F$49,0) -> 0.058922384 | H42: 26970 | I42: =IFERROR(H42/H$49,0) -> 0.16049177 | J42: 29676 | K42: =IFERROR(J42/J$49,0) -> 0.23539117 | L42: 25599 | M42: =IFERROR(L42/L$49,0) -> 0.19640323 | N42: 36028 | O42: =IFERROR(N42/N$49,0) -> 0.46796296 | P42: 34628 | Q42: =IFERROR(P42/P$49,0) -> 0.39107798 | R42: 30387 | S42: =IFERROR(R42/R$49,0) -> 0.34189563 | T42: 29535 | U42: =IFERROR(T42/T$49,0) -> 0.33780538 | V42: 35201 | W42: =IFERROR(V42/V$49,0) -> 0.33998802 | X42: 41694 | Y42: =IFERROR(X42/X$49,0) -> 0.33742019 | Z42: 37187 | AA42: =IFERROR(Z42/Z$49,0) -> 0.32947629 | AB42: 45606 | AC42: =IFERROR(AB42/AB$49,0) -> 0.27377672 | AD42: 52794 | AE42: =IFERROR(AD42/AD$49,0) -> 0.27629554 | AF42: 22477 | AG42: =IFERROR(AF42/AF$49,0) -> 1.0230769
C43: APS Invalidez | D43: 11 | E43: =IFERROR(D43/D$50,0) -> 0.0018506057 | F43: 332 | G43: =IFERROR(F43/F$50,0) -> 0.028359101 | H43: 1240 | I43: =IFERROR(H43/H$50,0) -> 0.10394836 | J43: 942 | K43: =IFERROR(J43/J$50,0) -> 0.090856481 | L43: 1529 | M43: =IFERROR(L43/L$50,0) -> 0.18587406 | N43: 2494 | O43: =IFERROR(N43/N$50,0) -> 0.341878 | P43: 3205 | Q43: =IFERROR(P43/P$50,0) -> 0.52940205 | R43: 3262 | S43: =IFERROR(R43/R$50,0) -> 1.3042783 | T43: 3397 | U43: =IFERROR(T43/T$50,0) -> 1.3181995 | V43: 4160 | W43: =IFERROR(V43/V$50,0) -> 1.3135459 | X43: 4987 | Y43: =IFERROR(X43/X$50,0) -> 0.79512117 | Z43: 4101 | AA43: =IFERROR(Z43/Z$50,0) -> 0.67506173 | AB43: 5697 | AC43: =IFERROR(AB43/AB$50,0) -> 0.73623675 | AD43: 4803 | AE43: =IFERROR(AD43/AD$50,0) -> 0.23417845 | AF43: 6508 | AG43: =IFERROR(AF43/AF$50,0) -> 0.33472201
C44: Total beneficios | D44: 13817 | E44: =IFERROR(D44/D$51,0) -> 0.099144674 | F44: 46783 | G44: =IFERROR(F44/F$51,0) -> 0.11567352 | H44: 74303 | I44: =IFERROR(H44/H$51,0) -> 0.30244429 | J44: 67272 | K44: =IFERROR(J44/J$51,0) -> 0.34535476 | L44: 61880 | M44: =IFERROR(L44/L$51,0) -> 0.32183908 | N44: 73116 | O44: =IFERROR(N44/N$51,0) -> 0.54550338 | P44: 68564 | Q44: =IFERROR(P44/P$51,0) -> 0.45237655 | R44: 60902 | S44: =IFERROR(R44/R$51,0) -> 0.43199648 | T44: 61666 | U44: =IFERROR(T44/T$51,0) -> 0.44431795 | V44: 69804 | W44: =IFERROR(V44/V$51,0) -> 0.44442464 | X44: 76884 | Y44: =IFERROR(X44/X$51,0) -> 0.43096171 | Z44: 69166 | AA44: =IFERROR(Z44/Z$51,0) -> 0.41839673 | AB44: 79587 | AC44: =IFERROR(AB44/AB$51,0) -> 0.36207344 | AD44: 91701 | AE44: =IFERROR(AD44/AD$51,0) -> 0.32725813 | AF44: 114012 | AG44: =IFERROR(AF44/AF$51,0) -> 0.17444043
B45: Total Solicitudes | C45: PBS Vejez | D45: 83903 | E45: =IFERROR(D45/D$45,0) -> 1 | F45: 59154 | G45: =IFERROR(F45/F$45,0) -> 1 | H45: 40733 | I45: =IFERROR(H45/H$45,0) -> 1 | J45: 37414 | K45: =IFERROR(J45/J$45,0) -> 1 | L45: 34111 | M45: =IFERROR(L45/L$45,0) -> 1 | N45: 32718 | O45: =IFERROR(N45/N$45,0) -> 1 | P45: 39392 | Q45: =IFERROR(P45/P$45,0) -> 1 | R45: 31042 | S45: =IFERROR(R45/R$45,0) -> 1 | T45: 30685 | U45: =IFERROR(T45/T$45,0) -> 1 | V45: 32028 | W45: =IFERROR(V45/V$45,0) -> 1 | X45: 31567 | Y45: =IFERROR(X45/X$45,0) -> 1 | Z45: 29733 | AA45: =IFERROR(Z45/Z$45,0) -> 1 | AB45: 30482 | AC45: =IFERROR(AB45/AB$45,0) -> 1 | AD45: 41653 | AE45: =IFERROR(AD45/AD$45,0) -> 1 | AF45: 4879 | AG45: =IFERROR(AF45/AF$45,0) -> 1
C46: PBS Invalidez | D46: 36885 | E46: =IFERROR(D46/D$46,0) -> 1 | F46: 35458 | G46: =IFERROR(F46/F$46,0) -> 1 | H46: 24967 | I46: =IFERROR(H46/H$46,0) -> 1 | J46: 20938 | K46: =IFERROR(J46/J$46,0) -> 1 | L46: 19594 | M46: =IFERROR(L46/L$46,0) -> 1 | N46: 17032 | O46: =IFERROR(N46/N$46,0) -> 1 | P46: 17573 | Q46: =IFERROR(P46/P$46,0) -> 1 | R46: 18557 | S46: =IFERROR(R46/R$46,0) -> 1 | T46: 18094 | U46: =IFERROR(T46/T$46,0) -> 1 | V46: 18335 | W46: =IFERROR(V46/V$46,0) -> 1 | X46: 16995 | Y46: =IFERROR(X46/X$46,0) -> 1 | Z46: 16637 | AA46: =IFERROR(Z46/Z$46,0) -> 1 | AB46: 15008 | AC46: =IFERROR(AB46/AB$46,0) -> 1 | AD46: 26969 | AE46: =IFERROR(AD46/AD$46,0) -> 1 | AF46: 36400 | AG46: =IFERROR(AF46/AF$46,0) -> 1
C47: PGU No Contributiva | E47: =IFERROR(D47/D$47,0) -> 0 | G47: =IFERROR(F47/F$47,0) -> 0 | I47: =IFERROR(H47/H$47,0) -> 0 | K47: =IFERROR(J47/J$47,0) -> 0 | M47: =IFERROR(L47/L$47,0) -> 0 | O47: =IFERROR(N47/N$47,0) -> 0 | Q47: =IFERROR(P47/P$47,0) -> 0 | S47: =IFERROR(R47/R$47,0) -> 0 | U47: =IFERROR(T47/T$47,0) -> 0 | W47: =IFERROR(V47/V$47,0) -> 0 | Y47: =IFERROR(X47/X$47,0) -> 0 | AA47: =IFERROR(Z47/Z$47,0) -> 0 | AC47: =IFERROR(AB47/AB$47,0) -> 0 | AE47: =IFERROR(AD47/AD$47,0) -> 0 | AF47: 85965 | AG47: =IFERROR(AF47/AF$47,0) -> 1
C48: PGU Contributiva | E48: =IFERROR(D48/D$48,0) -> 0 | G48: =IFERROR(F48/F$48,0) -> 0 | I48: =IFERROR(H48/H$48,0) -> 0 | K48: =IFERROR(J48/J$48,0) -> 0 | M48: =IFERROR(L48/L$48,0) -> 0 | O48: =IFERROR(N48/N$48,0) -> 0 | Q48: =IFERROR(P48/P$48,0) -> 0 | S48: =IFERROR(R48/R$48,0) -> 0 | U48: =IFERROR(T48/T$48,0) -> 0 | W48: =IFERROR(V48/V$48,0) -> 0 | Y48: =IFERROR(X48/X$48,0) -> 0 | AA48: =IFERROR(Z48/Z$48,0) -> 0 | AC48: =IFERROR(AB48/AB$48,0) -> 0 | AE48: =IFERROR(AD48/AD$48,0) -> 0 | AF48: 484930 | AG48: =IFERROR(AF48/AF$48,0) -> 1
C49: APS Vejez | D49: 12630 | E49: =IFERROR(D49/D$49,0) -> 1 | F49: 298121 | G49: =IFERROR(F49/F$49,0) -> 1 | H49: 168046 | I49: =IFERROR(H49/H$49,0) -> 1 | J49: 126071 | K49: =IFERROR(J49/J$49,0) -> 1 | L49: 130339 | M49: =IFERROR(L49/L$49,0) -> 1 | N49: 76989 | O49: =IFERROR(N49/N$49,0) -> 1 | P49: 88545 | Q49: =IFERROR(P49/P$49,0) -> 1 | R49: 88878 | S49: =IFERROR(R49/R$49,0) -> 1 | T49: 87432 | U49: =IFERROR(T49/T$49,0) -> 1 | V49: 103536 | W49: =IFERROR(V49/V$49,0) -> 1 | X49: 123567 | Y49: =IFERROR(X49/X$49,0) -> 1 | Z49: 112867 | AA49: =IFERROR(Z49/Z$49,0) -> 1 | AB49: 166581 | AC49: =IFERROR(AB49/AB$49,0) -> 1 | AD49: 191078 | AE49: =IFERROR(AD49/AD$49,0) -> 1 | AF49: 21970 | AG49: =IFERROR(AF49/AF$49,0) -> 1
C50: APS Invalidez | D50: 5944 | E50: =IFERROR(D50/D$50,0) -> 1 | F50: 11707 | G50: =IFERROR(F50/F$50,0) -> 1 | H50: 11929 | I50: =IFERROR(H50/H$50,0) -> 1 | J50: 10368 | K50: =IFERROR(J50/J$50,0) -> 1 | L50: 8226 | M50: =IFERROR(L50/L$50,0) -> 1 | N50: 7295 | O50: =IFERROR(N50/N$50,0) -> 1 | P50: 6054 | Q50: =IFERROR(P50/P$50,0) -> 1 | R50: 2501 | S50: =IFERROR(R50/R$50,0) -> 1 | T50: 2577 | U50: =IFERROR(T50/T$50,0) -> 1 | V50: 3167 | W50: =IFERROR(V50/V$50,0) -> 1 | X50: 6272 | Y50: =IFERROR(X50/X$50,0) -> 1 | Z50: 6075 | AA50: =IFERROR(Z50/Z$50,0) -> 1 | AB50: 7738 | AC50: =IFERROR(AB50/AB$50,0) -> 1 | AD50: 20510 | AE50: =IFERROR(AD50/AD$50,0) -> 1 | AF50: 19443 | AG50: =IFERROR(AF50/AF$50,0) -> 1
C51: Total beneficios | D51: 139362 | E51: =IFERROR(D51/D$51,0) -> 1 | F51: 404440 | G51: =IFERROR(F51/F$51,0) -> 1 | H51: 245675 | I51: =IFERROR(H51/H$51,0) -> 1 | J51: 194791 | K51: =IFERROR(J51/J$51,0) -> 1 | L51: 192270 | M51: =IFERROR(L51/L$51,0) -> 1 | N51: 134034 | O51: =IFERROR(N51/N$51,0) -> 1 | P51: 151564 | Q51: =IFERROR(P51/P$51,0) -> 1 | R51: 140978 | S51: =IFERROR(R51/R$51,0) -> 1 | T51: 138788 | U51: =IFERROR(T51/T$51,0) -> 1 | V51: 157066 | W51: =IFERROR(V51/V$51,0) -> 1 | X51: 178401 | Y51: =IFERROR(X51/X$51,0) -> 1 | Z51: 165312 | AA51: =IFERROR(Z51/Z$51,0) -> 1 | AB51: 219809 | AC51: =IFERROR(AB51/AB$51,0) -> 1 | AD51: 280210 | AE51: =IFERROR(AD51/AD$51,0) -> 1 | AF51: 653587 | AG51: =IFERROR(AF51/AF$51,0) -> 1
B52: Fuente: Elaboración propia con datos del IPS Nota: El estado final de las solicitudes puede cambiar entre periodos, dado que se incluyen solicitudes en trámite.

Sheet 2.2
B2: SOLICITUDES DEL PILAR NO CONTRIBUTIVO A NIVEL NACIONAL
B4: Resumen trimestral de número y estado de solicitudes, según tipo y sexo
B5: (octubre 2022 a diciembre 2022)
B7: Tipo de beneficio | C7: Sexo Beneficiarios | D7: Estado de las solicitudes
D8: Anuladas | F8: Concedidas | H8: Desistidas | J8: Rechazadas | L8: En Trámite | N8: Total Solicitudes
D9: N° | E9: % | F9: N° | G9: % | H9: N° | I9: % | J9: N° | K9: % | L9: N° | M9: % | N9: N° | O9: %
B10: PBS Vejez | C10: Mujeres | E10: =IFERROR(D10/$N10,0) -> 0 | G10: =IFERROR(F10/$N10,0) -> 0 | I10: =IFERROR(H10/$N10,0) -> 0 | K10: =IFERROR(J10/$N10,0) -> 0 | M10: =IFERROR(L10/$N10,0) -> 0 | O10: =IFERROR(N10/$N10,0) -> 0
C11: Hombres | E11: =IFERROR(D11/$N11,0) -> 0 | G11: =IFERROR(F11/$N11,0) -> 0 | I11: =IFERROR(H11/$N11,0) -> 0 | K11: =IFERROR(J11/$N11,0) -> 0 | M11: =IFERROR(L11/$N11,0) -> 0 | O11: =IFERROR(N11/$N11,0) -> 0
C12: Ambos | E12: =IFERROR(D12/$N12,0) -> 0 | G12: =IFERROR(F12/$N12,0) -> 0 | I12: =IFERROR(H12/$N12,0) -> 0 | K12: =IFERROR(J12/$N12,0) -> 0 | M12: =IFERROR(L12/$N12,0) -> 0 | O12: =IFERROR(N12/$N12,0) -> 0
B13: PBS Invalidez | C13: Mujeres | D13: 12 | E13: =IFERROR(D13/$N13,0) -> 0.0020352782 | F13: 166 | G13: =IFERROR(F13/$N13,0) -> 0.028154681 | H13: 2 | I13: =IFERROR(H13/$N13,0) -> 0.00033921303 | J13: 10 | K13: =IFERROR(J13/$N13,0) -> 0.0016960651 | L13: 5706 | M13: =IFERROR(L13/$N13,0) -> 0.96777476 | N13: 5896 | O13: =IFERROR(N13/$N13,0) -> 1
C14: Hombres | D14: 4 | E14: =IFERROR(D14/$N14,0) -> 0.0016625104 | F14: 145 | G14: =IFERROR(F14/$N14,0) -> 0.060266002 | H14: 0 | I14: =IFERROR(H14/$N14,0) -> 0 | J14: 4 | K14: =IFERROR(J14/$N14,0) -> 0.0016625104 | L14: 2253 | M14: =IFERROR(L14/$N14,0) -> 0.93640898 | N14: 2406 | O14: =IFERROR(N14/$N14,0) -> 1
C15: Ambos | D15: 16 | E15: =IFERROR(D15/$N15,0) -> 0.0019272464 | F15: 311 | G15: =IFERROR(F15/$N15,0) -> 0.037460853 | H15: 2 | I15: =IFERROR(H15/$N15,0) -> 0.00024090581 | J15: 14 | K15: =IFERROR(J15/$N15,0) -> 0.0016863406 | L15: 7959 | M15: =IFERROR(L15/$N15,0) -> 0.95868465 | N15: 8302 | O15: =IFERROR(N15/$N15,0) -> 1
B16: PGU No Contributiva | C16: Mujeres | D16: 10 | E16: =IFERROR(D16/$N16,0) -> 0.00065406501 | F16: 8354 | G16: =IFERROR(F16/$N16,0) -> 0.54640591 | H16: 30 | I16: =IFERROR(H16/$N16,0) -> 0.001962195 | J16: 1107 | K16: =IFERROR(J16/$N16,0) -> 0.072404997 | L16: 5788 | M16: =IFERROR(L16/$N16,0) -> 0.37857283 | N16: 15289 | O16: =IFERROR(N16/$N16,0) -> 1
C17: Hombres | D17: 5 | E17: =IFERROR(D17/$N17,0) -> 0.00025289566 | F17: 9397 | G17: =IFERROR(F17/$N17,0) -> 0.47529209 | H17: 5 | I17: =IFERROR(H17/$N17,0) -> 0.00025289566 | J17: 1664 | K17: =IFERROR(J17/$N17,0) -> 0.084163674 | L17: 8700 | M17: =IFERROR(L17/$N17,0) -> 0.44003844 | N17: 19771 | O17: =IFERROR(N17/$N17,0) -> 1
C18: Ambos | D18: 15 | E18: =IFERROR(D18/$N18,0) -> 0.00042783799 | F18: 17751 | G18: =IFERROR(F18/$N18,0) -> 0.50630348 | H18: 35 | I18: =IFERROR(H18/$N18,0) -> 0.00099828865 | J18: 2771 | K18: =IFERROR(J18/$N18,0) -> 0.079035938 | L18: 14488 | M18: =IFERROR(L18/$N18,0) -> 0.41323446 | N18: 35060 | O18: =IFERROR(N18/$N18,0) -> 1
B19: PGU Contributiva | C19: Mujeres | D19: 10 | E19: =IFERROR(D19/$N19,0) -> 0.00020172271 | F19: 28964 | G19: =IFERROR(F19/$N19,0) -> 0.58426966 | H19: 33 | I19: =IFERROR(H19/$N19,0) -> 0.00066568495 | J19: 6731 | K19: =IFERROR(J19/$N19,0) -> 0.13577956 | L19: 13835 | M19: =IFERROR(L19/$N19,0) -> 0.27908337 | N19: 49573 | O19: =IFERROR(N19/$N19,0) -> 1
C20: Hombres | D20: 10 | E20: =IFERROR(D20/$N20,0) -> 0.00025159765 | F20: 22003 | G20: =IFERROR(F20/$N20,0) -> 0.5535903 | H20: 3 | I20: =IFERROR(H20/$N20,0) -> 7.5479294e-05 | J20: 6948 | K20: =IFERROR(J20/$N20,0) -> 0.17481004 | L20: 10782 | M20: =IFERROR(L20/$N20,0) -> 0.27127258 | N20: 39746 | O20: =IFERROR(N20/$N20,0) -> 1
C21: Ambos | D21: 20 | E21: =IFERROR(D21/$N21,0) -> 0.00022391652 | F21: 50967 | G21: =IFERROR(F21/$N21,0) -> 0.57061767 | H21: 36 | I21: =IFERROR(H21/$N21,0) -> 0.00040304974 | J21: 13679 | K21: =IFERROR(J21/$N21,0) -> 0.15314771 | L21: 24617 | M21: =IFERROR(L21/$N21,0) -> 0.27560765 | N21: 89319 | O21: =IFERROR(N21/$N21,0) -> 1
B22: APS Vejez | C22: Mujeres | E22: =IFERROR(D22/$N22,0) -> 0 | G22: =IFERROR(F22/$N22,0) -> 0 | I22: =IFERROR(H22/$N22,0) -> 0 | K22: =IFERROR(J22/$N22,0) -> 0 | M22: =IFERROR(L22/$N22,0) -> 0 | O22: =IFERROR(N22/$N22,0) -> 0
C23: Hombres | E23: =IFERROR(D23/$N23,0) -> 0 | G23: =IFERROR(F23/$N23,0) -> 0 | I23: =IFERROR(H23/$N23,0) -> 0 | K23: =IFERROR(J23/$N23,0) -> 0 | M23: =IFERROR(L23/$N23,0) -> 0 | O23: =IFERROR(N23/$N23,0) -> 0
C24: Ambos | E24: =IFERROR(D24/$N24,0) -> 0 | G24: =IFERROR(F24/$N24,0) -> 0 | I24: =IFERROR(H24/$N24,0) -> 0 | K24: =IFERROR(J24/$N24,0) -> 0 | M24: =IFERROR(L24/$N24,0) -> 0 | O24: =IFERROR(N24/$N24,0) -> 0
B25: APS Invalidez | C25: Mujeres | D25: 3 | E25: =IFERROR(D25/$N25,0) -> 0.0020188425 | F25: 664 | G25: =IFERROR(F25/$N25,0) -> 0.44683715 | H25: 0 | I25: =IFERROR(H25/$N25,0) -> 0 | J25: 53 | K25: =IFERROR(J25/$N25,0) -> 0.035666218 | L25: 766 | M25: =IFERROR(L25/$N25,0) -> 0.51547779 | N25: 1486 | O25: =IFERROR(N25/$N25,0) -> 1
C26: Hombres | D26: 2 | E26: =IFERROR(D26/$N26,0) -> 0.00085106383 | F26: 1164 | G26: =IFERROR(F26/$N26,0) -> 0.49531915 | H26: 0 | I26: =IFERROR(H26/$N26,0) -> 0 | J26: 139 | K26: =IFERROR(J26/$N26,0) -> 0.059148936 | L26: 1045 | M26: =IFERROR(L26/$N26,0) -> 0.44468085 | N26: 2350 | O26: =IFERROR(N26/$N26,0) -> 1
C27: Ambos | D27: 5 | E27: =IFERROR(D27/$N27,0) -> 0.0013034411 | F27: 1828 | G27: =IFERROR(F27/$N27,0) -> 0.47653806 | H27: 0 | I27: =IFERROR(H27/$N27,0) -> 0 | J27: 192 | K27: =IFERROR(J27/$N27,0) -> 0.050052138 | L27: 1811 | M27: =IFERROR(L27/$N27,0) -> 0.47210636 | N27: 3836 | O27: =IFERROR(N27/$N27,0) -> 1
B28: Todos los beneficios | C28: Mujeres | D28: 35 | E28: =IFERROR(D28/$N28,0) -> 0.0004844693 | F28: 38148 | G28: =IFERROR(F28/$N28,0) -> 0.52804385 | H28: 65 | I28: =IFERROR(H28/$N28,0) -> 0.0008997287 | J28: 7901 | K28: =IFERROR(J28/$N28,0) -> 0.10936548 | L28: 26095 | M28: =IFERROR(L28/$N28,0) -> 0.36120647 | N28: 72244 | O28: =IFERROR(N28/$N28,0) -> 1
C29: Hombres | D29: 21 | E29: =IFERROR(D29/$N29,0) -> 0.00032673129 | F29: 32709 | G29: =IFERROR(F29/$N29,0) -> 0.50890732 | H29: 8 | I29: =IFERROR(H29/$N29,0) -> 0.00012446906 | J29: 8755 | K29: =IFERROR(J29/$N29,0) -> 0.13621583 | L29: 22780 | M29: =IFERROR(L29/$N29,0) -> 0.35442565 | N29: 64273 | O29: =IFERROR(N29/$N29,0) -> 1
C30: Ambos | D30: 56 | E30: =IFERROR(D30/$N30,0) -> 0.00041020532 | F30: 70857 | G30: =IFERROR(F30/$N30,0) -> 0.51903426 | H30: 73 | I30: =IFERROR(H30/$N30,0) -> 0.00053473194 | J30: 16656 | K30: =IFERROR(J30/$N30,0) -> 0.12200678 | L30: 48875 | M30: =IFERROR(L30/$N30,0) -> 0.35801402 | N30: 136517 | O30: =IFERROR(N30/$N30,0) -> 1
B31: Fuente: Elaboración propia con datos del IPS Nota: El estado final de las solicitudes puede cambiar entre periodos, dado que se incluyen solicitudes en trámite.
B33: Resumen anual de número y estado de solicitudes, por tipo y sexo
B34: (enero 2022 a diciembre 2022)
B36: Tipo de beneficio | C36: Sexo Beneficiarios | D36: Estado de las solicitudes
D37: Anuladas | F37: Concedidas | H37: Desistidas | J37: Rechazadas | L37: En Trámite | N37: Total Solicitudes
D38: N° | E38: % | F38: N° | G38: % | H38: N° | I38: % | J38: N° | K38: % | L38: N° | M38: % | N38: N° | O38: %
B39: PBS Vejez | C39: Mujeres | D39: 6 | E39: =IFERROR(D39/$N39,0) -> 0.0016629712 | F39: 3279 | G39: =IFERROR(F39/$N39,0) -> 0.90881375 | H39: 5 | I39: =IFERROR(H39/$N39,0) -> 0.0013858093 | J39: 316 | K39: =IFERROR(J39/$N39,0) -> 0.087583149 | L39: 2 | M39: =IFERROR(L39/$N39,0) -> 0.00055432373 | N39: 3608 | O39: =IFERROR(N39/$N39,0) -> 1
C40: Hombres | D40: 2 | E40: =IFERROR(D40/$N40,0) -> 0.0015735641 | F40: 1195 | G40: =IFERROR(F40/$N40,0) -> 0.94020456 | H40: 2 | I40: =IFERROR(H40/$N40,0) -> 0.0015735641 | J40: 71 | K40: =IFERROR(J40/$N40,0) -> 0.055861526 | L40: 1 | M40: =IFERROR(L40/$N40,0) -> 0.00078678206 | N40: 1271 | O40: =IFERROR(N40/$N40,0) -> 1
C41: Ambos | D41: 8 | E41: =IFERROR(D41/$N41,0) -> 0.0016396803 | F41: 4474 | G41: =IFERROR(F41/$N41,0) -> 0.91699119 | H41: 7 | I41: =IFERROR(H41/$N41,0) -> 0.0014347202 | J41: 387 | K41: =IFERROR(J41/$N41,0) -> 0.079319533 | L41: 3 | M41: =IFERROR(L41/$N41,0) -> 0.0006148801 | N41: 4879 | O41: =IFERROR(N41/$N41,0) -> 1
B42: PBS Invalidez | C42: Mujeres | D42: 109 | E42: =IFERROR(D42/$N42,0) -> 0.0042761867 | F42: 5364 | G42: =IFERROR(F42/$N42,0) -> 0.21043546 | H42: 21 | I42: =IFERROR(H42/$N42,0) -> 0.00082385249 | J42: 4906 | K42: =IFERROR(J42/$N42,0) -> 0.19246763 | L42: 15090 | M42: =IFERROR(L42/$N42,0) -> 0.59199686 | N42: 25490 | O42: =IFERROR(N42/$N42,0) -> 1
C43: Hombres | D43: 62 | E43: =IFERROR(D43/$N43,0) -> 0.0056828598 | F43: 3919 | G43: =IFERROR(F43/$N43,0) -> 0.35921173 | H43: 9 | I43: =IFERROR(H43/$N43,0) -> 0.00082493126 | J43: 1300 | K43: =IFERROR(J43/$N43,0) -> 0.11915674 | L43: 5620 | M43: =IFERROR(L43/$N43,0) -> 0.51512374 | N43: 10910 | O43: =IFERROR(N43/$N43,0) -> 1
C44: Ambos | D44: 171 | E44: =IFERROR(D44/$N44,0) -> 0.0046978022 | F44: 9283 | G44: =IFERROR(F44/$N44,0) -> 0.25502747 | H44: 30 | I44: =IFERROR(H44/$N44,0) -> 0.00082417582 | J44: 6206 | K44: =IFERROR(J44/$N44,0) -> 0.17049451 | L44: 20710 | M44: =IFERROR(L44/$N44,0) -> 0.56895604 | N44: 36400 | O44: =IFERROR(N44/$N44,0) -> 1
B45: PGU No Contributiva | C45: Mujeres | D45: 87 | E45: =IFERROR(D45/$N45,0) -> 0.0019545291 | F45: 32733 | G45: =IFERROR(F45/$N45,0) -> 0.73537473 | H45: 81 | I45: =IFERROR(H45/$N45,0) -> 0.001819734 | J45: 4979 | K45: =IFERROR(J45/$N45,0) -> 0.11185748 | L45: 6632 | M45: =IFERROR(L45/$N45,0) -> 0.14899353 | N45: 44512 | O45: =IFERROR(N45/$N45,0) -> 1
C46: Hombres | D46: 43 | E46: =IFERROR(D46/$N46,0) -> 0.0010373194 | F46: 28559 | G46: =IFERROR(F46/$N46,0) -> 0.68894893 | H46: 6 | I46: =IFERROR(H46/$N46,0) -> 0.00014474224 | J46: 3554 | K46: =IFERROR(J46/$N46,0) -> 0.085735652 | L46: 9291 | M46: =IFERROR(L46/$N46,0) -> 0.22413336 | N46: 41453 | O46: =IFERROR(N46/$N46,0) -> 1
C47: Ambos | D47: 130 | E47: =IFERROR(D47/$N47,0) -> 0.0015122434 | F47: 61292 | G47: =IFERROR(F47/$N47,0) -> 0.71298784 | H47: 87 | I47: =IFERROR(H47/$N47,0) -> 0.0010120398 | J47: 8533 | K47: =IFERROR(J47/$N47,0) -> 0.099261327 | L47: 15923 | M47: =IFERROR(L47/$N47,0) -> 0.18522655 | N47: 85965 | O47: =IFERROR(N47/$N47,0) -> 1
B48: PGU Contributiva | C48: Mujeres | D48: 158 | E48: =IFERROR(D48/$N48,0) -> 0.00066245435 | F48: 184362 | G48: =IFERROR(F48/$N48,0) -> 0.7729836 | H48: 88 | I48: =IFERROR(H48/$N48,0) -> 0.00036896192 | J48: 38852 | K48: =IFERROR(J48/$N48,0) -> 0.16289669 | L48: 15047 | M48: =IFERROR(L48/$N48,0) -> 0.063088295 | N48: 238507 | O48: =IFERROR(N48/$N48,0) -> 1
C49: Hombres | D49: 361 | E49: =IFERROR(D49/$N49,0) -> 0.0014649607 | F49: 188320 | G49: =IFERROR(F49/$N49,0) -> 0.76421438 | H49: 11 | I49: =IFERROR(H49/$N49,0) -> 4.463869e-05 | J49: 45858 | K49: =IFERROR(J49/$N49,0) -> 0.18609464 | L49: 11873 | M49: =IFERROR(L49/$N49,0) -> 0.048181379 | N49: 246423 | O49: =IFERROR(N49/$N49,0) -> 1
C50: Ambos | D50: 519 | E50: =IFERROR(D50/$N50,0) -> 0.0010702576 | F50: 372682 | G50: =IFERROR(F50/$N50,0) -> 0.76852742 | H50: 99 | I50: =IFERROR(H50/$N50,0) -> 0.00020415318 | J50: 84710 | K50: =IFERROR(J50/$N50,0) -> 0.17468501 | L50: 26920 | M50: =IFERROR(L50/$N50,0) -> 0.055513167 | N50: 484930 | O50: =IFERROR(N50/$N50,0) -> 1
B51: APS Vejez | C51: Mujeres | D51: 25 | E51: =IFERROR(D51/$N51,0) -> 0.0021382142 | F51: 10811 | G51: =IFERROR(F51/$N51,0) -> 0.92464933 | H51: 5 | I51: =IFERROR(H51/$N51,0) -> 0.00042764283 | J51: 851 | K51: =IFERROR(J51/$N51,0) -> 0.07278481 | L51: 0 | M51: =IFERROR(L51/$N51,0) -> 0 | N51: 11692 | O51: =IFERROR(N51/$N51,0) -> 1
C52: Hombres | D52: 16 | E52: =IFERROR(D52/$N52,0) -> 0.0015567231 | F52: 9700 | G52: =IFERROR(F52/$N52,0) -> 0.94376338 | H52: 0 | I52: =IFERROR(H52/$N52,0) -> 0 | J52: 560 | K52: =IFERROR(J52/$N52,0) -> 0.054485308 | L52: 2 | M52: =IFERROR(L52/$N52,0) -> 0.00019459039 | N52: 10278 | O52: =IFERROR(N52/$N52,0) -> 1
C53: Ambos | D53: 41 | E53: =IFERROR(D53/$N53,0) -> 0.0018661812 | F53: 20511 | G53: =IFERROR(F53/$N53,0) -> 0.93359126 | H53: 5 | I53: =IFERROR(H53/$N53,0) -> 0.00022758307 | J53: 1411 | K53: =IFERROR(J53/$N53,0) -> 0.064223942 | L53: 2 | M53: =IFERROR(L53/$N53,0) -> 9.1033227e-05 | N53: 21970 | O53: =IFERROR(N53/$N53,0) -> 1
B54: APS Invalidez | C54: Mujeres | D54: 15 | E54: =IFERROR(D54/$N54,0) -> 0.0019556714 | F54: 5519 | G54: =IFERROR(F54/$N54,0) -> 0.71955671 | H54: 5 | I54: =IFERROR(H54/$N54,0) -> 0.00065189048 | J54: 936 | K54: =IFERROR(J54/$N54,0) -> 0.1220339 | L54: 1195 | M54: =IFERROR(L54/$N54,0) -> 0.15580183 | N54: 7670 | O54: =IFERROR(N54/$N54,0) -> 1
C55: Hombres | D55: 22 | E55: =IFERROR(D55/$N55,0) -> 0.0018686826 | F55: 9278 | G55: =IFERROR(F55/$N55,0) -> 0.78807441 | H55: 3 | I55: =IFERROR(H55/$N55,0) -> 0.00025482035 | J55: 1208 | K55: =IFERROR(J55/$N55,0) -> 0.10260766 | L55: 1262 | M55: =IFERROR(L55/$N55,0) -> 0.10719443 | N55: 11773 | O55: =IFERROR(N55/$N55,0) -> 1
C56: Ambos | D56: 37 | E56: =IFERROR(D56/$N56,0) -> 0.0019029985 | F56: 14797 | G56: =IFERROR(F56/$N56,0) -> 0.76104511 | H56: 8 | I56: =IFERROR(H56/$N56,0) -> 0.00041145914 | J56: 2144 | K56: =IFERROR(J56/$N56,0) -> 0.11027105 | L56: 2457 | M56: =IFERROR(L56/$N56,0) -> 0.12636939 | N56: 19443 | O56: =IFERROR(N56/$N56,0) -> 1
B57: Todos los beneficios | C57: Mujeres | D57: 400 | E57: =IFERROR(D57/$N57,0) -> 0.0012067129 | F57: 242068 | G57: =IFERROR(F57/$N57,0) -> 0.73026647 | H57: 205 | I57: =IFERROR(H57/$N57,0) -> 0.00061844038 | J57: 50840 | K57: =IFERROR(J57/$N57,0) -> 0.15337322 | L57: 37966 | M57: =IFERROR(L57/$N57,0) -> 0.11453516 | N57: 331479 | O57: =IFERROR(N57/$N57,0) -> 1
C58: Hombres | D58: 506 | E58: =IFERROR(D58/$N58,0) -> 0.0015709017 | F58: 240971 | G58: =IFERROR(F58/$N58,0) -> 0.74810623 | H58: 31 | I58: =IFERROR(H58/$N58,0) -> 9.6241012e-05 | J58: 52551 | K58: =IFERROR(J58/$N58,0) -> 0.16314714 | L58: 28049 | M58: =IFERROR(L58/$N58,0) -> 0.087079489 | N58: 322108 | O58: =IFERROR(N58/$N58,0) -> 1
C59: Ambos | D59: 906 | E59: =IFERROR(D59/$N59,0) -> 0.0013861965 | F59: 483039 | G59: =IFERROR(F59/$N59,0) -> 0.73905846 | H59: 236 | I59: =IFERROR(H59/$N59,0) -> 0.00036108429 | J59: 103391 | K59: =IFERROR(J59/$N59,0) -> 0.15819011 | L59: 66015 | M59: =IFERROR(L59/$N59,0) -> 0.10100415 | N59: 653587 | O59: =IFERROR(N59/$N59,0) -> 1
B60: Fuente: Elaboración propia con datos del IPS Nota: El estado final de las solicitudes puede cambiar entre periodos, dado que se incluyen solicitudes en trámite.
B62: Serie resumen de solicitudes de beneficios, por tipo y sexo
B63: (julio 2008 a diciembre 2022)
B65: PERIODO | C65: PBS Vejez | E65: PBS Invalidez | G65: PGU No Contributiva | I65: PGU Contributiva | K65: APS Vejez | M65: APS Invalidez | O65: Total Beneficios
C66: Mujeres | D66: Hombres | E66: Mujeres | F66: Hombres | G66: Mujeres | H66: Hombres | I66: Mujeres | J66: Hombres | K66: Mujeres | L66: Hombres | M66: Mujeres | N66: Hombres | O66: Mujeres | P66: Hombres
B67: Promedio 2008 | C67: 11144 | D67: 2839.8333 | E67: 4797.3333 | F67: 1350.1667 | K67: 1363.3333 | L67: 741.66667 | M67: 635.33333 | N67: 355.33333 | O67: 17940 | P67: 5287
B68: Promedio 2009 | C68: 3802.4167 | D68: 1127.0833 | E68: 2238.3333 | F68: 716.5 | K68: 14735.417 | L68: 10108 | M68: 563.75 | N68: 411.83333 | O68: 21339.917 | P68: 12363.417
B69: Promedio 2010 | C69: 2544.9167 | D69: 849.5 | E69: 1551.25 | F69: 529.33333 | K69: 8059.5833 | L69: 5944.25 | M69: 577.41667 | N69: 416.66667 | O69: 12733.167 | P69: 7739.75
B70: Promedio 2011 | C70: 2356.9167 | D70: 760.91667 | E70: 1290.25 | F70: 454.58333 | K70: 6132.25 | L70: 4373.6667 | M70: 501.91667 | N70: 362.08333 | O70: 10281.333 | P70: 5951.25
B71: Promedio 2012 | C71: 2155 | D71: 687.58333 | E71: 1182.25 | F71: 450.58333 | K71: 6165.5 | L71: 4696.0833 | M71: 394.83333 | N71: 290.66667 | O71: 9897.5833 | P71: 6124.9167
B72: Promedio 2013 | C72: 2082.5 | D72: 644 | E72: 1035.5833 | F72: 383.75 | K72: 3374.0833 | L72: 3041.6667 | M72: 345 | N72: 262.91667 | O72: 6837.1667 | P72: 4332.3333
B73: Promedio 2014 | C73: 2534.5833 | D73: 748.08333 | E73: 1047.9167 | F73: 416.5 | K73: 3871 | L73: 3507.75 | M73: 284.66667 | N73: 219.83333 | O73: 7738.1667 | P73: 4892.1667
B74: Promedio 2015 | C74: 1953.5 | D74: 633.33333 | E74: 1068.9167 | F74: 477.5 | K74: 4056.8333 | L74: 3349.6667 | M74: 107.25 | N74: 101.16667 | O74: 7186.5 | P74: 4561.6667
B75: Promedio 2016 | C75: 1939.5 | D75: 617.58333 | E75: 1027.5833 | F75: 480.25 | K75: 4120.8333 | L75: 3165.1667 | M75: 110.66667 | N75: 104.08333 | O75: 7198.5833 | P75: 4367.0833
B76: Promedio 2017 | C76: 2016.6667 | D76: 652.33333 | E76: 1048.3333 | F76: 479.58333 | K76: 4749 | L76: 3879 | M76: 132.83333 | N76: 131.08333 | O76: 7946.8333 | P76: 5142
B77: Promedio 2018 | C77: 2019.1667 | D77: 611.41667 | E77: 966.83333 | F77: 449.41667 | K77: 5704.0833 | L77: 4593.1667 | M77: 257.83333 | N77: 264.83333 | O77: 8947.9167 | P77: 5918.8333
B78: Promedio 2019 | C78: 1905.25 | D78: 572.5 | E78: 947.58333 | F78: 438.83333 | K78: 5122 | L78: 4283.5833 | M78: 252 | N78: 254.25 | O78: 8226.8333 | P78: 5549.1667
B79: Promedio 2020 | C79: 1944.25 | D79: 595.91667 | E79: 833.5 | F79: 417.16667 | K79: 7444.5833 | L79: 6437.1667 | M79: 309.5 | N79: 335.33333 | O79: 10531.833 | P79: 7785.5833
B80: 44197 | C80: 2020 | D80: 604 | E80: 1166 | F80: 720 | K80: 7345 | L80: 5352 | M80: 428 | N80: 517 | O80: 10959 | P80: 7193
B81: 44228 | C81: 1834 | D81: 519 | E81: 1033 | F81: 574 | K81: 6860 | L81: 5345 | M81: 402 | N81: 460 | O81: 10129 | P81: 6898
B82: 44256 | C82: 1992 | D82: 686 | E82: 1277 | F82: 654 | K82: 7991 | L82: 6603 | M82: 1205 | N82: 1595 | O82: 12465 | P82: 9538
B83: 44287 | C83: 2259 | D83: 694 | E83: 1437 | F83: 690 | K83: 7730 | L83: 6023 | M83: 1351 | N83: 1712 | O83: 12777 | P83: 9119
B84: 44317 | C84: 2499 | D84: 847 | E84: 1460 | F84: 817 | K84: 7824 | L84: 5905 | M84: 873 | N84: 1246 | O84: 12656 | P84: 8815
B85: 44348 | C85: 2689 | D85: 907 | E85: 1392 | F85: 733 | K85: 7728 | L85: 5769 | M85: 707 | N85: 1031 | O85: 12516 | P85: 8440
B86: 44378 | C86: 3028 | D86: 1091 | E86: 1586 | F86: 823 | K86: 9139 | L86: 6680 | M86: 632 | N86: 977 | O86: 14385 | P86: 9571
B87: 44409 | C87: 3100 | D87: 1197 | E87: 1720 | F87: 921 | K87: 10242 | L87: 7981 | M87: 646 | N87: 907 | O87: 15708 | P87: 11006
B88: 44440 | C88: 3310 | D88: 1219 | E88: 1584 | F88: 746 | K88: 11148 | L88: 8667 | M88: 603 | N88: 841 | O88: 16645 | P88: 11473
B89: 44470 | C89: 2513 | D89: 964 | E89: 1686 | F89: 778 | K89: 9979 | L89: 7722 | M89: 562 | N89: 870 | O89: 14740 | P89: 10334
B90: 44501 | C90: 2880 | D90: 1010 | E90: 1848 | F90: 810 | K90: 11623 | L90: 8527 | M90: 574 | N90: 923 | O90: 16925 | P90: 11270
B91: 44531 | C91: 2760 | D91: 1031 | E91: 1741 | F91: 773 | K91: 10343 | L91: 8552 | M91: 602 | N91: 846 | O91: 15446 | P91: 11202
B92: Promedio 2021 | C92: 2573.6667 | D92: 897.41667 | E92: 1494.1667 | F92: 753.25 | K92: 8996 | L92: 6927.1667 | M92: 715.41667 | N92: 993.75 | O92: 13779.25 | P92: 9571.5833
B93: 44562 | C93: 3608 | D93: 1271 | E93: 2271 | F93: 940 | K93: 11692 | L93: 10278 | M93: 675 | N93: 877 | O93: 18246 | P93: 13366
B94: 44593 | E94: 2009 | F94: 996 | G94: 7541 | H94: 2410 | I94: 68424 | J94: 70811 | M94: 1316 | N94: 2023 | O94: 79290 | P94: 76240
B95: 44621 | E95: 2346 | F95: 1095 | G95: 1781 | H95: 1020 | I95: 26366 | J95: 28700 | M95: 754 | N95: 1159 | O95: 31247 | P95: 31974
B96: 44652 | E96: 2160 | F96: 966 | G96: 2085 | H96: 1410 | I96: 15430 | J96: 17755 | M96: 554 | N96: 780 | O96: 20229 | P96: 20911
B97: 44682 | E97: 2170 | F97: 913 | G97: 3007 | H97: 2133 | I97: 13646 | J97: 16525 | M97: 542 | N97: 840 | O97: 19365 | P97: 20411
B98: 44713 | E98: 1880 | F98: 833 | G98: 2929 | H98: 2237 | I98: 13855 | J98: 16953 | M98: 518 | N98: 816 | O98: 19182 | P98: 20839
B99: 44743 | E99: 2193 | F99: 942 | G99: 3274 | H99: 2797 | I99: 15514 | J99: 17948 | M99: 585 | N99: 941 | O99: 21566 | P99: 22628
B100: 44774 | E100: 2637 | F100: 1031 | G100: 4664 | H100: 5135 | I100: 22190 | J100: 25663 | M100: 758 | N100: 1192 | O100: 30249 | P100: 33021
B101: 44805 | E101: 1928 | F101: 788 | G101: 3942 | H101: 4540 | I101: 13509 | J101: 12322 | M101: 482 | N101: 795 | O101: 19861 | P101: 18445
B102: 44835 | E102: 1990 | F102: 783 | G102: 4736 | H102: 5710 | I102: 19289 | J102: 15867 | M102: 482 | N102: 735 | O102: 26497 | P102: 23095
B103: 44866 | E103: 2227 | F103: 879 | G103: 5551 | H103: 7136 | I103: 17130 | J103: 13735 | M103: 502 | N103: 851 | O103: 25410 | P103: 22601
B104: 44896 | E104: 1679 | F104: 744 | G104: 5002 | H104: 6925 | I104: 13154 | J104: 10144 | M104: 502 | N104: 764 | O104: 20337 | P104: 18577
B105: Promedio 2022 | C105: 3608 | D105: 1271 | E105: 2124.1667 | F105: 909.16667 | G105: 4046.5455 | H105: 3768.4545 | I105: 21682.455 | J105: 22402.091 | K105: 11692 | L105: 10278 | M105: 639.16667 | N105: 981.08333 | O105: 27623.25 | P105: 26842.333
B106: TOTAL | C106: 428412 | D106: 131082 | E106: 243064 | F106: 96378 | G106: 44512 | H106: 41453 | I106: 238507 | J106: 246423 | K106: 1010246 | L106: 786404 | M106: 66119 | N106: 63687 | O106: 2030860 | P106: 1365427
B107: Fuente: Elaboración propia con datos del IPS Nota: El estado final de las solicitudes puede cambiar entre periodos, dado que se incluyen solicitudes en trámite.

Sheet Solicitudes_compl
B2: TOTAL SOLICITUDES
B3: informacion interna
B4: Número de solicitudes* mensuales de beneficios de vejez e invalidez del SPS y PGU**
B5: (julio 2008 a diciembre 2022)
B7: PERIODO | C7: TOTAL SOLICITUDES (PBS, APS y PGU)
C8: PBSV | D8: PBSI | E8: APSV*** | F8: APSI | G8: PGU | H8: Total | K8: quitar tabla por instituciones
B9: Total 2008 | C9: 83903 | D9: 36885 | E9: 12630 | F9: 5944 | H9: =SUM(C9:F9) -> 139362 | K9: Número de solicitudes de beneficios SPS y PGU según institución donde se realizó el trámite de solicitud | AD9: Número de solicitudes de beneficios SPS y PGU según institución donde se realizó el trámite de solicitud
B10: Total 2009 | C10: 59154 | D10: 35458 | E10: 298121 | F10: 11707 | H10: =SUM(C10:F10) -> 404440 | K10: (julio 2008 a diciembre 2022) | AD10: (octubre 2022 a diciembre 2022)
B11: Total 2010 | C11: 40733 | D11: 24967 | E11: 168046 | F11: 11929 | H11: =SUM(C11:F11) -> 245675
B12: Total 2011 | C12: 37414 | D12: 20938 | E12: 126071 | F12: 10368 | H12: =SUM(C12:F12) -> 194791 | K12: Institución | L12: 2008 | M12: 2009 | N12: 2010 | O12: 2011 | P12: 2012 | Q12: 2013 | R12: 2014 | S12: 2015 | T12: 2016 | U12: 2017 | V12: 2018 | W12: 2019 | X12: 2020 | Y12: 2021 | Z12: 2022 | AA12: Total | AD12: Institución | AE12: 44835 | AF12: 44866 | AG12: 44896 | AH12: Total Trimestre 4 2022
B13: Total 2012 | C13: 34111 | D13: 19594 | E13: 130339 | F13: 8226 | H13: =SUM(C13:F13) -> 192270 | K13: IPS | L13: 95470 | M13: 299851 | N13: 148063 | O13: 114399 | P13: 126850 | Q13: 83745 | R13: 94143 | S13: 84139 | T13: 84299 | U13: 94990 | V13: 106236 | W13: 95189 | X13: 107160 | Y13: 117979 | Z13: 250187 | AA13: =SUM(L13:Z13) -> 1902700 | AD13: IPS | AE13: 19719 | AF13: 22796 | AG13: 17770 | AH13: =SUM(AE13:AG13) -> 60285
B14: Total 2013 | C14: 32718 | D14: 17032 | E14: 76989 | F14: 7295 | H14: =SUM(C14:F14) -> 134034 | K14: AFP | L14: 1029 | M14: 30362 | N14: 32918 | O14: 25990 | P14: 24058 | Q14: 22686 | R14: 27044 | S14: 29604 | T14: 29016 | U14: 34397 | V14: 43517 | W14: 43221 | X14: 56267 | Y14: 73775 | Z14: 99369 | AA14: =SUM(L14:Z14) -> 573253 | AD14: AFP | AE14: 6527 | AF14: 6510 | AG14: 5625 | AH14: =SUM(AE14:AG14) -> 18662
B15: Total 2014 | C15: 39392 | D15: 17573 | E15: 88545 | F15: 6054 | H15: =SUM(C15:F15) -> 151564 | K15: Cía. De Seguros | L15: 0 | M15: 0 | N15: 5301 | O15: 11377 | P15: 9223 | Q15: 6357 | R15: 6542 | S15: 5381 | T15: 4531 | U15: 4540 | V15: 4894 | W15: 4177 | X15: 8095 | Y15: 7164 | Z15: 9558 | AA15: =SUM(L15:Z15) -> 87140 | AD15: Cía. De Seguros | AE15: 623 | AF15: 681 | AG15: 385 | AH15: =SUM(AE15:AG15) -> 1689
B16: Total 2015 | C16: 31042 | D16: 18557 | E16: 88878 | F16: 2501 | H16: =SUM(C16:F16) -> 140978 | K16: Municipalidades | L16: 42858 | M16: 74227 | N16: 59393 | O16: 43025 | P16: 32139 | Q16: 21246 | R16: 23835 | S16: 21854 | T16: 20904 | U16: 22824 | V16: 22939 | W16: 21341 | X16: 19280 | Y16: 24333 | Z16: 31316 | AA16: =SUM(L16:Z16) -> 481514 | AD16: Municipalidades | AE16: 2426 | AF16: 2788 | AG16: 2390 | AH16: =SUM(AE16:AG16) -> 7604
B17: Enero | C17: 2173 | D17: 1500 | E17: 6222 | F17: 224 | H17: =SUM(C17:F17) -> 10119 | K17: Registro Civil | L17: 5 | M17: 0 | N17: 0 | O17: 0 | P17: 0 | Q17: 0 | R17: 0 | S17: 0 | T17: 0 | U17: 0 | V17: 0 | W17: 0 | X17: 0 | Y17: 0 | Z17: 0 | AA17: =SUM(L17:Z17) -> 5 | AD17: Registro Civil | AE17: 20297 | AF17: 15246 | AG17: 12744 | AH17: =SUM(AE17:AG17) -> 48287
B18: Febrero | C18: 2224 | D18: 1403 | E18: 6802 | F18: 216 | H18: =SUM(C18:F18) -> 10645 | K18: Canal Web | L18: 0 | M18: 0 | N18: 0 | O18: 0 | P18: 0 | Q18: 0 | R18: 0 | S18: 0 | T18: 38 | U18: 315 | V18: 815 | W18: 1384 | X18: 29007 | Y18: 56959 | Z18: 263157 | AA18: 351675 | AD18: Canal Web
B19: Marzo | C19: 2350 | D19: 1601 | E19: 6925 | F19: 207 | H19: =SUM(C19:F19) -> 11083 | K19: Total | L19: =SUM(L13:L18) -> 139362 | M19: =SUM(M13:M18) -> 404440 | N19: =SUM(N13:N18) -> 245675 | O19: =SUM(O13:O18) -> 194791 | P19: =SUM(P13:P18) -> 192270 | Q19: =SUM(Q13:Q18) -> 134034 | R19: =SUM(R13:R18) -> 151564 | S19: =SUM(S13:S18) -> 140978 | ... AA19: =SUM(AA13:AA18) -> 3396287 | AD19: Total | AE19: =SUM(AE13:AE18) -> 49592 | AF19: =SUM(AF13:AF18) -> 48021 | AG19: =SUM(AG13:AG18) -> 38914 | AH19: =SUM(AH13:AH18) -> 136527
B20: Abril | C20: 3284 | D20: 1531 | E20: 7503 | F20: 205 | H20: =SUM(C20:F20) -> 12523 | K20: Fuente: Elaboración propia a partir de Bases de Datos del IPS. Información actualizada a Diciembre 2022.
B21: Mayo | C21: 2764 | D21: 1579 | E21: 9264 | F21: 224 | H21: =SUM(C21:F21) -> 13831
B22: Junio | C22: 2478 | D22: 1445 | E22: 6920 | F22: 174 | H22: =SUM(C22:F22) -> 11017
B23: Julio | C23: 2663 | D23: 1514 | E23: 6996 | F23: 198 | H23: =SUM(C23:F23) -> 11371 | K23: Número de solicitudes del beneficio PGU mensual según institución donde se realizó el trámite de solicitud
B24: Agosto | C24: 2949 | D24: 1850 | E24: 8983 | F24: 245 | H24: =SUM(C24:F24) -> 14027 | K24: (febrero 2022 a diciembre 2022)
B25: Septiembre | C25: 2715 | D25: 1614 | E25: 7860 | F25: 213 | H25: =SUM(C25:F25) -> 12402
B26: Octubre | C26: 2274 | D26: 1331 | E26: 6676 | F26: 215 | H26: =SUM(C26:F26) -> 10496 | K26: Institución | L26: Febrero | M26: Marzo | N26: Abril | O26: Mayo | P26: Junio | Q26: Julio | R26: Agosto | S26: Septiembre | T26: Octubre | U26: Noviembre | V26: Diciembre | W26: Total
B27: Noviembre | C27: 2376 | D27: 1259 | E27: 6679 | F27: 208 | H27: =SUM(C27:F27) -> 10522 | K27: IPS | L27: 33391 | M27: 24468 | N27: 15614 | O27: 15183 | P27: 15569 | Q27: 16839 | R27: 22369 | S27: 14247 | T27: 17724 | U27: 20504 | V27: 15932 | W27: =SUM(L27:V27) -> 211840
B28: Diciembre | C28: 2435 | D28: 1467 | E28: 6602 | F28: 248 | H28: =SUM(C28:F28) -> 10752 | K28: AFP | L28: 9704 | M28: 9520 | N28: 7533 | O28: 7931 | P28: 7526 | Q28: 7879 | R28: 9071 | S28: 6033 | T28: 5791 | U28: 5751 | V28: 4886 | W28: =SUM(L28:V28) -> 81625
B29: Total 2016 | C29: =SUM(C17:C28) -> 30685 | D29: =SUM(D17:D28) -> 18094 | E29: =SUM(E17:E28) -> 87432 | F29: =SUM(F17:F28) -> 2577 | H29: =SUM(H17:H28) -> 138788 | K29: Cía. De Seguros | L29: 1778 | M29: 1136 | N29: 679 | O29: 581 | P29: 704 | Q29: 735 | R29: 884 | S29: 415 | T29: 611 | U29: 650 | V29: 361 | W29: =SUM(L29:V29) -> 8534
B30: Enero | C30: 3122 | D30: 1508 | E30: 7979 | F30: 269 | H30: =SUM(C30:F30) -> 12878 | K30: Municipalidades | L30: 2114 | M30: 2094 | N30: 1761 | O30: 1772 | P30: 1614 | Q30: 1702 | R30: 2309 | S30: 1677 | T30: 1807 | U30: 2062 | V30: 1847 | W30: =SUM(L30:V30) -> 20759
B31: Febrero | C31: 2377 | D31: 1375 | E31: 7282 | F31: 213 | H31: =SUM(C31:F31) -> 11247 | K31: Canal Web | L31: 102199 | M31: 20649 | N31: 11093 | O31: 9844 | P31: 10561 | Q31: 12378 | R31: 23019 | S31: 11941 | T31: 19669 | U31: 14585 | V31: 12199 | W31: =SUM(L31:V31) -> 248137
B32: Marzo | C32: 2340 | D32: 1762 | E32: 8966 | F32: 224 | H32: =SUM(C32:F32) -> 13292 | K32: Total | L32: =SUM(L27:L31) -> 149186 | M32: =SUM(M27:M31) -> 57867 | N32: =SUM(N27:N31) -> 36680 | O32: =SUM(O27:O31) -> 35311 | P32: =SUM(P27:P31) -> 35974 | Q32: =SUM(Q27:Q31) -> 39533 | R32: =SUM(R27:R31) -> 57652 | S32: =SUM(S27:S31) -> 34313 | ... W32: =SUM(W27:W31) -> 570895
B33: Abril | C33: 2319 | D33: 1421 | E33: 7022 | F33: 212 | H33: =SUM(C33:F33) -> 10974 | K33: Fuente: Elaboración propia a partir de Bases de Datos del IPS. Información actualizada a Diciembre 2022.
B34: Mayo | C34: 2725 | D34: 1582 | E34: 9937 | F34: 270 | H34: =SUM(C34:F34) -> 14514
B35: Junio | C35: 2467 | D35: 1474 | E35: 7973 | F35: 218 | H35: =SUM(C35:F35) -> 12132
B36: Julio | C36: 2809 | D36: 1626 | E36: 9532 | F36: 294 | H36: =SUM(C36:F36) -> 14261 | K36: Número de solicitudes* anual de beneficios de vejez e invalidez del SPS y PGU**
B37: Agosto | C37: 2996 | D37: 1673 | E37: 9947 | F37: 305 | H37: =SUM(C37:F37) -> 14921 | K37: (febrero 2022 a diciembre 2022)
B38: Septiembre | C38: 2682 | D38: 1371 | E38: 8257 | F38: 259 | H38: =SUM(C38:F38) -> 12569
B39: Octubre | C39: 3034 | D39: 1585 | E39: 9685 | F39: 312 | H39: =SUM(C39:F39) -> 14616 | K39: Año | L39: PBSV | M39: PBSI | N39: APSV | O39: APSI | P39: PGU | Q39: Total
B40: Noviembre | C40: 2756 | D40: 1664 | E40: 9055 | F40: 316 | H40: =SUM(C40:F40) -> 13791 | K40: 2008 | L40: =Solicitudes_compl!C9 -> 83903 | M40: =Solicitudes_compl!D9 -> 36885 | N40: =Solicitudes_compl!E9 -> 12630 | O40: =Solicitudes_compl!F9 -> 5944 | P40: 0 | Q40: =SUM(L40:P40) -> 139362
B41: Diciembre | C41: 2401 | D41: 1294 | E41: 7901 | F41: 275 | H41: =SUM(C41:F41) -> 11871 | K41: 2009 | L41: =Solicitudes_compl!C10 -> 59154 | M41: =Solicitudes_compl!D10 -> 35458 | N41: =Solicitudes_compl!E10 -> 298121 | O41: =Solicitudes_compl!F10 -> 11707 | P41: 0 | Q41: =SUM(L41:P41) -> 404440
B42: Total 2017 | C42: =SUM(C30:C41) -> 32028 | D42: =SUM(D30:D41) -> 18335 | E42: =SUM(E30:E41) -> 103536 | F42: =SUM(F30:F41) -> 3167 | H42: =SUM(H30:H41) -> 157066 | K42: 2010 | L42: =Solicitudes_compl!C11 -> 40733 | M42: =Solicitudes_compl!D11 -> 24967 | N42: =Solicitudes_compl!E11 -> 168046 | O42: =Solicitudes_compl!F11 -> 11929 | P42: 0 | Q42: =SUM(L42:P42) -> 245675
B43: Enero | C43: 2721 | D43: 1453 | E43: 11159 | F43: 401 | H43: =SUM(C43:F43) -> 15734 | K43: 2011 | L43: =Solicitudes_compl!C12 -> 37414 | M43: =Solicitudes_compl!D12 -> 20938 | N43: =Solicitudes_compl!E12 -> 126071 | O43: =Solicitudes_compl!F12 -> 10368 | P43: 0 | Q43: =SUM(L43:P43) -> 194791
B44: Febrero | C44: 2301 | D44: 1173 | E44: 11051 | F44: 732 | H44: =SUM(C44:F44) -> 15257 | K44: 2012 | L44: =Solicitudes_compl!C13 -> 34111 | M44: =Solicitudes_compl!D13 -> 19594 | N44: =Solicitudes_compl!E13 -> 130339 | O44: =Solicitudes_compl!F13 -> 8226 | P44: 0 | Q44: =SUM(L44:P44) -> 192270
B45: Marzo | C45: 2626 | D45: 1458 | E45: 10390 | F45: 921 | H45: =SUM(C45:F45) -> 15395 | K45: 2013 | L45: =Solicitudes_compl!C14 -> 32718 | M45: =Solicitudes_compl!D14 -> 17032 | N45: =Solicitudes_compl!E14 -> 76989 | O45: =Solicitudes_compl!F14 -> 7295 | P45: 0 | Q45: =SUM(L45:P45) -> 134034
B46: Abril | C46: 2566 | D46: 1511 | E46: 9759 | F46: 837 | H46: =SUM(C46:F46) -> 14673 | K46: 2014 | L46: =Solicitudes_compl!C15 -> 39392 | M46: =Solicitudes_compl!D15 -> 17573 | N46: =Solicitudes_compl!E15 -> 88545 | O46: =Solicitudes_compl!F15 -> 6054 | P46: 0 | Q46: =SUM(L46:P46) -> 151564
B47: Mayo | C47: 2730 | D47: 1384 | E47: 11338 | F47: 557 | H47: =SUM(C47:F47) -> 16009 | K47: 2015 | L47: =Solicitudes_compl!C16 -> 31042 | M47: =Solicitudes_compl!D16 -> 18557 | N47: =Solicitudes_compl!E16 -> 88878 | O47: =Solicitudes_compl!F16 -> 2501 | P47: 0 | Q47: =SUM(L47:P47) -> 140978
B48: Junio | C48: 2508 | D48: 1416 | E48: 9844 | F48: 524 | H48: =SUM(C48:F48) -> 14292 | K48: 2016 | L48: =Solicitudes_compl!C29 -> 30685 | M48: =Solicitudes_compl!D29 -> 18094 | N48: =Solicitudes_compl!E29 -> 87432 | O48: =Solicitudes_compl!F29 -> 2577 | P48: 0 | Q48: =SUM(L48:P48) -> 138788
B49: Julio | C49: 2765 | D49: 1457 | E49: 10406 | F49: 480 | H49: =SUM(C49:F49) -> 15108 | K49: 2017 | L49: =Solicitudes_compl!C42 -> 32028 | M49: =Solicitudes_compl!D42 -> 18335 | N49: =Solicitudes_compl!E42 -> 103536 | O49: =Solicitudes_compl!F42 -> 3167 | P49: 0 | Q49: =SUM(L49:P49) -> 157066
B50: Agosto | C50: 3040 | D50: 1641 | E50: 11023 | F50: 427 | H50: =SUM(C50:F50) -> 16131 | K50: 2018 | L50: =Solicitudes_compl!C55 -> 31567 | M50: =Solicitudes_compl!D55 -> 16995 | N50: =Solicitudes_compl!E55 -> 123567 | O50: =Solicitudes_compl!F55 -> 6272 | P50: 0 | Q50: =SUM(L50:P50) -> 178401
B51: Septiembre | C51: 2125 | D51: 1251 | E51: 8571 | F51: 339 | H51: =SUM(C51:F51) -> 12286 | K51: 2019 | L51: =Solicitudes_compl!C68 -> 29733 | M51: =Solicitudes_compl!D68 -> 16637 | N51: =Solicitudes_compl!E68 -> 112867 | O51: =Solicitudes_compl!F68 -> 6075 | P51: 0 | Q51: =SUM(L51:P51) -> 165312
B52: Octubre | C52: 3181 | D52: 1519 | E52: 11882 | F52: 419 | H52: =SUM(C52:F52) -> 17001 | K52: 2020 | L52: =Solicitudes_compl!C81 -> 30482 | M52: =Solicitudes_compl!D81 -> 15008 | N52: =Solicitudes_compl!E81 -> 166581 | O52: =Solicitudes_compl!F81 -> 7738 | P52: 0 | Q52: =SUM(L52:P52) -> 219809
B53: Noviembre | C53: 2631 | D53: 1405 | E53: 9497 | F53: 308 | H53: =SUM(C53:F53) -> 13841 | K53: 2021 | L53: =Solicitudes_compl!C94 -> 41653 | M53: =Solicitudes_compl!D94 -> 26969 | N53: =Solicitudes_compl!E94 -> 191078 | O53: =Solicitudes_compl!F94 -> 20510 | P53: 0 | Q53: =SUM(L53:P53) -> 280210
B54: Diciembre | C54: 2373 | D54: 1327 | E54: 8647 | F54: 327 | H54: =SUM(C54:F54) -> 12674 | K54: 2022 | L54: =Solicitudes_compl!C107 -> 4879 | M54: =Solicitudes_compl!D107 -> 36400 | N54: =Solicitudes_compl!E107 -> 21970 | O54: =Solicitudes_compl!F107 -> 19443 | P54: =Solicitudes_compl!G107 -> 570895 | Q54: =SUM(L54:P54) -> 653587
B55: Total 2018 | C55: =SUM(C43:C54) -> 31567 | D55: =SUM(D43:D54) -> 16995 | E55: =SUM(E43:E54) -> 123567 | F55: =SUM(F43:F54) -> 6272 | H55: =SUM(H43:H54) -> 178401 | K55: Total | L55: =SUM(L40:L54) -> 559494 | M55: =SUM(M40:M54) -> 339442 | N55: =SUM(N40:N54) -> 1796650 | O55: =SUM(O40:O54) -> 129806 | P55: =SUM(P40:P54) -> 570895 | Q55: =SUM(Q40:Q54) -> 3396287
B56: Enero | C56: 2750 | D56: 1462 | E56: 10200 | F56: 565 | H56: =SUM(C56:F56) -> 14977 | K56: Fuente: Elaboración propia a partir de Bases de Datos del IPS. Información actualizada a Diciembre 2022.
B57: Febrero | C57: 2188 | D57: 1293 | E57: 8591 | F57: 685 | H57: =SUM(C57:F57) -> 12757 | K57: * Corresponde al número de trámites de solicitud realizados, no el número de personas que han realizado una solicitud. Esto dado que una persona puede hacer más de una solicitud, toda vez que estas sean rechazadas, desistidas o anuladas. ** Producto de un cambio en la fuente de información, el número de solicitudes fue actualizado para los años 2010 al 2021. Las actuales cifran incluyen las solicitudes automáticas generadas por los traspasos de los beneficios de invalidez a vejez. *** El número de APSV incluye las solicitudes del beneficio Nbis para los años 2019, 2020 y 2021, las cuales correspondieron a 1, 531 y 427 solicitudes, respectivamente. El beneficio Nbis (ley 21.190 art 9 bis) estaba dirigido a los pensionados por Retiro Programado con Pensión Base mayor a la PMAS, y que cumplían con los demás requisitos exigidos por la ley. Permitía acceder a un complemento de manera tal que la pensión final no desciediera del valor de una Pensión Básica Solidaria.
B58: Marzo | C58: 2496 | D58: 1471 | E58: 9418 | F58: 638 | H58: =SUM(C58:F58) -> 14023
B59: Abril | C59: 2388 | D59: 1544 | E59: 9186 | F59: 584 | H59: =SUM(C59:F59) -> 13702
B60: Mayo | C60: 2428 | D60: 1373 | E60: 9457 | F60: 483 | H60: =SUM(C60:F60) -> 13741
B61: Junio | C61: 2221 | D61: 1366 | E61: 8050 | F61: 401 | H61: =SUM(C61:F61) -> 12038
B62: Julio | C62: 2612 | D62: 1574 | E62: 10193 | F62: 470 | H62: =SUM(C62:F62) -> 14849
B63: Agosto | C63: 2584 | D63: 1488 | E63: 9712 | F63: 424 | H63: =SUM(C63:F63) -> 14208
B64: Septiembre | C64: 2469 | D64: 1221 | E64: 8795 | F64: 457 | H64: =SUM(C64:F64) -> 12942
B65: Octubre | C65: 2384 | D65: 1180 | E65: 7849 | F65: 360 | H65: =SUM(C65:F65) -> 11773
B66: Noviembre | C66: 2268 | D66: 1004 | E66: 7880 | F66: 388 | H66: =SUM(C66:F66) -> 11540
B67: Diciembre | C67: 2945 | D67: 1661 | E67: 13536 | F67: 620 | H67: =SUM(C67:F67) -> 18762
B68: Total 2019 | C68: =SUM(C56:C67) -> 29733 | D68: =SUM(D56:D67) -> 16637 | E68: =SUM(E56:E67) -> 112867 | F68: =SUM(F56:F67) -> 6075 | H68: =SUM(C68:F68) -> 165312
B69: Enero | C69: 3010 | D69: 1753 | E69: 19891 | F69: 741 | H69: =SUM(C69:F69) -> 25395
B70: Febrero | C70: 2521 | D70: 1559 | E70: 24159 | F70: 845 | H70: =SUM(C70:F70) -> 29084 | K70: Solicitudes en trámite al 31/01
B71: Marzo | C71: 2000 | D71: 1119 | E71: 12648 | F71: 527 | H71: =SUM(C71:F71) -> 16294
B72: Abril | C72: 1368 | D72: 462 | E72: 6817 | F72: 450 | H72: =SUM(C72:F72) -> 9097 | K72: 40000
B73: Mayo | C73: 2058 | D73: 843 | E73: 10889 | F73: 718 | H73: =SUM(C73:F73) -> 14508 | K73: Fuente: IPS.
B74: Junio | C74: 1919 | D74: 773 | E74: 9601 | F74: 637 | H74: =SUM(C74:F74) -> 12930
B75: Julio | C75: 2816 | D75: 939 | E75: 11414 | F75: 530 | H75: =SUM(C75:F75) -> 15699
B76: Agosto | C76: 3066 | D76: 1181 | E76: 14803 | F76: 627 | H76: =SUM(C76:F76) -> 19677 | K76: Potenciales pendientes de solicitud al 31/01
B77: Septiembre | C77: 3009 | D77: 1422 | E77: 14413 | F77: 732 | H77: =SUM(C77:F77) -> 19576
B78: Octubre | C78: 3231 | D78: 1811 | E78: 15413 | F78: 835 | H78: =SUM(C78:F78) -> 21290 | K78: 65000
B79: Noviembre | C79: 2859 | D79: 1602 | E79: 13983 | F79: 605 | H79: =SUM(C79:F79) -> 19049 | K79: Fuente: IPS.
B80: Diciembre | C80: 2625 | D80: 1544 | E80: 12550 | F80: 491 | H80: =SUM(C80:F80) -> 17210
B81: Total 2020 | C81: =SUM(C69:C80) -> 30482 | D81: =SUM(D69:D80) -> 15008 | E81: =SUM(E69:E80) -> 166581 | F81: =SUM(F69:F80) -> 7738 | H81: =SUM(H69:H80) -> 219809
B82: Enero | C82: 2624 | D82: 1886 | E82: 12697 | F82: 945 | H82: =SUM(C82:F82) -> 18152
B83: Febrero | C83: 2353 | D83: 1607 | E83: 12205 | F83: 862 | H83: =SUM(C83:F83) -> 17027
B84: Marzo | C84: 2678 | D84: 1931 | E84: 14594 | F84: 2800 | H84: =SUM(C84:F84) -> 22003
B85: Abril | C85: 2953 | D85: 2127 | E85: 13753 | F85: 3063 | H85: =SUM(C85:F85) -> 21896
B86: Mayo | C86: 3346 | D86: 2277 | E86: 13729 | F86: 2119 | H86: =SUM(C86:F86) -> 21471
B87: Junio | C87: 3596 | D87: 2125 | E87: 13497 | F87: 1738 | H87: =SUM(C87:F87) -> 20956
B88: Julio | C88: 4119 | D88: 2409 | E88: 15819 | F88: 1609 | H88: =SUM(C88:F88) -> 23956
B89: Agosto | C89: 4297 | D89: 2641 | E89: 18223 | F89: 1553 | H89: =SUM(C89:F89) -> 26714
B90: Septiembre | C90: 4529 | D90: 2330 | E90: 19815 | F90: 1444 | H90: =SUM(C90:F90) -> 28118
B91: Octubre | C91: 3477 | D91: 2464 | E91: 17701 | F91: 1432 | H91: =SUM(C91:F91) -> 25074
B92: Noviembre | C92: 3890 | D92: 2658 | E92: 20150 | F92: 1497 | H92: =SUM(C92:F92) -> 28195
B93: Diciembre | C93: 3791 | D93: 2514 | E93: 18895 | F93: 1448 | H93: =SUM(C93:F93) -> 26648
B94: Total 2021 | C94: =SUM(C82:C93) -> 41653 | D94: =SUM(D82:D93) -> 26969 | E94: =SUM(E82:E93) -> 191078 | F94: =SUM(F82:F93) -> 20510 | H94: =SUM(H82:H93) -> 280210
B95: Enero | C95: 4879 | D95: 3211 | E95: 21970 | F95: 1552 | G95: 0 | H95: =SUM(C95:G95) -> 31612
B96: Febrero | C96: 0 | D96: 3005 | E96: 0 | F96: 3339 | G96: 149186 | H96: =SUM(C96:G96) -> 155530
B97: Marzo | C97: 0 | D97: 3441 | E97: 0 | F97: 1913 | G97: 57867 | H97: =SUM(C97:G97) -> 63221
B98: Abril | C98: 0 | D98: 3126 | E98: 0 | F98: 1334 | G98: 36680 | H98: =SUM(C98:G98) -> 41140
B99: Mayo | C99: 0 | D99: 3083 | E99: 0 | F99: 1382 | G99: 35311 | H99: =SUM(C99:G99) -> 39776
B100: Junio | C100: 0 | D100: 2713 | E100: 0 | F100: 1334 | G100: 35974 | H100: =SUM(C100:G100) -> 40021
B101: Julio | C101: 0 | D101: 3135 | E101: 0 | F101: 1526 | G101: 39533 | H101: =SUM(C101:G101) -> 44194
B102: Agosto | C102: 0 | D102: 3668 | E102: 0 | F102: 1950 | G102: 57652 | H102: =SUM(C102:G102) -> 63270
...

Sheet 2.3
B2: ESTADO SOLICITUDES PILAR NO CONTRIBUTIVO DE PENSIONES A NIVEL REGIONAL Y COMUNAL
B4: Resumen trimestral de solicitudes por región, según tipo y sexo
B5: (octubre 2022 a diciembre 2022)
B7: Región | C7: Tipo beneficio | I7: Sexo | K7: Total
C8: PBS Vejez | D8: PBS Invalidez | E8: PGU No Contributiva | F8: PGU Contributiva | G8: APS Vejez | H8: APS Invalidez | I8: Mujeres | J8: Hombres
B9: Región de Tarapacá | D9: 128 | E9: 543 | F9: 1497 | H9: 67 | I9: 1118 | J9: 1117 | K9: 2235
B10: Región de Antofagasta | D10: 202 | E10: 1086 | F10: 3023 | H10: 58 | I10: 2250 | J10: 2119 | K10: 4369
B11: Región de Atacama | D11: 131 | E11: 689 | F11: 1606 | H11: 46 | I11: 1194 | J11: 1278 | K11: 2472
B12: Región de Coquimbo | D12: 382 | E12: 1637 | F12: 4150 | H12: 184 | I12: 3226 | J12: 3127 | K12: 6353
B13: Región de Valparaíso | D13: 836 | E13: 3834 | F13: 10880 | H13: 493 | I13: 8670 | J13: 7373 | K13: 16043
B14: Región del Libertador General Bernardo O’Higgins | D14: 524 | E14: 1925 | F14: 5245 | H14: 268 | I14: 4165 | J14: 3797 | K14: 7962
B15: Región del Maule | D15: 579 | E15: 2252 | F15: 4783 | H15: 304 | I15: 4101 | J15: 3817 | K15: 7918
B16: Región del Bio-bío | D16: 988 | E16: 2981 | F16: 7535 | H16: 367 | I16: 6388 | J16: 5483 | K16: 11871
B17: Región de La Araucanía | D17: 676 | E17: 2214 | F17: 3838 | H17: 252 | I17: 3702 | J17: 3278 | K17: 6980
B18: Región de Los Lagos | D18: 526 | E18: 1727 | F18: 3334 | H18: 244 | I18: 3033 | J18: 2798 | K18: 5831
B19: Región Aysén del General Carlos Ibáñez del Campo | D19: 47 | E19: 322 | F19: 528 | H19: 23 | I19: 433 | J19: 487 | K19: 920
B20: Región de Magallanes y Antártica Chilena | D20: 55 | E20: 391 | F20: 1068 | H20: 38 | I20: 842 | J20: 710 | K20: 1552
... B24: Región de Ñuble | D24: 529 | E24: 1089 | F24: 2143 | H24: 246 | I24: 2158 | J24: 1849 | K24: 4007
B25: Total | D25: =SUM(D9:D24) -> 8302 | E25: =SUM(E9:E24) -> 35060 | F25: =SUM(F9:F24) -> 89319 | H25: =SUM(H9:H24) -> 3836 | I25: =SUM(I9:I24) -> 72244 | J25: =SUM(J9:J24) -> 64273 | K25: =SUM(K9:K24) -> 136517
B26: Fuente: Elaboración propia con datos del IPS Nota: El estado final de las solicitudes puede cambiar entre periodos, dado que se incluyen solicitudes en trámite.
B28: Resumen anual de solicitudes por región, según tipo y sexo
B29: (enero 2022 a diciembre 2022)
B31: Región | C31: Tipo beneficio | I31: Sexo | K31: Total
C32: PBS Vejez | D32: PBS Invalidez | E32: PGU No Contributiva | F32: PGU Contributiva | G32: APS Vejez | H32: APS Invalidez | I32: Mujeres | J32: Hombres
B33: Región de Tarapacá | C33: 72 | D33: 664 | E33: 1312 | F33: 7698 | G33: 315 | H33: 367 | I33: 4899 | J33: 5529 | K33: 10428
B34: Región de Antofagasta | C34: 161 | D34: 916 | E34: 2585 | F34: 15511 | G34: 626 | H34: 342 | I34: 9824 | J34: 10317 | K34: 20141
B35: Región de Atacama | C35: 75 | D35: 576 | E35: 1520 | F35: 7814 | G35: 322 | H35: 252 | I35: 4744 | J35: 5815 | K35: 10559
B36: Región de Coquimbo | C36: 221 | D36: 1749 | E36: 3883 | F36: 22207 | G36: 917 | H36: 868 | I36: 14546 | J36: 15299 | K36: 29845
B37: Región de Valparaíso | C37: 537 | D37: 3752 | E37: 9564 | F37: 60965 | G37: 2827 | H37: 2423 | I37: 41228 | J37: 38840 | K37: 80068
B38: Región del Libertador General Bernardo O’Higgins | C38: 243 | D38: 2229 | E38: 4486 | F38: 27337 | G38: 1224 | H38: 1507 | I38: 18229 | J38: 18797 | K38: 37026
B39: Región del Maule | C39: 321 | D39: 2460 | E39: 5448 | F39: 26334 | G39: 1504 | H39: 1464 | I39: 18611 | J39: 18920 | K39: 37531
B40: Región del Bio-bío | C40: 413 | D40: 4094 | E40: 7552 | F40: 42778 | G40: 1847 | H40: 2021 | I40: 29854 | J40: 28851 | K40: 58705
B41: Región de La Araucanía | C41: 333 | D41: 2926 | E41: 5763 | F41: 21104 | G41: 1105 | H41: 1170 | I41: 16662 | J41: 15739 | K41: 32401
B42: Región de Los Lagos | C42: 242 | D42: 2379 | E42: 4229 | F42: 17844 | G42: 990 | H42: 1144 | I42: 13662 | J42: 13166 | K42: 26828
B43: Región Aysén del General Carlos Ibáñez del Campo | C43: 23 | D43: 221 | E43: 615 | F43: 2076 | G43: 110 | H43: 103 | I43: 1499 | J43: 1649 | K43: 3148
B44: Región de Magallanes y Antártica Chilena | C44: 49 | D44: 245 | E44: 959 | F44: 5340 | G44: 219 | H44: 168 | I44: 3727 | J44: 3253 | K44: 6980
... B49: Total | C49: 4879 | D49: 36400 | E49: 85965 | F49: 484930 | G49: 21970 | H49: 19443 | I49: 331479 | J49: 322108 | K49: 653587
B50: Fuente: Elaboración propia con datos del IPS Nota: El estado final de las solicitudes puede cambiar entre periodos, dado que se incluyen solicitudes en trámite.
B52: Número de solicitudes trimestrales por comuna, según tipo y sexo
B53: (octubre 2022 a diciembre 2022)
B55: Región de Tarapacá
C57: Tipo beneficio | I57: Sexo | K57: Total
B58: Comuna | C58: PBS Vejez | D58: PBS Invalidez | E58: PGU No Contributiva | F58: PGU Contributiva | G58: APS Vejez | H58: APS Invalidez | I58: Mujeres | J58: Hombres
B59: ALTO HOSPICIO | D59: 59 | E59: 115 | F59: 275 | H59: 28 | I59: 230 | J59: 247 | K59: 477
B60: CAMIÑA | D60: 0 | E60: 6 | F60: 5 | H60: 0 | I60: 3 | J60: 8 | K60: 11
B61: COLCHANE | D61: 1 | E61: 1 | F61: 1 | H61: 0 | I61: 1 | J61: 2 | K61: 3
B62: HUARA | D62: 2 | E62: 6 | F62: 8 | H62: 0 | I62: 9 | J62: 7 | K62: 16
B63: IQUIQUE | D63: 57 | E63: 377 | F63: 1098 | H63: 34 | I63: 801 | J63: 765 | K63: 1566
B64: PICA | D64: 2 | E64: 16 | F64: 35 | H64: 1 | I64: 28 | J64: 26 | K64: 54
