Workbook

Sheet Indice General
B1: Subsecretaría de Previsión Social Dirección de Estudios Previsionales
B9: Informe trimestral del Pilar No Contributivo
B10: Trimestre OND 2023
B12: I. Pago de Beneficios del Pilar No Contributivo
B13: 1. Total de beneficios pagados del Pilar No Contributivo a nivel nacional
B14: 2. Total de beneficios pagados del Pilar No Contributivo a nivel regional
B15: 3. Pagos Pensión Garantizada Universal (PGU)
B16: 4. Pagos Pensión Básica Solidaria (PBS)
B17: 5. Pagos Aporte Previsional Solidario (APS)
B18: 6. Beneficios suspendidos y extintos del Pilar No Contributivo
B20: II. Estado de solicitudes
B21: 1. Solicitudes del Pilar No Contributivo a nivel nacional
... B34: 3. Subsidio a la Cotización de Trabajadores Jóvenes

Sheet I. Beneficios pagados
B1: Subsecretaría de Previsión Social Dirección de Estudios Previsionales
B9: I. Pago de Beneficios del Pilar No Contributivo
B10: Trimestre OND 2023
B12: 1. Total de beneficios pagados del Pilar No Contributivo a nivel nacional
B13: i. Resumen trimestral de beneficios pagados, por tipo de beneficio y sexo
B14: ii. Resumen anual de beneficios pagados, por tipo de beneficio y sexo
B15: iii. Serie resumen de pagos de beneficios acumulados, por tipo de beneficio
B17: 2. Total de beneficios pagados del Pilar No Contributivo a nivel regional
B18: i. Resumen trimestral de beneficios pagados, por región, tipo de beneficio y sexo
B20: 3. Pagos Pensión Garantizada Universal (PGU)
B21: i. Resumen trimestral de beneficios pagados, por tipo de beneficio y sexo
B22: ii. Resumen anual de beneficios pagados, por tipo de beneficio y sexo
... B37: ii. Beneficios extinguidos por año, por tipo de beneficio

Sheet dinamica pgu
A1: PERIODO | B1: (Varios elementos)
A3: Etiquetas de fila
A4: oct
A5: Suma de PGU_NC_Mujer_n | B5: 322141
A6: Suma de PGU_NC_hombre_N | B6: 109963
A7: Suma de PGU_C_Mujer_N | B7: 686334
A8: Suma de PGU_C_hombre_N | B8: 563950
A9: nov
A10: Suma de PGU_NC_Mujer_n | B10: 327443
A11: Suma de PGU_NC_hombre_N | B11: 121585
A12: Suma de PGU_C_Mujer_N | B12: 704099
A13: Suma de PGU_C_hombre_N | B13: 584193
A14: dic
A15: Suma de PGU_NC_Mujer_n | B15: 329180
A16: Suma de PGU_NC_hombre_N | B16: 125728
A17: Suma de PGU_C_Mujer_N | B17: 717919
A18: Suma de PGU_C_hombre_N | B18: 594890
A22: PERIODO | B22: (Varios elementos)
A24: Etiquetas de fila
A25: oct
A26: Suma de PGU_NC_Mujer_Nom | B26: 62098940
A27: Suma de PGU_NC_hombre_Nom | B27: 21312758
A28: Suma de PGU_C_Mujer_Nom | B28: 1.3198656e+08
A29: Suma de PGU_C_hombre_Nom | B29: 1.0801488e+08
A30: nov
A31: Suma de PGU_NC_Mujer_Nom | B31: 63080933
A32: Suma de PGU_NC_hombre_Nom | B32: 23564397
A33: Suma de PGU_C_Mujer_Nom | B33: 1.3523624e+08
A34: Suma de PGU_C_hombre_Nom | B34: 1.115372e+08
A35: dic
A36: Suma de PGU_NC_Mujer_Nom | B36: 63417032
A37: Suma de PGU_NC_hombre_Nom | B37: 24368203
A38: Suma de PGU_C_Mujer_Nom | B38: 1.3763622e+08
A39: Suma de PGU_C_hombre_Nom | B39: 1.1328694e+08
A43: PERIODO | B43: (Varios elementos)
A45: Etiquetas de fila
A46: oct
A47: Suma de PGU_NC_Mujer_REAL | B47: 61325232
A48: Suma de PGU_NC_hombre_REAL | B48: 21047217
A49: Suma de PGU_C_Mujer_REAL | B49: 1.303421e+08
A50: Suma de PGU_C_hombre_REAL | B50: 1.066691e+08
A51: nov
A52: Suma de PGU_NC_Mujer_REAL | B52: 62902519
A53: Suma de PGU_NC_hombre_REAL | B53: 23497749
A54: Suma de PGU_C_Mujer_REAL | B54: 1.3485375e+08
A55: Suma de PGU_C_hombre_REAL | B55: 1.1122174e+08
A56: dic
A57: Suma de PGU_NC_Mujer_REAL | B57: 63417032
A58: Suma de PGU_NC_hombre_REAL | B58: 24368203
A59: Suma de PGU_C_Mujer_REAL | B59: 1.3763622e+08
A60: Suma de PGU_C_hombre_REAL | B60: 1.1328694e+08
A67: Valores | D67: Valores
A68: Promedio de PGU_NC_Mujer_n2 | B68: 319227.82 | D68: Promedio de PGU_C_Mujer_N | E68: 626988.27
A69: Suma de PGU_NC_Mujer_n | B69: 3511506 | D69: Suma de PGU_C_Mujer_N2 | E69: 6896871
A70: Promedio de PGU_NC_hombre_N | B70: 111460.55 | D70: Promedio de PGU_C_hombre_N | E70: 488475.91
A71: Suma de PGU_NC_hombre_N2 | B71: 1226066 | D71: Suma de PGU_C_hombre_N2 | E71: 5373235
A76: Valores | D76: Valores
A77: Promedio de PGU_NC_Mujer_Nom | B77: 60323652 | D77: Promedio de PGU_C_Mujer_Nom | E77: 1.176403e+08
A78: Suma de PGU_NC_Mujer_Nom2 | B78: 6.6356017e+08 | D78: Suma de PGU_C_Mujer_Nom2 | E78: 1.2940434e+09
A79: Promedio de PGU_NC_hombre_Nom | B79: 21167798 | D79: Promedio de PGU_C_hombre_Nom | E79: 91979553
A80: Suma de PGU_NC_hombre_Nom2 | B80: 2.3284578e+08 | D80: Suma de PGU_C_hombre_Nom2 | E80: 1.0117751e+09
A84: Valores | D84: Valores
A85: Promedio de PGU_NC_Mujer_REAL | B85: 57868225 | D85: Promedio de PGU_C_Mujer_REAL | E85: 1.1323162e+08
A86: Suma de PGU_NC_Mujer_REAL2 | B86: 6.3655048e+08 | D86: Suma de PGU_C_Mujer_REAL2 | E86: 1.2455478e+09
A87: Promedio de PGU_NC_hombre_REAL | B87: 20321992 | D87: Promedio de PGU_C_hombre_REAL | E87: 88711834
A88: Suma de PGU_NC_hombre_REAL2 | B88: 2.2354192e+08 | D88: Suma de PGU_C_hombre_REAL2 | E88: 9.7583017e+08
A93: Etiquetas de fila | B93: Suma de PGU_NC_Mujer_n | C93: Suma de PGU_NC_hombre_N | D93: Suma de PGU_C_Mujer_N | E93: Suma de PGU_C_hombre_N
A94: feb | B94: 309683 | C94: 106066 | D94: 517361 | E94: 340110
A95: mar | B95: 312946 | C95: 107255 | D95: 536699 | E95: 361057
A96: abr | B96: 314601 | C96: 107763 | D96: 552501 | E96: 374925
A97: may | B97: 316872 | C97: 108938 | D97: 605836 | E97: 477591
A98: jun | B98: 317138 | C98: 109221 | D98: 615086 | E98: 487043
A99: jul | B99: 317824 | C99: 109691 | D99: 621791 | E99: 498271
A100: ago | B100: 322017 | C100: 110018 | D100: 660104 | E100: 538150
A101: sept | B101: 321661 | C101: 109838 | D101: 679141 | E101: 553055
A102: oct | B102: 322141 | C102: 109963 | D102: 686334 | E102: 563950
A103: nov | B103: 327443 | C103: 121585 | D103: 704099 | E103: 584193
A104: dic | B104: 329180 | C104: 125728 | D104: 717919 | E104: 594890
A108: Etiquetas de fila | B108: Promedio de PGU_NC_Mujer_REAL | C108: Promedio de PGU_NC_hombre_REAL | D108: Promedio de PGU_C_Mujer_REAL | E108: Promedio de PGU_C_hombre_REAL
A109: feb | B109: 51479972 | C109: 17653930 | D109: 76563176 | E109: 52468769
A110: mar | B110: 52900840 | C110: 18182522 | D110: 90814177 | E110: 61156597
A111: abr | B111: 53866572 | C111: 18523266 | D111: 94731529 | E111: 64414475
A112: may | B112: 54858966 | C112: 18947988 | D112: 1.0507873e+08 | E112: 83047982
A113: jun | B113: 55397967 | C113: 19173744 | D113: 1.0763388e+08 | E113: 85481508
A114: jul | B114: 58993212 | C114: 20461815 | D114: 1.1563083e+08 | E114: 92933917
A115: ago | B115: 60482280 | C115: 20770527 | D115: 1.2386255e+08 | E115: 1.0089618e+08
A116: sept | B116: 60925886 | C116: 20914955 | D116: 1.2840084e+08 | E116: 1.0425297e+08
A117: oct | B117: 61325232 | C117: 21047217 | D117: 1.303421e+08 | E117: 1.066691e+08
A118: nov | B118: 62902519 | C118: 23497749 | D118: 1.3485375e+08 | E118: 1.1122174e+08
A119: dic | B119: 63417032 | C119: 24368203 | D119: 1.3763622e+08 | E119: 1.1328694e+08

Sheet N PBS
A3: Etiquetas de fila | B3: Promedio de PBS VEJEZ MUJER | C3: Promedio de PBS VEJEZ HOMBRE | D3: Promedio de PBS INVALIDEZ MUJER | E3: Promedio de PBS INVALIDEZ HOMBRE | F3: Promedio de PBS TOTAL MUJER | G3: Promedio de PBS TOTAL HOMBRE
A4: 2008 | B4: 218799.83 | C4: 107682.67 | D4: 108916.5 | E4: 84536 | F4: 327716.33 | G4: 192218.67
A5: 2009 | B5: 262267.25 | C5: 117026.58 | D5: 116205.08 | E5: 86817.667 | F5: 378472.33 | G5: 203844.25
A6: 2010 | B6: 284569.67 | C6: 119969.58 | D6: 125529.75 | E6: 89731.417 | F6: 410099.42 | G6: 209701
A7: 2011 | B7: 286982.92 | C7: 118668.92 | D7: 125674.58 | E7: 89317.917 | F7: 412657.5 | G7: 207986.83
A8: 2012 | B8: 288232.25 | C8: 116683.83 | D8: 120025.92 | E8: 85446.25 | F8: 408258.17 | G8: 202130.08
A9: 2013 | B9: 288720.25 | C9: 114312 | D9: 112605.08 | E9: 79812.917 | F9: 401325.33 | G9: 194124.92
A10: 2014 | B10: 288530.42 | C10: 111136.17 | D10: 107377.17 | E10: 75527.833 | F10: 395907.58 | G10: 186664
A11: 2015 | B11: 289070.58 | C11: 110162 | D11: 105105.42 | E11: 74655.333 | F11: 394176 | G11: 184817.33
A12: 2016 | B12: 290373 | C12: 108843.42 | D12: 105459.83 | E12: 75532.583 | F12: 395832.83 | G12: 184376
A13: 2017 | B13: 291754 | C13: 107694.83 | D13: 105581.83 | E13: 76434.167 | F13: 397335.83 | G13: 184129
A14: 2018 | B14: 295171.83 | C14: 107077.42 | D14: 105559.42 | E14: 77417 | F14: 400731.25 | G14: 184494.42
A15: 2019 | B15: 299821.5 | C15: 106705.25 | D15: 104899.17 | E15: 77850.417 | F15: 404720.67 | G15: 184555.67
... A42: dic | B42: 0 | C42: 0 | D42: 103979 | E42: 81605 | F42: 103979 | G42: 81605

Sheet MONTOS PBS
I1: PERIODO | J1: (Varios elementos)
A3: Etiquetas de fila | B3: Promedio de PBSV_MUJER | C3: Promedio de PBSV_HOMBRE | D3: Promedio de PBSI_MUJER | E3: Promedio de PBSI_HOMBRE | F3: Promedio de PBS_MUJER | G3: Promedio de PBS_HOMBRE | I3: Etiquetas de fila | J3: Suma de PBSV_MUJER | K3: Suma de PBSV_HOMBRE | L3: Suma de PBSV_TOTAL | M3: Suma de PBSI_MUJER | N3: Suma de PBSI_HOMBRE | O3: Suma de PBSI_TOTAL | P3: Suma de PBS_MUJER | Q3: Suma de PBS_HOMBRE | R3: Suma de PBS_TOTAL | T3: Etiquetas de fila | U3: Suma de PBSV_MUJER | V3: Suma de PBSV_HOMBRE | W3: Suma de PBSV_TOTAL | X3: Suma de PBSI_MUJER | Y3: Suma de PBSI_HOMBRE | Z3: Suma de PBSI_TOTAL | AA3: Suma de PBS_MUJER | AB3: Suma de PBS_HOMBRE | AC3: Suma de PBS_TOTAL | AE3: Etiquetas de fila | AF3: Suma de PBSV_MUJER | AG3: Suma de PBSV_HOMBRE | AH3: Suma de PBSV_TOTAL | AI3: Suma de PBSI_MUJER | AJ3: Suma de PBSI_HOMBRE | AK3: Suma de PBSI_TOTAL | AL3: Suma de PBS_MUJER | AM3: Suma de PBS_HOMBRE | AN3: Suma de PBS_TOTAL
A4: 2008 | B4: 8.2469269e+09 | C4: 3.9732077e+09 | D4: 3.9696562e+09 | E4: 3.0646136e+09 | F4: 1.2216583e+10 | G4: 7.0378213e+09 | I4: 2022 | J4: 0 | K4: 0 | L4: 0 | M4: 6.0133313e+10 | N4: 4.7149436e+10 | O4: 1.0728275e+11 | P4: 6.0133313e+10 | Q4: 4.7149436e+10 | R4: 1.0728275e+11 | T4: oct | U4: 0 | V4: 0 | W4: 0 | X4: 1.9903687e+10 | Y4: 1.5583475e+10 | Z4: 3.5487162e+10 | AA4: 1.9903687e+10 | AB4: 1.5583475e+10 | AC4: 3.5487162e+10 | AE4: oct | AF4: =+U4/1000 -> 0 | AG4: =+V4/1000 -> 0 | AH4: =+W4/1000 -> 0 | AI4: =+X4/1000 -> 19903687 | AJ4: =+Y4/1000 -> 15583475 | AK4: =+Z4/1000 -> 35487162 | AL4: =+AA4/1000 -> 19903687 | AM4: =+AB4/1000 -> 15583475 | AN4: =+AC4/1000 -> 35487162
A5: 2009 | B5: 1.0831943e+10 | C5: 4.7784934e+09 | D5: 5.149103e+09 | E5: 3.655593e+09 | F5: 1.5981046e+10 | G5: 8.4340864e+09 | I5: oct | J5: 0 | K5: 0 | L5: 0 | M5: 1.9903687e+10 | N5: 1.5583475e+10 | O5: 3.5487162e+10 | P5: 1.9903687e+10 | Q5: 1.5583475e+10 | R5: 3.5487162e+10 | T5: nov | U5: 0 | V5: 0 | W5: 0 | X5: 2.0075789e+10 | Y5: 1.5749774e+10 | Z5: 3.5825563e+10 | AA5: 2.0075789e+10 | AB5: 1.5749774e+10 | AC5: 3.5825563e+10 | AE5: nov | AF5: =+U5/1000 -> 0 | AG5: =+V5/1000 -> 0 | AH5: =+W5/1000 -> 0 | AI5: =+X5/1000 -> 20075789 | AJ5: =+Y5/1000 -> 15749774 | AK5: =+Z5/1000 -> 35825563 | AL5: =+AA5/1000 -> 20075789 | AM5: =+AB5/1000 -> 15749774 | AN5: =+AC5/1000 -> 35825563
A6: 2010 | B6: 1.3095568e+10 | C6: 5.5029662e+09 | D6: 5.9733298e+09 | E6: 4.1819318e+09 | F6: 1.9068897e+10 | G6: 9.684898e+09 | I6: nov | J6: 0 | K6: 0 | L6: 0 | M6: 2.0075789e+10 | N6: 1.5749774e+10 | O6: 3.5825563e+10 | P6: 2.0075789e+10 | Q6: 1.5749774e+10 | R6: 3.5825563e+10 | T6: dic | U6: 0 | V6: 0 | W6: 0 | X6: 20153837159 | Y6: 15816186175 | Z6: 35970023334 | AA6: 20153837159 | AB6: 15816186175 | AC6: 35970023334 | AE6: dic | AF6: =+U6/1000 -> 0 | AG6: =+V6/1000 -> 0 | AH6: =+W6/1000 -> 0 | AI6: =+X6/1000 -> 20153837 | AJ6: =+Y6/1000 -> 15816186 | AK6: =+Z6/1000 -> 35970023 | AL6: =+AA6/1000 -> 20153837 | AM6: =+AB6/1000 -> 15816186 | AN6: =+AC6/1000 -> 35970023
A7: 2011 | B7: 1.3994994e+10 | C7: 5.7801079e+09 | D7: 6.2216009e+09 | E7: 4.3734947e+09 | F7: 2.0216595e+10 | G7: 1.0153603e+10 | I7: dic | J7: 0 | K7: 0 | L7: 0 | M7: 20153837159 | N7: 15816186175 | O7: 35970023334 | P7: 20153837159 | Q7: 15816186175 | R7: 35970023334
A8: 2012 | B8: 1.4900592e+10 | C8: 6.0276417e+09 | D8: 6.3053347e+09 | E8: 4.4481809e+09 | F8: 2.1205927e+10 | G8: 1.0475823e+10
A9: 2013 | B9: 1.5464511e+10 | C9: 6.1276381e+09 | D9: 6.1333006e+09 | E9: 4.2916174e+09 | F9: 2.1597811e+10 | G9: 1.0419256e+10
A10: 2014 | B10: 1.6719242e+10 | C10: 6.4430339e+09 | D10: 6.3328754e+09 | E10: 4.3768174e+09 | F10: 2.3052118e+10 | G10: 1.0819851e+10
A11: 2015 | B11: 1.8210703e+10 | C11: 6.9460832e+09 | D11: 6.7614414e+09 | E11: 4.7714308e+09 | F11: 2.4972144e+10 | G11: 1.1717514e+10
A12: 2016 | B12: 1.9783297e+10 | C12: 7.4256197e+09 | D12: 7.3620108e+09 | E12: 5.231601e+09 | F12: 2.7145307e+10 | G12: 1.2657221e+10 | I12: PERIODO | J12: (Varios elementos) | AE12: nominales
A13: 2017 | B13: 2.3013212e+10 | C13: 8.5012643e+09 | D13: 8.4836307e+09 | E13: 6.1043568e+09 | F13: 3.1496842e+10 | G13: 1.4605621e+10 | AF13: vejez | AI13: invalidez | AL13: total
A14: 2018 | B14: 2.4370428e+10 | C14: 8.8423454e+09 | D14: 8.863105e+09 | E14: 6.4518852e+09 | F14: 3.3233533e+10 | G14: 1.5294231e+10 | I14: Etiquetas de fila | J14: Suma de MUJER | K14: Suma de HOMBRE | L14: Suma de TOTAL | M14: Suma de MUJER2 | N14: Suma de HOMBRE2 | O14: Suma de TOTAL2 | P14: Suma de MUJER3 | Q14: Suma de HOMBRE3 | R14: Suma de TOTAL3 | T14: Etiquetas de fila | U14: Suma de MUJER | V14: Suma de HOMBRE | W14: Suma de TOTAL | X14: Suma de MUJER2 | Y14: Suma de HOMBRE2 | Z14: Suma de TOTAL2 | AA14: Suma de MUJER3 | AB14: Suma de HOMBRE3 | AC14: Suma de TOTAL3 | AE14: Etiquetas de fila | AF14: Promedio de MUJER | AG14: Promedio de HOMBRE | AH14: Promedio de TOTAL | AI14: Promedio de MUJER2 | AJ14: Promedio de HOMBRE2 | AK14: Promedio de TOTAL2 | AL14: Promedio de MUJER3 | AM14: Promedio de HOMBRE3 | AN14: Promedio de TOTAL3
A15: 2019 | B15: 2.6689511e+10 | C15: 9.492244e+09 | D15: 9.429656e+09 | E15: 6.9564548e+09 | F15: 3.6119167e+10 | G15: 1.6448699e+10 | I15: 2022 | J15: 0 | K15: 0 | L15: 0 | M15: 60441368879 | N15: 47390715970 | O15: 107832084849 | P15: 60441368879 | Q15: 47390715970 | R15: 107832084849 | T15: oct | U15: 0 | V15: 0 | W15: 0 | X15: 20154801071 | Y15: 15780083599 | Z15: 35934884670 | AA15: 20154801071 | AB15: 15780083599 | AC15: 35934884670 | AE15: oct | AF15: =+U15/1000 -> 0 | AG15: =+V15/1000 -> 0 | AH15: =+W15/1000 -> 0 | AI15: =+X15/1000 -> 20154801 | AJ15: =+Y15/1000 -> 15780084 | AK15: =+Z15/1000 -> 35934885 | AL15: =+AA15/1000 -> 20154801 | AM15: =+AB15/1000 -> 15780084 | AN15: =+AC15/1000 -> 35934885
A16: 2020 | B16: 3.659289e+10 | C16: 1.2913294e+10 | D16: 1.1894674e+10 | E16: 8.9114229e+09 | F16: 4.8487564e+10 | G16: 2.1824717e+10 | I16: oct | J16: 0 | K16: 0 | L16: 0 | M16: 20154801071 | N16: 15780083599 | O16: 35934884670 | P16: 20154801071 | Q16: 15780083599 | R16: 35934884670 | T16: nov | U16: 0 | V16: 0 | W16: 0 | X16: 20132730649 | Y16: 15794446196 | Z16: 35927176845 | AA16: 20132730649 | AB16: 15794446196 | AC16: 35927176845 | AE16: nov | AF16: =+U16/1000 -> 0 | AG16: =+V16/1000 -> 0 | AH16: =+W16/1000 -> 0 | AI16: =+X16/1000 -> 20132731 | AJ16: =+Y16/1000 -> 15794446 | AK16: =+Z16/1000 -> 35927177 | AL16: =+AA16/1000 -> 20132731 | AM16: =+AB16/1000 -> 15794446 | AN16: =+AC16/1000 -> 35927177
A17: 2021 | B17: 4.3453866e+10 | C17: 1.494933e+10 | D17: 1.4114095e+10 | E17: 1.0837333e+10 | F17: 5.7567962e+10 | G17: 2.5786663e+10 | I17: nov | J17: 0 | K17: 0 | L17: 0 | M17: 20132730649 | N17: 15794446196 | O17: 35927176845 | P17: 20132730649 | Q17: 15794446196 | R17: 35927176845 | T17: dic | U17: 0 | V17: 0 | W17: 0 | X17: 20153837159 | Y17: 15816186175 | Z17: 35970023334 | AA17: 20153837159 | AB17: 15816186175 | AC17: 35970023334 | AE17: dic | AF17: =+U17/1000 -> 0 | AG17: =+V17/1000 -> 0 | AH17: =+W17/1000 -> 0 | AI17: =+X17/1000 -> 20153837 | AJ17: =+Y17/1000 -> 15816186 | AK17: =+Z17/1000 -> 35970023 | AL17: =+AA17/1000 -> 20153837 | AM17: =+AB17/1000 -> 15816186 | AN17: =+AC17/1000 -> 35970023
A18: ene | B18: 4.1412765e+10 | C18: 1.4344175e+10 | D18: 1.357545e+10 | E18: 1.0301137e+10 | F18: 5.4988215e+10 | G18: 2.4645311e+10 | I18: dic | J18: 0 | K18: 0 | L18: 0 | M18: 20153837159 | N18: 15816186175 | O18: 35970023334 | P18: 20153837159 | Q18: 15816186175 | R18: 35970023334 | T18: Total general | U18: 0 | V18: 0 | W18: 0 | X18: 2.0147123e+10 | Y18: 1.5796905e+10 | Z18: 35944028283 | AA18: 2.0147123e+10 | AB18: 1.5796905e+10 | AC18: 35944028283
A19: feb | B19: 4.1492133e+10 | C19: 1.4338672e+10 | D19: 1.35569e+10 | E19: 1.0317361e+10 | F19: 5.5049033e+10 | G19: 2.4656033e+10
A20: mar | B20: 4.1689378e+10 | C20: 1.4389108e+10 | D20: 1.3587482e+10 | E20: 1.0363694e+10 | F20: 5.527686e+10 | G20: 2.4752801e+10
A21: abr | B21: 4.1893694e+10 | C21: 1.4448119e+10 | D21: 1.3658161e+10 | E21: 1.0436146e+10 | F21: 5.5551855e+10 | G21: 2.4884265e+10
A22: may | B22: 4.2028716e+10 | C22: 1.4474202e+10 | D22: 1.3650261e+10 | E22: 1.0455982e+10 | F22: 5.5678977e+10 | G22: 2.4930184e+10
A23: jun | B23: 4.2051494e+10 | C23: 1.4454401e+10 | D23: 1.3673345e+10 | E23: 1.0488652e+10 | F23: 5.5724839e+10 | G23: 2.4943053e+10
A24: jul | B24: 4.3968065e+10 | C24: 1.5094747e+10 | D24: 1.4296201e+10 | E24: 1.0984398e+10 | F24: 5.8264265e+10 | G24: 2.6079145e+10
A25: ago | B25: 4.4239653e+10 | C25: 1.5183281e+10 | D25: 1.4359654e+10 | E25: 1.1056169e+10 | F25: 5.8599307e+10 | G25: 2.6239451e+10
A26: sept | B26: 4.4825753e+10 | C26: 1.5361682e+10 | D26: 1.4520122e+10 | E26: 1.1196684e+10 | F26: 5.9345875e+10 | G26: 2.6558366e+10
A27: oct | B27: 4.5558469e+10 | C27: 1.5619781e+10 | D27: 1.4731002e+10 | E27: 1.1378659e+10 | F27: 6.0289471e+10 | G27: 2.6998439e+10
A28: nov | B28: 4.5907806e+10 | C28: 1.5757842e+10 | D28: 1.4819941e+10 | E28: 1.1477734e+10 | F28: 6.0727747e+10 | G28: 2.7235576e+10
A29: dic | B29: 4.6378472e+10 | C29: 1.5925944e+10 | D29: 1.4940627e+10 | E29: 1.159138e+10 | F29: 6.1319099e+10 | G29: 2.7517324e+10
A30: 2022 | B30: 4.0614957e+09 | C30: 1.3943048e+09 | D30: 1.8608107e+10 | E30: 1.4541109e+10 | F30: 2.2669603e+10 | G30: 1.5935414e+10
... A43: Total general | B43: 1.9676256e+10 | C43: 7.3869635e+09 | D43: 8.5253168e+09 | E43: 6.2527955e+09 | F43: 2.8201573e+10 | G43: 1.3639759e+10
A52: Etiquetas de fila | B52: Promedio de PBSV_MUJER | C52: Promedio de PBSV_HOMBRE | D52: Promedio de PBSI_MUJER | E52: Promedio de PBSI_HOMBRE | F52: Promedio de PBS_MUJER | G52: Promedio de PBS_HOMBRE | I52: Etiquetas de fila | J52: Promedio de PBSV_MUJER | K52: Promedio de PBSV_HOMBRE | L52: Promedio de PBSI_MUJER | M52: Promedio de PBSI_HOMBRE | N52: Promedio de PBS_MUJER | O52: Promedio de PBS_HOMBRE
A53: 2008 | B53: 8.2469269e+09 | C53: 3.9732077e+09 | D53: 3.9696562e+09 | E53: 3.0646136e+09 | F53: 1.2216583e+10 | G53: 7.0378213e+09 | I53: 2008 | J53: 8246926.9 | K53: 3973207.7 | L53: 3969656.2 | M53: 3064613.6 | N53: 12216583 | O53: 7037821.3
A54: 2009 | B54: 1.0831943e+10 | C54: 4.7784934e+09 | D54: 5.149103e+09 | E54: 3.655593e+09 | F54: 1.5981046e+10 | G54: 8.4340864e+09 | I54: 2009 | J54: 10831943 | K54: 4778493.4 | L54: 5149103 | M54: 3655593 | N54: 15981046 | O54: 8434086.4
A55: 2010 | B55: 1.3095568e+10 | C55: 5.5029662e+09 | D55: 5.9733298e+09 | E55: 4.1819318e+09 | F55: 1.9068897e+10 | G55: 9.684898e+09 | I55: 2010 | J55: 13095568 | K55: 5502966.2 | L55: 5973329.8 | M55: 4181931.8 | N55: 19068897 | O55: 9684898
A56: 2011 | B56: 1.3994994e+10 | C56: 5.7801079e+09 | D56: 6.2216009e+09 | E56: 4.3734947e+09 | F56: 2.0216595e+10 | G56: 1.0153603e+10 | I56: 2011 | J56: 13994994 | K56: 5780107.9 | L56: 6221600.9 | M56: 4373494.7 | N56: 20216595 | O56: 10153603
A57: 2012 | B57: 1.4900592e+10 | C57: 6.0276417e+09 | D57: 6.3053347e+09 | E57: 4.4481809e+09 | F57: 2.1205927e+10 | G57: 1.0475823e+10 | I57: 2012 | J57: 14900592 | K57: 6027641.7 | L57: 6305334.7 | M57: 4448180.9 | N57: 21205927 | O57: 10475823
A58: 2013 | B58: 1.5464511e+10 | C58: 6.1276381e+09 | D58: 6.1333006e+09 | E58: 4.2916174e+09 | F58: 2.1597811e+10 | G58: 1.0419256e+10 | I58: 2013 | J58: 15464511 | K58: 6127638.1 | L58: 6133300.6 | M58: 4291617.4 | N58: 21597811 | O58: 10419256
A59: 2014 | B59: 1.6719242e+10 | C59: 6.4430339e+09 | D59: 6.3328754e+09 | E59: 4.3768174e+09 | F59: 2.3052118e+10 | G59: 1.0819851e+10 | I59: 2014 | J59: 16719242 | K59: 6443033.9 | L59: 6332875.4 | M59: 4376817.4 | N59: 23052118 | O59: 10819851
A60: 2015 | B60: 1.8210703e+10 | C60: 6.9460832e+09 | D60: 6.7614414e+09 | E60: 4.7714308e+09 | F60: 2.4972144e+10 | G60: 1.1717514e+10 | I60: 2015 | J60: 18210703 | K60: 6946083.2 | L60: 6761441.4 | M60: 4771430.8 | N60: 24972144 | O60: 11717514
A61: 2016 | B61: 1.9783297e+10 | C61: 7.4256197e+09 | D61: 7.3620108e+09 | E61: 5.231601e+09 | F61: 2.7145307e+10 | G61: 1.2657221e+10 | I61: 2016 | J61: 19783297 | K61: 7425619.7 | L61: 7362010.8 | M61: 5231601 | N61: 27145307 | O61: 12657221
A62: 2017 | B62: 2.3013212e+10 | C62: 8.5012643e+09 | D62: 8.4836307e+09 | E62: 6.1043568e+09 | F62: 3.1496842e+10 | G62: 1.4605621e+10 | I62: 2017 | J62: 23013212 | K62: 8501264.3 | L62: 8483630.7 | M62: 6104356.8 | N62: 31496842 | O62: 14605621
A63: 2018 | B63: 2.4370428e+10 | C63: 8.8423454e+09 | D63: 8.863105e+09 | E63: 6.4518852e+09 | F63: 3.3233533e+10 | G63: 1.5294231e+10 | I63: 2018 | J63: 24370428 | K63: 8842345.4 | L63: 8863105 | M63: 6451885.2 | N63: 33233533 | O63: 15294231
A64: 2019 | B64: 2.6689511e+10 | C64: 9.492244e+09 | D64: 9.429656e+09 | E64: 6.9564548e+09 | F64: 3.6119167e+10 | G64: 1.6448699e+10 | I64: 2019 | J64: 26689511 | K64: 9492244 | L64: 9429656 | M64: 6956454.8 | N64: 36119167 | O64: 16448699
... A89: oct | B89: 0 | C89: 0 | D89: 1.9903687e+10 | E89: 1.5583475e+10 | F89: 1.9903687e+10 | G89: 1.5583475e+10 | I89: dic | J89: 0 | K89: 0 | L89: 20153837 | M89: 15816186 | N89: 20153837 | O89: 15816186
A90: nov | B90: 0 | C90: 0 | D90: 2.0075789e+10 | E90: 1.5749774e+10 | F90: 2.0075789e+10 | G90: 1.5749774e+10
A91: dic | B91: 0 | C91: 0 | D91: 20153837159 | E91: 15816186175 | F91: 20153837159 | G91: 15816186175
A92: Total general | B92: 1.9676256e+10 | C92: 7.3869635e+09 | D92: 8.5253168e+09 | E92: 6.2527955e+09 | F92: 2.8201573e+10 | G92: 1.3639759e+10

Sheet 1.1
B2: TOTAL DE BENEFICIOS PAGADOS DEL PILAR NO CONTRIBUTIVO A NIVEL NACIONAL
B4: Resumen trimestral de beneficios pagados, por tipo de beneficio y sexo
B5: (octubre 2023 a diciembre 2023)
D7: Mujeres | G7: Hombres | J7: Total
B8: Periodo | C8: Tipo de beneficio | D8: N° beneficiarios | E8: Monto nominal (M$)3 | F8: Monto real (M$)4 | G8: N° beneficiarios | H8: Monto nominal (M$)3 | I8: Monto real (M$)4 | J8: N° beneficiarios | K8: Monto nominal (M$)3 | L8: Monto real (M$)4
B9: 45200 | C9: PGU No Contributiva1 | D9: 344866 | E9: 70556341 | F9: 70700999 | G9: 139504 | H9: 28629001 | I9: 28687697 | J9: 484370 | K9: 99185342 | L9: 99388697
C10: PGU Contributiva1 | D10: 801418 | E10: 162703789 | F10: 1.6303737e+08 | G10: 670939 | H10: 1.3496986e+08 | I10: 1.3524659e+08 | J10: 1472357 | K10: 2.9767365e+08 | L10: 2.9828396e+08
C11: PBS Invalidez | D11: 107612 | E11: 22173725 | F11: 22219187 | G11: 84447 | H11: 17401883 | I11: 17437561 | J11: 192059 | K11: 39575608 | L11: 39656748
C12: APS Vejez1 | D12: 106548 | E12: 25173158 | F12: 25224769 | G12: 60882 | H12: 14578037 | I12: 14607926 | J12: 167430 | K12: 39751195 | L12: 39832695
C13: APS Invalidez | D13: 47288 | E13: 8347977.7 | F13: 8365093.1 | G13: 49876 | H13: 8352880.7 | I13: 8370006.2 | J13: 97164 | K13: 16700858 | L13: 16735099
C14: Total Beneficios2 | D14: 1407732 | E14: 2.8895499e+08 | F14: 2.8954742e+08 | G14: 1005648 | H14: 2.0393167e+08 | I14: 2.0434978e+08 | J14: 2413380 | K14: 4.9288666e+08 | L14: 4.938972e+08
B15: 45231 | C15: PGU No Contributiva1 | D15: 343086 | E15: 70221852 | F15: 69844858 | G15: 139023 | H15: 28559853 | I15: 28406526 | J15: 482109 | K15: 98781705 | L15: 98251384
C16: PGU Contributiva1 | D16: 810512 | E16: 1.6459531e+08 | F16: 1.6371166e+08 | G16: 678035 | H16: 1.3635304e+08 | I16: 1.3562101e+08 | J16: 1488547 | K16: 3.0094835e+08 | L16: 2.9933267e+08
C17: PBS Invalidez | D17: 107578 | E17: 22167675 | F17: 22048666 | G17: 84680 | H17: 17450456 | I17: 17356771 | J17: 192258 | K17: 39618131 | L17: 39405437
C18: APS Vejez1 | D18: 106386 | E18: 25126472 | F18: 24991578 | G18: 60624 | H18: 14517267 | I18: 14439329 | J18: 167010 | K18: 39643740 | L18: 39430908
C19: APS Invalidez | D19: 47294 | E19: 8334109.4 | F19: 8289366.8 | G19: 49989 | H19: 8356257.6 | I19: 8311396.1 | J19: 97283 | K19: 16690367 | L19: 16600763
C20: Total Beneficios2 | D20: 1414856 | E20: 2.9044542e+08 | F20: 2.8888613e+08 | G20: 1012351 | H20: 2.0523687e+08 | I20: 2.0413504e+08 | J20: 2427207 | K20: 4.9568229e+08 | L20: 4.9302117e+08
B21: 45261 | C21: PGU No Contributiva1 | D21: 339811 | E21: 69796632 | F21: 69796632 | G21: 131135 | H21: 26987353 | I21: 26987353 | J21: 470946 | K21: 96783985 | L21: 96783985
C22: PGU Contributiva1 | D22: 818807 | E22: 1.6633464e+08 | F22: 1.6633464e+08 | G22: 690945 | H22: 1.390067e+08 | I22: 1.390067e+08 | J22: 1509752 | K22: 3.0534134e+08 | L22: 3.0534134e+08
C23: PBS Invalidez | D23: 107857 | E23: 22224555 | F23: 22224555 | G23: 84948 | H23: 17505535 | I23: 17505535 | J23: 192805 | K23: 39730090 | L23: 39730090
C24: APS Vejez1 | D24: 105880 | E24: 25039244 | F24: 25039244 | G24: 60307 | H24: 14450349 | I24: 14450349 | J24: 166187 | K24: 39489594 | L24: 39489594
C25: APS Invalidez | D25: 47405 | E25: 8339131.6 | F25: 8339131.6 | G25: 50164 | H25: 8365112.5 | I25: 8365112.5 | J25: 97569 | K25: 16704244 | L25: 16704244
C26: Total Beneficios2 | D26: 1419760 | E26: 2.917342e+08 | F26: 2.917342e+08 | G26: 1017499 | H26: 2.0631505e+08 | I26: 2.0631505e+08 | J26: 2437259 | K26: 4.9804925e+08 | L26: 4.9804925e+08
B27: Fuente: Elaboración propia con datos de la Superintendencia de Pensiones
B28: 1 La Pensión Garantizada Universal (PGU) es un nuevo beneficio generado a partir de la ley 21.419 del 29-01-2022. El concepto de PGU No Contributiva o Contributiva está relacionado con la calidad de la persona que está recibiendo el beneficio, si es No Contributiva quiere decir que no estaba afiliado a un sistema previsional (D.L. 3.500 o antiguo Sistema de Reparto) ni recibe pensión de sobrevivencia, si es Contributiva quiere decir que sí estaba afiliado a un sistema previsional o que recibe una pensión de sobrevivencia. De manera automática, en febrero 2022, los PBS de Vejez pasaron a ser PGU No Contributiva y los APS Vejez Subsidio Definido, los Beneficio artículo 9° bis y los APS Vejez con una Pensión Final Garantizada inferior o igual al monto de la PGU pasaron a ser PGU Contributiva. En los casos en que el APS Vejez con una Pensión Final Garantizada tuviera un monto superior a la PGU, se mantuvo el pago del beneficio.
B29: 2 A diciembre de 2023 se encuentran vigentes 89.472 beneficios Ex PASIS de Vejez y 92.738 Ex PASIS de Invalidez. 3 Montos nominales de cada periodo de pago. 4 Montos deflactados a diciembre 2023.
B31: Resumen anual de beneficios pagados, por tipo de beneficio y sexo
B32: (enero 2023 a diciembre 2023)
D34: Mujeres | G34: Hombres | J34: Ambos
B35: Periodo | C35: Tipo de beneficio | D35: N° promedio beneficiarios3 | E35: Monto nominal (M$)4 | F35: Monto real (M$)5 | G35: N° promedio beneficiarios3 | H35: Monto nominal (M$)4 | I35: Monto real (M$)5 | J35: N° promedio beneficiarios3 | K35: Monto nominal (M$)4 | L35: Monto real (M$)5
B36: Año 2023 | C36: PGU No Contributiva1 | D36: 338941.42 | E36: 8.2990264e+08 | F36: 8.4122591e+08 | G36: 133932.08 | H36: 3.2881759e+08 | I36: 3.3325394e+08 | J36: 472873.5 | K36: 1.1587202e+09 | L36: 1.1744799e+09
C37: PGU Contributiva1 | D37: 777918.17 | E37: 1.8892604e+09 | F37: 1.9145926e+09 | G37: 650208.25 | H37: 1.5652586e+09 | I37: 1.5862021e+09 | J37: 1428126.4 | K37: 3.454519e+09 | L37: 3.5007947e+09
C38: PBS Invalidez | D38: 106021.08 | E38: 2.6088347e+08 | F38: 2.6444117e+08 | G38: 83341.5 | H38: 2.0508402e+08 | I38: 2.078794e+08 | J38: 189362.58 | K38: 4.6596748e+08 | L38: 4.7232057e+08
C39: APS Vejez1 | D39: 107656.58 | E39: 2.9213166e+08 | F39: 2.9607842e+08 | G39: 61733.75 | H39: 1.693076e+08 | I39: 1.7159906e+08 | J39: 169390.33 | K39: 4.6143926e+08 | L39: 4.6767749e+08
C40: APS Invalidez | D40: 46872.083 | E40: 99131586 | F40: 1.0048947e+08 | G40: 48903.25 | H40: 98307682 | I40: 99645254 | J40: 95775.333 | K40: 1.9743927e+08 | L40: 2.0013473e+08
C41: Total Beneficios2 | D41: 1377409.3 | E41: 3.3713098e+09 | F41: 3.4168276e+09 | G41: 978118.83 | H41: 2.3667755e+09 | I41: 2.3985797e+09 | J41: 2355528.2 | K41: 5.7380852e+09 | L41: 5.8154073e+09
B42: Fuente: Elaboración propia con datos de la Superintendencia de Pensiones
B43: 1 La Pensión Garantizada Universal (PGU) es un nuevo beneficio generado a partir de la ley 21.419 del 29-01-2022. El concepto de PGU No Contributiva o Contributiva está relacionado con la calidad de la persona que está recibiendo el beneficio, si es No Contributiva quiere decir que no estaba afiliado a un sistema previsional (D.L. 3.500 o antiguo Sistema de Reparto) ni recibe pensión de sobrevivencia, si es Contributiva quiere decir que sí estaba afiliado a un sistema previsional o que recibe una pensión de sobrevivencia. De manera automática, en febrero 2022, los PBS de Vejez pasaron a ser PGU No Contributiva y los APS Vejez Subsidio Definido, los Beneficio artículo 9° bis y los APS Vejez con una Pensión Final Garantizada inferior o igual al monto de la PGU pasaron a ser PGU Contributiva. En los casos en que el APS Vejez con una Pensión Final Garantizada tuviera un monto superior a la PGU, se mantuvo el pago del beneficio.
B44: 2 A diciembre de 2023 se encuentran vigentes 89.472 beneficios Ex PASIS de Vejez y 92.738 Ex PASIS de Invalidez. 3 Promedio mensual de beneficiarios del año. 4 Montos nominales de cada periodo de pago. 5 Montos deflactados a diciembre 2023
B46: Serie resumen de pagos de beneficios acumulados, por tipo de beneficio
B47: (julio 2008 a diciembre 2023)
C49: PGU No Contributiva1 | H49: PGU Contributiva1 | M49: PBS Vejez1 | R49: PBS Invalidez | W49: APS Vejez1 | AB49: APS Invalidez | AG49: Nbis1 | AL49: Total Beneficios2
C50: N° Beneficiarios | E50: Monto real (M$)3 | G50: Monto nominal (M$)4 | H50: N° Beneficiarios | J50: Monto real (M$)3 | L50: Monto nominal (M$)4 | M50: N° Beneficiarios | O50: Monto real (M$)3 | Q50: Monto nominal (M$)4 | R50: N° Beneficiarios | T50: Monto real (M$)3 | V50: Monto nominal (M$)4 | W50: N° Beneficiarios | Y50: Monto real (M$)3 | AA50: Monto nominal (M$)4 | AB50: N° Beneficiarios | AD50: Monto real (M$)3 | AF50: Monto nominal (M$)4 | AG50: N° Beneficiarios | AI50: Monto real (M$)3 | AK50: Monto nominal (M$)4 | AL50: N° Beneficiarios | AN50: Monto real (M$)3 | AP50: Monto nominal (M$)4
B51: Periodo | C51: N° | D51: %5 | E51: N° | F51: %5 | G51: N° | H51: N° | I51: %5 | J51: N° | K51: %5 | L51: N° | M51: N° | N51: %5 | O51: N° | P51: %5 | Q51: N° | R51: N° | S51: %5 | T51: N° | U51: %5 | V51: N° | W51: N° | X51: %5 | Y51: N° | Z51: %5 | AA51: N° | AB51: N° | AC51: %5 | AD51: N° | AE51: %5 | AF51: N° | AG51: N° | AH51: %5 | AI51: N° | AJ51: %5 | AK51: N° | AL51: N° | AM51: %5 | AN51: N° | AO51: %5 | AP51: N°
B52: 39630 | M52: 290570 | N52: 0.60124441 | O52: 30786941 | P52: 0.60124441 | Q52: 17434200 | R52: 192711 | S52: 0.39875559 | T52: 20418427 | U52: 0.39875559 | V52: 11562660 | AL52: 483281 | AM52: 1 | AN52: 51205368 | AO52: 1 | AP52: 28996860
B53: 39661 | M53: 292137 | N53: 0.60055999 | O53: 30667055 | P53: 0.60055999 | Q53: 17528220 | R53: 194304 | S53: 0.39944001 | T53: 20397045 | U53: 0.39944001 | V53: 11658240 | AL53: 486441 | AM53: 1 | AN53: 51064099 | AO53: 1 | AP53: 29186460
B54: 39692 | M54: 329546 | N54: 0.63002998 | O54: 34222828 | P54: 0.62997894 | Q54: 19768431 | R54: 193518 | S54: 0.36997002 | T54: 20100937 | U54: 0.37002106 | V54: 11611080 | AL54: 523064 | AM54: 1 | AN54: 54323765 | AO54: 1 | AP54: 31379511
B55: 39722 | M55: 340883 | N55: 0.63388369 | O55: 37996964 | P55: 0.64317182 | Q55: 22142510 | R55: 193041 | S55: 0.3589664 | T55: 19967667 | U55: 0.33799124 | V55: 11636042 | W55: 3399 | X55: 0.0063205577 | Y55: 990570.52 | Z55: 0.016767314 | AA55: 577249.22 | AB55: 446 | AC55: 0.00082935238 | AD55: 122268.5 | AE55: 0.0020696299 | AF55: 71251.256 | AL55: 537769 | AM55: 1 | AN55: 59077470 | AO55: 1 | AP55: 34427053
B56: 39753 | M56: 347314 | N56: 0.63749096 | O56: 37874629 | P56: 0.64785948 | Q56: 22044175 | R56: 192690 | S56: 0.35368034 | T56: 20038848 | U56: 0.34277187 | V56: 11663213 | W56: 4226 | X56: 0.0077567757 | Y56: 478707.27 | Z56: 0.0081884642 | AA56: 278622.06 | AB56: 584 | AC56: 0.0010719255 | AD56: 68994.82 | AE56: 0.0011801818 | AF56: 40157.064 | AL56: 544814 | AM56: 1 | AN56: 58461179 | AO56: 1 | AP56: 34026168
B57: 39783 | M57: 358445 | N57: 0.64228132 | O57: 40800713 | P57: 0.64842422 | Q57: 23467261 | R57: 194451 | S57: 0.34842792 | T57: 21517776 | U57: 0.34197068 | V57: 12376335 | W57: 4485 | X57: 0.0080364678 | Y57: 532459.72 | Z57: 0.0084621016 | AA57: 306253.75 | AB57: 700 | AC57: 0.0012542982 | AD57: 71921.021 | AE57: 0.0011430029 | AF57: 41366.664 | AL57: 558081 | AM57: 1 | AN57: 62922870 | AO57: 1 | AP57: 36191216
B58: Promedio 2008 | M58: 326482.5 | N58: 0.6224069 | O58: 35391522 | P58: 0.62580848 | R58: 193452.5 | S58: 0.36879824 | T58: 20406783 | U58: 0.36084174 | W58: 4036.6667 | X58: 0.0076955095 | Y58: 667245.84 | Z58: 0.011798535 | AB58: 576.66667 | AC58: 0.0010993585 | AD58: 87728.112 | AE58: 0.0015512471 | AL58: 524548.33 | AM58: 1 | AN58: 56553279 | AO58: 1
B59: 39814 | M59: 364131 | N59: 0.64167332 | O59: 39821905 | P59: 0.63183868 | Q59: 22729604 | R59: 196192 | S59: 0.34573044 | T59: 22041669 | U59: 0.34972659 | V59: 12580975 | W59: 6199 | X59: 0.010923906 | Y59: 1018672.6 | Z59: 0.016162881 | AA59: 581439.38 | AB59: 949 | AC59: 0.0016723322 | AD59: 143183.67 | AE59: 0.0022718397 | AF59: 81726.581 | AL59: 567471 | AM59: 1 | AN59: 63025431 | AO59: 1 | AP59: 35973745
B60: 39845 | M60: 366991 | N60: 0.64091253 | O60: 39858143 | P60: 0.63378798 | Q60: 22667397 | R60: 197256 | S60: 0.34448758 | T60: 22072286 | U60: 0.35097345 | V60: 12552549 | W60: 7180 | X60: 0.012539141 | Y60: 798489.92 | Z60: 0.012696861 | AA60: 454102.65 | AB60: 1180 | AC60: 0.0020607502 | AD60: 159844.55 | AE60: 0.0025417029 | AF60: 90903.886 | AL60: 572607 | AM60: 1 | AN60: 62888763 | AO60: 1 | AP60: 35764953
B61: 39873 | M61: 369833 | N61: 0.64020614 | O61: 39851135 | P61: 0.63318479 | Q61: 22752284 | R61: 198068 | S61: 0.34286921 | T61: 21961789 | U61: 0.34894541 | V61: 12538686 | W61: 8287 | X61: 0.014345362 | Y61: 933039.36 | Z61: 0.014824831 | AA61: 532701.94 | AB61: 1490 | AC61: 0.0025792916 | AD61: 191642.97 | AE61: 0.0030449676 | AF61: 109415.09 | AL61: 577678 | AM61: 1 | AN61: 62937606 | AO61: 1 | AP61: 35933087
B62: 39904 | M62: 371972 | N62: 0.63854127 | O62: 39894758 | P62: 0.62590063 | Q62: 22741681 | R62: 198891 | S62: 0.34142385 | T62: 22187635 | U62: 0.34809723 | V62: 12647880 | W62: 9630 | X62: 0.016531224 | Y62: 1325846.6 | Z62: 0.020800933 | AA62: 755788 | AB62: 2041 | AC62: 0.0035036582 | AD62: 331523.89 | AE62: 0.0052012099 | AF62: 188982.48 | AL62: 582534 | AM62: 1 | AN62: 63739763 | AO62: 1 | AP62: 36334331
B63: 39934 | M63: 374732 | N63: 0.6369018 | O63: 40355096 | P63: 0.62392417 | Q63: 22946564 | R63: 200088 | S63: 0.34007346 | T63: 22648033 | U63: 0.35015789 | V63: 12878040 | W63: 11050 | X63: 0.018780795 | Y63: 1347751.5 | Z63: 0.020837386 | AA63: 766353.42 | AB63: 2497 | AC63: 0.0042439498 | AD63: 328608.04 | AE63: 0.0050805602 | AF63: 186851.88 | AL63: 588367 | AM63: 1 | AN63: 64679489 | AO63: 1 | AP63: 36777810
B64: 39965 | M64: 377068 | N64: 0.63511324 | O64: 40525721 | P64: 0.62146722 | Q64: 23123444 | R64: 201424 | S64: 0.33926785 | T64: 22996250 | U64: 0.3526505 | V64: 13121358 | W64: 12190 | X64: 0.020532186 | Y64: 1306751.2 | Z64: 0.0200392 | AA64: 745615.06 | AB64: 3020 | AC64: 0.005086727 | AD64: 381025.9 | AE64: 0.0058430819 | AF64: 217408.37 | AL64: 593702 | AM64: 1 | AN64: 65209748 | AO64: 1 | AP64: 37207825
B65: 39995 | M65: 378458 | N65: 0.63259681 | O65: 50725993 | P65: 0.61863069 | Q65: 28816125 | R65: 202738 | S65: 0.33887885 | T65: 28710430 | U65: 0.35013909 | V65: 16309653 | W65: 13277 | X65: 0.022192655 | Y65: 1864796.9 | Z65: 0.022742198 | AA65: 1059342.9 | AB65: 3788 | AC65: 0.0063316847 | AD65: 695993.96 | AE65: 0.0084880196 | AF65: 395376.18 | AL65: 598261 | AM65: 1 | AN65: 81997214 | AO65: 1 | AP65: 46580498
B66: 40026 | M66: 379265 | N66: 0.62885818 | O66: 51178944 | P66: 0.60958882 | Q66: 28968743 | R66: 204743 | S66: 0.33948377 | T66: 29727105 | U66: 0.35407747 | V66: 16826390 | W66: 14655 | X66: 0.024299413 | Y66: 2325518 | Z66: 0.027699082 | AA66: 1316309.5 | AB66: 4438 | AC66: 0.0073586348 | AD66: 724933.16 | AE66: 0.0086346282 | AF66: 410332.85 | AL66: 603101 | AM66: 1 | AN66: 83956500 | AO66: 1 | AP66: 47521775
B67: 40057 | M67: 384674 | N67: 0.61716103 | O67: 52539418 | P67: 0.60982284 | Q67: 30030908 | R67: 206439 | S67: 0.3312054 | T67: 29461200 | U67: 0.34195493 | V67: 16839673 | W67: 27203 | X67: 0.04364379 | Y67: 3407118.7 | Z67: 0.039546286 | AA67: 1947468.7 | AB67: 4980 | AC67: 0.0079897833 | AD67: 747477.61 | AE67: 0.0086759416 | AF67: 427249.34 | AL67: 623296 | AM67: 1 | AN67: 86155214 | AO67: 1 | AP67: 49245299
B68: 40087 | M68: 391967 | N68: 0.50494358 | O68: 53651978 | P68: 0.54420683 | Q68: 30666096 | R68: 208340 | S68: 0.2683898 | T68: 30161969 | U68: 0.30594117 | V68: 17239809 | W68: 169034 | X68: 0.21775464 | Y68: 13449341 | Z68: 0.13642038 | AA68: 7687299.1 | AB68: 6918 | AC68: 0.008911974 | AD68: 1324189.3 | AE68: 0.013431617 | AF68: 756872.66 | AL68: 776259 | AM68: 1 | AN68: 98587477 | AO68: 1 | AP68: 56350077
B69: 40118 | M69: 393607 | N69: 0.48307963 | O69: 52713999 | P69: 0.56902664 | Q69: 29992656 | R69: 209889 | S69: 0.25759984 | T69: 30032886 | U69: 0.32419305 | V69: 17087795 | W69: 203555 | X69: 0.24982603 | Y69: 8716909.3 | Z69: 0.094095566 | AA69: 4959655.3 | AB69: 7736 | AC69: 0.0094945059 | AD69: 1175100.7 | AE69: 0.012684744 | AF69: 668596.41 | AL69: 814787 | AM69: 1 | AN69: 92638895 | AO69: 1 | AP69: 52708704
B70: 40148 | M70: 398828 | N70: 0.46495534 | O70: 54824385 | P70: 0.55645502 | Q70: 31098135 | R70: 212205 | S70: 0.24738947 | T70: 31586170 | U70: 0.32059243 | V70: 17916681 | W70: 237978 | X70: 0.27743574 | Y70: 10689256 | Z70: 0.10849351 | AA70: 6063286.1 | AB70: 8766 | AC70: 0.010219439 | AD70: 1424567.8 | AE70: 0.014459038 | AF70: 808060.16 | AL70: 857777 | AM70: 1 | AN70: 98524380 | AO70: 1 | AP70: 55886163
B71: Promedio 2009 | M71: 379293.83 | N71: 0.58685146 | O71: 46328456 | P71: 0.60144664 | R71: 203022.75 | S71: 0.3141211 | T71: 26132285 | U71: 0.33925532 | W71: 60019.833 | X71: 0.092863958 | Y71: 3931957.6 | Z71: 0.051045575 | AB71: 3983.5833 | AC71: 0.0061634845 | AD71: 635674.29 | AE71: 0.0082524693 | AL71: 646320 | AM71: 1 | AN71: 77028373 | AO71: 1
B72: 40179 | M72: 401503 | N72: 0.45844561 | O72: 53353917 | P72: 0.56428748 | Q72: 30420883 | R72: 213689 | S72: 0.24399515 | T72: 29910345 | U72: 0.31634103 | V72: 17054026 | W72: 250933 | X72: 0.28652123 | Y72: 9842486.8 | Z72: 0.10409718 | AA72: 5611905.4 | AB72: 9667 | AC72: 0.011038009 | AD72: 1444200.3 | AE72: 0.015274308 | AF72: 823441.85 | AL72: 875792 | AM72: 1 | AN72: 94550950 | AO72: 1 | AP72: 53910256
B73: 40210 | M73: 399656 | N73: 0.44991005 | O73: 52403663 | P73: 0.56799651 | Q73: 29963034 | R73: 212721 | S73: 0.23946923 | T73: 27903651 | U73: 0.30244406 | V73: 15954573 | W73: 265352 | X73: 0.29871823 | Y73: 10478670 | Z73: 0.11357695 | AA73: 5991427.7 | AB73: 10573 | AC73: 0.011902484 | AD73: 1474552.7 | AE73: 0.015982485 | AF73: 843110.38 | AL73: 888302 | AM73: 1 | AN73: 92260536 | AO73: 1 | AP73: 52752145
B74: 40238 | M74: 402294 | N74: 0.44120182 | O74: 54310010 | P74: 0.5510776 | Q74: 31079144 | R74: 214407 | S74: 0.23514335 | T74: 30206147 | U74: 0.30649839 | V74: 17285601 | W74: 283774 | X74: 0.31121917 | Y74: 12369199 | Z74: 0.12550888 | AA74: 7078329 | AB74: 11339 | AC74: 0.01243565 | AD74: 1667026.5 | AE74: 0.016915132 | AF74: 953963.31 | AL74: 911814 | AM74: 1 | AN74: 98552382 | AO74: 1 | AP74: 56397037
B75: 40269 | M75: 403577 | N75: 0.43827049 | O75: 53395526 | P75: 0.5638065 | Q75: 30697055 | R75: 214665 | S75: 0.23311867 | T75: 28999252 | U75: 0.3062048 | V75: 16671652 | W75: 290581 | X75: 0.31556079 | Y75: 10650342 | Z75: 0.11245759 | AA75: 6122875.3 | AB75: 12017 | AC75: 0.013050041 | AD75: 1660290.7 | AE75: 0.017531108 | AF75: 954500.14 | AL75: 920840 | AM75: 1 | AN75: 94705411 | AO75: 1 | AP75: 54446083
B76: 40299 | M76: 404226 | N76: 0.43466376 | O76: 53437100 | P76: 0.56029958 | Q76: 30831499 | R76: 214850 | S76: 0.23102796 | T76: 28937719 | U76: 0.30341826 | V76: 16696139 | W76: 297968 | X76: 0.32040466 | Y76: 11185822 | Z76: 0.11728577 | AA76: 6453861.9 | AB76: 12930 | AC76: 0.013903615 | AD76: 1811730.7 | AE76: 0.01899639 | AF76: 1045310.7 | AL76: 929974 | AM76: 1 | AN76: 95372372 | AO76: 1 | AP76: 55026811
B77: 40330 | M77: 405141 | N77: 0.42909933 | O77: 53393241 | P77: 0.55333694 | Q77: 30806307 | R77: 215430 | S77: 0.22816962 | T77: 29281432 | U77: 0.30345597 | V77: 16894512 | W77: 309440 | X77: 0.32773898 | Y77: 11639837 | Z77: 0.12062859 | AA77: 6715838.4 | AB77: 14155 | AC77: 0.014992067 | AD77: 2178670.7 | AE77: 0.022578494 | AF77: 1257028 | AL77: 944166 | AM77: 1 | AN77: 96493181 | AO77: 1 | AP77: 55673685
B78: 40360 | M78: 405859 | N78: 0.42549964 | O78: 53814291 | P78: 0.50727639 | Q78: 31248697 | R78: 215653 | S78: 0.22608904 | T78: 29451044 | U78: 0.27761807 | V78: 17101531 | W78: 317232 | X78: 0.33258373 | Y78: 20655794 | Z78: 0.1947103 | AA78: 11994335 | AB78: 15097 | AC78: 0.015827586 | AD78: 2163623.5 | AE78: 0.020395235 | AF78: 1256365.4 | AL78: 953841 | AM78: 1 | AN78: 1.0608475e+08 | AO78: 1 | AP78: 61600928
B79: 40391 | M79: 407004 | N79: 0.42148365 | O79: 54087212 | P79: 0.50333152 | Q79: 31376300 | R79: 215989 | S79: 0.22367306 | T79: 29308733 | U79: 0.27274486 | V79: 17002163 | W79: 326831 | X79: 0.3384584 | Y79: 21845199 | Z79: 0.20328978 | AA79: 12672524 | AB79: 15822 | AC79: 0.016384886 | AD79: 2217279.3 | AE79: 0.020633834 | AF79: 1286256.3 | AL79: 965646 | AM79: 1 | AN79: 1.0745842e+08 | AO79: 1 | AP79: 62337244
B80: 40422 | M80: 405711 | N80: 0.41614714 | O80: 52998808 | P80: 0.50140058 | Q80: 30867870 | R80: 216293 | S80: 0.22185672 | T80: 29307342 | U80: 0.27726506 | V80: 17069350 | W80: 337133 | X80: 0.3458051 | Y80: 21339445 | Z80: 0.20188397 | AA80: 12428642 | AB80: 15785 | AC80: 0.016191039 | AD80: 2055935.6 | AE80: 0.019450387 | AF80: 1197429.8 | AL80: 974922 | AM80: 1 | AN80: 1.0570153e+08 | AO80: 1 | AP80: 61563291
B81: 40452 | M81: 405916 | N81: 0.41141747 | O81: 53572850 | P81: 0.49481363 | Q81: 31232799 | R81: 216539 | S81: 0.2194738 | T81: 29249804 | U81: 0.27015927 | V81: 17052542 | W81: 348007 | X81: 0.35272362 | Y81: 23282631 | Z81: 0.21504481 | AA81: 13573699 | AB81: 16166 | AC81: 0.016385102 | AD81: 2163457.2 | AE81: 0.019982288 | AF81: 1261288.6 | AL81: 986628 | AM81: 1 | AN81: 1.0826874e+08 | AO81: 1 | AP81: 63120329
B82: 40483 | M82: 406466 | N82: 0.4055446 | O82: 53862831 | P82: 0.48876839 | Q82: 31423960 | R82: 216508 | S82: 0.21601721 | T82: 29223036 | U82: 0.26517909 | V82: 17048928 | W82: 362534 | X82: 0.36171219 | Y82: 24777464 | Z82: 0.22483856 | AA82: 14455349 | AB82: 16764 | AC82: 0.016725999 | AD82: 2337802.9 | AE82: 0.021213964 | AF82: 1363890.9 | AL82: 1002272 | AM82: 1 | AN82: 1.1020113e+08 | AO82: 1 | AP82: 64292128
B83: 40513 | M83: 407118 | N83: 0.40265059 | O83: 53882679 | P83: 0.49036702 | Q83: 31472596 | R83: 216390 | S83: 0.2140155 | T83: 29069986 | U83: 0.26455556 | V83: 16979629 | W83: 370216 | X83: 0.36615353 | Y83: 24515928 | Z83: 0.2231107 | AA83: 14319628 | AB83: 17371 | AC83: 0.017180384 | AD83: 2413755.3 | AE83: 0.021966725 | AF83: 1409862.1 | AL83: 1011095 | AM83: 1 | AN83: 1.0988235e+08 | AO83: 1 | AP83: 64181715
B84: Promedio 2010 | M84: 404539.25 | N84: 0.42713122 | O84: 53542677 | P84: 0.52685149 | R84: 215261.17 | S84: 0.22728268 | T84: 29237374 | U84: 0.28769115 | W84: 313333.42 | X84: 0.33083189 | Y84: 16881902 | Z84: 0.16611525 | AB84: 13973.833 | AC84: 0.014754218 | AD84: 1965693.8 | AE84: 0.019342117 | AL84: 947107.67 | AM84: 1 | AN84: 1.0162765e+08 | AO84: 1
B85: 40544 | M85: 408161 | N85: 0.40192078 | O85: 54402158 | P85: 0.49319949 | Q85: 31862037 | R85: 216183 | S85: 0.21287786 | T85: 28732426 | U85: 0.26048264 | V85: 16827892 | W85: 372853 | X85: 0.36715259 | Y85: 24403155 | Z85: 0.22123431 | AA85: 14292342 | AB85: 18329 | AC85: 0.018048775 | AD85: 2766830.9 | AE85: 0.025083556 | AF85: 1620466.4 | AL85: 1015526 | AM85: 1 | AN85: 1.1030457e+08 | AO85: 1 | AP85: 64602738
B86: 40575 | M86: 407627 | N86: 0.39832103 | O86: 53286138 | P86: 0.48441661 | Q86: 31280218 | R86: 215873 | S86: 0.2109447 | T86: 28520319 | U86: 0.25927412 | V86: 16742099 | W86: 381231 | X86: 0.37252764 | Y86: 25742083 | Z86: 0.23401757 | AA86: 15111209 | AB86: 18632 | AC86: 0.018206638 | AD86: 2452102.5 | AE86: 0.022291711 | AF86: 1439441.9 | AL86: 1023363 | AM86: 1 | AN86: 1.1000064e+08 | AO86: 1 | AP86: 64572968
B87: 40603 | M87: 408158 | N87: 0.39701768 | O87: 53267460 | P87: 0.48977941 | Q87: 31508366 | R87: 215968 | S87: 0.21007334 | T87: 28577812 | U87: 0.262765 | V87: 16904132 | W87: 384417 | X87: 0.37392467 | Y87: 24062631 | Z87: 0.22124917 | AA87: 14233346 | AB87: 19517 | AC87: 0.018984301 | AD87: 2850160.6 | AE87: 0.02620643 | AF87: 1685905.5 | AL87: 1028060 | AM87: 1 | AN87: 1.0875806e+08 | AO87: 1 | AP87: 64331750
B88: 40634 | M88: 403355 | N88: 0.39436004 | O88: 51521683 | P88: 0.48945379 | Q88: 30572922 | R88: 215453 | S88: 0.21064832 | T88: 28501409 | U88: 0.27076217 | V88: 16912712 | W88: 383911 | X88: 0.37534965 | Y88: 22803669 | Z88: 0.21663388 | AA88: 13531677 | AB88: 20090 | AC88: 0.019641986 | AD88: 2436868.9 | AE88: 0.023150151 | AF88: 1446035.9 | AL88: 1022809 | AM88: 1 | AN88: 1.0526363e+08 | AO88: 1 | AP88: 62463347
B89: 40664 | M89: 406131 | N89: 0.39346306 | O89: 53619206 | P89: 0.48762635 | Q89: 31944811 | R89: 215354 | S89: 0.20863673 | T89: 28143818 | U89: 0.25594686 | V89: 16767293 | W89: 389170 | X89: 0.37703111 | Y89: 24889302 | Z89: 0.22634948 | AA89: 14828344 | AB89: 21541 | AC89: 0.020869099 | AD89: 3307289.9 | AE89: 0.030077314 | AF89: 1970390.1 | AL89: 1032196 | AM89: 1 | AN89: 1.0995962e+08 | AO89: 1 | AP89: 65510838
B90: 40695 | M90: 406612 | N90: 0.39025411 | O90: 52538842 | P90: 0.47884413 | Q90: 31354280 | R90: 215443 | S90: 0.20677579 | T90: 28203867 | U90: 0.25705279 | V90: 16831584 | W90: 397492 | X90: 0.381501 | Y90: 25874782 | Z90: 0.23582529 | AA90: 15441626 | AB90: 22369 | AC90: 0.021469101 | AD90: 3102643.5 | AE90: 0.028277795 | AF90: 1851604.4 | AL90: 1041916 | AM90: 1 | AN90: 1.0972013e+08 | AO90: 1 | AP90: 65479095
B91: 40725 | M91: 405603 | N91: 0.38809005 | O91: 54022081 | P91: 0.45769448 | Q91: 32280384 | R91: 214230 | S91: 0.20498007 | T91: 28740853 | U91: 0.24350283 | V91: 17173825 | W91: 402342 | X91: 0.38496985 | Y91: 32142803 | Z91: 0.27232538 | AA91: 19206629 | AB91: 22951 | AC91: 0.021960032 | AD91: 3125139.1 | AE91: 0.026477301 | AF91: 1867397.3 | AL91: 1045126 | AM91: 1 | AN91: 1.1803088e+08 | AO91: 1 | AP91: 70528235
B92: 40756 | M92: 405997 | N92: 0.38525524 | O92: 54025660 | P92: 0.45146023 | Q92: 32334869 | R92: 214543 | S92: 0.20358233 | T92: 28836674 | U92: 0.2409709 | V92: 17259023 | W92: 409747 | X92: 0.38881366 | Y92: 33561988 | Z92: 0.28045753 | AA92: 20087168 | AB92: 23552 | AC92: 0.022348765 | AD92: 3244379.8 | AE92: 0.027111348 | AF92: 1941792 | AL92: 1053839 | AM92: 1 | AN92: 1.196687e+08 | AO92: 1 | AP92: 71622851
B93: 40787 | M93: 405744 | N93: 0.3851142 | O93: 53796917 | P93: 0.45972647 | Q93: 32357994 | R93: 214849 | S93: 0.20392514 | T93: 29235877 | U93: 0.24983786 | V93: 17584917 | W93: 409464 | X93: 0.38864506 | Y93: 31048943 | Z93: 0.26533157 | AA93: 18675447 | AB93: 23511 | AC93: 0.022315598 | AD93: 2937667.2 | AE93: 0.025104103 | AF93: 1766960.3 | AL93: 1053568 | AM93: 1 | AN93: 1.170194e+08 | AO93: 1 | AP93: 70385318
B94: 40817 | M94: 403625 | N94: 0.37899844 | O94: 52949294 | P94: 0.43739466 | Q94: 32002757 | R94: 214346 | S94: 0.20126801 | T94: 28632284 | U94: 0.23652077 | V94: 17305463 | W94: 422164 | X94: 0.39640631 | Y94: 35806607 | Z94: 0.29578522 | AA94: 21641651 | AB94: 24843 | AC94: 0.023327242 | AD94: 3667921.5 | AE94: 0.030299351 | AF94: 2216905.9 | AL94: 1064978 | AM94: 1 | AN94: 1.2105611e+08 | AO94: 1 | AP94: 73166777
B95: 40848 | M95: 401693 | N95: 0.37788404 | O95: 51945537 | P95: 0.44669861 | Q95: 31495705 | R95: 213867 | S95: 0.20119077 | T95: 28267619 | U95: 0.24308356 | V95: 17139270 | W95: 422687 | X95: 0.39763369 | Y95: 32987752 | Z95: 0.28367371 | AA95: 20001189 | AB95: 24759 | AC95: 0.023291496 | AD95: 3086755 | AE95: 0.026544131 | AF95: 1871566.5 | AL95: 1063006 | AM95: 1 | AN95: 1.1628766e+08 | AO95: 1 | AP95: 70507731
B96: 40878 | M96: 405116 | N96: 0.37454836 | O96: 54329470 | P96: 0.44180205 | Q96: 33141815 | R96: 213801 | S96: 0.19766885 | T96: 28348090 | U96: 0.23052396 | V96: 17292772 | W96: 436791 | X96: 0.40383335 | Y96: 36550778 | Z96: 0.29722743 | AA96: 22296539 | AB96: 25904 | AC96: 0.023949438 | AD96: 3744086.9 | AE96: 0.030446557 | AF96: 2283950.8 | AL96: 1081612 | AM96: 1 | AN96: 1.2297242e+08 | AO96: 1 | AP96: 75015078
B97: Promedio 2011 | M97: 405651.83 | N97: 0.38861747 | O97: 53308704 | P97: 0.46726435 | R97: 214992.5 | S97: 0.20596441 | T97: 28561754 | U97: 0.25035104 | W97: 401022.42 | X97: 0.38418245 | Y97: 29156208 | Z97: 0.25556158 | AB97: 22166.5 | AC97: 0.021235672 | AD97: 3060153.8 | AE97: 0.026823027 | AL97: 1043833.2 | AM97: 1 | AN97: 1.1408682e+08 | AO97: 1
B98: 40909 | M98: 405147 | N98: 0.37581397 | O98: 52832768 | P98: 0.45393341 | Q98: 32257171 | R98: 212218 | S98: 0.19685321 | T98: 27901983 | U98: 0.23973081 | V98: 17035621 | W98: 434885 | X98: 0.40339891 | Y98: 32475223 | Z98: 0.27902359 | AA98: 19827824 | AB98: 25802 | AC98: 0.02393391 | AD98: 3178831.9 | AE98: 0.027312179 | AF98: 1940843.3 | AL98: 1078052 | AM98: 1 | AN98: 1.1638881e+08 | AO98: 1 | AP98: 71061459
B99: 40940 | M99: 405788 | N99: 0.3722812 | O99: 52916525 | P99: 0.43889155 | Q99: 32433793 | R99: 211479 | S99: 0.19401672 | T99: 27545339 | U99: 0.22846203 | V99: 16883191 | W99: 445464 | X99: 0.40868107 | Y99: 36078712 | Z99: 0.29923812 | AA99: 22113498 | AB99: 27273 | AC99: 0.025021009 | AD99: 4027990.5 | AE99: 0.033408297 | AF99: 2468850.9 | AL99: 1090004 | AM99: 1 | AN99: 1.2056857e+08 | AO99: 1 | AP99: 73899333
B100: 40969 | M100: 405724 | N100: 0.36716307 | O100: 52800574 | P100: 0.43558476 | Q100: 32415539 | R100: 211975 | S100: 0.19182841 | T100: 27899819 | U100: 0.23016295 | V100: 17128368 | W100: 459460 | X100: 0.41579187 | Y100: 36786770 | Z100: 0.30347693 | AA100: 22584280 | AB100: 27865 | AC100: 0.025216647 | AD100: 3730517.7 | AE100: 0.03077536 | AF100: 2290254.3 | AL100: 1105024 | AM100: 1 | AN100: 1.2121768e+08 | AO100: 1 | AP100: 74418441
B101: 41000 | M101: 405278 | N101: 0.36539018 | O101: 52637855 | P101: 0.44139918 | Q101: 32332027 | R101: 210835 | S101: 0.19008443 | T101: 27808793 | U101: 0.23319298 | V101: 17081142 | W101: 464267 | X101: 0.41857343 | Y101: 35028233 | Z101: 0.2937322 | AA101: 21515576 | AB101: 28785 | AC101: 0.025951955 | AD101: 3777392.1 | AE101: 0.03167564 | AF101: 2320207.5 | AL101: 1109165 | AM101: 1 | AN101: 1.1925227e+08 | AO101: 1 | AP101: 73248952
B102: 41030 | M102: 405077 | N102: 0.36230929 | O102: 52419513 | P102: 0.43297819 | Q102: 32207791 | R102: 211171 | S102: 0.18887573 | T102: 27915187 | U102: 0.23057572 | V102: 17151752 | W102: 472382 | X102: 0.42250828 | Y102: 36856879 | Z102: 0.30443291 | AA102: 22645740 | AB102: 29412 | AC102: 0.026306704 | AD102: 3875751.1 | AE102: 0.032013187 | AF102: 2381353.3 | AL102: 1118042 | AM102: 1 | AN102: 1.2106733e+08 | AO102: 1 | AP102: 74386636
B103: 41061 | M103: 405447 | N103: 0.35951851 | O103: 52732289 | P103: 0.43216835 | Q103: 32304016 | R103: 211515 | S103: 0.18755487 | T103: 28078600 | U103: 0.23011864 | V103: 17201066 | W103: 480566 | X103: 0.42612813 | Y103: 37236106 | Z103: 0.30516912 | AA103: 22810991 | AB103: 30222 | AC103: 0.026798493 | AD103: 3970939 | AE103: 0.032543897 | AF103: 2432613.5 | AL103: 1127750 | AM103: 1 | AN103: 1.2201793e+08 | AO103: 1 | AP103: 74748686
B104: 41091 | M104: 405988 | N104: 0.36052795 | O104: 54209259 | P104: 0.43364826 | Q104: 33204448 | R104: 211177 | S104: 0.18753069 | T104: 28762867 | U104: 0.23008924 | V104: 17617934 | W104: 478596 | X104: 0.42500575 | Y104: 37988307 | Z104: 0.30388837 | AA104: 23268733 | AB104: 30332 | AC104: 0.026935608 | AD104: 4047006.5 | AE104: 0.032374125 | AF104: 2478886.8 | AL104: 1126093 | AM104: 1 | AN104: 1.2500744e+08 | AO104: 1 | AP104: 76570001
B105: 41122 | M105: 403875 | N105: 0.35582917 | O105: 53880750 | P105: 0.42874194 | Q105: 33076216 | R105: 198447 | S105: 0.17483932 | T105: 26630699 | U105: 0.2119068 | V105: 16348005 | W105: 489880 | X105: 0.43160283 | Y105: 39574370 | Z105: 0.31490266 | AA105: 24293842 | AB105: 42823 | AC105: 0.037728684 | AD105: 5585933.7 | AE105: 0.044448602 | AF105: 3429082.7 | AL105: 1135025 | AM105: 1 | AN105: 1.2567175e+08 | AO105: 1 | AP105: 77147145
B106: 41153 | M106: 403144 | N106: 0.35241062 | O106: 53053072 | P106: 0.42433171 | Q106: 32818429 | R106: 198376 | S106: 0.17341151 | T106: 26744883 | U106: 0.21391225 | V106: 16544283 | W106: 499207 | X106: 0.43638463 | Y106: 39625070 | Z106: 0.3169312 | AA106: 24511918 | AB106: 43234 | AC106: 0.037793246 | AD106: 5604331.2 | AE106: 0.04482484 | AF106: 3466818 | AL106: 1143961 | AM106: 1 | AN106: 1.2502736e+08 | AO106: 1 | AP106: 77341448
B107: 41183 | M107: 403812 | N107: 0.35006268 | O107: 53335431 | P107: 0.42507822 | Q107: 33177418 | R107: 197358 | S107: 0.1710887 | T107: 25927789 | U107: 0.20664197 | V107: 16128436 | W107: 510960 | X107: 0.44294876 | Y107: 40843811 | Z107: 0.32552122 | AA107: 25406980 | AB107: 41412 | AC107: 0.035899863 | AD107: 5365008.9 | AE107: 0.042758601 | AF107: 3337315.2 | AL107: 1153542 | AM107: 1 | AN107: 1.2547204e+08 | AO107: 1 | AP107: 78050150
...

Sheet 1.2
B2: TOTAL DE BENEFICIOS PAGADOS DEL PILAR NO CONTRIBUTIVO A NIVEL REGIONAL
B4: Resumen trimestral de beneficios pagados, por región, tipo de beneficio y sexo
B5: (octubre 2023 a diciembre 2023)
B7: Región | C7: Tipo de beneficio | D7: Mujeres | G7: Hombres | J7: Total
D8: N° promedio beneficiarios3 | E8: Monto total (M$)4 | F8: Monto promedio por beneficiario ($)5 | G8: N° promedio beneficiarios3 | H8: Monto total (M$)4 | I8: Monto promedio por beneficiario ($)5 | J8: N° promedio beneficiarios3 | K8: Monto total (M$)4 | L8: Monto promedio por beneficiario ($)5
B9: Región de Arica y Parinacota | C9: PGU No Contributiva1 | D9: 3362 | E9: 2064921.7 | F9: 204731.48 | G9: 1444 | H9: 886848.64 | I9: 204720.37 | J9: 4806 | K9: 2951770.4 | L9: 204728.14
C10: PGU Contributiva1 | D10: 10114.667 | E10: 6158628.8 | F10: 202960.35 | G10: 8450.3333 | H10: 5100433.1 | I10: 201192.58 | J10: 18565 | K10: 11259062 | L10: 202155.7
C11: APS Vejez1 | D11: 1321 | E11: 936963.07 | F11: 236427.72 | G11: 748 | H11: 535732.11 | I11: 238739.8 | J11: 2069 | K11: 1472695.2 | L11: 237263.6
C12: PBS Invalidez | D12: 1141.6667 | E12: 705228.66 | F12: 205906.18 | G12: 1155 | H12: 713599.6 | I12: 205945.05 | J12: 2296.6667 | K12: 1418828.3 | L12: 205925.73
C13: APS Invalidez | D13: 465.66667 | E13: 238494.67 | F13: 170719.16 | G13: 565.66667 | H13: 275711.5 | I13: 162469.95 | J13: 1031.3333 | K13: 514206.17 | L13: 166194.63
C14: Total2 | D14: 16405 | E14: 10104237 | F14: 205308.08 | G14: 12363 | H14: 7512325 | I14: 202548.6 | J14: 28768 | K14: 17616562 | L14: 204122.2
B15: Región de Tarapacá | C15: PGU No Contributiva1 | D15: 3727.6667 | E15: 2294191.5 | F15: 205149.92 | G15: 1636.3333 | H15: 1005551.3 | I15: 204838.32 | J15: 5364 | K15: 3299742.9 | L15: 205054.86
B16: Región de Tarapacá | C16: PGU Contributiva1 | D16: 10913.333 | E16: 6643196.6 | F16: 202907.65 | G16: 9961 | H16: 5973702.1 | I16: 199903.03 | J16: 20874.333 | K16: 12616899 | L16: 201473.88
B17: Región de Tarapacá | C17: APS Vejez1 | D17: 1627.3333 | E17: 1156573.7 | F17: 236905.72 | G17: 875.66667 | H17: 629058.74 | I17: 239458.98 | J17: 2503 | K17: 1785632.5 | L17: 237798.97
B18: Región de Tarapacá | C18: PBS Invalidez | D18: 1388 | E18: 857547.8 | F18: 205943.28 | G18: 1171.6667 | H18: 723432.27 | I18: 205812.88 | J18: 2559.6667 | K18: 1580980.1 | L18: 205883.59
B19: Región de Tarapacá | C19: APS Invalidez | D19: 665.66667 | E19: 344895.56 | F19: 172706.84 | G19: 772 | H19: 374912.04 | I19: 161879.12 | J19: 1437.6667 | K19: 719807.6 | L19: 166892.56
B20: Región de Tarapacá | C20: Total2 | D20: 18322 | E20: 11296405 | F20: 205516.23 | G20: 14416.667 | H20: 8706656.5 | I20: 201309.98 | J20: 32738.667 | K20: 20003062 | L20: 203663.98
B21: Región de Antofagasta | C21: PGU No Contributiva1 | D21: 7025.6667 | E21: 4325277.1 | F21: 205213.13 | G21: 2213.6667 | H21: 1354141.7 | I21: 203906.29 | J21: 9239.3333 | K21: 5679418.8 | L21: 204900.02
B22: Región de Antofagasta | C22: PGU Contributiva1 | D22: 19999.333 | E22: 12149542 | F22: 202499.11 | G22: 16666.333 | H22: 9708162.6 | I22: 194167.14 | J22: 36665.667 | K22: 21857704 | L22: 198711.82
B23: Región de Antofagasta | C23: APS Vejez1 | D23: 2536.3333 | E23: 1791120.2 | F23: 235394.95 | G23: 1093 | H23: 791872.9 | I23: 241498.29 | J23: 3629.3333 | K23: 2582993.1 | L23: 237233.01
B24: Región de Antofagasta | C24: PBS Invalidez | D24: 2065.6667 | E24: 1275809.4 | F24: 205875.33 | G24: 1552 | H24: 958442.35 | I24: 205851.02 | J24: 3617.6667 | K24: 2234251.8 | L24: 205864.9
B25: Región de Antofagasta | C25: APS Invalidez | D25: 819 | E25: 416601.39 | F25: 169556.94 | G25: 856.33333 | H25: 418654.09 | I25: 162963.83 | J25: 1675.3333 | K25: 835255.48 | L25: 166186.92
B26: Región de Antofagasta | C26: Total2 | D26: 32446 | E26: 19958350 | F26: 205041.71 | G26: 22381.333 | H26: 13231274 | I26: 197058.17 | J26: 54827.333 | K26: 33189623 | L26: 201782.71
... B110: Total Nacional | C110: Total2 | D110: 1414116 | E110: 8.7016775e+08 | F110: 205114.66 | G110: 1011832.7 | H110: 6.1479987e+08 | I110: 202536.74 | J110: 2425948.7 | K110: 1.4849676e+09 | L110: 204039.44
B111: Fuente: Elaboración propia con datos de la Superintendencia de Pensiones
B112: 1 La Pensión Garantizada Universal (PGU) es un nuevo beneficio generado a partir de la ley 21.419 del 29-01-2022. El concepto de PGU No Contributiva o Contributiva está relacionado con la calidad de la persona que está recibiendo el beneficio, si es No Contributiva quiere decir que no estaba afiliado a un sistema previsional (D.L. 3.500 o antiguo Sistema de Reparto) ni recibe pensión de sobrevivencia, si es Contributiva quiere decir que sí estaba afiliado a un sistema previsional o que recibe una pensión de sobrevivencia. De manera automática, en febrero 2022, los PBS de Vejez pasaron a ser PGU No Contributiva y los APS Vejez Subsidio Definido, los Beneficio artículo 9° bis y los APS Vejez con una Pensión Final Garantizada inferior o igual al monto de la PGU pasaron a ser PGU Contributiva. En los casos en que el APS Vejez con una Pensión Final Garantizada tuviera un monto superior a la PGU, se mantuvo el pago del beneficio.
B113: 2 A diciembre de 2023 se encuentran vigentes 89.472 beneficios Ex PASIS de Vejez y 92.738 Ex PASIS de Invalidez. 3 Promedio mensual de beneficiarios en el trimestre. 4 Monto total pagado en el trimestre en pesos a diciembre de 2023. 5 Monto promedio mensual pagado por beneficiario en el trimestre, en pesos a diciembre de 2023.

Sheet 1.3
B2: PAGOS PENSIÓN GARANTIZADA UNIVERSAL (PGU)
B4: Resumen trimestral de beneficios pagados, por tipo de beneficio y sexo
B5: (octubre 2023 a diciembre 2023)
D7: PGU No Contributiva1 | G7: PGU Contributiva1 | J7: PGU Total1
B8: Periodo | C8: Sexo Beneficiarios | D8: N° beneficiarios | E8: Monto nominal (M$)2 | F8: Monto real (M$)3 | G8: N° beneficiarios | H8: Monto nominal (M$)2 | I8: Monto real (M$)3 | J8: N° beneficiarios | K8: Monto nominal (M$)2 | L8: Monto real (M$)3
B9: 45200 | C9: Mujeres | D9: 344866 | E9: 70556341 | F9: 70700999 | G9: 801418 | H9: 162703789 | I9: 1.6303737e+08 | J9: 1146284 | K9: 2.3326013e+08 | L9: 2.3373837e+08
C10: Hombres | D10: 139504 | E10: 28629001 | F10: 28687697 | G10: 670939 | H10: 1.3496986e+08 | I10: 1.3524659e+08 | J10: 810443 | K10: 1.6359887e+08 | L10: 1.6393428e+08
C11: Total | D11: 484370 | E11: 99185342 | F11: 99388697 | G11: 1472357 | H11: 2.9767365e+08 | I11: 2.9828396e+08 | J11: 1956727 | K11: 3.96859e+08 | L11: 3.9767266e+08
B12: 45231 | C12: Mujeres | D12: 343086 | E12: 70221852 | F12: 69844858 | G12: 810512 | H12: 1.6459531e+08 | I12: 1.6371166e+08 | J12: 1153598 | K12: 2.3481716e+08 | L12: 2.3355652e+08
C13: Hombres | D13: 139023 | E13: 28559853 | F13: 28406526 | G13: 678035 | H13: 1.3635304e+08 | I13: 1.3562101e+08 | J13: 817058 | K13: 1.6491289e+08 | L13: 1.6402754e+08
C14: Total | D14: 482109 | E14: 98781705 | F14: 98251384 | G14: 1488547 | H14: 3.0094835e+08 | I14: 2.9933267e+08 | J14: 1970656 | K14: 3.9973005e+08 | L14: 3.9758406e+08
B15: 45261 | C15: Mujeres | D15: 339811 | E15: 69796632 | F15: 69796632 | G15: 818807 | H15: 1.6633464e+08 | I15: 1.6633464e+08 | J15: 1158618 | K15: 2.3613127e+08 | L15: 2.3613127e+08
C16: Hombres | D16: 131135 | E16: 26987353 | F16: 26987353 | G16: 690945 | H16: 1.390067e+08 | I16: 1.390067e+08 | J16: 822080 | K16: 1.6599405e+08 | L16: 1.6599405e+08
C17: Total | D17: 470946 | E17: 96783985 | F17: 96783985 | G17: 1509752 | H17: 3.0534134e+08 | I17: 3.0534134e+08 | J17: 1980698 | K17: 4.0212532e+08 | L17: 4.0212532e+08
B18: Fuente: Elaboración propia con datos de la Superintendencia de Pensiones
B19: 1 La Pensión Garantizada Universal (PGU) es un nuevo beneficio generado a partir de la ley 21.419 del 29-01-2022. El concepto de PGU No Contributiva o Contributiva está relacionado con la calidad de la persona que está recibiendo el beneficio, si es No Contributiva quiere decir que no estaba afiliado a un sistema previsional (D.L. 3.500 o antiguo Sistema de Reparto) ni recibe pensión de sobrevivencia, si es Contributiva quiere decir que sí estaba afiliado a un sistema previsional o que recibe una pensión de sobrevivencia. De manera automática, en febrero 2022, los PBS de Vejez pasaron a ser PGU No Contributiva y los APS Vejez Subsidio Definido, los Beneficio artículo 9° bis y los APS Vejez con una Pensión Final Garantizada inferior o igual al monto de la PGU pasaron a ser PGU Contributiva. En los casos en que el APS Vejez con una Pensión Final Garantizada tuviera un monto superior a la PGU, se mantuvo el pago del beneficio.
B20: 2 Montos nominales de cada periodo de pago. 3 Montos deflactados a diciembre 2023
B23: Resumen anual de beneficios pagados, por tipo de beneficio y sexo
B24: (enero 2023 a diciembre 2023)
D26: PGU No Contributiva1 | G26: PGU Contributiva1 | J26: PGU Total1
B27: Periodo | C27: Sexo Beneficiarios | D27: N° promedio beneficiarios2 | E27: Monto nominal (M$)3 | F27: Monto real (M$)4 | G27: N° promedio beneficiarios2 | H27: Monto nominal (M$)3 | I27: Monto real (M$)4 | J27: N° promedio beneficiarios2 | K27: Monto nominal (M$)3 | L27: Monto real (M$)4
B28: Año 2023 | C28: Mujeres | D28: 338941.42 | E28: 8.2990264e+08 | F28: 8.4122591e+08 | G28: 777918.17 | H28: 1.8892604e+09 | I28: 1.9145926e+09 | J28: 1116859.6 | K28: 2.719163e+09 | L28: 2.7558185e+09
C29: Hombres | D29: 133932.08 | E29: 3.2881759e+08 | F29: 3.3325394e+08 | G29: 650208.25 | H29: 1.5652586e+09 | I29: 1.5862021e+09 | J29: 784140.33 | K29: 1.8940762e+09 | L29: 1.919456e+09
C30: Ambos | D30: 472873.5 | E30: 1.1587202e+09 | F30: 1.1744799e+09 | G30: 1428126.4 | H30: 3.454519e+09 | I30: 3.5007947e+09 | J30: 1900999.9 | K30: 4.6132392e+09 | L30: 4.6752746e+09
B31: Fuente: Elaboración propia con datos de la Superintendencia de Pensiones
B32: 1 La Pensión Garantizada Universal (PGU) es un nuevo beneficio generado a partir de la ley 21.419 del 29-01-2022. El concepto de PGU No Contributiva o Contributiva está relacionado con la calidad de la persona que está recibiendo el beneficio, si es No Contributiva quiere decir que no estaba afiliado a un sistema previsional (D.L. 3.500 o antiguo Sistema de Reparto) ni recibe pensión de sobrevivencia, si es Contributiva quiere decir que sí estaba afiliado a un sistema previsional o que recibe una pensión de sobrevivencia. De manera automática, en febrero 2022, los PBS de Vejez pasaron a ser PGU No Contributiva y los APS Vejez Subsidio Definido, los Beneficio artículo 9° bis y los APS Vejez con una Pensión Final Garantizada inferior o igual al monto de la PGU pasaron a ser PGU Contributiva. En los casos en que el APS Vejez con una Pensión Final Garantizada tuviera un monto superior a la PGU, se mantuvo el pago del beneficio.
B33: 2 Promedio mensual de beneficiarios del año.
B34: 3 Montos nominales de cada periodo de pago. 4 Montos deflactados a diciembre de 2023
B37: Serie resumen de pagos de beneficios acumulado, por tipo de beneficio y sexo
B38: (febrero 2022 a diciembre 2023)
C40: PGU No Contributiva1 | L40: PGU Contributiva1 | U40: PGU Total1
C41: Mujeres | F41: Hombres | I41: Total | L41: Mujeres | O41: Hombres | R41: Total | U41: Mujeres | X41: Hombres | AA41: Total
B42: Periodo | C42: N° Beneficiarios | D42: Monto real (M$)2 | E42: Monto nominal (M$)3 | F42: N° Beneficiarios | G42: Monto real (M$)2 | H42: Monto nominal (M$)3 | I42: N° Beneficiarios | J42: Monto real (M$)2 | K42: Monto nominal (M$)3 | L42: N° Beneficiarios | M42: Monto real (M$)2 | N42: Monto nominal (M$)3 | O42: N° Beneficiarios | P42: Monto real (M$)2 | Q42: Monto nominal (M$)3 | R42: N° Beneficiarios | S42: Monto real (M$)2 | T42: Monto nominal (M$)3 | U42: N° Beneficiarios | V42: Monto real (M$)2 | W42: Monto nominal (M$)3 | X42: N° Beneficiarios | Y42: Monto real (M$)2 | Z42: Monto nominal (M$)3 | AA42: N° Beneficiarios | AB42: Monto real (M$)2 | AC42: Monto nominal (M$)3
B43: 44593 | C43: 309683 | D43: 66071873 | E43: 57205361 | F43: 106066 | G43: 22657903 | H43: 19617327 | I43: 415749 | J43: 88729776 | K43: 76822687 | L43: 517361 | M43: 98264863 | N43: 85078214 | O43: 340110 | P43: 67340943 | Q43: 58304128 | R43: 857471 | S43: 1.6560581e+08 | T43: 1.4338234e+08 | U43: 827044 | V43: 1.6433674e+08 | W43: 1.4228357e+08 | X43: 446176 | Y43: 89998846 | Z43: 77921454 | AA43: 1273220 | AB43: 2.5433558e+08 | AC43: 2.2020503e+08
B44: 44621 | C44: 312946 | D44: 65445589 | E44: 57713942 | F44: 107255 | G44: 22494272 | H44: 19836831 | I44: 420201 | J44: 87939861 | K44: 77550774 | L44: 536699 | M44: 1.1234958e+08 | N44: 99076767 | O44: 361057 | P44: 75659092 | Q44: 66720837 | R44: 897756 | S44: 1.8800867e+08 | T44: 1.657976e+08 | U44: 849645 | V44: 1.7779517e+08 | W44: 1.5679071e+08 | X44: 468312 | Y44: 98153363 | Z44: 86557668 | AA44: 1317957 | AB44: 2.7594854e+08 | AC44: 2.4334838e+08
B45: 44652 | C45: 314601 | D45: 64815068 | E45: 57957137 | F45: 107763 | G45: 22288160 | H45: 19929902 | I45: 422364 | J45: 87103228 | K45: 77887039 | L45: 552501 | M45: 1.1398592e+08 | N45: 1.0192533e+08 | O45: 374925 | P45: 77506856 | Q45: 69306036 | R45: 927426 | S45: 1.9149277e+08 | T45: 1.7123137e+08 | U45: 867102 | V45: 1.7880098e+08 | W45: 1.5988247e+08 | X45: 482688 | Y45: 99795016 | Z45: 89235939 | AA45: 1349790 | AB45: 2.78596e+08 | AC45: 2.4911841e+08
B46: 44682 | C46: 316872 | D46: 64454475 | E46: 58325654 | F46: 108938 | G46: 22262224 | H46: 20145363 | I46: 425810 | J46: 86716699 | K46: 78471017 | L46: 605836 | M46: 1.234583e+08 | N46: 1.1171894e+08 | O46: 477591 | P46: 97574096 | Q46: 88296010 | R46: 1083427 | S46: 2.2103239e+08 | T46: 2.0001495e+08 | U46: 922708 | V46: 1.8791277e+08 | W46: 1.700446e+08 | X46: 586529 | Y46: 1.1983632e+08 | Z46: 1.0844137e+08 | AA46: 1509237 | AB46: 3.0774909e+08 | AC46: 2.7848597e+08
B47: 44713 | C47: 317138 | D47: 63890472 | E47: 58354483 | F47: 109221 | G47: 22113077 | H47: 20197021 | I47: 426359 | J47: 86003549 | K47: 78551504 | L47: 615086 | M47: 1.2413414e+08 | N47: 1.1337815e+08 | O47: 487043 | P47: 98585818 | Q47: 90043543 | R47: 1102129 | S47: 2.2271996e+08 | T47: 2.034217e+08 | U47: 932224 | V47: 1.8802461e+08 | W47: 1.7173264e+08 | X47: 596264 | Y47: 1.206989e+08 | Z47: 1.1024056e+08 | AA47: 1528488 | AB47: 3.0872351e+08 | AC47: 2.819732e+08
B48: 44743 | C48: 317824 | D48: 66204066 | E48: 61298892 | F48: 109691 | G48: 22962903 | H48: 21261541 | I48: 427515 | J48: 89166969 | K48: 82560433 | L48: 621791 | M48: 1.2976461e+08 | N48: 1.2015012e+08 | O48: 498271 | P48: 1.0429341e+08 | Q48: 96566129 | R48: 1120062 | S48: 2.3405802e+08 | T48: 2.1671625e+08 | U48: 939615 | V48: 1.9596867e+08 | W48: 1.8144901e+08 | X48: 607962 | Y48: 1.2725631e+08 | Z48: 1.1782767e+08 | AA48: 1547577 | AB48: 3.2322498e+08 | AC48: 2.9927668e+08
B49: 44774 | C49: 322017 | D49: 66260698 | E49: 62094245 | F49: 110018 | G49: 22754923 | H49: 21324100 | I49: 432035 | J49: 89015621 | K49: 83418344 | L49: 660104 | M49: 1.3569626e+08 | N49: 1.2716371e+08 | O49: 538150 | P49: 1.105357e+08 | Q49: 1.0358525e+08 | R49: 1198254 | S49: 2.4623196e+08 | T49: 2.3074897e+08 | U49: 982121 | V49: 2.0195695e+08 | W49: 1.8925796e+08 | X49: 648168 | Y49: 1.3329063e+08 | Z49: 1.2490935e+08 | AA49: 1630289 | AB49: 3.3524758e+08 | AC49: 3.1416731e+08
B50: 44805 | C50: 321661 | D50: 65607403 | E50: 62013553 | F50: 109838 | G50: 22522050 | H50: 21288335 | I50: 431499 | J50: 88129453 | K50: 83301888 | L50: 679141 | M50: 1.382671e+08 | N50: 1.3069309e+08 | O50: 553055 | P50: 1.1226372e+08 | Q50: 1.0611412e+08 | R50: 1232196 | S50: 2.5053082e+08 | T50: 2.3680722e+08 | U50: 1000802 | V50: 2.0387451e+08 | W50: 1.9270664e+08 | X50: 662893 | Y50: 1.3478577e+08 | Z50: 1.2740246e+08 | AA50: 1663695 | AB50: 3.3866028e+08 | AC50: 3.201091e+08
B51: 44835 | C51: 322141 | D51: 65359787 | E51: 62098940 | F51: 109963 | G51: 22431902 | H51: 21312758 | I51: 432104 | J51: 87791689 | K51: 83411698 | L51: 686334 | M51: 1.3891724e+08 | N51: 1.3198656e+08 | O51: 563950 | P51: 1.136868e+08 | Q51: 1.0801488e+08 | R51: 1250284 | S51: 2.5260404e+08 | T51: 2.4000144e+08 | U51: 1008475 | V51: 2.0427703e+08 | W51: 1.940855e+08 | X51: 673913 | Y51: 1.361187e+08 | Z51: 1.2932764e+08 | AA51: 1682388 | AB51: 3.4039573e+08 | AC51: 3.2341314e+08
B52: 44866 | C52: 327443 | D52: 65752101 | E52: 63080933 | F52: 121585 | G52: 24562234 | H52: 23564397 | I52: 449028 | J52: 90314335 | K52: 86645330 | L52: 704099 | M52: 1.4096283e+08 | N52: 1.3523624e+08 | O52: 584193 | P52: 1.1626026e+08 | Q52: 1.115372e+08 | R52: 1288292 | S52: 2.5722309e+08 | T52: 2.4677344e+08 | U52: 1031542 | V52: 2.0671493e+08 | W52: 1.9831717e+08 | X52: 705778 | Y52: 1.4082249e+08 | Z52: 1.351016e+08 | AA52: 1737320 | AB52: 3.4753742e+08 | AC52: 3.3341877e+08
B53: 44896 | C53: 329180 | D53: 65915473 | E53: 63417032 | F53: 125728 | G53: 25328237 | H53: 24368203 | I53: 454908 | J53: 91243711 | K53: 87785234 | L53: 717919 | M53: 1.4305867e+08 | N53: 1.3763622e+08 | O53: 594890 | P53: 1.1775011e+08 | Q53: 1.1328694e+08 | R53: 1312809 | S53: 2.6080878e+08 | T53: 2.5092316e+08 | U53: 1047099 | V53: 2.0897415e+08 | W53: 2.0105325e+08 | X53: 720618 | Y53: 1.4307834e+08 | Z53: 1.3765514e+08 | AA53: 1767717 | AB53: 3.5205249e+08 | AC53: 3.3870839e+08
B54: Promedio 2022 | C54: 319227.82 | D54: 65434273 | F54: 111460.55 | G54: 22943444 | I54: 430688.36 | J54: 88377717 | L54: 626988.27 | M54: 1.2716905e+08 | O54: 488475.91 | P54: 99223345 | R54: 1115464.2 | S54: 2.2639239e+08 | U54: 946216.09 | V54: 1.9260332e+08 | X54: 599936.45 | Y54: 1.2216679e+08 | AA54: 1546152.5 | AB54: 3.1477011e+08
B55: 44927 | C55: 331003 | D55: 65921068 | E55: 63933034 | F55: 126303 | G55: 25210556 | H55: 24450261 | I55: 457306 | J55: 91131624 | K55: 88383295 | L55: 729835 | M55: 1.4421272e+08 | N55: 1.3986358e+08 | O55: 605454 | P55: 1.1869227e+08 | Q55: 1.1511277e+08 | R55: 1335289 | S55: 2.6290498e+08 | T55: 2.5497635e+08 | U55: 1060838 | V55: 2.1013378e+08 | W55: 2.0379661e+08 | X55: 731757 | Y55: 1.4390282e+08 | Z55: 1.3956303e+08 | AA55: 1792595 | AB55: 3.5403661e+08 | AC55: 3.4335965e+08
B56: 44958 | C56: 331827 | D56: 70307710 | E56: 68143594 | F56: 127315 | G56: 26993198 | H56: 26162330 | I56: 459142 | J56: 97300907 | K56: 94305924 | L56: 737271 | M56: 1.5523789e+08 | N56: 1.5045957e+08 | O56: 613433 | P56: 1.2819539e+08 | Q56: 1.2424945e+08 | R56: 1350704 | S56: 2.8343328e+08 | T56: 2.7470903e+08 | U56: 1069098 | V56: 2.255456e+08 | W56: 2.1860317e+08 | X56: 740748 | Y56: 1.5518859e+08 | Z56: 1.5041178e+08 | AA56: 1809846 | AB56: 3.8073419e+08 | AC56: 3.6901495e+08
B57: 44986 | C57: 332837 | D57: 69740222 | E57: 68328243 | F57: 128270 | G57: 26912858 | H57: 26367973 | I57: 461107 | J57: 96653080 | K57: 94696216 | L57: 745051 | M57: 1.5514032e+08 | N57: 1.5199931e+08 | O57: 620582 | P57: 1.2825022e+08 | Q57: 1.2565363e+08 | R57: 1365633 | S57: 2.8339055e+08 | T57: 2.7765294e+08 | U57: 1077888 | V57: 2.2488054e+08 | W57: 2.2032755e+08 | X57: 748852 | Y57: 1.5516308e+08 | Z57: 1.5202161e+08 | AA57: 1826740 | AB57: 3.8004363e+08 | AC57: 3.7234916e+08
B58: 45017 | C58: 337867 | D58: 70561685 | E58: 69346479 | F58: 132828 | G58: 27805925 | H58: 27327054 | I58: 470695 | J58: 98367610 | K58: 96673533 | L58: 767130 | M58: 1.5872262e+08 | N58: 1.5598911e+08 | O58: 640210 | P58: 1.3129149e+08 | Q58: 1.290304e+08 | R58: 1407340 | S58: 2.9001411e+08 | T58: 2.8501951e+08 | U58: 1104997 | V58: 2.292843e+08 | W58: 2.2533559e+08 | X58: 773038 | Y58: 1.5909742e+08 | Z58: 1.5635746e+08 | AA58: 1878035 | AB58: 3.8838172e+08 | AC58: 3.8169305e+08
B59: 45047 | C59: 339302 | D59: 70752199 | E59: 69611830 | F59: 136126 | G59: 28458422 | H59: 27999735 | I59: 475428 | J59: 99210621 | K59: 97611565 | L59: 774874 | M59: 1.6007847e+08 | N59: 1.5749836e+08 | O59: 645979 | P59: 1.3226367e+08 | Q59: 1.3013187e+08 | R59: 1420853 | S59: 2.9234214e+08 | T59: 2.8763023e+08 | U59: 1114176 | V59: 2.3083067e+08 | W59: 2.2711019e+08 | X59: 782105 | Y59: 1.6072209e+08 | Z59: 1.5813161e+08 | AA59: 1896281 | AB59: 3.9155276e+08 | AC59: 3.852418e+08
B60: 45078 | C60: 339850 | D60: 70937206 | E60: 69687358 | F60: 135689 | G60: 28409631 | H60: 27909080 | I60: 475539 | J60: 99346837 | K60: 97596438 | L60: 779821 | M60: 1.6127305e+08 | N60: 1.5843157e+08 | O60: 651738 | P60: 1.3355874e+08 | Q60: 1.3120556e+08 | R60: 1431559 | S60: 2.9483179e+08 | T60: 2.8963713e+08 | U60: 1119671 | V60: 2.3221026e+08 | W60: 2.2811893e+08 | X60: 787427 | Y60: 1.6196837e+08 | Z60: 1.5911464e+08 | AA60: 1907098 | AB60: 3.9417863e+08 | AC60: 3.8723357e+08
B61: 45108 | C61: 340958 | D61: 70857925 | E61: 69854324 | F61: 136319 | G61: 28421887 | H61: 28019332 | I61: 477277 | J61: 99279812 | K61: 97873656 | L61: 785041 | M61: 1.6175131e+08 | N61: 1.5946034e+08 | O61: 656925 | P61: 1.3415084e+08 | Q61: 1.3225078e+08 | R61: 1441966 | S61: 2.9590215e+08 | T61: 2.9171112e+08 | U61: 1125999 | V61: 2.3260924e+08 | W61: 2.2931466e+08 | X61: 793244 | Y61: 1.6257273e+08 | Z61: 1.6027012e+08 | AA61: 1919243 | AB61: 3.9518196e+08 | AC61: 3.8958478e+08
B62: 45139 | C62: 342010 | D62: 70960935 | E62: 70033844 | F62: 136198 | G62: 28347273 | H62: 27976921 | I62: 478208 | J62: 99308208 | K62: 98010765 | L62: 789396 | M62: 1.6244471e+08 | N62: 1.603224e+08 | O62: 661702 | P62: 1.3494906e+08 | Q62: 1.3318598e+08 | R62: 1451098 | S62: 2.9739377e+08 | T62: 2.9350838e+08 | U62: 1131406 | V62: 2.3340564e+08 | W62: 2.3035624e+08 | X62: 797900 | Y62: 1.6329634e+08 | Z62: 1.611629e+08 | AA62: 1929306 | AB62: 3.9670198e+08 | AC62: 3.9151914e+08
B63: 45170 | C63: 343880 | D63: 70844474 | E63: 70389111 | F63: 138475 | G63: 28612613 | H63: 28428702 | I63: 482355 | J63: 99457087 | K63: 98817812 | L63: 795862 | M63: 1.6264787e+08 | N63: 1.6160243e+08 | O63: 666557 | P63: 1.3497609e+08 | Q63: 1.3410851e+08 | R63: 1462419 | S63: 2.9762396e+08 | T63: 2.9571094e+08 | U63: 1139742 | V63: 2.3349234e+08 | W63: 2.3199154e+08 | X63: 805032 | Y63: 1.635887e+08 | Z63: 1.6253721e+08 | AA63: 1944774 | AB63: 3.9708104e+08 | AC63: 3.9452875e+08
B64: 45200 | C64: 344866 | D64: 70700999 | E64: 70556341 | F64: 139504 | G64: 28687697 | H64: 28629001 | I64: 484370 | J64: 99388697 | K64: 99185342 | L64: 801418 | M64: 1.6303737e+08 | N64: 162703789 | O64: 670939 | P64: 1.3524659e+08 | Q64: 1.3496986e+08 | R64: 1472357 | S64: 2.9828396e+08 | T64: 2.9767365e+08 | U64: 1146284 | V64: 2.3373837e+08 | W64: 2.3326013e+08 | X64: 810443 | Y64: 1.6393428e+08 | Z64: 1.6359887e+08 | AA64: 1956727 | AB64: 3.9767266e+08 | AC64: 3.96859e+08
B65: 45231 | C65: 343086 | D65: 69844858 | E65: 70221852 | F65: 139023 | G65: 28406526 | H65: 28559853 | I65: 482109 | J65: 98251384 | K65: 98781705 | L65: 810512 | M65: 1.6371166e+08 | N65: 1.6459531e+08 | O65: 678035 | P65: 1.3562101e+08 | Q65: 1.3635304e+08 | R65: 1488547 | S65: 2.9933267e+08 | T65: 3.0094835e+08 | U65: 1153598 | V65: 2.3355652e+08 | W65: 2.3481716e+08 | X65: 817058 | Y65: 1.6402754e+08 | Z65: 1.6491289e+08 | AA65: 1970656 | AB65: 3.9758406e+08 | AC65: 3.9973005e+08
B66: 45261 | C66: 339811 | D66: 69796632 | E66: 69796632 | F66: 131135 | G66: 26987353 | H66: 26987353 | I66: 470946 | J66: 96783985 | K66: 96783985 | L66: 818807 | M66: 1.6633464e+08 | N66: 1.6633464e+08 | O66: 690945 | P66: 1.390067e+08 | Q66: 1.390067e+08 | R66: 1509752 | S66: 3.0534134e+08 | T66: 3.0534134e+08 | U66: 1158618 | V66: 2.3613127e+08 | W66: 2.3613127e+08 | X66: 822080 | Y66: 1.6599405e+08 | Z66: 1.6599405e+08 | AA66: 1980698 | AB66: 4.0212532e+08 | AC66: 4.0212532e+08
B67: Promedio 2023 | C67: 338941.42 | D67: 70102159 | F67: 133932.08 | G67: 27771162 | I67: 472873.5 | J67: 97873321 | L67: 777918.17 | M67: 1.5954939e+08 | O67: 650208.25 | P67: 1.3218351e+08 | R67: 1428126.4 | S67: 2.9173289e+08 | U67: 1116859.6 | V67: 2.2965155e+08 | X67: 784140.33 | Y67: 1.5995467e+08 | AA67: 1900999.9 | AB67: 3.8960621e+08
B68: Fuente: Elaboración propia con datos de la Superintendencia de Pensiones
B69: 1 La Pensión Garantizada Universal (PGU) es un nuevo beneficio generado a partir de la ley 21.419 del 29-01-2022. El concepto de PGU No Contributiva o Contributiva está relacionado con la calidad de la persona que está recibiendo el beneficio, si es No Contributiva quiere decir que no estaba afiliado a un sistema previsional (D.L. 3.500 o antiguo Sistema de Reparto) ni recibe pensión de sobrevivencia, si es Contributiva quiere decir que sí estaba afiliado a un sistema previsional o que recibe una pensión de sobrevivencia. De manera automática, en febrero 2022, los PBS de Vejez pasaron a ser PGU No Contributiva y los APS Vejez Subsidio Definido, los Beneficio artículo 9° bis y los APS Vejez con una Pensión Final Garantizada inferior o igual al monto de la PGU pasaron a ser PGU Contributiva. En los casos en que el APS Vejez con una Pensión Final Garantizada tuviera un monto superior a la PGU, se mantuvo el pago del beneficio.
B70: 2 Montos deflactados a diciembre 2023. 3 Montos nominales de cada periodo de pago.

Sheet 1.4
B2: PAGOS PENSIÓN BÁSICA SOLIDARIA (PBS)
B4: Resumen trimestral de beneficios pagados, por tipo de beneficio y sexo
B5: (octubre 2023 a diciembre 2023)
D7: PBS Invalidez1
B8: Periodo | C8: Sexo Beneficiarios | D8: N° beneficiarios | E8: Monto nominal (M$)2 | F8: Monto real (M$)3
B9: 45200 | C9: Mujeres | D9: 107612 | E9: 22173725 | F9: 22219187
C10: Hombres | D10: 84447 | E10: 17401883 | F10: 17437561
C11: Total | D11: 192059 | E11: 39575608 | F11: 39656748
B12: 45231 | C12: Mujeres | D12: 107578 | E12: 22167675 | F12: 22048666
C13: Hombres | D13: 84680 | E13: 17450456 | F13: 17356771
C14: Total | D14: 192258 | E14: 39618131 | F14: 39405437
B15: 45261 | C15: Mujeres | D15: 107857 | E15: 22224555 | F15: 22224555
C16: Hombres | D16: 84948 | E16: 17505535 | F16: 17505535
C17: Total | D17: 192805 | E17: 39730090 | F17: 39730090
B18: Fuente: Elaboración propia con datos de la Superintendencia de Pensiones
B19: 1 De manera automática, en febrero 2022, los PBS de Vejez pasaron a ser PGU No Contributiva y los APS Vejez Subsidio Definido, los Beneficio artículo 9° bis y los APS Vejez con una Pensión Final Garantizada inferior o igual al monto de la PGU pasaron a ser PGU Contributiva. En los casos en que el APS Vejez con una Pensión Final Garantizada tuviera un monto superior a la PGU, se mantuvo el pago del beneficio.
B20: 2 Montos nominales de cada periodo de pago. 3 Montos deflactados a diciembre 2023
B22: Resumen anual de beneficios pagados, por tipo de beneficio y sexo
B23: (enero 2023 a diciembre 2023)
D25: PBS Invalidez1
B26: Periodo | C26: Sexo Beneficiarios | D26: N° promedio beneficiarios2 | E26: Monto nominal (M$)3 | F26: Monto real (M$)4
B27: Año 2023 | C27: Mujeres | D27: 106021.08 | E27: 2.6088347e+08 | F27: 2.6444117e+08
C28: Hombres | D28: 83341.5 | E28: 2.0508402e+08 | F28: 2.078794e+08
C29: Ambos | D29: 189362.58 | E29: 4.6596748e+08 | F29: 4.7232057e+08
B30: Fuente: Elaboración propia con datos de la Superintendencia de Pensiones
B31: 1 De manera automática, en febrero 2022, los PBS de Vejez pasaron a ser PGU No Contributiva y los APS Vejez Subsidio Definido, los Beneficio artículo 9° bis y los APS Vejez con una Pensión Final Garantizada inferior o igual al monto de la PGU pasaron a ser PGU Contributiva. En los casos en que el APS Vejez con una Pensión Final Garantizada tuviera un monto superior a la PGU, se mantuvo el pago del beneficio.
B32: 2 Promedio mensual de beneficiarios del año.
B33: 3 Montos nominales de cada periodo de pago. 4 Montos deflactados a diciembre de 2023
B35: Serie resumen de pagos de beneficios acumulado, por tipo de beneficio y sexo
B36: (julio 2008 a diciembre 2023)
C38: PBS Vejez1 | L38: PBS Invalidez | U38: PBS Total
C39: Mujeres | F39: Hombres | I39: Total | L39: Mujeres | O39: Hombres | R39: Total | U39: Mujeres | X39: Hombres | AA39: Total
B40: Periodo | C40: N° Beneficiarios | D40: Monto real (M$)2 | E40: Monto nominal (M$)3 | F40: N° Beneficiarios | G40: Monto real (M$)2 | H40: Monto nominal (M$)3 | I40: N° Beneficiarios | J40: Monto real (M$)2 | K40: Monto nominal (M$)3 | L40: N° Beneficiarios | M40: Monto real (M$)2 | N40: Monto nominal (M$)3 | O40: N° Beneficiarios | P40: Monto real (M$)2 | Q40: Monto nominal (M$)3 | R40: N° Beneficiarios | S40: Monto real (M$)2 | T40: Monto nominal (M$)3 | U40: N° Beneficiarios | V40: Monto real (M$)2 | W40: Monto nominal (M$)3 | X40: N° Beneficiarios | Y40: Monto real (M$)2 | Z40: Monto nominal (M$)3 | AA40: N° Beneficiarios | AB40: Monto real (M$)2 | AC40: Monto nominal (M$)3
B41: 39630 | C41: 189150 | D41: 20041126 | E41: 11349000 | F41: 101420 | G41: 10745815 | H41: 6085200 | I41: 290570 | J41: 30786941 | K41: 17434200 | L41: 108433 | M41: 11488868 | N41: 6505980 | O41: 84278 | P41: 8929558.5 | Q41: 5056680 | R41: 192711 | S41: 20418427 | T41: 11562660 | U41: 297583 | V41: 31529994 | W41: 17854980 | X41: 185698 | Y41: 19675374 | Z41: 11141880 | AA41: 483281 | AB41: 51205368 | AC41: 28996860
B42: 39661 | C42: 190466 | D42: 19994151 | E42: 11427960 | F42: 101671 | G42: 10672904 | H42: 6100260 | I42: 292137 | J42: 30667055 | K42: 17528220 | L42: 109472 | M42: 11491813 | N42: 6568320 | O42: 84832 | P42: 8905231.4 | Q42: 5089920 | R42: 194304 | S42: 20397045 | T42: 11658240 | U42: 299938 | V42: 31485964 | W42: 17996280 | X42: 186503 | Y42: 19578135 | Z42: 11190180 | AA42: 486441 | AB42: 51064099 | AC42: 29186460
B43: 39692 | C43: 221382 | D43: 22989937 | E43: 13279878 | F43: 108164 | G43: 11232891 | H43: 6488553 | I43: 329546 | J43: 34222828 | K43: 19768431 | L43: 108958 | M43: 11317593 | N43: 6537480 | O43: 84560 | P43: 8783344.4 | Q43: 5073600 | R43: 193518 | S43: 20100937 | T43: 11611080 | U43: 330340 | V43: 34307529 | W43: 19817358 | X43: 192724 | Y43: 20016235 | Z43: 11562153 | AA43: 523064 | AB43: 54323765 | AC43: 31379511
B44: 39722 | C44: 230808 | D44: 26126489 | E44: 15225060 | F44: 110075 | G44: 11870475 | H44: 6917450.4 | I44: 340883 | J44: 37996964 | K44: 22142510 | L44: 108604 | M44: 11226161 | N44: 6541980 | O44: 84437 | P44: 8741506.5 | Q44: 5094062.2 | R44: 193041 | S44: 19967667 | T44: 11636042 | U44: 339412 | V44: 37352650 | W44: 21767040 | X44: 194512 | Y44: 20611982 | Z44: 12011513 | AA44: 533924 | AB44: 57964631 | AC44: 33778552
B45: 39753 | C45: 236178 | D45: 26000633 | E45: 15133152 | F45: 111136 | G45: 11873996 | H45: 6911023.4 | I45: 347314 | J45: 37874629 | K45: 22044175 | L45: 108404 | M45: 11295498 | N45: 6574320 | O45: 84286 | P45: 8743350.3 | Q45: 5088893.3 | R45: 192690 | S45: 20038848 | T45: 11663213 | U45: 344582 | V45: 37296131 | W45: 21707472 | X45: 195422 | Y45: 20617346 | Z45: 11999917 | AA45: 540004 | AB45: 57913477 | AC45: 33707389
B46: 39783 | C46: 244815 | D46: 28100605 | E46: 16162567 | F46: 113630 | G46: 12700107 | H46: 7304694.3 | I46: 358445 | J46: 40800713 | K46: 23467261 | L46: 109628 | M46: 12277528 | N46: 7061640 | O46: 84823 | P46: 9240248.7 | Q46: 5314694.6 | R46: 194451 | S46: 21517776 | T46: 12376335 | U46: 354443 | V46: 40378133 | W46: 23224207 | X46: 198453 | Y46: 21940356 | Z46: 12619389 | AA46: 552896 | AB46: 62318489 | AC46: 35843596
B47: Promedio 2008 | C47: 218799.83 | D47: 23875490 | F47: 107682.67 | G47: 11516031 | I47: 326482.5 | J47: 35391522 | L47: 108916.5 | M47: 11516243 | O47: 84536 | P47: 8890540 | R47: 193452.5 | S47: 20406783 | U47: 327716.33 | V47: 35391733 | X47: 192218.67 | Y47: 20406571 | AA47: 519935 | AB47: 55798305
B48: 39814 | C48: 249383 | D48: 27396592 | E48: 15637466 | F48: 114748 | G48: 12425314 | H48: 7092138.1 | I48: 364131 | J48: 39821905 | K48: 22729604 | L48: 110901 | M48: 12666486 | N48: 7229794.9 | O48: 85291 | P48: 9375183.4 | Q48: 5351180.5 | R48: 196192 | S48: 22041669 | T48: 12580975 | U48: 360284 | V48: 40063078 | W48: 22867260 | X48: 200039 | Y48: 21800497 | Z48: 12443319 | AA48: 560323 | AB48: 61863575 | AC48: 35310579
B49: 39845 | C49: 251808 | D49: 27441520 | E49: 15606042 | F49: 115183 | G49: 12416622 | H49: 7061355.5 | I49: 366991 | J49: 39858143 | K49: 22667397 | L49: 111775 | M49: 12719972 | N49: 7233871 | O49: 85481 | P49: 9352314.2 | Q49: 5318677.9 | R49: 197256 | S49: 22072286 | T49: 12552549 | U49: 363583 | V49: 40161492 | W49: 22839913 | X49: 200664 | Y49: 21768937 | Z49: 12380033 | AA49: 564247 | AB49: 61930429 | AC49: 35219946
B50: 39873 | C50: 254074 | D50: 27396631 | E50: 15641611 | F50: 115759 | G50: 12454504 | H50: 7110673.6 | I50: 369833 | J50: 39851135 | K50: 22752284 | L50: 112459 | M50: 12660327 | N50: 7228184.6 | O50: 85609 | P50: 9301461.9 | Q50: 5310501.4 | R50: 198068 | S50: 21961789 | T50: 12538686 | U50: 366533 | V50: 40056958 | W50: 22869795 | X50: 201368 | Y50: 21755966 | Z50: 12421175 | AA50: 567901 | AB50: 61812924 | AC50: 35290970
B51: 39904 | C51: 255795 | D51: 27470585 | E51: 15659383 | F51: 116177 | G51: 12424172 | H51: 7082298 | I51: 371972 | J51: 39894758 | K51: 22741681 | L51: 113104 | M51: 12803729 | N51: 7298661.3 | O51: 85787 | P51: 9383905.7 | Q51: 5349218.8 | R51: 198891 | S51: 22187635 | T51: 12647880 | U51: 368899 | V51: 40274315 | W51: 22958044 | X51: 201964 | Y51: 21808078 | Z51: 12431517 | AA51: 570863 | AB51: 62082393 | AC51: 35389561
B52: 39934 | C52: 258094 | D52: 27839835 | E52: 15830183 | F52: 116638 | G52: 12515262 | H52: 7116381.5 | I52: 374732 | J52: 40355096 | K52: 22946564 | L52: 114003 | M52: 13094457 | N52: 7445721.3 | O52: 86085 | P52: 9553576.1 | Q52: 5432318.8 | R52: 200088 | S52: 22648033 | T52: 12878040 | U52: 372097 | V52: 40934292 | W52: 23275904 | X52: 202723 | Y52: 22068838 | Z52: 12548700 | AA52: 574820 | AB52: 63003130 | AC52: 35824604
B53: 39965 | C53: 260086 | D53: 28000022 | E53: 15976445 | F53: 116982 | G53: 12525698 | H53: 7146998.9 | I53: 377068 | J53: 40525721 | K53: 23123444 | L53: 114983 | M53: 13376765 | N53: 7632606.4 | O53: 86441 | P53: 9619485 | Q53: 5488751.8 | R53: 201424 | S53: 22996250 | T53: 13121358 | U53: 375069 | V53: 41376788 | W53: 23609051 | X53: 203423 | Y53: 22145183 | Z53: 12635751 | AA53: 578492 | AB53: 63521971 | AC53: 36244802
B54: 39995 | C54: 261334 | D54: 35054002 | E54: 19913272 | F54: 117124 | G54: 15671991 | H54: 8902853.2 | I54: 378458 | J54: 50725993 | K54: 28816125 | L54: 116028 | M54: 16743120 | N54: 9511333.8 | O54: 86710 | P54: 11967310 | Q54: 6798319.4 | R54: 202738 | S54: 28710430 | T54: 16309653 | U54: 377362 | V54: 51797122 | W54: 29424606 | X54: 203834 | Y54: 27639301 | Z54: 15701173 | AA54: 581196 | AB54: 79436423 | AC54: 45125779
B55: 40026 | C55: 261917 | D55: 35250387 | E55: 19952725 | F55: 117348 | G55: 15928557 | H55: 9016017.8 | I55: 379265 | J55: 51178944 | K55: 28968743 | L55: 117514 | M55: 17443396 | N55: 9873459.8 | O55: 87229 | P55: 12283709 | Q55: 6952929.9 | R55: 204743 | S55: 29727105 | T55: 16826390 | U55: 379431 | V55: 52693783 | W55: 29826185 | X55: 204577 | Y55: 28212266 | Z55: 15968948 | AA55: 584008 | AB55: 80906049 | AC55: 45795132
B56: 40057 | C56: 267244 | D56: 36897072 | E56: 21089929 | F56: 117430 | G56: 15642346 | H56: 8940979.5 | I56: 384674 | J56: 52539418 | K56: 30030908 | L56: 118761 | M56: 17294302 | N56: 9885217.8 | O56: 87678 | P56: 12166899 | Q56: 6954455 | R56: 206439 | S56: 29461200 | T56: 16839673 | U56: 386005 | V56: 54191373 | W56: 30975147 | X56: 205108 | Y56: 27809244 | Z56: 15895434 | AA56: 591113 | AB56: 82000618 | AC56: 46870581
B57: 40087 | C57: 273548 | D57: 37640086 | E57: 21514109 | F57: 118419 | G57: 16011892 | H57: 9151987.3 | I57: 391967 | J57: 53651978 | K57: 30666096 | L57: 120250 | M57: 17869214 | N57: 10213585 | O57: 88090 | P57: 12292755 | Q57: 7026223.8 | R57: 208340 | S57: 30161969 | T57: 17239809 | U57: 393798 | V57: 55509300 | W57: 31727694 | X57: 206509 | Y57: 28304647 | Z57: 16178211 | AA57: 600307 | AB57: 83813947 | AC57: 47905905
B58: 40118 | C58: 275060 | D58: 36883053 | E58: 20985331 | F58: 118547 | G58: 15830946 | H58: 9007325.1 | I58: 393607 | J58: 52713999 | K58: 29992656 | L58: 121468 | M58: 17776707 | N58: 10114404 | O58: 88421 | P58: 12256179 | Q58: 6973391.8 | R58: 209889 | S58: 30032886 | T58: 17087795 | U58: 396528 | V58: 54659760 | W58: 31099735 | X58: 206968 | Y58: 28087125 | Z58: 15980717 | AA58: 603496 | AB58: 82746885 | AC58: 47080452
B59: 40148 | C59: 278864 | D59: 38489145 | E59: 21832267 | F59: 119964 | G59: 16335241 | H59: 9265868.1 | I59: 398828 | J59: 54824385 | K59: 31098135 | L59: 123215 | M59: 18945631 | N59: 10746564 | O59: 88990 | P59: 12640540 | Q59: 7170116.3 | R59: 212205 | S59: 31586170 | T59: 17916681 | U59: 402079 | V59: 57434775 | W59: 32578832 | X59: 208954 | Y59: 28975780 | Z59: 16435984 | AA59: 611033 | AB59: 86410556 | AC59: 49014816
B60: Promedio 2009 | C60: 262267.25 | D60: 32146577 | F60: 117026.58 | G60: 14181879 | I60: 379293.83 | J60: 46328456 | L60: 116205.08 | M60: 15282842 | O60: 86817.667 | P60: 10849443 | R60: 203022.75 | S60: 26132285 | U60: 378472.33 | V60: 47429420 | X60: 203844.25 | Y60: 25031322 | AA60: 582316.58 | AB60: 72460741
B61: 40179 | C61: 281175 | D61: 37404513 | E61: 21326987 | F61: 120328 | G61: 15949405 | H61: 9093895.9 | I61: 401503 | J61: 53353917 | K61: 30420883 | L61: 124307 | M61: 17675126 | N61: 10077853 | O61: 89382 | P61: 12235220 | Q61: 6976173.4 | R61: 213689 | S61: 29910345 | T61: 17054026 | U61: 405482 | V61: 55079638 | W61: 31404840 | X61: 209710 | Y61: 28184624 | Z61: 16070069 | AA61: 615192 | AB61: 83264263 | AC61: 47474909
B62: 40210 | C62: 280040 | D62: 36717243 | E62: 20993953 | F62: 119616 | G62: 15686419 | H62: 8969081.4 | I62: 399656 | J62: 52403663 | K62: 29963034 | L62: 123693 | M62: 16224743 | N62: 9276880.8 | O62: 89028 | P62: 11678908 | Q62: 6677691.9 | R62: 212721 | S62: 27903651 | T62: 15954573 | U62: 403733 | V62: 52941986 | W62: 30270834 | X62: 208644 | Y62: 27365327 | Z62: 15646773 | AA62: 612377 | AB62: 80307313 | AC62: 45917607
B63: 40238 | C63: 282275 | D63: 38309448 | E63: 21922751 | F63: 120019 | G63: 16000562 | H63: 9156392.8 | I63: 402294 | J63: 54310010 | K63: 31079144 | L63: 124927 | M63: 17914027 | N63: 10251381 | O63: 89480 | P63: 12292120 | Q63: 7034220.2 | R63: 214407 | S63: 30206147 | T63: 17285601 | U63: 407202 | V63: 56223474 | W63: 32174132 | X63: 209499 | Y63: 28292682 | Z63: 16190613 | AA63: 616701 | AB63: 84516157 | AC63: 48364745
B64: 40269 | C64: 283343 | D64: 37457073 | E64: 21534049 | F64: 120234 | G64: 15938452 | H64: 9163006.5 | I64: 403577 | J64: 53395526 | K64: 30697055 | L64: 125111 | M64: 16993549 | N64: 9769581.1 | O64: 89554 | P64: 12005702 | Q64: 6902070.9 | R64: 214665 | S64: 28999252 | T64: 16671652 | U64: 408454 | V64: 54450623 | W64: 31303630 | X64: 209788 | Y64: 27944155 | Z64: 16065077 | AA64: 618242 | AB64: 82394777 | AC64: 47368707
B65: 40299 | C65: 283931 | D65: 37594198 | E65: 21690651 | F65: 120295 | G65: 15842902 | H65: 9140848.3 | I65: 404226 | J65: 53437100 | K65: 30831499 | L65: 125246 | M65: 17002149 | N65: 9809696.7 | O65: 89604 | P65: 11935570 | Q65: 6886442.5 | R65: 214850 | S65: 28937719 | T65: 16696139 | U65: 409177 | V65: 54596347 | W65: 31500348 | X65: 209899 | Y65: 27778472 | Z65: 16027291 | AA65: 619076 | AB65: 82374819 | AC65: 47527638
B66: 40330 | C66: 284810 | D66: 37570439 | E66: 21677022 | F66: 120331 | G66: 15822802 | H66: 9129284.5 | I66: 405141 | J66: 53393241 | K66: 30806307 | L66: 125671 | M66: 17253558 | N66: 9954787.8 | O66: 89759 | P66: 12027875 | Q66: 6939724.6 | R66: 215430 | S66: 29281432 | T66: 16894512 | U66: 410481 | V66: 54823997 | W66: 31631810 | X66: 210090 | Y66: 27850677 | Z66: 16069009 | AA66: 620571 | AB66: 82674674 | AC66: 47700819
B67: 40360 | C67: 285566 | D67: 37872458 | E67: 21991648 | F67: 120293 | G67: 15941833 | H67: 9257048.5 | I67: 405859 | J67: 53814291 | K67: 31248697 | L67: 125791 | M67: 17326106 | N67: 10060864 | O67: 89862 | P67: 12124938 | Q67: 7040667.3 | R67: 215653 | S67: 29451044 | T67: 17101531 | U67: 411357 | V67: 55198564 | W67: 32052512 | X67: 210155 | Y67: 28066771 | Z67: 16297716 | AA67: 621512 | AB67: 83265335 | AC67: 48350228
B68: 40391 | C68: 286679 | D68: 38157167 | E68: 22135190 | F68: 120325 | G68: 15930045 | H68: 9241110 | I68: 407004 | J68: 54087212 | K68: 31376300 | L68: 126047 | M68: 17243376 | N68: 10002981 | O68: 89942 | P68: 12065357 | Q68: 6999182.2 | R68: 215989 | S68: 29308733 | T68: 17002163 | U68: 412726 | V68: 55400543 | W68: 32138171 | X68: 210267 | Y68: 27995402 | Z68: 16240292 | AA68: 622993 | AB68: 83395944 | AC68: 48378463
B69: 40422 | C69: 286024 | D69: 37380351 | E69: 21771278 | F69: 119687 | G69: 15618458 | H69: 9096591.5 | I69: 405711 | J69: 52998808 | K69: 30867870 | L69: 126265 | M69: 17230675 | N69: 10035589 | O69: 90028 | P69: 12076666 | Q69: 7033761.2 | R69: 216293 | S69: 29307342 | T69: 17069350 | U69: 412289 | V69: 54611026 | W69: 31806867 | X69: 209715 | Y69: 27695124 | Z69: 16130353 | AA69: 622004 | AB69: 82306150 | AC69: 47937220
B70: 40452 | C70: 286401 | D70: 37787976 | E70: 22030269 | F70: 119515 | G70: 15784873 | H70: 9202530.4 | I70: 405916 | J70: 53572850 | K70: 31232799 | L70: 126450 | M70: 17207418 | N70: 10031869 | O70: 90089 | P70: 12042386 | Q70: 7020672.5 | R70: 216539 | S70: 29249804 | T70: 17052542 | U70: 412851 | V70: 54995394 | W70: 32062138 | X70: 209604 | Y70: 27827259 | Z70: 16223203 | AA70: 622455 | AB70: 82822654 | AC70: 48285341
B71: 40483 | C71: 286938 | D71: 38025837 | E71: 22184544 | F71: 119528 | G71: 15836995 | H71: 9239415.6 | I71: 406466 | J71: 53862831 | K71: 31423960 | L71: 126434 | M71: 17205576 | N71: 10037856 | O71: 90074 | P71: 12017460 | Q71: 7011072 | R71: 216508 | S71: 29223036 | T71: 17048928 | U71: 413372 | V71: 55231413 | W71: 32222400 | X71: 209602 | Y71: 27854455 | Z71: 16250488 | AA71: 622974 | AB71: 83085867 | AC71: 48472888
B72: 40513 | C72: 287654 | D72: 38111236 | E72: 22260578 | F72: 119464 | G72: 15771442 | H72: 9212018.5 | I72: 407118 | J72: 53882679 | K72: 31472596 | L72: 126415 | M72: 17093209 | N72: 9984055.7 | O72: 89975 | P72: 11976777 | Q72: 6995573.8 | R72: 216390 | S72: 29069986 | T72: 16979629 | U72: 414069 | V72: 55204446 | W72: 32244633 | X72: 209439 | Y72: 27748219 | Z72: 16207592 | AA72: 623508 | AB72: 82952665 | AC72: 48452226
B73: Promedio 2010 | C73: 284569.67 | D73: 37698995 | F73: 119969.58 | G73: 15843682 | I73: 404539.25 | J73: 53542677 | L73: 125529.75 | M73: 17197459 | O73: 89731.417 | P73: 12039915 | R73: 215261.17 | S73: 29237374 | U73: 410099.42 | V73: 54896454 | X73: 209701 | Y73: 27883597 | AA73: 619800.42 | AB73: 82780051
B74: 40544 | C74: 288408 | D74: 38497205 | E74: 22546889 | F74: 119753 | G74: 15904953 | H74: 9315148.8 | I74: 408161 | J74: 54402158 | K74: 31862037 | L74: 126319 | M74: 16886999 | N74: 9890309.8 | O74: 89864 | P74: 11845427 | Q74: 6937582 | R74: 216183 | S74: 28732426 | T74: 16827892 | U74: 414727 | V74: 55384204 | W74: 32437199 | X74: 209617 | Y74: 27750379 | Z74: 16252731 | AA74: 624344 | AB74: 83134584 | AC74: 48689929
B75: 40575 | C75: 288069 | D75: 37668631 | E75: 22112374 | F75: 119558 | G75: 15617507 | H75: 9167844.3 | I75: 407627 | J75: 53286138 | K75: 31280218 | L75: 126149 | M75: 16746353 | N75: 9830503.9 | O75: 89724 | P75: 11773966 | Q75: 6911595.2 | R75: 215873 | S75: 28520319 | T75: 16742099 | U75: 414218 | V75: 54414984 | W75: 31942877 | X75: 209282 | Y75: 27391472 | Z75: 16079439 | AA75: 623500 | AB75: 81806457 | AC75: 48022317
B76: 40603 | C76: 288568 | D76: 37676444 | E76: 22286086 | F76: 119590 | G76: 15591016 | H76: 9222280.2 | I76: 408158 | J76: 53267460 | K76: 31508366 | L76: 126230 | M76: 16804877 | N76: 9940294.3 | O76: 89738 | P76: 11772935 | Q76: 6963837.8 | R76: 215968 | S76: 28577812 | T76: 16904132 | U76: 414798 | V76: 54481321 | W76: 32226380 | X76: 209328 | Y76: 27363951 | Z76: 16186118 | AA76: 624126 | AB76: 81845272 | AC76: 48412498
B77: 40634 | C77: 285145 | D77: 36421373 | E77: 21612411 | F77: 118210 | G77: 15100309 | H77: 8960510.6 | I77: 403355 | J77: 51521683 | K77: 30572922 | L77: 126017 | M77: 16787747 | N77: 9961834.5 | O77: 89436 | P77: 11713662 | Q77: 6950877.1 | R77: 215453 | S77: 28501409 | T77: 16912712 | U77: 411162 | V77: 53209120 | W77: 31574246 | X77: 207646 | Y77: 26813972 | Z77: 15911388 | AA77: 618808 | AB77: 80023092 | AC77: 47485634
B78: 40664 | C78: 287109 | D78: 37882131 | E78: 22569105 | F78: 119022 | G78: 15737075 | H78: 9375705.4 | I78: 406131 | J78: 53619206 | K78: 31944811 | L78: 125967 | M78: 16539671 | N78: 9853869.5 | O78: 89387 | P78: 11604147 | Q78: 6913423.6 | R78: 215354 | S78: 28143818 | T78: 16767293 | U78: 413076 | V78: 54421802 | W78: 32422975 | X78: 208409 | Y78: 27341222 | Z78: 16289129 | AA78: 621485 | AB78: 81763024 | AC78: 48712104
B79: 40695 | C79: 287551 | D79: 37165320 | E79: 22179626 | F79: 119061 | G79: 15373521 | H79: 9174653.9 | I79: 406612 | J79: 52538842 | K79: 31354280 | L79: 126043 | M79: 16603254 | N79: 9908537.3 | O79: 89400 | P79: 11600613 | Q79: 6923047 | R79: 215443 | S79: 28203867 | T79: 16831584 | U79: 413594 | V79: 53768574 | W79: 32088163 | X79: 208461 | Y79: 26974134 | Z79: 16097701 | AA79: 622055 | AB79: 80742709 | AC79: 48185864
B80: 40725 | C80: 286810 | D80: 38196056 | E80: 22823693 | F80: 118793 | G80: 15826024 | H80: 9456691.4 | I80: 405603 | J80: 54022081 | K80: 32280384 | L80: 125405 | M80: 16882854 | N80: 10088190 | O80: 88825 | P80: 11857998 | Q80: 7085634.8 | R80: 214230 | S80: 28740853 | T80: 17173825 | U80: 412215 | V80: 55078911 | W80: 32911883 | X80: 207618 | Y80: 27684023 | Z80: 16542326 | AA80: 619833 | AB80: 82762933 | AC80: 49454209
B81: 40756 | C81: 287169 | D81: 38209045 | E81: 22868475 | F81: 118828 | G81: 15816615 | H81: 9466393.8 | I81: 405997 | J81: 54025660 | K81: 32334869 | L81: 125477 | M81: 16910325 | N81: 10120989 | O81: 89066 | P81: 11926350 | Q81: 7138033.2 | R81: 214543 | S81: 28836674 | T81: 17259023 | U81: 412646 | V81: 55119370 | W81: 32989464 | X81: 207894 | Y81: 27742965 | Z81: 16604427 | AA81: 620540 | AB81: 82862335 | AC81: 49593891
B82: 40787 | C82: 287346 | D82: 38090777 | E82: 22910999 | F82: 118398 | G82: 15706140 | H82: 9446994.6 | I82: 405744 | J82: 53796917 | K82: 32357994 | L82: 125589 | M82: 17150431 | N82: 10315713 | O82: 89260 | P82: 12085446 | Q82: 7269204.4 | R82: 214849 | S82: 29235877 | T82: 17584917 | U82: 412935 | V82: 55241208 | W82: 33226712 | X82: 207658 | Y82: 27791586 | Z82: 16716199 | AA82: 620593 | AB82: 83032794 | AC82: 49942911
B83: 40817 | C83: 285805 | D83: 37520855 | E83: 22677749 | F83: 117820 | G83: 15428439 | H83: 9325007.9 | I83: 403625 | J83: 52949294 | K83: 32002757 | L83: 125210 | M83: 16774537 | N83: 10138595 | O83: 89136 | P83: 11857746 | Q83: 7166867.5 | R83: 214346 | S83: 28632284 | T83: 17305463 | U83: 411015 | V83: 54295393 | W83: 32816344 | X83: 206956 | Y83: 27286185 | Z83: 16491875 | AA83: 617971 | AB83: 81581578 | AC83: 49308220
B84: 40848 | C84: 284570 | D84: 36794752 | E84: 22309456 | F84: 117123 | G84: 15150785 | H84: 9186249.3 | I84: 401693 | J84: 51945537 | K84: 31495705 | L84: 124897 | M84: 16569627 | N84: 10046524 | O84: 88970 | P84: 11697992 | Q84: 7092746 | R84: 213867 | S84: 28267619 | T84: 17139270 | U84: 409467 | V84: 53364379 | W84: 32355980 | X84: 206093 | Y84: 26848776 | Z84: 16278995 | AA84: 615560 | AB84: 80213156 | AC84: 48634975
B85: 40878 | C85: 287245 | D85: 38590032 | E85: 23540515 | F85: 117871 | G85: 15739438 | H85: 9601300.1 | I85: 405116 | J85: 54329470 | K85: 33141815 | L85: 124792 | M85: 16611523 | N85: 10133285 | O85: 89009 | P85: 11736567 | Q85: 7159487.1 | R85: 213801 | S85: 28348090 | T85: 17292772 | U85: 412037 | V85: 55201555 | W85: 33673801 | X85: 206880 | Y85: 27476005 | Z85: 16760787 | AA85: 618917 | AB85: 82677560 | AC85: 50434588
B86: Promedio 2011 | C86: 286982.92 | D86: 37726052 | F86: 118668.92 | G86: 15582652 | I86: 405651.83 | J86: 53308704 | L86: 125674.58 | M86: 16772350 | O86: 89317.917 | P86: 11789404 | R86: 214992.5 | S86: 28561754 | U86: 412657.5 | V86: 54498402 | X86: 207986.83 | Y86: 27372056 | AA86: 620644.33 | AB86: 81870458
B87: 40909 | C87: 287462 | D87: 37495031 | E87: 22892679 | F87: 117685 | G87: 15337737 | H87: 9364491.6 | I87: 405147 | J87: 52832768 | K87: 32257171 | L87: 123692 | M87: 16331136 | N87: 9971013.6 | O87: 88526 | P87: 11570847 | Q87: 7064607.8 | R87: 212218 | S87: 27901983 | T87: 17035621 | U87: 411154 | V87: 53826167 | W87: 32863693 | X87: 206211 | Y87: 26908584 | Z87: 16429099 | AA87: 617365 | AB87: 80734751 | AC87: 49292792
B88: 40940 | C88: 288141 | D88: 37595620 | E88: 23043247 | F88: 117647 | G88: 15320906 | H88: 9390546.2 | I88: 405788 | J88: 52916525 | K88: 32433793 | L88: 123321 | M88: 16104010 | N88: 9870529.2 | O88: 88158 | P88: 11441330 | Q88: 7012662.1 | R88: 211479 | S88: 27545339 | T88: 16883191 | U88: 411462 | V88: 53699629 | W88: 32913776 | X88: 205805 | Y88: 26762235 | Z88: 16403208 | AA88: 617267 | AB88: 80461864 | AC88: 49316984
B89: 40969 | C89: 288041 | D89: 37488247 | E89: 23014934 | F89: 117683 | G89: 15312327 | H89: 9400605 | I89: 405724 | J89: 52800574 | K89: 32415539 | L89: 123408 | M89: 16258920 | N89: 9981741.2 | O89: 88567 | P89: 11640899 | Q89: 7146626.9 | R89: 211975 | S89: 27899819 | T89: 17128368 | U89: 411449 | V89: 53747167 | W89: 32996675 | X89: 206250 | Y89: 26953226 | Z89: 16547232 | AA89: 617699 | AB89: 80700393 | AC89: 49543907
B90: 41000 | C90: 288120 | D90: 37429124 | E90: 22990288 | F90: 117158 | G90: 15208732 | H90: 9341739.5 | I90: 405278 | J90: 52637855 | K90: 32332027 | L90: 122653 | M90: 16223277 | N90: 9964909.2 | O90: 88182 | P90: 11585516 | Q90: 7116232.4 | R90: 210835 | S90: 27808793 | T90: 17081142 | U90: 410773 | V90: 53652401 | W90: 32955197 | X90: 205340 | Y90: 26794248 | Z90: 16457972 | AA90: 616113 | AB90: 80446649 | AC90: 49413169
B91: 41030 | C91: 288068 | D91: 37278097 | E91: 22904546 | F91: 117009 | G91: 15141415 | H91: 9303244.3 | I91: 405077 | J91: 52419513 | K91: 32207791 | L91: 122948 | M91: 16348488 | N91: 10044898 | O91: 88223 | P91: 11566699 | Q91: 7106853.7 | R91: 211171 | S91: 27915187 | T91: 17151752 | U91: 411016 | V91: 53626585 | W91: 32949445 | X91: 205232 | Y91: 26708114 | Z91: 16410098 | AA91: 616248 | AB91: 80334699 | AC91: 49359543
B92: 41061 | C92: 288374 | D92: 37516132 | E92: 22982536 | F92: 117073 | G92: 15216157 | H92: 9321480.1 | I92: 405447 | J92: 52732289 | K92: 32304016 | L92: 123076 | M92: 16414091 | N92: 10055340 | O92: 88439 | P92: 11664509 | Q92: 7145726 | R92: 211515 | S92: 28078600 | T92: 17201066 | U92: 411450 | V92: 53930223 | W92: 33037876 | X92: 205512 | Y92: 26880666 | Z92: 16467206 | AA92: 616962 | AB92: 80810889 | AC92: 49505082
B93: 41091 | C93: 288929 | D93: 38570311 | E93: 23625224 | F93: 117059 | G93: 15638948 | H93: 9579223.8 | I93: 405988 | J93: 54209259 | K93: 33204448 | L93: 122827 | M93: 16795943 | N93: 10287911 | O93: 88350 | P93: 11966924 | Q93: 7330022.9 | R93: 211177 | S93: 28762867 | T93: 17617934 | U93: 411756 | V93: 55366254 | W93: 33913135 | X93: 205409 | Y93: 27605872 | Z93: 16909247 | AA93: 617165 | AB93: 82972126 | AC93: 50822382
B94: 41122 | C94: 287830 | D94: 38396657 | E94: 23570870 | F94: 116045 | G94: 15484093 | H94: 9505346.7 | I94: 403875 | J94: 53880750 | K94: 33076216 | L94: 116667 | M94: 15702714 | N94: 9639553.3 | O94: 81780 | P94: 10927985 | Q94: 6708451.2 | R94: 198447 | S94: 26630699 | T94: 16348005 | U94: 404497 | V94: 54099371 | W94: 33210423 | X94: 197825 | Y94: 26412078 | Z94: 16213798 | AA94: 602322 | AB94: 80511449 | AC94: 49424221
B95: 41153 | C95: 287533 | D95: 37853274 | E95: 23415891 | F95: 115611 | G95: 15199798 | H95: 9402537.6 | I95: 403144 | J95: 53053072 | K95: 32818429 | L95: 116640 | M95: 15811778 | N95: 9781105.7 | O95: 81736 | P95: 10933105 | Q95: 6763177.2 | R95: 198376 | S95: 26744883 | T95: 16544283 | U95: 404173 | V95: 53665052 | W95: 33196997 | X95: 197347 | Y95: 26132904 | Z95: 16165715 | AA95: 601520 | AB95: 79797955 | AC95: 49362712
B96: 41183 | C96: 288146 | D96: 38054218 | E96: 23671707 | F96: 115666 | G96: 15281213 | H96: 9505710.8 | I96: 403812 | J96: 53335431 | K96: 33177418 | L96: 115891 | M96: 15250784 | N96: 9486782.3 | O96: 81467 | P96: 10677005 | Q96: 6641653.9 | R96: 197358 | S96: 25927789 | T96: 16128436 | U96: 404037 | V96: 53305002 | W96: 33158490 | X96: 197133 | Y96: 25958218 | Z96: 16147365 | AA96: 601170 | AB96: 79263220 | AC96: 49305855
B97: 41214 | C97: 288062 | D97: 37929036 | E97: 23487576 | F97: 115528 | G97: 15205423 | H97: 9415966.4 | I97: 403590 | J97: 53134459 | K97: 32903543 | L97: 115087 | M97: 15711418 | N97: 9729304.2 | O97: 81174 | P97: 10943547 | Q97: 6776797.3 | R97: 196261 | S97: 26654965 | T97: 16506102 | U97: 403149 | V97: 53640454 | W97: 33216881 | X97: 196702 | Y97: 26148970 | Z97: 16192764 | AA97: 599851 | AB97: 79789424 | AC97: 49409644
B98: 41244 | C98: 290081 | D98: 38694109 | E98: 23954987 | F98: 116042 | G98: 15441367 | H98: 9559536.2 | I98: 406123 | J98: 54135475 | K98: 33514523 | L98: 114101 | M98: 15346881 | N98: 9501041.5 | O98: 80753 | P98: 10752547 | Q98: 6656752.8 | R98: 194854 | S98: 26099428 | T98: 16157794 | U98: 404182 | V98: 54040990 | W98: 33456029 | X98: 196795 | Y98: 26193913 | Z98: 16216289 | AA98: 600977 | AB98: 80234903 | AC98: 49672317
B99: Promedio 2012 | C99: 288232.25 | D99: 37858321 | F99: 116683.83 | G99: 15315676 | I99: 404916.08 | J99: 53173998 | L99: 120025.92 | M99: 16024953 | O99: 85446.25 | P99: 11305909 | R99: 205472.17 | S99: 27330863 | U99: 408258.17 | V99: 53883275 | X99: 202130.08 | Y99: 26621586 | AA99: 610388.25 | AB99: 80504860
B100: 41275 | C100: 291117 | D100: 38416289 | E100: 23825270 | F100: 116175 | G100: 15303420 | H100: 9490976.8 | I100: 407292 | J100: 53719709 | K100: 33316247 | L100: 114577 | M100: 15528558 | N100: 9630604.3 | O100: 80974 | P100: 10831344 | Q100: 6717455 | R100: 195551 | S100: 26359902 | T100: 16348059 | U100: 405694 | V100: 53944847 | W100: 33455874 | X100: 197149 | Y100: 26134764 | Z100: 16208432 | AA100: 602843 | AB100: 80079611 | AC100: 49664306
B101: 41306 | C101: 291221 | D101: 38130329 | E101: 23675656 | F101: 116163 | G101: 15221498 | H101: 9451241.7 | I101: 407384 | J101: 53351827 | K101: 33126898 | L101: 114575 | M101: 15410265 | N101: 9568449.8 | O101: 81066 | P101: 10820038 | Q101: 6718313.4 | R101: 195641 | S101: 26230303 | T101: 16286763 | U101: 405796 | V101: 53540594 | W101: 33244106 | X101: 197229 | Y101: 26041536 | Z101: 16169555 | AA101: 603025 | AB101: 79582130 | AC101: 49413661
B102: 41334 | C102: 290983 | D102: 37994015 | E102: 23681560 | F102: 116050 | G102: 15152606 | H102: 9444575.6 | I102: 407033 | J102: 53146621 | K102: 33126135 | L102: 114606 | M102: 15389905 | N102: 9592483.4 | O102: 81057 | P102: 10770355 | Q102: 6713131.1 | R102: 195663 | S102: 26160260 | T102: 16305615 | U102: 405589 | V102: 53383920 | W102: 33274043 | X102: 197107 | Y102: 25922961 | Z102: 16157707 | AA102: 602696 | AB102: 79306881 | AC102: 49431750
B103: 41365 | C103: 291102 | D103: 38228956 | E103: 23712735 | F103: 116061 | G103: 15261626 | H103: 9466512.3 | I103: 407163 | J103: 53490581 | K103: 33179247 | L103: 114367 | M103: 15282006 | N103: 9479153.6 | O103: 81062 | P103: 10741685 | Q103: 6662874.1 | R103: 195429 | S103: 26023690 | T103: 16142028 | U103: 405469 | V103: 53510961 | W103: 33191888 | X103: 197123 | Y103: 26003310 | Z103: 16129386 | AA103: 602592 | AB103: 79514272 | AC103: 49321275
B104: 41395 | C104: 287944 | D104: 37645987 | E104: 23349134 | F104: 115158 | G104: 15016329 | H104: 9313563 | I104: 403102 | J104: 52662316 | K104: 32662697 | L104: 113862 | M104: 15234820 | N104: 9449077.6 | O104: 80923 | P104: 10710231 | Q104: 6642796.1 | R104: 194785 | S104: 25945051 | T104: 16091874 | U104: 401806 | V104: 52880807 | W104: 32798212 | X104: 196081 | Y104: 25726560 | Z104: 15956359 | AA104: 597887 | AB104: 78607366 | AC104: 48754571
B105: 41426 | C105: 287746 | D105: 37361824 | E105: 23321257 | F105: 114755 | G105: 14863769 | H105: 9277966.9 | I105: 402501 | J105: 52225593 | K105: 32599223 | L105: 113747 | M105: 15123915 | N105: 9440350.3 | O105: 80780 | P105: 10642911 | Q105: 6643306.9 | R105: 194527 | S105: 25766826 | T105: 16083657 | U105: 401493 | V105: 52485739 | W105: 32761607 | X105: 195535 | Y105: 25506680 | Z105: 15921274 | AA105: 597028 | AB105: 77992419 | AC105: 48682881
B106: 41456 | C106: 286900 | D106: 37576982 | E106: 23516711 | F106: 113823 | G106: 14875760 | H106: 9309660.8 | I106: 400723 | J106: 52452742 | K106: 32826372 | L106: 113259 | M106: 15248485 | N106: 9542922.4 | O106: 80448 | P106: 10740416 | Q106: 6721648.4 | R106: 193707 | S106: 25988901 | T106: 16264571 | U106: 400159 | V106: 52825467 | W106: 33059634 | X106: 194271 | Y106: 25616176 | Z106: 16031309 | AA106: 594430 | AB106: 78441643 | AC106: 49090943
B107: 41487 | C107: 286299 | D107: 37629907 | E107: 23606505 | F107: 112889 | G107: 14814257 | H107: 9293481.1 | I107: 399188 | J107: 52444164 | K107: 32899986 | L107: 112410 | M107: 14961474 | N107: 9385835.5 | O107: 79869 | P107: 10557818 | Q107: 6623273.9 | R107: 192279 | S107: 25519292 | T107: 16009109 | U107: 398709 | V107: 52591382 | W107: 32992340 | X107: 192758 | Y107: 25372075 | Z107: 15916755 | AA107: 591467 | AB107: 77963457 | AC107: 48909095
...

Sheet DINAMICA APS
A1: PERIODO | B1: (Varios elementos) | I1: PERIODO | J1: (Varios elementos) | O1: PERIODO | P1: (Varios elementos)
A3: Etiquetas de fila | B3: Suma de APS VEJEZ MUJER n | C3: Suma de APS VEJEZ HOMBRE n | D3: Suma de APS INVALIDEZ MUJER N | E3: Suma de APS INVALIDEZ HOMBRE N | F3: Suma de APS TOTAL MUJER N | G3: Suma de APS TOTAL HOMBRE N | I3: Etiquetas de fila | J3: Suma de APS VEJEZ MUJER nom | K3: Suma de APS VEJEZ HOMBRE nom | L3: Suma de APS INVALIDEZ MUJER nom | M3: Suma de APS INVALIDEZ HOMBRE nom | O3: Etiquetas de fila | P3: Suma de PBSV_MUJER REAL | Q3: Suma de PBSV_HOMBRE REAL | R3: Suma de PBSI_MUJER REAL | S3: Suma de PBSI_HOMBRE REAL
A4: 2022 | B4: 327413 | C4: 190531 | D4: 137530 | E4: 139864 | F4: 464943 | G4: 330395 | I4: 2022 | J4: 69469277 | K4: 40636216 | L4: 22985157 | M4: 22214073 | O4: 2022 | P4: 69114843 | Q4: 40428576 | R4: 22868011 | S4: 22101174
A5: oct | B5: 109393 | C5: 63815 | D5: 45739 | E5: 46381 | F5: 155132 | G5: 110196 | I5: oct | J5: 23196046 | K5: 13590242 | L5: 7659976.5 | M5: 7378442.3 | O5: oct | P5: 22907040 | Q5: 13420918 | R5: 7564538.8 | S5: 7286512.4
A6: nov | B6: 109031 | C6: 63526 | D6: 45910 | E6: 46666 | F6: 154941 | G6: 110192 | I6: nov | J6: 23133194 | K6: 13546987 | L6: 7675227.2 | M6: 7413824.5 | O6: nov | P6: 23067766 | Q6: 13508672 | R6: 7653519.1 | S6: 7392855.8
A7: dic | B7: 108989 | C7: 63190 | D7: 45881 | E7: 46817 | F7: 154870 | G7: 110007 | I7: dic | J7: 23140038 | K7: 13498987 | L7: 7649953.3 | M7: 7421805.9 | O7: dic | P7: 23140038 | Q7: 13498987 | R7: 7649953.3 | S7: 7421805.9
A11: PERIODO | B11: (Varios elementos)
A13: Etiquetas de fila | B13: Suma de APS VEJEZ MUJER n | C13: Suma de APS VEJEZ HOMBRE n | D13: Suma de APS INVALIDEZ MUJER N | E13: Suma de APS INVALIDEZ HOMBRE N | F13: Suma de APS TOTAL MUJER N | G13: Suma de APS TOTAL HOMBRE N
A14: 2022 | B14: 2017877 | C14: 1478761 | D14: 540602 | E14: 538156 | F14: 2558479 | G14: 2016917
A17: PERIODO | B17: (Varios elementos)
A19: Etiquetas de fila | B19: Promedio de APS VEJEZ MUJER n | C19: Promedio de APS VEJEZ HOMBRE n | D19: Promedio de APS INVALIDEZ MUJER N | E19: Promedio de APS INVALIDEZ HOMBRE N | F19: Promedio de APS TOTAL MUJER N | G19: Promedio de APS TOTAL HOMBRE N
A20: 2022 | B20: 168156.42 | C20: 123230.08 | D20: 45050.167 | E20: 44846.333 | F20: 213206.58 | G20: 168076.42
A23: PERIODO | B23: (Varios elementos)
A25: Etiquetas de fila | B25: Suma de APS VEJEZ MUJER nom | C25: Suma de APS VEJEZ HOMBRE nom | D25: Suma de APS INVALIDEZ MUJER nom | E25: Suma de APS INVALIDEZ HOMBRE nom | F25: Suma de APS TOTAL MUJER nom | G25: Suma de APS TOTAL HOMBRE nom
A26: 2022 | B26: 3.6244601e+08 | C26: 2.505165e+08 | D26: 89129737 | E26: 84667893 | F26: 4.5157575e+08 | G26: 3.3518439e+08
A29: PERIODO | B29: (Varios elementos)
A31: Etiquetas de fila | B31: Promedio de APS VEJEZ MUJER nom | C31: Promedio de APS VEJEZ HOMBRE nom | D31: Promedio de APS INVALIDEZ MUJER nom | E31: Promedio de APS INVALIDEZ HOMBRE nom | F31: Promedio de APS TOTAL MUJER nom | G31: Promedio de APS TOTAL HOMBRE nom
A32: 2022 | B32: 30203834 | C32: 20876375 | D32: 7427478.1 | E32: 7055657.8 | F32: 37631312 | G32: 27932033
A35: PERIODO | B35: (Varios elementos)
A37: Etiquetas de fila | B37: Suma de PBSV_MUJER REAL | C37: Suma de PBSV_HOMBRE REAL | D37: Suma de PBSI_MUJER REAL | E37: Suma de PBSI_HOMBRE REAL
A38: 2022 | B38: 3.4085177e+08 | C38: 2.344632e+08 | D38: 85046490 | E38: 80830616
A42: PERIODO | B42: (Varios elementos)
A44: Etiquetas de fila | B44: Promedio de PBSV_MUJER REAL | C44: Promedio de PBSV_HOMBRE REAL | D44: Promedio de PBSI_MUJER REAL | E44: Promedio de PBSI_HOMBRE REAL
A45: 2022 | B45: 28404314 | C45: 19538600 | D45: 7087207.5 | E45: 6735884.7
A51: Etiquetas de fila | B51: Promedio de APS VEJEZ MUJER n | C51: Promedio de APS VEJEZ HOMBRE n | D51: Promedio de APS INVALIDEZ MUJER N | E51: Promedio de APS INVALIDEZ HOMBRE N
A52: 2008 | B52: 2920.6667 | C52: 1116 | D52: 286.33333 | E52: 290.33333
A53: 2009 | B53: 35080.083 | C53: 24939.75 | D53: 2213.8333 | E53: 1769.75
A54: 2010 | B54: 184671.58 | C54: 128661.83 | D54: 8050.9167 | E54: 5922.9167
A55: 2011 | B55: 232153.67 | C55: 168868.75 | D55: 12883.083 | E55: 9283.4167
A56: 2012 | B56: 279628 | C56: 203893.75 | D56: 19231.417 | E56: 14584.75
A57: 2013 | B57: 327092.08 | C57: 237763.33 | D57: 26607.083 | E57: 21058.833
A58: 2014 | B58: 354831.83 | C58: 258135.42 | D58: 33075.25 | E58: 26998.167
A59: 2015 | B59: 385388.58 | C59: 279293.17 | D59: 35497.583 | E59: 29292.083
A60: 2016 | B60: 409696.25 | C60: 297461.08 | D60: 35477.75 | E60: 29444.667
A61: 2017 | B61: 434014.42 | C61: 315115.08 | D61: 35236.417 | E61: 29440.417
A62: 2018 | B62: 472783.58 | C62: 343894.42 | D62: 35802.167 | E62: 30349.5
A63: 2019 | B63: 513930.5 | C63: 376625 | D63: 36751.75 | E63: 31642.25
... A90: dic | B90: 108989 | C90: 63190 | D90: 45881 | E90: 46817
A94: Etiquetas de fila | B94: Promedio de PBSV_MUJER REAL | C94: Promedio de PBSV_HOMBRE REAL | D94: Promedio de PBSI_MUJER REAL | E94: Promedio de PBSI_HOMBRE REAL
A95: 2008 | B95: 156325.61 | C95: 77435.604 | D95: 15483.202 | E95: 15243.679
A96: 2009 | B96: 772303.77 | C96: 553043.4 | D96: 120809.27 | E96: 93245.042
A97: 2010 | B97: 3418827.3 | C97: 2476323.7 | D97: 396627.09 | E97: 287837.13
A98: 2011 | B98: 6247614.2 | C98: 4603741 | D98: 662081.86 | E98: 475799.92
A99: 2012 | B99: 8655068.7 | C99: 6361345.6 | D99: 999427.58 | E99: 752510.09
A100: 2013 | B100: 10274152 | C100: 7549289.3 | D100: 1394976.8 | E100: 1080341.7
A101: 2014 | B101: 12384537 | C101: 9088379 | D101: 1873609.1 | E101: 1487596.9
A102: 2015 | B102: 15028398 | C102: 10934865 | D102: 2145117.5 | E102: 1726456.1
A103: 2016 | B103: 17693062 | C103: 12778833 | D103: 2309466.3 | E103: 1870817.1
A104: 2017 | B104: 22026093 | C104: 15785832 | D104: 2656108.7 | E104: 2170783.9
A105: 2018 | B105: 25758209 | C105: 18313835 | D105: 2811976 | E105: 2328781.1
A106: 2019 | B106: 31325044 | C106: 22124351 | D106: 3077999.3 | E106: 2588562.3
... A133: dic | B133: 23140038 | C133: 13498987 | D133: 7649953.3 | E133: 7421805.9

Sheet 1.5
B2: PAGOS APORTE PREVISIONAL SOLIDARIO (APS)
B4: Resumen trimestral de beneficios pagados, por tipo de beneficio y sexo
B5: (octubre 2023 a diciembre 2023)
D7: APS Vejez1 | G7: APS Invalidez | J7: APS Total
B8: Periodo | C8: Sexo Beneficiarios | D8: N° beneficiarios | E8: Monto nominal (M$)2 | F8: Monto real (M$)3 | G8: N° beneficiarios | H8: Monto nominal (M$)2 | I8: Monto real (M$)3 | J8: N° beneficiarios | K8: Monto nominal (M$)2 | L8: Monto real (M$)3
B9: 45200 | C9: Mujeres | D9: 106548 | E9: 25173158 | F9: 25224769 | G9: 47288 | H9: 8347977.7 | I9: 8365093.1 | J9: 153836 | K9: 33521136 | L9: 33589862
C10: Hombres | D10: 60882 | E10: 14578037 | F10: 14607926 | G10: 49876 | H10: 8352880.7 | I10: 8370006.2 | J10: 110758 | K10: 22930918 | L10: 22977932
C11: Total | D11: 167430 | E11: 39751195 | F11: 39832695 | G11: 97164 | H11: 16700858 | I11: 16735099 | J11: 264594 | K11: 56452054 | L11: 56567794
B12: 45231 | C12: Mujeres | D12: 106386 | E12: 25126472 | F12: 24991578 | G12: 47294 | H12: 8334109.4 | I12: 8289366.8 | J12: 153680 | K12: 33460582 | L12: 33280945
C13: Hombres | D13: 60624 | E13: 14517267 | F13: 14439329 | G13: 49989 | H13: 8356257.6 | I13: 8311396.1 | J13: 110613 | K13: 22873525 | L13: 22750726
C14: Total | D14: 167010 | E14: 39643740 | F14: 39430908 | G14: 97283 | H14: 16690367 | I14: 16600763 | J14: 264293 | K14: 56334107 | L14: 56031670
B15: 45261 | C15: Mujeres | D15: 105880 | E15: 25039244 | F15: 25039244 | G15: 47405 | H15: 8339131.6 | I15: 8339131.6 | J15: 153285 | K15: 33378376 | L15: 33378376
C16: Hombres | D16: 60307 | E16: 14450349 | F16: 14450349 | G16: 50164 | H16: 8365112.5 | I16: 8365112.5 | J16: 110471 | K16: 22815462 | L16: 22815462
C17: Total | D17: 166187 | E17: 39489594 | F17: 39489594 | G17: 97569 | H17: 16704244 | I17: 16704244 | J17: 263756 | K17: 56193838 | L17: 56193838
B18: Fuente: Elaboración propia con datos de la Superintendencia de Pensiones
B19: 1 La Pensión Garantizada Universal (PGU) es un nuevo beneficio generado a partir de la ley 21.419 del 29-01-2022. El concepto de PGU No Contributiva o Contributiva está relacionado con la calidad de la persona que está recibiendo el beneficio, si es No Contributiva quiere decir que no estaba afiliado a un sistema previsional (D.L. 3.500 o antiguo Sistema de Reparto) ni recibe pensión de sobrevivencia, si es Contributiva quiere decir que sí estaba afiliado a un sistema previsional o que recibe una pensión de sobrevivencia. De manera automática, en febrero 2022, los PBS de Vejez pasaron a ser PGU No Contributiva y los APS Vejez Subsidio Definido, los Beneficio artículo 9° bis y los APS Vejez con una Pensión Final Garantizada inferior o igual al monto de la PGU pasaron a ser PGU Contributiva. En los casos en que el APS Vejez con una Pensión Final Garantizada tuviera un monto superior a la PGU, se mantuvo el pago del beneficio.
B20: 2 Montos nominales de cada periodo de pago. 3 Montos deflactados a diciembre 2023
B23: Resumen anual de beneficios pagados, por tipo de beneficio y sexo
B24: (enero 2023 a diciembre 2023)
D26: APS Vejez1 | G26: APS Invalidez | J26: APS Total
B27: Periodo | C27: Sexo Beneficiarios | D27: N° promedio beneficiarios2 | E27: Monto nominal (M$)3 | F27: Monto real (M$)4 | G27: N° promedio beneficiarios2 | H27: Monto nominal (M$)3 | I27: Monto real (M$)4 | J27: N° promedio beneficiarios2 | K27: Monto nominal (M$)3 | L27: Monto real (M$)4
B28: Año 2023 | C28: Mujeres | D28: 107656.58 | E28: 2.9213166e+08 | F28: 2.9607842e+08 | G28: 46872.083 | H28: 99131586 | I28: 1.0048947e+08 | J28: 154528.67 | K28: 3.9126324e+08 | L28: 3.965679e+08
C29: Hombres | D29: 61733.75 | E29: 1.693076e+08 | F29: 1.7159906e+08 | G29: 48903.25 | H29: 98307682 | I29: 99645254 | J29: 110637 | K29: 2.6761529e+08 | L29: 2.7124432e+08
C30: Ambos | D30: 169390.33 | E30: 4.6143926e+08 | F30: 4.6767749e+08 | G30: 95775.333 | H30: 1.9743927e+08 | I30: 2.0013473e+08 | J30: 265165.67 | K30: 6.5887853e+08 | L30: 6.6781221e+08
B31: Fuente: Elaboración propia con datos de la Superintendencia de Pensiones
B32: 1 La Pensión Garantizada Universal (PGU) es un nuevo beneficio generado a partir de la ley 21.419 del 29-01-2022. El concepto de PGU No Contributiva o Contributiva está relacionado con la calidad de la persona que está recibiendo el beneficio, si es No Contributiva quiere decir que no estaba afiliado a un sistema previsional (D.L. 3.500 o antiguo Sistema de Reparto) ni recibe pensión de sobrevivencia, si es Contributiva quiere decir que sí estaba afiliado a un sistema previsional o que recibe una pensión de sobrevivencia. De manera automática, en febrero 2022, los PBS de Vejez pasaron a ser PGU No Contributiva y los APS Vejez Subsidio Definido, los Beneficio artículo 9° bis y los APS Vejez con una Pensión Final Garantizada inferior o igual al monto de la PGU pasaron a ser PGU Contributiva. En los casos en que el APS Vejez con una Pensión Final Garantizada tuviera un monto superior a la PGU, se mantuvo el pago del beneficio.
B33: 2 Promedio mensual de beneficiarios del año. 3 Montos nominales de cada periodo de pago. 4 Montos deflactados a diciembre de 2023
B35: Serie resumen de pagos de beneficios acumulado, por tipo de beneficio y sexo
B36: (julio 2008 a diciembre 2023)
C38: APS Vejez1 | L38: APS Invalidez | U38: APS Total
C39: Mujeres | F39: Hombres | I39: Total | L39: Mujeres | O39: Hombres | R39: Total | U39: Mujeres | X39: Hombres | AA39: Total
B40: Periodo | C40: N° beneficiarios | D40: Monto real (M$)2 | E40: Monto nominal (M$)3 | F40: N° beneficiarios | G40: Monto real (M$)2 | H40: Monto nominal (M$)3 | I40: N° beneficiarios | J40: Monto real (M$)2 | K40: Monto nominal (M$)3 | L40: N° beneficiarios | M40: Monto real (M$)2 | N40: Monto nominal (M$)3 | O40: N° beneficiarios | P40: Monto real (M$)2 | Q40: Monto nominal (M$)3 | R40: N° beneficiarios | S40: Monto real (M$)2 | T40: Monto nominal (M$)3 | U40: N° beneficiarios | V40: Monto real (M$)2 | W40: Monto nominal (M$)3 | X40: N° beneficiarios | Y40: Monto real (M$)2 | Z40: Monto nominal (M$)3 | AA40: N° beneficiarios | AB40: Monto real (M$)2 | AC40: Monto nominal (M$)3
B41: 39630
B42: 39661
B43: 39692
B44: 39722 | C44: 2444 | D44: 661617.79 | E44: 385553.92 | F44: 955 | G44: 328952.74 | H44: 191695.3 | I44: 3399 | J44: 990570.52 | K44: 577249.22 | L44: 217 | M44: 60623.75 | N44: 35328.138 | O44: 229 | P44: 61644.746 | Q44: 35923.118 | R44: 446 | S44: 122268.5 | T44: 71251.256 | U44: 2661 | V44: 722241.53 | W44: 420882.06 | X44: 1184 | Y44: 390597.48 | Z44: 227618.42 | AA44: 3845 | AB44: 1112839 | AC44: 648500.47
B45: 39753 | C45: 3067 | D45: 331542.96 | E45: 192967.99 | F45: 1159 | G45: 147164.32 | H45: 85654.067 | I45: 4226 | J45: 478707.27 | K45: 278622.06 | L45: 290 | M45: 35257.199 | N45: 20520.752 | O45: 294 | P45: 33737.621 | Q45: 19636.312 | R45: 584 | S45: 68994.82 | T45: 40157.064 | U45: 3357 | V45: 366800.15 | W45: 213488.74 | X45: 1453 | Y45: 180901.94 | Z45: 105290.38 | AA45: 4810 | AB45: 547702.09 | AC45: 318779.12
B46: 39783 | C46: 3251 | D46: 345230.11 | E46: 198565.28 | F46: 1234 | G46: 187229.61 | H46: 107688.46 | I46: 4485 | J46: 532459.72 | K46: 306253.75 | L46: 352 | M46: 36751.403 | N46: 21138.228 | O46: 348 | P46: 35169.618 | Q46: 20228.436 | R46: 700 | S46: 71921.021 | T46: 41366.664 | U46: 3603 | V46: 381981.51 | W46: 219703.51 | X46: 1582 | Y46: 222399.23 | Z46: 127916.9 | AA46: 5185 | AB46: 604380.74 | AC46: 347620.41
B47: Promedio 2008 | C47: 2920.6667 | D47: 446130.28 | F47: 1116 | G47: 221115.55 | I47: 4036.6667 | J47: 667245.84 | L47: 286.33333 | M47: 44210.784 | O47: 290.33333 | P47: 43517.328 | R47: 576.66667 | S47: 87728.112 | U47: 3207 | V47: 490341.07 | X47: 1406.3333 | Y47: 264632.88 | AA47: 4613.3333 | AB47: 754973.95
B48: 39814 | C48: 4434 | D48: 677232.43 | E48: 386551.68 | F48: 1765 | G48: 341440.14 | H48: 194887.69 | I48: 6199 | J48: 1018672.6 | K48: 581439.38 | L48: 468 | M48: 66643.201 | N48: 38038.701 | O48: 481 | P48: 76540.473 | Q48: 43687.88 | R48: 949 | S48: 143183.67 | T48: 81726.581 | U48: 4902 | V48: 743875.63 | W48: 424590.39 | X48: 2246 | Y48: 417980.62 | Z48: 238575.57 | AA48: 7148 | AB48: 1161856.2 | AC48: 663165.96
B49: 39845 | C49: 5048 | D49: 523580.79 | E49: 297761.34 | F49: 2132 | G49: 274909.12 | H49: 156341.31 | I49: 7180 | J49: 798489.92 | K49: 454102.65 | L49: 596 | M49: 82852.087 | N49: 47118.131 | O49: 584 | P49: 76992.468 | Q49: 43785.755 | R49: 1180 | S49: 159844.55 | T49: 90903.886 | U49: 5644 | V49: 606432.88 | W49: 344879.47 | X49: 2716 | Y49: 351901.59 | Z49: 200127.07 | AA49: 8360 | AB49: 958334.47 | AC49: 545006.54
B50: 39873 | C50: 5703 | D50: 579196.06 | E50: 330681.51 | F50: 2584 | G50: 353843.3 | H50: 202020.43 | I50: 8287 | J50: 933039.36 | K50: 532701.94 | L50: 787 | M50: 108547.33 | N50: 61973.136 | O50: 703 | P50: 83095.639 | Q50: 47441.952 | R50: 1490 | S50: 191642.97 | T50: 109415.09 | U50: 6490 | V50: 687743.39 | W50: 392654.65 | X50: 3287 | Y50: 436938.94 | Z50: 249462.38 | AA50: 9777 | AB50: 1124682.3 | AC50: 642117.03
B51: 39904 | C51: 6499 | D51: 831934.63 | E51: 474237.54 | F51: 3131 | G51: 493911.93 | H51: 281550.46 | I51: 9630 | J51: 1325846.6 | K51: 755788 | L51: 1119 | M51: 191701.95 | N51: 109278.13 | O51: 922 | P51: 139821.94 | Q51: 79704.356 | R51: 2041 | S51: 331523.89 | T51: 188982.48 | U51: 7618 | V51: 1023636.6 | W51: 583515.67 | X51: 4053 | Y51: 633733.87 | Z51: 361254.82 | AA51: 11671 | AB51: 1657370.4 | AC51: 944770.49
B52: 39934 | C52: 7208 | D52: 765344.66 | E52: 435187.42 | F52: 3842 | G52: 582406.83 | H52: 331166 | I52: 11050 | J52: 1347751.5 | K52: 766353.42 | L52: 1372 | M52: 181747.16 | N52: 103344.39 | O52: 1125 | P52: 146860.88 | Q52: 83507.484 | R52: 2497 | S52: 328608.04 | T52: 186851.88 | U52: 8580 | V52: 947091.82 | W52: 538531.82 | X52: 4967 | Y52: 729267.71 | Z52: 414673.48 | AA52: 13547 | AB52: 1676359.5 | AC52: 953205.3
B53: 39965 | C53: 7817 | D53: 770901.14 | E53: 439866.07 | F53: 4373 | G53: 535850.05 | H53: 305749 | I53: 12190 | J53: 1306751.2 | K53: 745615.06 | L53: 1674 | M53: 215488.62 | N53: 122954.98 | O53: 1346 | P53: 165537.28 | Q53: 94453.398 | R53: 3020 | S53: 381025.9 | T53: 217408.37 | U53: 9491 | V53: 986389.76 | W53: 562821.04 | X53: 5719 | Y53: 701387.33 | Z53: 400202.4 | AA53: 15210 | AB53: 1687777.1 | AC53: 963023.44
B54: 39995 | C54: 8395 | D54: 1118029.7 | E54: 635123.79 | F54: 4882 | G54: 746767.18 | H54: 424219.13 | I54: 13277 | J54: 1864796.9 | K54: 1059342.9 | L54: 2118 | M54: 391466.83 | N54: 222382.19 | O54: 1670 | P54: 304527.13 | Q54: 172993.99 | R54: 3788 | S54: 695993.96 | T54: 395376.18 | U54: 10513 | V54: 1509496.6 | W54: 857505.98 | X54: 6552 | Y54: 1051294.3 | Z54: 597213.12 | AA54: 17065 | AB54: 2560790.9 | AC54: 1454719.1
B55: 40026 | C55: 9052 | D55: 1302124.4 | E55: 737039.57 | F55: 5603 | G55: 1023393.6 | H55: 579269.98 | I55: 14655 | J55: 2325518 | K55: 1316309.5 | L55: 2469 | M55: 407215.55 | N55: 230495.62 | O55: 1969 | P55: 317717.61 | Q55: 179837.23 | R55: 4438 | S55: 724933.16 | T55: 410332.85 | U55: 11521 | V55: 1709340 | W55: 967535.19 | X55: 7572 | Y55: 1341111.2 | Z55: 759107.21 | AA55: 19093 | AB55: 3050451.2 | AC55: 1726642.4
B56: 40057 | C56: 12193 | D56: 1675491.4 | E56: 957691.03 | F56: 15010 | G56: 1731627.3 | H56: 989777.64 | I56: 27203 | J56: 3407118.7 | K56: 1947468.7 | L56: 2777 | M56: 421345.54 | N56: 240836.12 | O56: 2203 | P56: 326132.07 | Q56: 186413.22 | R56: 4980 | S56: 747477.61 | T56: 427249.34 | U56: 14970 | V56: 2096837 | W56: 1198527.1 | X56: 17213 | Y56: 2057759.4 | Z56: 1176190.9 | AA56: 32183 | AB56: 4154596.3 | AC56: 2374718
B57: 40087 | C57: 98877 | D57: 8242315.3 | E57: 4711096.3 | F57: 70157 | G57: 5207026.1 | H57: 2976202.8 | I57: 169034 | J57: 13449341 | K57: 7687299.1 | L57: 3876 | M57: 756387.7 | N57: 432331.84 | O57: 3042 | P57: 567801.56 | Q57: 324540.83 | R57: 6918 | S57: 1324189.3 | T57: 756872.66 | U57: 102753 | V57: 8998703 | W57: 5143428.1 | X57: 73199 | Y57: 5774827.7 | Z57: 3300743.6 | AA57: 175952 | AB57: 14773531 | AC57: 8444171.7
B58: 40118 | C58: 118191 | D58: 4990871.1 | E58: 2839653.3 | F58: 85364 | G58: 3726038.3 | H58: 2120002 | I58: 203555 | J58: 8716909.3 | K58: 4959655.3 | L58: 4342 | M58: 666471.29 | N58: 379201.82 | O58: 3394 | P58: 508629.37 | Q58: 289394.59 | R58: 7736 | S58: 1175100.7 | T58: 668596.41 | U58: 122533 | V58: 5657342.4 | W58: 3218855.1 | X58: 88758 | Y58: 4234667.6 | Z58: 2409396.6 | AA58: 211291 | AB58: 9892010 | AC58: 5628251.7
B59: 40148 | C59: 137544 | D59: 6014009.1 | E59: 3411337.3 | F59: 100434 | G59: 4675247 | H59: 2651948.8 | I59: 237978 | J59: 10689256 | K59: 6063286.1 | L59: 4968 | M59: 815344.43 | N59: 462489.3 | O59: 3798 | P59: 609223.34 | Q59: 345570.86 | R59: 8766 | S59: 1424567.8 | T59: 808060.16 | U59: 142512 | V59: 6829353.6 | W59: 3873826.6 | X59: 104232 | Y59: 5284470.3 | Z59: 2997519.7 | AA59: 246744 | AB59: 12113824 | AC59: 6871346.3
B60: Promedio 2009 | C60: 35080.083 | D60: 2290919.2 | F60: 24939.75 | G60: 1641038.4 | I60: 60019.833 | J60: 3931957.6 | L60: 2213.8333 | M60: 358767.64 | O60: 1769.75 | P60: 276906.65 | R60: 3983.5833 | S60: 635674.29 | U60: 37293.917 | V60: 2649686.9 | X60: 26709.5 | Y60: 1917945 | AA60: 64003.417 | AB60: 4567631.9
B61: 40179 | C61: 147468 | D61: 5668465.6 | E61: 3231997.5 | F61: 103465 | G61: 4174021.2 | H61: 2379907.9 | I61: 250933 | J61: 9842486.8 | K61: 5611905.4 | L61: 5495 | M61: 826950.2 | N61: 471503.43 | O61: 4172 | P61: 617250.12 | Q61: 351938.42 | R61: 9667 | S61: 1444200.3 | T61: 823441.85 | U61: 152963 | V61: 6495415.8 | W61: 3703500.9 | X61: 107637 | Y61: 4791271.3 | Z61: 2731846.3 | AA61: 260600 | AB61: 11286687 | AC61: 6435347.3
B62: 40210 | C62: 157189 | D62: 6094229.7 | E62: 3484520.1 | F62: 108163 | G62: 4384440.5 | H62: 2506907.6 | I62: 265352 | J62: 10478670 | K62: 5991427.7 | L62: 5997 | M62: 835847.74 | N62: 477915.72 | O62: 4576 | P62: 638704.92 | Q62: 365194.66 | R62: 10573 | S62: 1474552.7 | T62: 843110.38 | U62: 163186 | V62: 6930077.5 | W62: 3962435.8 | X62: 112739 | Y62: 5023145.4 | Z62: 2872102.3 | AA62: 275925 | AB62: 11953223 | AC62: 6834538
B63: 40238 | C63: 167854 | D63: 6976277.7 | E63: 3992205.8 | F63: 115920 | G63: 5392921.5 | H63: 3086123.2 | I63: 283774 | J63: 12369199 | K63: 7078329 | L63: 6477 | M63: 961543.01 | N63: 550247.24 | O63: 4862 | P63: 705483.51 | Q63: 403716.07 | R63: 11339 | S63: 1667026.5 | T63: 953963.31 | U63: 174331 | V63: 7937820.7 | W63: 4542453 | X63: 120782 | Y63: 6098405 | Z63: 3489839.3 | AA63: 295113 | AB63: 14036226 | AC63: 8032292.3
B64: 40269 | C64: 172340 | D64: 6146084.1 | E64: 3533380 | F64: 118241 | G64: 4504258.3 | H64: 2589495.4 | I64: 290581 | J64: 10650342 | K64: 6122875.3 | L64: 6887 | M64: 959391.22 | N64: 551553.42 | O64: 5130 | P64: 700899.53 | Q64: 402946.71 | R64: 12017 | S64: 1660290.7 | T64: 954500.14 | U64: 179227 | V64: 7105475.3 | W64: 4084933.4 | X64: 123371 | Y64: 5205157.9 | Z64: 2992442.1 | AA64: 302598 | AB64: 12310633 | AC64: 7077375.5
B65: 40299 | C65: 177041 | D65: 6373818.3 | E65: 3677489.5 | F65: 120927 | G65: 4812003.8 | H65: 2776372.4 | I65: 297968 | J65: 11185822 | K65: 6453861.9 | L65: 7424 | M65: 1053567.2 | N65: 607874.6 | O65: 5506 | P65: 758163.56 | Q65: 437436.15 | R65: 12930 | S65: 1811730.7 | T65: 1045310.7 | U65: 184465 | V65: 7427385.4 | W65: 4285364.1 | X65: 126433 | Y65: 5570167.4 | Z65: 3213808.6 | AA65: 310898 | AB65: 12997553 | AC65: 7499172.7
B66: 40330 | C66: 183571 | D66: 6765782.6 | E66: 3903654.6 | F66: 125869 | G66: 4874054.2 | H66: 2812183.8 | I66: 309440 | J66: 11639837 | K66: 6715838.4 | L66: 8152 | M66: 1278457.3 | N66: 737631.7 | O66: 6003 | P66: 900213.41 | Q66: 519396.27 | R66: 14155 | S66: 2178670.7 | T66: 1257028 | U66: 191723 | V66: 8044239.9 | W66: 4641286.3 | X66: 131872 | Y66: 5774267.6 | Z66: 3331580 | AA66: 323595 | AB66: 13818507 | AC66: 7972866.4
B67: 40360 | C67: 187484 | D67: 12017024 | E67: 6978003.9 | F67: 129748 | G67: 8638770.5 | H67: 5016331.4 | I67: 317232 | J67: 20655794 | K67: 11994335 | L67: 8702 | M67: 1249463 | N67: 725533.89 | O67: 6395 | P67: 914160.43 | Q67: 530831.52 | R67: 15097 | S67: 2163623.5 | T67: 1256365.4 | U67: 196186 | V67: 13266487 | W67: 7703537.8 | X67: 136143 | Y67: 9552930.9 | Z67: 5547163 | AA67: 332329 | AB67: 22819418 | AC67: 13250701
B68: 40391 | C68: 192848 | D68: 12821601 | E68: 7437883.7 | F68: 133983 | G68: 9023598.3 | H68: 5234640.8 | I68: 326831 | J68: 21845199 | K68: 12672524 | L68: 9142 | M68: 1278039.6 | N68: 741398.03 | O68: 6680 | P68: 939239.7 | Q68: 544858.3 | R68: 15822 | S68: 2217279.3 | T68: 1286256.3 | U68: 201990 | V68: 14099640 | W68: 8179281.7 | X68: 140663 | Y68: 9962838 | Z68: 5779499.1 | AA68: 342653 | AB68: 24062478 | AC68: 13958781
B69: 40422 | C69: 198415 | D69: 12464677 | E69: 7259748.7 | F69: 138718 | G69: 8874767.6 | H69: 5168893 | I69: 337133 | J69: 21339445 | K69: 12428642 | L69: 9139 | M69: 1196367.2 | N69: 696795.04 | O69: 6646 | P69: 859568.43 | Q69: 500634.77 | R69: 15785 | S69: 2055935.6 | T69: 1197429.8 | U69: 207554 | V69: 13661044 | W69: 7956543.8 | X69: 145364 | Y69: 9734336 | Z69: 5669527.8 | AA69: 352918 | AB69: 23395380 | AC69: 13626072
B70: 40452 | C70: 204343 | D70: 13563269 | E70: 7907342 | F70: 143664 | G70: 9719362.5 | H70: 5666357.1 | I70: 348007 | J70: 23282631 | K70: 13573699 | L70: 9374 | M70: 1261828.7 | N70: 735642.11 | O70: 6792 | P70: 901628.44 | Q70: 525646.49 | R70: 16166 | S70: 2163457.2 | T70: 1261288.6 | U70: 213717 | V70: 14825097 | W70: 8642984.1 | X70: 150456 | Y70: 10620991 | Z70: 6192003.6 | AA70: 364173 | AB70: 25446088 | AC70: 14834988
B71: 40483 | C71: 211646 | D71: 14373084 | E71: 8385359.8 | F71: 150888 | G71: 10404380 | H71: 6069989.4 | I71: 362534 | J71: 24777464 | K71: 14455349 | L71: 9728 | M71: 1361534.5 | N71: 794328.91 | O71: 7036 | P71: 976268.47 | Q71: 569561.98 | R71: 16764 | S71: 2337802.9 | T71: 1363890.9 | U71: 221374 | V71: 15734619 | W71: 9179688.7 | X71: 157924 | Y71: 11380648 | Z71: 6639551.4 | AA71: 379298 | AB71: 27115267 | AC71: 15819240
B72: 40513 | C72: 215860 | D72: 14212228 | E72: 8301289.3 | F72: 154356 | G72: 10303700 | H72: 6018338.3 | I72: 370216 | J72: 24515928 | K72: 14319628 | L72: 10094 | M72: 1404661.5 | N72: 820455.6 | O72: 7277 | P72: 1009093.8 | Q72: 589406.51 | R72: 17371 | S72: 2413755.3 | T72: 1409862.1 | U72: 225954 | V72: 15616889 | W72: 9121744.9 | X72: 161633 | Y72: 11312794 | Z72: 6607744.8 | AA72: 387587 | AB72: 26929683 | AC72: 15729490
B73: Promedio 2010 | C73: 184671.58 | D73: 9789711.7 | F73: 128661.83 | G73: 7092189.9 | I73: 313333.42 | J73: 16881902 | L73: 8050.9167 | M73: 1138970.9 | O73: 5922.9167 | P73: 826722.86 | R73: 13973.833 | S73: 1965693.8 | U73: 192722.5 | V73: 10928683 | X73: 134584.75 | Y73: 7918912.7 | AA73: 327307.25 | AB73: 18847595
B74: 40544 | C74: 216052 | D74: 13880548 | E74: 8129503.8 | F74: 156801 | G74: 10522607 | H74: 6162838.2 | I74: 372853 | J74: 24403155 | K74: 14292342 | L74: 10664 | M74: 1611021.7 | N74: 943536.72 | O74: 7665 | P74: 1155809.2 | Q74: 676929.69 | R74: 18329 | S74: 2766830.9 | T74: 1620466.4 | U74: 226716 | V74: 15491570 | W74: 9073040.6 | X74: 164466 | Y74: 11678416 | Z74: 6839767.9 | AA74: 391182 | AB74: 27169986 | AC74: 15912808
B75: 40575 | C75: 221369 | D75: 15030129 | E75: 8823039.5 | F75: 159862 | G75: 10711954 | H75: 6288169.3 | I75: 381231 | J75: 25742083 | K75: 15111209 | L75: 10862 | M75: 1437328.6 | N75: 843745.75 | O75: 7770 | P75: 1014773.9 | Q75: 595696.18 | R75: 18632 | S75: 2452102.5 | T75: 1439441.9 | U75: 232231 | V75: 16467457 | W75: 9666785.3 | X75: 167632 | Y75: 11726728 | Z75: 6883865.5 | AA75: 399863 | AB75: 28194185 | AC75: 16550651
B76: 40603 | C76: 222893 | D76: 13848764 | E76: 8191716.3 | F76: 161524 | G76: 10213867 | H76: 6041629.8 | I76: 384417 | J76: 24062631 | K76: 14233346 | L76: 11369 | M76: 1671005.1 | N76: 988420.32 | O76: 8148 | P76: 1179155.5 | Q76: 697485.18 | R76: 19517 | S76: 2850160.6 | T76: 1685905.5 | U76: 234262 | V76: 15519769 | W76: 9180136.7 | X76: 169672 | Y76: 11393023 | Z76: 6739115 | AA76: 403934 | AB76: 26912791 | AC76: 15919252
B77: 40634 | C77: 222010 | D77: 13090887 | E77: 7768121.3 | F77: 161901 | G77: 9712781.4 | H77: 5763556.1 | I77: 383911 | J77: 22803669 | K77: 13531677 | L77: 11684 | M77: 1423076.4 | N77: 844452.33 | O77: 8406 | P77: 1013792.4 | Q77: 601583.55 | R77: 20090 | S77: 2436868.9 | T77: 1446035.9 | U77: 233694 | V77: 14513964 | W77: 8612573.6 | X77: 170307 | Y77: 10726574 | Z77: 6365139.7 | AA77: 404001 | AB77: 25240538 | AC77: 14977713
B78: 40664 | C78: 223751 | D78: 14075479 | E78: 8385773.6 | F78: 165419 | G78: 10813823 | H78: 6442570.6 | I78: 389170 | J78: 24889302 | K78: 14828344 | L78: 12497 | M78: 1906884.6 | N78: 1136068.1 | O78: 9044 | P78: 1400405.3 | Q78: 834321.98 | R78: 21541 | S78: 3307289.9 | T78: 1970390.1 | U78: 236248 | V78: 15982364 | W78: 9521841.6 | X78: 174463 | Y78: 12214228 | Z78: 7276892.6 | AA78: 410711 | AB78: 28196592 | AC78: 16798734
B79: 40695 | C79: 229420 | D79: 15084127 | E79: 9001948.5 | F79: 168072 | G79: 10790655 | H79: 6439677.8 | I79: 397492 | J79: 25874782 | K79: 15441626 | L79: 13001 | M79: 1818479.5 | N79: 1085237.4 | O79: 9368 | P79: 1284164 | Q79: 766367.07 | R79: 22369 | S79: 3102643.5 | T79: 1851604.4 | U79: 242421 | V79: 16902607 | W79: 10087186 | X79: 177440 | Y79: 12074819 | Z79: 7206044.8 | AA79: 419861 | AB79: 28977425 | AC79: 17293231
B80: 40725 | C80: 232716 | D80: 18629592 | E80: 11131937 | F80: 169626 | G80: 13513211 | H80: 8074691.9 | I80: 402342 | J80: 32142803 | K80: 19206629 | L80: 13322 | M80: 1809887.2 | N80: 1081481 | O80: 9629 | P80: 1315251.9 | Q80: 785916.33 | R80: 22951 | S80: 3125139.1 | T80: 1867397.3 | U80: 246038 | V80: 20439479 | W80: 12213418 | X80: 179255 | Y80: 14828463 | Z80: 8860608.2 | AA80: 425293 | AB80: 35267942 | AC80: 21074026
B81: 40756 | C81: 237643 | D81: 19492107 | E81: 11666211 | F81: 172104 | G81: 14069881 | H81: 8420956.9 | I81: 409747 | J81: 33561988 | K81: 20087168 | L81: 13665 | M81: 1874638.7 | N81: 1121989 | O81: 9887 | P81: 1369741.1 | Q81: 819803 | R81: 23552 | S81: 3244379.8 | T81: 1941792 | U81: 251308 | V81: 21366746 | W81: 12788200 | X81: 181991 | Y81: 15439622 | Z81: 9240759.9 | AA81: 433299 | AB81: 36806368 | AC81: 22028960
B82: 40787 | C82: 237602 | D82: 17957375 | E82: 10801077 | F82: 171862 | G82: 13091568 | H82: 7874370.7 | I82: 409464 | J82: 31048943 | K82: 18675447 | L82: 13650 | M82: 1713382.8 | N82: 1030572.6 | O82: 9861 | P82: 1224284.3 | Q82: 736387.64 | R82: 23511 | S82: 2937667.2 | T82: 1766960.3 | U82: 251252 | V82: 19670758 | W82: 11831649 | X82: 181723 | Y82: 14315852 | Z82: 8610758.3 | AA82: 432975 | AB82: 33986610 | AC82: 20442408
B83: 40817 | C83: 244518 | D83: 20402462 | E83: 12331326 | F83: 177646 | G83: 15404145 | H83: 9310324.6 | I83: 422164 | J83: 35806607 | K83: 21641651 | L83: 14421 | M83: 2124858.6 | N83: 1284272.7 | O83: 10422 | P83: 1543062.9 | Q83: 932633.14 | R83: 24843 | S83: 3667921.5 | T83: 2216905.9 | U83: 258939 | V83: 22527320 | W83: 13615599 | X83: 188068 | Y83: 16947208 | Z83: 10242958 | AA83: 447007 | AB83: 39474528 | AC83: 23858557
B84: 40848 | C84: 244805 | D84: 18929549 | E84: 11477396 | F84: 177882 | G84: 14058203 | H84: 8523793.5 | I84: 422687 | J84: 32987752 | K84: 20001189 | L84: 14395 | M84: 1800299.3 | N84: 1091560.5 | O84: 10364 | P84: 1286455.7 | Q84: 780005.96 | R84: 24759 | S84: 3086755 | T84: 1871566.5 | U84: 259200 | V84: 20729848 | W84: 12568956 | X84: 188246 | Y84: 15344659 | Z84: 9303799.5 | AA84: 447446 | AB84: 36074507 | AC84: 21872756
B85: 40878 | C85: 253065 | D85: 21022536 | E85: 12824071 | F85: 183726 | G85: 15528243 | H85: 9472467.8 | I85: 436791 | J85: 36550778 | K85: 22296539 | L85: 15067 | M85: 2176737 | N85: 1327843.2 | O85: 10837 | P85: 1567349.9 | Q85: 956107.64 | R85: 25904 | S85: 3744086.9 | T85: 2283950.8 | U85: 268132 | V85: 23199273 | W85: 14151914 | X85: 194563 | Y85: 17095593 | Z85: 10428575 | AA85: 462695 | AB85: 40294865 | AC85: 24580490
B86: Promedio 2011 | C86: 232153.67 | D86: 16786963 | F86: 168868.75 | G86: 12369245 | I86: 401022.42 | J86: 29156208 | L86: 12883.083 | M86: 1780633.3 | O86: 9283.4167 | P86: 1279520.5 | R86: 22166.5 | S86: 3060153.8 | U86: 245036.75 | V86: 18567596 | X86: 178152.17 | Y86: 13648765 | AA86: 423188.92 | AB86: 32216362
B87: 40909 | C87: 252071 | D87: 18463857 | E87: 11273151 | F87: 182814 | G87: 14011366 | H87: 8554672.5 | I87: 434885 | J87: 32475223 | K87: 19827824 | L87: 15016 | M87: 1857985.6 | N87: 1134397.5 | O87: 10786 | P87: 1320846.2 | Q87: 806445.77 | R87: 25802 | S87: 3178831.9 | T87: 1940843.3 | U87: 267087 | V87: 20321842 | W87: 12407549 | X87: 193600 | Y87: 15332212 | Z87: 9361118.2 | AA87: 460687 | AB87: 35654055 | AC87: 21768667
B88: 40940 | C88: 257841 | D88: 20700176 | E88: 12687629 | F88: 187623 | G88: 15378536 | H88: 9425869 | I88: 445464 | J88: 36078712 | K88: 22113498 | L88: 15866 | M88: 2335586.2 | N88: 1431536.1 | O88: 11407 | P88: 1692404.4 | Q88: 1037314.8 | R88: 27273 | S88: 4027990.5 | T88: 2468850.9 | U88: 273707 | V88: 23035762 | W88: 14119165 | X88: 199030 | Y88: 17070940 | Z88: 10463184 | AA88: 472737 | AB88: 40106702 | AC88: 24582349
B89: 40969 | C89: 266227 | D89: 21323756 | E89: 13091165 | F89: 193233 | G89: 15463015 | H89: 9493115.5 | I89: 459460 | J89: 36786770 | K89: 22584280 | L89: 16203 | M89: 2162040.4 | N89: 1327328.5 | O89: 11662 | P89: 1568477.4 | Q89: 962925.86 | R89: 27865 | S89: 3730517.7 | T89: 2290254.3 | U89: 282430 | V89: 23485796 | W89: 14418493 | X89: 204895 | Y89: 17031492 | Z89: 10456041 | AA89: 487325 | AB89: 40517288 | AC89: 24874535
B90: 41000 | C90: 268907 | D90: 20150234 | E90: 12376984 | F90: 195360 | G90: 14877999 | H90: 9138592 | I90: 464267 | J90: 35028233 | K90: 21515576 | L90: 16729 | M90: 2203393.1 | N90: 1353401.7 | O90: 12056 | P90: 1573999 | Q90: 966805.72 | R90: 28785 | S90: 3777392.1 | T90: 2320207.5 | U90: 285636 | V90: 22353627 | W90: 13730386 | X90: 207416 | Y90: 16451998 | Z90: 10105398 | AA90: 493052 | AB90: 38805625 | AC90: 23835784
B91: 41030 | C91: 273881 | D91: 21282543 | E91: 13076499 | F91: 198501 | G91: 15574336 | H91: 9569241.2 | I91: 472382 | J91: 36856879 | K91: 22645740 | L91: 17101 | M91: 2256713.4 | N91: 1386578.2 | O91: 12311 | P91: 1619037.7 | Q91: 994775.13 | R91: 29412 | S91: 3875751.1 | T91: 2381353.3 | U91: 290982 | V91: 23539256 | W91: 14463077 | X91: 210812 | Y91: 17193374 | Z91: 10564016 | AA91: 501794 | AB91: 40732630 | AC91: 25027093
B92: 41061 | C92: 279232 | D92: 21656485 | E92: 13266851 | F92: 201334 | G92: 15579621 | H92: 9544139.4 | I92: 480566 | J92: 37236106 | K92: 22810991 | L92: 17619 | M92: 2305812 | N92: 1412549.9 | O92: 12603 | P92: 1665127 | Q92: 1020063.6 | R92: 30222 | S92: 3970939 | T92: 2432613.5 | U92: 296851 | V92: 23962297 | W92: 14679401 | X92: 213937 | Y92: 17244748 | Z92: 10564203 | AA92: 510788 | AB92: 41207045 | AC92: 25243604
B93: 41091 | C93: 276215 | D93: 21849421 | E93: 13383285 | F93: 202381 | G93: 16138886 | H93: 9885448 | I93: 478596 | J93: 37988307 | K93: 23268733 | L93: 17698 | M93: 2355167 | N93: 1442595.3 | O93: 12634 | P93: 1691839.5 | Q93: 1036291.5 | R93: 30332 | S93: 4047006.5 | T93: 2478886.8 | U93: 293913 | V93: 24204588 | W93: 14825880 | X93: 215015 | Y93: 17830726 | Z93: 10921740 | AA93: 508928 | AB93: 42035313 | AC93: 25747620
B94: 41122 | C94: 282810 | D94: 22790639 | E94: 13990675 | F94: 207070 | G94: 16783731 | H94: 10303166 | I94: 489880 | J94: 39574370 | K94: 24293842 | L94: 23663 | M94: 3115167.4 | N94: 1912333.2 | O94: 19160 | P94: 2470766.3 | Q94: 1516749.5 | R94: 42823 | S94: 5585933.7 | T94: 3429082.7 | U94: 306473 | V94: 25905806 | W94: 15903009 | X94: 226230 | Y94: 19254497 | Z94: 11819916 | AA94: 532703 | AB94: 45160303 | AC94: 27722924
B95: 41153 | C95: 287696 | D95: 22743773 | E95: 14069212 | F95: 211511 | G95: 16881297 | H95: 10442706 | I95: 499207 | J95: 39625070 | K95: 24511918 | L95: 23918 | M95: 3094141.4 | N95: 1914024.1 | O95: 19316 | P95: 2510189.8 | Q95: 1552793.9 | R95: 43234 | S95: 5604331.2 | T95: 3466818 | U95: 311614 | V95: 25837915 | W95: 15983236 | X95: 230827 | Y95: 19391486 | Z95: 11995500 | AA95: 542441 | AB95: 45229401 | AC95: 27978736
B96: 41183 | C96: 294781 | D96: 23606419 | E96: 14684423 | F96: 216179 | G96: 17237392 | H96: 10722556 | I96: 510960 | J96: 40843811 | K96: 25406980 | L96: 22975 | M96: 2996477.9 | N96: 1863965.5 | O96: 18437 | P96: 2368530.9 | Q96: 1473349.7 | R96: 41412 | S96: 5365008.9 | T96: 3337315.2 | U96: 317756 | V96: 26602897 | W96: 16548389 | X96: 234616 | Y96: 19605923 | Z96: 12195906 | AA96: 552372 | AB96: 46208820 | AC96: 28744295
B97: 41214 | C97: 303521 | D97: 24299916 | E97: 15047736 | F97: 223185 | G97: 17958557 | H97: 11120846 | I97: 526706 | J97: 42258473 | K97: 26168582 | L97: 21524 | M97: 2760935.6 | N97: 1709710.9 | O97: 16946 | P97: 2127196.7 | Q97: 1317267.7 | R97: 38470 | S97: 4888132.3 | T97: 3026978.6 | U97: 325045 | V97: 27060851 | W97: 16757447 | X97: 240131 | Y97: 20085754 | Z97: 12438114 | AA97: 565176 | AB97: 47146605 | AC97: 29195561
B98: 41244 | C98: 312354 | D98: 24842724 | E98: 15379787 | F98: 227534 | G98: 17946490 | H98: 11110424 | I98: 539888 | J98: 42789215 | K98: 26490210 | L98: 22465 | M98: 2988132.8 | N98: 1849911.6 | O98: 17699 | P98: 2295867.7 | Q98: 1421339.9 | R98: 40164 | S98: 5284000.5 | T98: 3271251.5 | U98: 334819 | V98: 27830857 | W98: 17229698 | X98: 245233 | Y98: 20242358 | Z98: 12531764 | AA98: 580052 | AB98: 48073215 | AC98: 29761462
B99: Promedio 2012 | C99: 279628 | D99: 21975829 | F99: 203893.75 | G99: 16152602 | I99: 483521.75 | J99: 38128431 | L99: 19231.417 | M99: 2535962.7 | O99: 14584.75 | P99: 1908690.2 | R99: 33816.167 | S99: 4444653 | U99: 298859.42 | V99: 24511791 | X99: 218478.5 | Y99: 18061292 | AA99: 517337.92 | AB99: 42573084
B100: 41275 | C100: 316102 | D100: 24436207 | E100: 15155009 | F100: 230222 | G100: 17926129 | H100: 11117546 | I100: 546324 | J100: 42362336 | K100: 26272555 | L100: 22998 | M100: 2970759.9 | N100: 1842425.6 | O100: 18080 | P100: 2293718.9 | Q100: 1422533.9 | R100: 41078 | S100: 5264478.9 | T100: 3264959.5 | U100: 339100 | V100: 27406966 | W100: 16997435 | X100: 248302 | Y100: 20219848 | Z100: 12540080 | AA100: 587402 | AB100: 47626815 | AC100: 29537515
B101: 41306 | C101: 318370 | D101: 24056890 | E101: 14937261 | F101: 231652 | G101: 17735763 | H101: 11012384 | I101: 550022 | J101: 41792653 | K101: 25949645 | L101: 23375 | M101: 3000548.4 | N101: 1863082.6 | O101: 18243 | P101: 2286246.9 | Q101: 1419562.8 | R101: 41618 | S101: 5286795.3 | T101: 3282645.4 | U101: 341745 | V101: 27057438 | W101: 16800343 | X101: 249895 | Y101: 20022010 | Z101: 12431947 | AA101: 591640 | AB101: 47079448 | AC101: 29232290
B102: 41334 | C102: 320652 | D102: 24273844 | E102: 15129817 | F102: 233004 | G102: 17864808 | H102: 11135083 | I102: 553656 | J102: 42138652 | K102: 26264900 | L102: 23775 | M102: 3027912.8 | N102: 1887289.3 | O102: 18581 | P102: 2306889.8 | Q102: 1437877.8 | R102: 42356 | S102: 5334802.7 | T102: 3325167.1 | U102: 344427 | V102: 27301757 | W102: 17017106 | X102: 251585 | Y102: 20171698 | Z102: 12572961 | AA102: 596012 | AB102: 47473455 | AC102: 29590067
B103: 41365 | C103: 322878 | D103: 24604599 | E103: 15261791 | F103: 234782 | G103: 18017340 | H103: 11175832 | I103: 557660 | J103: 42621939 | K103: 26437623 | L103: 24167 | M103: 3079223.3 | N103: 1909986.9 | O103: 18856 | P103: 2348080.8 | Q103: 1456472.3 | R103: 43023 | S103: 5427304.1 | T103: 3366459.3 | U103: 347045 | V103: 27683822 | W103: 17171778 | X103: 253638 | Y103: 20365421 | Z103: 12632305 | AA103: 600683 | AB103: 48049243 | AC103: 29804082
B104: 41395 | C104: 323526 | D104: 24557725 | E104: 15231414 | F104: 234339 | G104: 18003533 | H104: 11166314 | I104: 557865 | J104: 42561258 | K104: 26397728 | L104: 25946 | M104: 3297922.7 | N104: 2045467.4 | O104: 20403 | P104: 2541902.1 | Q104: 1576561.5 | R104: 46349 | S104: 5839824.8 | T104: 3622028.9 | U104: 349472 | V104: 27855648 | W104: 17276882 | X104: 254742 | Y104: 20545435 | Z104: 12742875 | AA104: 604214 | AB104: 48401083 | AC104: 30019757
B105: 41426 | C105: 325229 | D105: 24484480 | E105: 15283217 | F105: 235609 | G105: 17955797 | H105: 11208011 | I105: 560838 | J105: 42440277 | K105: 26491228 | L105: 26338 | M105: 3335150.6 | N105: 2081801.6 | O105: 20883 | P105: 2599943.3 | Q105: 1622885 | R105: 47221 | S105: 5935093.9 | T105: 3704686.6 | U105: 351567 | V105: 27819631 | W105: 17365018 | X105: 256492 | Y105: 20555740 | Z105: 12830896 | AA105: 608059 | AB105: 48375371 | AC105: 30195914
B106: 41456 | C106: 327498 | D106: 24991416 | E106: 15640317 | F106: 237441 | G106: 18364746 | H106: 11493165 | I106: 564939 | J106: 43356163 | K106: 27133482 | L106: 26760 | M106: 3393062.1 | N106: 2123471.8 | O106: 21252 | P106: 2636295.3 | Q106: 1649866.3 | R106: 48012 | S106: 6029357.4 | T106: 3773338.1 | U106: 354258 | V106: 28384478 | W106: 17763789 | X106: 258693 | Y106: 21001042 | Z106: 13143031 | AA106: 612951 | AB106: 49385520 | AC106: 30906820
B107: 41487 | C107: 329632 | D107: 25595215 | E107: 16056738 | F107: 239444 | G107: 18828002 | H107: 11811438 | I107: 569076 | J107: 44423217 | K107: 27868176 | L107: 27306 | M107: 3465843.3 | N107: 2174239.9 | O107: 21757 | P107: 2716323.7 | Q107: 1704041.1 | R107: 49063 | S107: 6182166.9 | T107: 3878281 | U107: 356938 | V107: 29061058 | W107: 18230978 | X107: 261201 | Y107: 21544326 | Z107: 13515479 | AA107: 618139 | AB107: 50605384 | AC107: 31746457
B108: 41518 | C108: 331319 | D108: 26042085 | E108: 16424762 | F108: 241073 | G108: 19225528 | H108: 12125554 | I108: 572392 | J108: 45267613 | K108: 28550316 | L108: 28726 | M108: 3741106.1 | N108: 2359518.3 | O108: 22887 | P108: 2931494.5 | Q108: 1848895.7 | R108: 51613 | S108: 6672600.7 | T108: 4208414 | U108: 360045 | V108: 29783191 | W108: 18784280 | X108: 263960 | Y108: 22157022 | Z108: 13974450 | AA108: 624005 | AB108: 51940214 | AC108: 32758730
...

Sheet Hoja2
A3: -> region_codigo | B3: = | C3: 1
C5: estado_solicitud
A6: comuna | B6: A | C6: C | D6: D | E6: R | F6: T | G6: Total
A8: ALTO HOSPICIO | B8: 32 | C8: 8631 | D8: 1 | E8: 1938 | F8: 329 | G8: 10931
A9: CAMIÑA | B9: 0 | C9: 192 | D9: 0 | E9: 38 | F9: 4 | G9: 234
A10: COLCHANE | B10: 2 | C10: 137 | D10: 0 | E10: 25 | F10: 3 | G10: 167
A11: HUARA | B11: 6 | C11: 476 | D11: 1 | E11: 103 | F11: 14 | G11: 600
A12: IQUIQUE | B12: 90 | C12: 26648 | D12: 11 | E12: 6786 | F12: 678 | G12: 34213
A13: PICA | B13: 2 | C13: 876 | D13: 0 | E13: 200 | F13: 26 | G13: 1104
A14: POZO ALMONTE | B14: 9 | C14: 1589 | D14: 0 | E14: 403 | F14: 50 | G14: 2051
A15: Total | B15: =SUM(B8:B14) -> 141 | C15: =SUM(C8:C14) -> 38549 | D15: =SUM(D8:D14) -> 13 | E15: =SUM(E8:E14) -> 9493 | F15: =SUM(F8:F14) -> 1104 | G15: =SUM(G8:G14) -> 49300
A21: -> region_codigo = 2
B23: estado_solicitud
A24: comuna | B24: A | C24: C | D24: D | E24: R | F24: T | G24: Total
A26: ANTOFAGASTA | B26: 137 | C26: 41859 | D26: 18 | E26: 10946 | F26: 1282 | G26: 54242
A27: CALAMA | B27: 30 | C27: 14670 | D27: 8 | E27: 3983 | F27: 498 | G27: 19189
A28: MARIA ELENA | B28: 0 | C28: 414 | D28: 0 | E28: 130 | F28: 12 | G28: 556
A29: MEJILLONES | B29: 3 | C29: 1165 | D29: 1 | E29: 377 | F29: 59 | G29: 1605
A30: OLLAGUE | B30: 0 | C30: 37 | D30: 0 | E30: 5 | F30: 1 | G30: 43
A31: SAN PEDRO DE ATACAMA | B31: 1 | C31: 680 | D31: 0 | E31: 145 | F31: 25 | G31: 851
A32: SIERRA GORDA | B32: 0 | C32: 98 | D32: 0 | E32: 29 | F32: 2 | G32: 129
A33: TALTAL | B33: 4 | C33: 1885 | D33: 0 | E33: 570 | F33: 63 | G33: 2522
A34: TOCOPILLA | B34: 11 | C34: 4223 | D34: 7 | E34: 1046 | F34: 126 | G34: 5413
A36: Total | B36: =SUM(B26:B35) -> 186 | C36: =SUM(C26:C35) -> 65031 | D36: =SUM(D26:D35) -> 34 | E36: =SUM(E26:E35) -> 17231 | F36: =SUM(F26:F35) -> 2068 | G36: =SUM(G26:G35) -> 84550
A42: -> region_codigo | B42: = | C42: 3
C44: estado_solicitud
A45: comuna | C45: A | D45: C | E45: D | F45: R | G45: T | H45: Total
A47: ALTO DEL CARMEN | C47: 1 | D47: 962 | E47: 0 | F47: 159 | G47: 31 | H47: 1153
A48: CALDERA | C48: 9 | D48: 2524 | E48: 1 | F48: 499 | G48: 92 | H48: 3125
A49: CHAÑARAL | C49: 5 | D49: 2246 | E49: 3 | F49: 497 | G49: 44 | H49: 2795
A50: COPIAPO | C50: 67 | D50: 20329 | E50: 7 | F50: 4285 | G50: 511 | H50: 25199
A51: DIEGO DE ALMAGRO | C51: 6 | D51: 1399 | E51: 1 | F51: 380 | G51: 25 | H51: 1811
A52: FREIRINA | C52: 4 | D52: 1169 | E52: 0 | F52: 197 | G52: 13 | H52: 1383
A53: HUASCO | C53: 2 | D53: 1687 | E53: 1 | F53: 361 | G53: 43 | H53: 2094
A54: TIERRA AMARILLA | C54: 4 | D54: 1565 | E54: 1 | F54: 299 | G54: 40 | H54: 1909
A55: VALLENAR | C55: 34 | D55: 9905 | E55: 3 | F55: 1871 | G55: 198 | H55: 12011
A57: Total | C57: 132 | D57: 41786 | E57: 17 | F57: 8548 | G57: 997 | H57: 51480
A63: -> region_codigo | B63: = | C63: 4
C65: estado_solicitud
A66: comuna | B66: A | C66: C | D66: D | E66: R | F66: T | G66: Total
A68: ANDACOLLO | B68: 13 | C68: 2131 | D68: 1 | E68: 347 | F68: 52 | G68: 2544
A69: CANELA | B69: 2 | C69: 1814 | D69: 0 | E69: 241 | F69: 31 | G69: 2088
A70: COMBARBALA | B70: 3 | C70: 3132 | D70: 4 | E70: 459 | F70: 47 | G70: 3645
A71: COQUIMBO | B71: 86 | C71: 35562 | D71: 30 | E71: 7197 | F71: 906 | G71: 43781
A72: ILLAPEL | B72: 15 | C72: 6324 | D72: 3 | E72: 1147 | F72: 126 | G72: 7615
A73: LA HIGUERA | B73: 3 | C73: 731 | D73: 1 | E73: 102 | F73: 20 | G73: 857
A74: LA SERENA | B74: 89 | C74: 32734 | D74: 44 | E74: 7692 | F74: 869 | G74: 41428
A75: LOS VILOS | B75: 3 | C75: 3849 | D75: 3 | E75: 606 | F75: 88 | G75: 4549
A76: MONTE PATRIA | B76: 11 | C76: 5111 | D76: 5 | E76: 715 | F76: 107 | G76: 5949
A77: OVALLE | B77: 39 | C77: 19496 | D77: 8 | E77: 3011 | F77: 420 | G77: 22974
A78: PAIHUANO | B78: 2 | C78: 837 | D78: 1 | E78: 126 | F78: 24 | G78: 990
A79: PUNITAQUI | B79: 7 | C79: 2024 | D79: 1 | E79: 473 | F79: 56 | G79: 2561
A80: RIO HURTADO | C80: 927 | D80: 0 | E80: 84 | F80: 10 | G80: 1021
A81: SALAMANCA | B81: 10 | C81: 5212 | D81: 7 | E81: 858 | F81: 98 | G81: 6185
A82: VICUÑA | B82: 16 | C82: 4735 | D82: 13 | E82: 764 | F82: 120 | G82: 5648
A83: Total | B83: 299 | C83: 124619 | D83: 121 | E83: 23822 | F83: 2974 | G83: 151835
A91: -> region_codigo | B91: = | C91: 5
C93: estado_solicitud
A94: comuna | C94: A | D94: C | E94: D | F94: R | G94: T | H94: Total
A96: ALGARROBO | C96: 8 | D96: 2930 | E96: 1 | F96: 718 | G96: 100 | H96: 3757
A97: CABILDO | C97: 13 | D97: 3901 | E97: 1 | F97: 979 | G97: 85 | H97: 4979
A98: CALLE LARGA | C98: 5 | D98: 2004 | E98: 2 | F98: 378 | G98: 42 | H98: 2431
A99: CARTAGENA | C99: 13 | D99: 5034 | E99: 1 | F99: 862 | G99: 124 | H99: 6034
A100: CASABLANCA | C100: 13 | D100: 4521 | E100: 5 | F100: 897 | G100: 92 | H100: 5528
A101: CATEMU | C101: 3 | D101: 2676 | E101: 1 | F101: 468 | G101: 49 | H101: 3197
A102: CONCON | C102: 17 | D102: 5887 | E102: 2 | F102: 1489 | G102: 172 | H102: 7567
A103: EL QUISCO | C103: 6 | D103: 3878 | E103: 1 | F103: 920 | G103: 99 | H103: 4904
A104: EL TABO | C104: 4 | D104: 3390 | E104: 4 | F104: 696 | G104: 92 | H104: 4186
A105: HIJUELAS | C105: 6 | D105: 3345 | E105: 2 | F105: 650 | G105: 70 | H105: 4073
A106: ISLA DE PASCUA | C106: 4 | D106: 668 | E106: 0 | F106: 107 | G106: 21 | H106: 800
A107: JUAN FERNANDEZ | C107: 0 | D107: 141 | E107: 0 | F107: 18 | G107: 1 | H107: 160
... A133: ZAPALLAR | C133: 7 | D133: 1284 | E133: 0 | F133: 248 | G133: 27 | H133: 1566
A135: Total | C135: =SUM(C96:C134) -> 906 | D135: =SUM(D96:D134) -> 328125 | E135: =SUM(E96:E134) -> 237 | F135: =SUM(F96:F134) -> 66406 | G135: =SUM(G96:G134) -> 7403 | H135: =SUM(H96:H134) -> 403077
A141: -> region_codigo | B141: = | C141: 6
C143: estado_solicitud
A144: comuna | C144: A | D144: C | E144: D | F144: R | G144: T | H144: Total
A146: CHEPICA | C146: 10 | D146: 3236 | E146: 2 | F146: 704 | G146: 83 | H146: 4035
A147: CHIMBARONGO | C147: 18 | D147: 6369 | E147: 2 | F147: 1452 | G147: 146 | H147: 7987
A148: CODEGUA | C148: 5 | D148: 2111 | E148: 0 | F148: 379 | G148: 50 | H148: 2545
A149: COINCO | C149: 6 | D149: 1465 | E149: 0 | F149: 276 | G149: 26 | H149: 1773
A150: COLTAUCO | C150: 2 | D150: 3576 | E150: 1 | F150: 601 | G150: 69 | H150: 4249
A151: DOÑIHUE | C151: 7 | D151: 3428 | E151: 3 | F151: 661 | G151: 66 | H151: 4165
A152: GRANEROS | C152: 11 | D152: 4835 | E152: 1 | F152: 871 | G152: 88 | H152: 5806
A153: LA ESTRELLA | C153: 1 | D153: 771 | E153: 0 | F153: 142 | G153: 13 | H153: 927
A154: LAS CABRAS | C154: 8 | D154: 4613 | E154: 1 | F154: 817 | G154: 117 | H154: 5556
A155: LITUECHE | C155: 4 | D155: 1243 | E155: 0 | F155: 258 | G155: 33 | H155: 1538
A156: LOLOL | C156: 5 | D156: 1604 | E156: 0 | F156: 297 | G156: 41 | H156: 1947
A157: MACHALI | C157: 12 | D157: 5219 | E157: 2 | F157: 1268 | G157: 141 | H157: 6642
... A178: SANTA CRUZ | C178: 11 | D178: 7565 | E178: 5 | F178: 1496 | G178: 160 | H178: 9237
A180: Total | C180: =SUM(C146:C179) -> 404 | D180: =SUM(D146:D179) -> 157393 | E180: =SUM(E146:E179) -> 81 | F180: =SUM(F146:F179) -> 32570 | G180: =SUM(G146:G179) -> 3569 | H180: =SUM(H146:H179) -> 194017
A185: -> region_codigo | B185: = | C185: 7
C187: estado_solicitud
A188: comuna | B188: A | C188: C | D188: D | E188: R | F188: T | G188: Total
A190: CAUQUENES | B190: 27 | C190: 9982 | D190: 12 | E190: 1856 | F190: 174 | G190: 12051
A191: CHANCO | B191: 5 | C191: 1892 | D191: 0 | E191: 397 | F191: 50 | G191: 2344
A192: COLBUN | B192: 8 | C192: 3773 | D192: 1 | E192: 786 | F192: 83 | G192: 4651
A193: CONSTITUCION | B193: 33 | C193: 8007 | D193: 3 | E193: 1747 | F193: 172 | G193: 9962
A194: CUREPTO | B194: 8 | C194: 2551 | D194: 0 | E194: 610 | F194: 32 | G194: 3201
A195: CURICO | B195: 47 | C195: 25031 | D195: 16 | E195: 3837 | F195: 537 | G195: 29468
A196: EMPEDRADO | B196: 2 | C196: 706 | D196: 0 | E196: 180 | F196: 11 | G196: 899
...

Sheet 1.6
B2: BENEFICIOS SUSPENDIDOS Y EXTINTOS DEL PILAR NO CONTRIBUTIVO
B4: Beneficios suspendidos por año, por tipo de beneficio
B5: ( 2008 a 2023)
B7: Tipo beneficio | C7: Periodo | S7: Total suspensiones por beneficio
C8: 2008 | D8: 2009 | E8: 2010 | F8: 2011 | G8: 2012 | H8: 2013 | I8: 2014 | J8: 2015 | K8: 2016 | L8: 2017 | M8: 2018 | N8: 2019 | O8: 2020 | P8: 2021 | Q8: 2022 | R8: 2023
B9: PBS Vejez1 | C9: 0 | D9: 1481 | E9: 635 | F9: 746 | G9: 719 | H9: 407 | I9: 3429 | J9: 892 | K9: 736 | L9: 854 | M9: 587 | N9: 781 | O9: 2529 | P9: 863 | Q9: 53 | S9: 14712
B10: PBS Invalidez | C10: 0 | D10: 818 | E10: 247 | F10: 349 | G10: 487 | H10: 315 | I10: 557 | J10: 780 | K10: 804 | L10: 726 | M10: 513 | N10: 569 | O10: 1122 | P10: 2205 | Q10: 1260 | R10: 1491 | S10: 12243
B11: PGU No Contributiva1 | Q11: 1251 | R11: 825 | S11: 2076
B12: PGU Contributiva1 | Q12: 619 | R12: 2753 | S12: 3372
B13: APS Vejez1 | C13: 0 | D13: 264 | E13: 12 | F13: 0 | G13: 518 | H13: 171 | I13: 780 | J13: 761 | K13: 9696 | L13: 12811 | M13: 15457 | N13: 16560 | O13: 18510 | P13: 1687 | Q13: 580 | R13: 161 | S13: 77968
B14: APS Invalidez | C14: 0 | D14: 68 | E14: 5 | F14: 0 | G14: 56 | H14: 13 | I14: 81 | J14: 140 | K14: 735 | L14: 831 | M14: 1252 | N14: 1641 | O14: 1261 | P14: 276 | Q14: 431 | R14: 151 | S14: 6941
B15: Total | C15: 0 | D15: 2631 | E15: 899 | F15: 1095 | G15: 1780 | H15: 906 | I15: 4847 | J15: 2573 | K15: 11971 | L15: 15222 | M15: 17809 | N15: 19551 | O15: 23422 | P15: 5031 | Q15: 4194 | R15: 5381 | S15: 117312
B16: Fuente: Elaboración propia con datos del Instituto de Previsión Social
B17: 1 La Pensión Garantizada Universal (PGU) es un nuevo beneficio generado a partir de la ley 21.419 del 29-01-2022. El concepto de PGU No Contributiva o Contributiva está relacionado con la calidad de la persona que está recibiendo el beneficio, si es No Contributiva quiere decir que no estaba afiliado a un sistema previsional (D.L. 3.500 o antiguo Sistema de Reparto) ni recibe pensión de sobrevivencia, si es Contributiva quiere decir que sí estaba afiliado a un sistema previsional o que recibe una pensión de sobrevivencia. De manera automática, en febrero 2022, los PBS de Vejez pasaron a ser PGU No Contributiva y los APS Vejez Subsidio Definido, los Beneficio artículo 9° bis y los APS Vejez con una Pensión Final Garantizada inferior o igual al monto de la PGU pasaron a ser PGU Contributiva. En los casos en que el APS Vejez con una Pensión Final Garantizada tuviera un monto superior a la PGU, se mantuvo el pago del beneficio.
B19: Beneficios extinguidos por año, por tipo de beneficio
B20: (2008 a 2023)
B22: Tipo beneficio | C22: Periodo | S22: Total extinciones por beneficio
C23: 2008 | D23: 2009 | E23: 2010 | F23: 2011 | G23: 2012 | H23: 2013 | I23: 2014 | J23: 2015 | K23: 2016 | L23: 2017 | M23: 2018 | N23: 2019 | O23: 2020 | P23: 2021 | Q23: 2022 | R23: 2023
B24: PBS Vejez1 | C24: 6127 | D24: 17524 | E24: 34791 | F24: 26236 | G24: 23012 | H24: 22314 | I24: 20472 | J24: 17589 | K24: 18952 | L24: 18945 | M24: 19764 | N24: 17332 | O24: 16993 | P24: 20883 | Q24: 3828 | S24: 284762
B25: PBS Invalidez | C25: 3730 | D25: 11361 | E25: 11302 | F25: 10418 | G25: 11740 | H25: 12280 | I25: 10259 | J25: 9664 | K25: 9782 | L25: 11498 | M25: 10439 | N25: 10546 | O25: 11291 | P25: 13221 | Q25: 10252 | R25: 18659 | S25: 176442
B26: PGU No Contributiva1 | Q26: 29767 | R26: 19988 | S26: 49755
B27: PGU Contributiva1 | Q27: 41180 | R27: 57884 | S27: 99064
B28: APS Vejez1 | C28: 3949 | D28: 17566 | E28: 26970 | F28: 29676 | G28: 25599 | H28: 36028 | I28: 34628 | J28: 30387 | K28: 29535 | L28: 35201 | M28: 41694 | N28: 37187 | O28: 45606 | P28: 52794 | Q28: 22477 | R28: 5127 | S28: 474424
B29: APS Invalidez | C29: 11 | D29: 332 | E29: 1240 | F29: 942 | G29: 1529 | H29: 2494 | I29: 3205 | J29: 3262 | K29: 3397 | L29: 4160 | M29: 4987 | N29: 4101 | O29: 5697 | P29: 4803 | Q29: 6508 | R29: 8893 | S29: 55561
B30: Total | C30: 13817 | D30: 46783 | E30: 74303 | F30: 67272 | G30: 61880 | H30: 73116 | I30: 68564 | J30: 60902 | K30: 61666 | L30: 69804 | M30: 76884 | N30: 69166 | O30: 79587 | P30: 91701 | Q30: 114012 | R30: 110551 | S30: 1140008
B31: Fuente: Elaboración propia con datos del Instituto de Previsión Social
B32: 1 La Pensión Garantizada Universal (PGU) es un nuevo beneficio generado a partir de la ley 21.419 del 29-01-2022. El concepto de PGU No Contributiva o Contributiva está relacionado con la calidad de la persona que está recibiendo el beneficio, si es No Contributiva quiere decir que no estaba afiliado a un sistema previsional (D.L. 3.500 o antiguo Sistema de Reparto) ni recibe pensión de sobrevivencia, si es Contributiva quiere decir que sí estaba afiliado a un sistema previsional o que recibe una pensión de sobrevivencia. De manera automática, en febrero 2022, los PBS de Vejez pasaron a ser PGU No Contributiva y los APS Vejez Subsidio Definido, los Beneficio artículo 9° bis y los APS Vejez con una Pensión Final Garantizada inferior o igual al monto de la PGU pasaron a ser PGU Contributiva. En los casos en que el APS Vejez con una Pensión Final Garantizada tuviera un monto superior a la PGU, se mantuvo el pago del beneficio.

Sheet II. Estado de Solicitudes
B1: Subsecretaría de Previsión Social Dirección de Estudios Previsionales
B9: II. Estado de solicitudes
B10: Trimestre OND 2023
B12: 1. Solicitudes del Pilar No Contributivo a nivel nacional
B13: i. Resumen trimestral de número y estado de solicitudes, según tipo de beneficio y sexo
B14: ii. Resumen anual de número y estado de solicitudes, según tipo de beneficio y sexo
B15: iii. Serie resumen de solicitudes de beneficios, por tipo de beneficio y sexo
B17: 2. Solicitudes del Pilar No Contributivo a nivel regional y comunal
B18: i. Resumen trimestral de solicitudes por región, según tipo de beneficio y sexo
B19: ii. Resumen anual de solicitudes por región, según tipo de beneficio y sexo
B20: iii. Número de solicitudes trimestrales por comuna, según tipo de beneficio y sexo
B21: Región de Arica y Parinacota
... B72: ii. Serie resumen de tasas de concesión de solicitudes por tipo de beneficio y sexo

Sheet 2.1
B2: SOLICITUDES DEL PILAR NO CONTRIBUTIVO A NIVEL NACIONAL
B4: Resumen trimestral de número y estado de solicitudes, según tipo de beneficio y sexo
B5: (octubre 2023 a diciembre 2023)
B7: Tipo de beneficio | C7: Sexo Beneficiarios | D7: Estado de las solicitudes1
D8: Anuladas | F8: Concedidas | H8: Desistidas | J8: Rechazadas | L8: En Trámite | N8: Total Solicitudes
D9: N° | E9: % | F9: N° | G9: % | H9: N° | I9: % | J9: N° | K9: % | L9: N° | M9: % | N9: N° | O9: %
B10: PGU No Contributiva2 | C10: Mujeres | D10: 2 | E10: 0.00096200096 | F10: 453 | G10: 0.21789322 | H10: 14 | I10: 0.0067340067 | J10: 486 | K10: 0.23376623 | L10: 1124 | M10: 0.54064454 | N10: 2079 | O10: 1
C11: Hombres | D11: 1 | E11: 0.00037965072 | F11: 44 | G11: 0.016704632 | I11: 0 | J11: 231 | K11: 0.087699317 | L11: 2358 | M11: 0.8952164 | N11: 2634 | O11: 1
C12: Ambos | D12: 3 | E12: 0.00063653724 | F12: 497 | G12: 0.105453 | H12: 14 | I12: 0.0029705071 | J12: 717 | K12: 0.1521324 | L12: 3482 | M12: 0.73880755 | N12: 4713 | O12: 1
B13: PGU Contributiva2 | C13: Mujeres | D13: 16 | E13: 0.00057616133 | F13: 20905 | G13: 0.75279078 | H13: 12 | I13: 0.00043212099 | J13: 1364 | K13: 0.049117753 | L13: 5473 | M13: 0.19708318 | N13: 27770 | O13: 1
C14: Hombres | D14: 12 | E14: 0.0004810969 | F14: 17703 | G14: 0.7097382 | I14: 0 | J14: 2129 | K14: 0.085354609 | L14: 5099 | M14: 0.20442609 | N14: 24943 | O14: 1
C15: Ambos | D15: 28 | E15: 0.00053117827 | F15: 38608 | G15: 0.73241895 | H15: 12 | I15: 0.00022764783 | J15: 3493 | K15: 0.066264489 | L15: 10572 | M15: 0.20055774 | N15: 52713 | O15: 1
B16: PBS Invalidez | C16: Mujeres | D16: 7 | E16: 0.0013469309 | F16: 286 | G16: 0.055031749 | H16: 7 | I16: 0.0013469309 | J16: 40 | K16: 0.0076967481 | L16: 4857 | M16: 0.93457764 | N16: 5197 | O16: 1
C17: Hombres | D17: 8 | E17: 0.0035226772 | F17: 204 | G17: 0.089828269 | I17: 0 | J17: 15 | K17: 0.0066050198 | L17: 2044 | M17: 0.90004403 | N17: 2271 | O17: 1
C18: Ambos | D18: 15 | E18: 0.0020085699 | F18: 490 | G18: 0.065613283 | H18: 7 | I18: 0.00093733262 | J18: 55 | K18: 0.0073647563 | L18: 6901 | M18: 0.92407606 | N18: 7468 | O18: 1
B19: APS Invalidez | C19: Mujeres | D19: 3 | E19: 0.0021352313 | F19: 596 | G19: 0.42419929 | H19: 1 | I19: 0.00071174377 | J19: 46 | K19: 0.032740214 | L19: 759 | M19: 0.54021352 | N19: 1405 | O19: 1
C20: Hombres | D20: 5 | E20: 0.002394636 | F20: 1021 | G20: 0.48898467 | H20: 1 | I20: 0.0004789272 | J20: 78 | K20: 0.037356322 | L20: 983 | M20: 0.47078544 | N20: 2088 | O20: 1
C21: Ambos | D21: 8 | E21: 0.0022902949 | F21: 1617 | G21: 0.46292585 | H21: 2 | I21: 0.00057257372 | J21: 124 | K21: 0.035499571 | L21: 1742 | M21: 0.49871171 | N21: 3493 | O21: 1
B22: Todos los beneficios | C22: Mujeres | D22: 28 | E22: 0.00076815451 | F22: 22240 | G22: 0.61013415 | H22: 34 | I22: 0.00093275905 | J22: 1936 | K22: 0.053112397 | L22: 12213 | M22: 0.33505254 | N22: 36451 | O22: 1
C23: Hombres | D23: 26 | E23: 0.00081412826 | F23: 18972 | G23: 0.59406313 | H23: 1 | I23: 3.1312625e-05 | J23: 2453 | K23: 0.07680987 | L23: 10484 | M23: 0.32828156 | N23: 31936 | O23: 1
C24: Ambos | D24: 54 | E24: 0.00078962376 | F24: 41212 | G24: 0.60262915 | H24: 35 | I24: 0.00051179318 | J24: 4389 | K24: 0.064178864 | L24: 22697 | M24: 0.33189056 | N24: 68387 | O24: 1
B25: Fuente: Elaboración propia con datos del Instituto de Previsión Social 1 El periodo utilizado para el reporte de las solicitudes considera la fecha de ingreso de la solicitud. El estado final de las solicitudes puede cambiar entre periodos, dado que se incluyen en la estadística solicitudes en trámite. 2 La Pensión Garantizada Universal (PGU) es un nuevo beneficio generado a partir de la ley 21.419 del 29-01-2022. El concepto de PGU No Contributiva o Contributiva está relacionado con la calidad de la persona que está recibiendo el beneficio, si es No Contributiva quiere decir que no estaba afiliado a un sistema previsional (D.L. 3.500 o antiguo Sistema de Reparto) ni recibe pensión de sobrevivencia, si es Contributiva quiere decir que si estaba afiliado a un sistema previsional o que recibe una pensión de sobrevivencia. De manera automática, en febrero 2022, los PBS de Vejez pasaron a ser PGU No Contributiva y los APS Vejez Subsidio Definido, los Beneficio artículo 9° bis y los APS Vejez con una Pensión Final Garantizada inferior o igual al monto de la PGU pasaron a ser PGU Contributiva. A partir de la implementación de la PGU (febrero 2022) dejan de existir nuevas solicitudes de los beneficios PBS de Vejez y APS de Vejez, ya que estos beneficios fueron reemplazados con PGU No Contributiva y PGU Contributiva, respectivamente.
B27: Resumen anual de número y estado de solicitudes, según tipo de beneficio y sexo
B28: (enero 2023 a diciembre 2023)
B30: Tipo de beneficio | C30: Sexo Beneficiarios | D30: Estado de las solicitudes1
D31: Anuladas | F31: Concedidas | H31: Desistidas | J31: Rechazadas | L31: En Trámite | N31: Total Solicitudes
D32: N° | E32: % | F32: N° | G32: % | H32: N° | I32: % | J32: N° | K32: % | L32: N° | M32: % | N32: N° | O32: %
B33: PGU No Contributiva2 | C33: Mujeres | D33: 17 | E33: 0.0014624914 | F33: 8118 | G33: 0.69838266 | H33: 50 | I33: 0.0043014453 | J33: 2295 | K33: 0.19743634 | L33: 1144 | M33: 0.098417068 | N33: 11624 | O33: 1
C34: Hombres | D34: 18 | E34: 0.0027476721 | F34: 2442 | G34: 0.37276752 | H34: 2 | I34: 0.0003052969 | J34: 1725 | K34: 0.26331858 | L34: 2364 | M34: 0.36086094 | N34: 6551 | O34: 1
C35: Ambos | D35: 35 | E35: 0.0019257221 | F35: 10560 | G35: 0.58101788 | H35: 52 | I35: 0.0028610729 | J35: 4020 | K35: 0.22118294 | L35: 3508 | M35: 0.19301238 | N35: 18175 | O35: 1
B36: PGU Contributiva2 | C36: Mujeres | D36: 174 | E36: 0.0013383277 | F36: 111568 | G36: 0.85812957 | H36: 54 | I36: 0.00041534308 | J36: 12598 | K36: 0.096898003 | L36: 5619 | M36: 0.043218755 | N36: 130013 | O36: 1
C37: Hombres | D37: 162 | E37: 0.0013404049 | F37: 99422 | G37: 0.82262802 | H37: 7 | I37: 5.7918732e-05 | J37: 16061 | K37: 0.13289039 | L37: 5207 | M37: 0.043083262 | N37: 120859 | O37: 1
C38: Ambos | D38: 336 | E38: 0.0013393284 | F38: 210990 | G38: 0.8410265 | H38: 61 | I38: 0.00024315189 | J38: 28659 | K38: 0.11423754 | L38: 10826 | M38: 0.043153481 | N38: 250872 | O38: 1
B39: PBS Invalidez | C39: Mujeres | D39: 80 | E39: 0.0035696756 | F39: 5431 | G39: 0.24233635 | H39: 89 | I39: 0.0039712641 | J39: 4515 | K39: 0.20146357 | L39: 12296 | M39: 0.54865914 | N39: 22411 | O39: 1
C40: Hombres | D40: 36 | E40: 0.0037472676 | F40: 3673 | G40: 0.38232539 | H40: 19 | I40: 0.0019777246 | J40: 1135 | K40: 0.11814302 | L40: 4744 | M40: 0.4938066 | N40: 9607 | O40: 1
C41: Ambos | D41: 116 | E41: 0.0036229621 | F41: 9104 | G41: 0.28434006 | H41: 108 | I41: 0.0033731026 | J41: 5650 | K41: 0.17646324 | L41: 17040 | M41: 0.53220064 | N41: 32018 | O41: 1
B42: APS Invalidez | C42: Mujeres | D42: 14 | E42: 0.0023391813 | F42: 4132 | G42: 0.69039265 | H42: 6 | I42: 0.0010025063 | J42: 768 | K42: 0.1283208 | L42: 1065 | M42: 0.17794486 | N42: 5985 | O42: 1
C43: Hombres | D43: 30 | E43: 0.0034032898 | F43: 6891 | G43: 0.78173568 | H43: 3 | I43: 0.00034032898 | J43: 800 | K43: 0.090754396 | L43: 1091 | M43: 0.12376631 | N43: 8815 | O43: 1
C44: Ambos | D44: 44 | E44: 0.002972973 | F44: 11023 | G44: 0.7447973 | H44: 9 | I44: 0.00060810811 | J44: 1568 | K44: 0.10594595 | L44: 2156 | M44: 0.14567568 | N44: 14800 | O44: 1
B45: Todos los beneficios | C45: Mujeres | D45: 285 | E45: 0.0016761452 | F45: 129249 | G45: 0.76014068 | H45: 199 | I45: 0.001170361 | J45: 20176 | K45: 0.11865932 | L45: 20124 | M45: 0.1183535 | N45: 170033 | O45: 1
C46: Hombres | D46: 246 | E46: 0.0016868726 | F46: 112428 | G46: 0.77094191 | H46: 31 | I46: 0.00021257337 | J46: 19721 | K46: 0.13523095 | L46: 13406 | M46: 0.091927698 | N46: 145832 | O46: 1
C47: Ambos | D47: 531 | E47: 0.0016810979 | F47: 241677 | G47: 0.76512751 | H47: 230 | I47: 0.00072815918 | J47: 39897 | K47: 0.12631029 | L47: 33530 | M47: 0.10615295 | N47: 315865 | O47: 1
B48: Fuente: Elaboración propia con datos del Instituto de Previsión Social 1 El periodo utilizado para el reporte de las solicitudes considera la fecha de ingreso de la solicitud. El estado final de las solicitudes puede cambiar entre periodos, dado que se incluyen en la estadística solicitudes en trámite. 2 La Pensión Garantizada Universal (PGU) es un nuevo beneficio generado a partir de la ley 21.419 del 29-01-2022. El concepto de PGU No Contributiva o Contributiva está relacionado con la calidad de la persona que está recibiendo el beneficio, si es No Contributiva quiere decir que no estaba afiliado a un sistema previsional (D.L. 3.500 o antiguo Sistema de Reparto) ni recibe pensión de sobrevivencia, si es Contributiva quiere decir que si estaba afiliado a un sistema previsional o que recibe una pensión de sobrevivencia. De manera automática, en febrero 2022, los PBS de Vejez pasaron a ser PGU No Contributiva y los APS Vejez Subsidio Definido, los Beneficio artículo 9° bis y los APS Vejez con una Pensión Final Garantizada inferior o igual al monto de la PGU pasaron a ser PGU Contributiva. A partir de la implementación de la PGU (febrero 2022) dejan de existir nuevas solicitudes de los beneficios PBS de Vejez y APS de Vejez, ya que estos beneficios fueron reemplazados con PGU No Contributiva y PGU Contributiva, respectivamente.
B50: Serie resumen de solicitudes de beneficios, por tipo de beneficio y sexo
B51: (julio 2008 a diciembre 2023)
B53: Periodo | C53: Tipo de beneficio | U53: Total solicitudes2
C54: PGU No Contributiva1 | F54: PGU Contributiva1 | I54: PBS Vejez1 | L54: PBS Invalidez | O54: APS Vejez1 | R54: APS Invalidez
C55: Mujeres | D55: Hombres | E55: Total | F55: Mujeres | G55: Hombres | H55: Total | I55: Mujeres | J55: Hombres | K55: Total | L55: Mujeres | M55: Hombres | N55: Total | O55: Mujeres | P55: Hombres | Q55: Total | R55: Mujeres | S55: Hombres | T55: Total | U55: Mujeres | V55: Hombres | W55: Total
B56: 39630 | I56: 36832 | J56: 8014 | K56: 44846 | L56: 8683 | M56: 2261 | N56: 10944 | O56: 2722 | P56: 1208 | Q56: 3930 | R56: 1266 | S56: 648 | T56: 1914 | U56: 49503 | V56: 12131 | W56: 61634
B57: 39661 | I57: 9028 | J57: 2788 | K57: 11816 | L57: 6886 | M57: 1963 | N57: 8849 | O57: 1619 | P57: 781 | Q57: 2400 | R57: 970 | S57: 596 | T57: 1566 | U57: 18503 | V57: 6128 | W57: 24631
B58: 39692 | I58: 6970 | J58: 2080 | K58: 9050 | L58: 4167 | M58: 1125 | N58: 5292 | O58: 1159 | P58: 653 | Q58: 1812 | R58: 529 | S58: 307 | T58: 836 | U58: 12825 | V58: 4165 | W58: 16990
B59: 39722 | I59: 6056 | J59: 1773 | K59: 7829 | L59: 4254 | M59: 1177 | N59: 5431 | O59: 1046 | P59: 668 | Q59: 1714 | R59: 337 | S59: 184 | T59: 521 | U59: 11693 | V59: 3802 | W59: 15495
B60: 39753 | I60: 4414 | J60: 1292 | K60: 5706 | L60: 2550 | M60: 824 | N60: 3374 | O60: 844 | P60: 543 | Q60: 1387 | R60: 381 | S60: 207 | T60: 588 | U60: 8189 | V60: 2866 | W60: 11055
B61: 39783 | I61: 4103 | J61: 1230 | K61: 5333 | L61: 2523 | M61: 845 | N61: 3368 | O61: 900 | P61: 653 | Q61: 1553 | R61: 394 | S61: 233 | T61: 627 | U61: 7920 | V61: 2961 | W61: 10881
B62: Promedio 2008 | I62: 11234 | J62: 2863 | K62: 14097 | L62: 4844 | M62: 1366 | N62: 6210 | O62: 1382 | P62: 751 | Q62: 2133 | R62: 646 | S62: 363 | T62: 1009 | U62: 18106 | V62: 5342 | W62: 23448
B63: 39814 | I63: 3293 | J63: 1195 | K63: 4488 | L63: 2290 | M63: 701 | N63: 2991 | O63: 794 | P63: 666 | Q63: 1460 | R63: 418 | S63: 234 | T63: 652 | U63: 6795 | V63: 2796 | W63: 9591
B64: 39845 | I64: 2479 | J64: 877 | K64: 3356 | L64: 1724 | M64: 633 | N64: 2357 | O64: 639 | P64: 529 | Q64: 1168 | R64: 370 | S64: 228 | T64: 598 | U64: 5212 | V64: 2267 | W64: 7479
B65: 39873 | I65: 3204 | J65: 1065 | K65: 4269 | L65: 2455 | M65: 760 | N65: 3215 | O65: 758 | P65: 671 | Q65: 1429 | R65: 448 | S65: 307 | T65: 755 | U65: 6865 | V65: 2803 | W65: 9668
B66: 39904 | I66: 2876 | J66: 943 | K66: 3819 | L66: 2147 | M66: 675 | N66: 2822 | O66: 706 | P66: 597 | Q66: 1303 | R66: 416 | S66: 285 | T66: 701 | U66: 6145 | V66: 2500 | W66: 8645
B67: 39934 | I67: 2667 | J67: 885 | K67: 3552 | L67: 1868 | M67: 602 | N67: 2470 | O67: 582 | P67: 576 | Q67: 1158 | R67: 442 | S67: 302 | T67: 744 | U67: 5559 | V67: 2365 | W67: 7924
B68: 39965 | I68: 1967 | J68: 1031 | K68: 2998 | L68: 2045 | M68: 735 | N68: 2780 | O68: 35936 | P68: 18546 | Q68: 54482 | R68: 410 | S68: 351 | T68: 761 | U68: 40358 | V68: 20663 | W68: 61021
B69: 39995 | I69: 8111 | J69: 1138 | K69: 9249 | L69: 2698 | M69: 734 | N69: 3432 | O69: 19474 | P69: 16617 | Q69: 36091 | R69: 400 | S69: 330 | T69: 730 | U69: 30683 | V69: 18819 | W69: 49502
B70: 40026 | I70: 5425 | J70: 1441 | K70: 6866 | L70: 2833 | M70: 859 | N70: 3692 | O70: 32515 | P70: 22745 | Q70: 55260 | R70: 889 | S70: 575 | T70: 1464 | U70: 41662 | V70: 25620 | W70: 67282
B71: 40057 | I71: 5009 | J71: 1485 | K71: 6494 | L71: 2540 | M71: 873 | N71: 3413 | O71: 42718 | P71: 30864 | Q71: 73582 | R71: 970 | S71: 777 | T71: 1747 | U71: 51237 | V71: 33999 | W71: 85236
B72: 40087 | I72: 4144 | J72: 1395 | K72: 5539 | L72: 2447 | M72: 804 | N72: 3251 | O72: 19572 | P72: 15144 | Q72: 34716 | R72: 673 | S72: 534 | T72: 1207 | U72: 26836 | V72: 17877 | W72: 44713
B73: 40118 | I73: 3427 | J73: 1141 | K73: 4568 | L73: 1993 | M73: 614 | N73: 2607 | O73: 12729 | P73: 8289 | Q73: 21018 | R73: 657 | S73: 465 | T73: 1122 | U73: 18806 | V73: 10509 | W73: 29315
B74: 40148 | I74: 3160 | J74: 961 | K74: 4121 | L74: 1868 | M74: 635 | N74: 2503 | O74: 10450 | P74: 6068 | Q74: 16518 | R74: 679 | S74: 565 | T74: 1244 | U74: 16157 | V74: 8229 | W74: 24386
B75: Promedio 2009 | I75: 3814 | J75: 1130 | K75: 4943 | L75: 2242 | M75: 719 | N75: 2961 | O75: 14739 | P75: 10109 | Q75: 24849 | R75: 564 | S75: 413 | T75: 977 | U75: 21360 | V75: 12371 | W75: 33730
B76: 40179 | I76: 2810 | J76: 907 | K76: 3717 | L76: 1730 | M76: 624 | N76: 2354 | O76: 8375 | P76: 5011 | Q76: 13386 | R76: 600 | S76: 362 | T76: 962 | U76: 13515 | V76: 6904 | W76: 20419
B77: 40210 | I77: 2172 | J77: 811 | K77: 2983 | L77: 1517 | M77: 497 | N77: 2014 | O77: 6196 | P77: 3752 | Q77: 9948 | R77: 559 | S77: 370 | T77: 929 | U77: 10444 | V77: 5430 | W77: 15874
B78: 40238 | I78: 2354 | J78: 857 | K78: 3211 | L78: 1380 | M78: 507 | N78: 1887 | O78: 4953 | P78: 3424 | Q78: 8377 | R78: 645 | S78: 438 | T78: 1083 | U78: 9332 | V78: 5226 | W78: 14558
B79: 40269 | I79: 2385 | J79: 789 | K79: 3174 | L79: 1636 | M79: 594 | N79: 2230 | O79: 5795 | P79: 5114 | Q79: 10909 | R79: 634 | S79: 497 | T79: 1131 | U79: 10450 | V79: 6994 | W79: 17444
B80: 40299 | I80: 2165 | J80: 799 | K80: 2964 | L80: 1601 | M80: 533 | N80: 2134 | O80: 4804 | P80: 4788 | Q80: 9592 | R80: 586 | S80: 427 | T80: 1013 | U80: 9156 | V80: 6547 | W80: 15703
B81: 40330 | I81: 2223 | J81: 842 | K81: 3065 | L81: 1637 | M81: 536 | N81: 2173 | O81: 9030 | P81: 7038 | Q81: 16068 | R81: 547 | S81: 392 | T81: 939 | U81: 13437 | V81: 8808 | W81: 22245
B82: 40360 | I82: 2977 | J82: 946 | K82: 3923 | L82: 1649 | M82: 540 | N82: 2189 | O82: 15794 | P82: 12661 | Q82: 28455 | R82: 626 | S82: 441 | T82: 1067 | U82: 21046 | V82: 14588 | W82: 35634
B83: 40391 | I83: 3187 | J83: 1037 | K83: 4224 | L83: 1848 | M83: 635 | N83: 2483 | O83: 14051 | P83: 10734 | Q83: 24785 | R83: 613 | S83: 451 | T83: 1064 | U83: 19699 | V83: 12857 | W83: 32556
B84: 40422 | I84: 2772 | J84: 851 | K84: 3623 | L84: 1450 | M84: 487 | N84: 1937 | O84: 8638 | P84: 6017 | Q84: 14655 | R84: 520 | S84: 376 | T84: 896 | U84: 13380 | V84: 7731 | W84: 21111
B85: 40452 | I85: 2859 | J85: 872 | K85: 3731 | L85: 1578 | M85: 519 | N85: 2097 | O85: 7950 | P85: 5451 | Q85: 13401 | R85: 610 | S85: 487 | T85: 1097 | U85: 12997 | V85: 7329 | W85: 20326
B86: 40483 | I86: 2590 | J86: 812 | K86: 3402 | L86: 1560 | M86: 501 | N86: 2061 | O86: 6605 | P86: 4262 | Q86: 10867 | R86: 502 | S86: 348 | T86: 850 | U86: 11257 | V86: 5923 | W86: 17180
B87: 40513 | I87: 2048 | J87: 673 | K87: 2721 | L87: 1029 | M87: 379 | N87: 1408 | O87: 4531 | P87: 3103 | Q87: 7634 | R87: 488 | S87: 412 | T87: 900 | U87: 8096 | V87: 4567 | W87: 12663
B88: Promedio 2010 | I88: 2545 | J88: 850 | K88: 3395 | L88: 1551 | M88: 529 | N88: 2081 | O88: 8060 | P88: 5946 | Q88: 14006 | R88: 578 | S88: 417 | T88: 994 | U88: 12734 | V88: 7742 | W88: 20476
B89: 40544 | I89: 2490 | J89: 896 | K89: 3386 | L89: 1397 | M89: 474 | N89: 1871 | O89: 6366 | P89: 4630 | Q89: 10996 | R89: 565 | S89: 429 | T89: 994 | U89: 10818 | V89: 6429 | W89: 17247
B90: 40575 | I90: 2187 | J90: 743 | K90: 2930 | L90: 1166 | M90: 433 | N90: 1599 | O90: 5128 | P90: 3702 | Q90: 8830 | R90: 468 | S90: 361 | T90: 829 | U90: 8949 | V90: 5239 | W90: 14188
B91: 40603 | I91: 2526 | J91: 779 | K91: 3305 | L91: 1632 | M91: 540 | N91: 2172 | O91: 5896 | P91: 3858 | Q91: 9754 | R91: 640 | S91: 445 | T91: 1085 | U91: 10694 | V91: 5622 | W91: 16316
B92: 40634 | I92: 1823 | J92: 635 | K92: 2458 | L92: 1310 | M92: 433 | N92: 1743 | O92: 4398 | P92: 2714 | Q92: 7112 | R92: 400 | S92: 325 | T92: 725 | U92: 7931 | V92: 4107 | W92: 12038
B93: 40664 | I93: 2291 | J93: 752 | K93: 3043 | L93: 1434 | M93: 500 | N93: 1934 | O93: 5470 | P93: 3499 | Q93: 8969 | R93: 491 | S93: 340 | T93: 831 | U93: 9686 | V93: 5091 | W93: 14777
B94: 40695 | I94: 2128 | J94: 705 | K94: 2833 | L94: 1221 | M94: 454 | N94: 1675 | O94: 4859 | P94: 3255 | Q94: 8114 | R94: 449 | S94: 316 | T94: 765 | U94: 8657 | V94: 4730 | W94: 13387
B95: 40725 | I95: 2603 | J95: 756 | K95: 3359 | L95: 1305 | M95: 478 | N95: 1783 | O95: 8280 | P95: 6886 | Q95: 15166 | R95: 558 | S95: 401 | T95: 959 | U95: 12746 | V95: 8521 | W95: 21267
B96: 40756 | I96: 2613 | J96: 782 | K96: 3395 | L96: 1321 | M96: 474 | N96: 1795 | O96: 7512 | P96: 5762 | Q96: 13274 | R96: 556 | S96: 354 | T96: 910 | U96: 12002 | V96: 7372 | W96: 19374
B97: 40787 | I97: 2703 | J97: 862 | K97: 3565 | L97: 1141 | M97: 440 | N97: 1581 | O97: 5716 | P97: 3987 | Q97: 9703 | R97: 418 | S97: 288 | T97: 706 | U97: 9978 | V97: 5577 | W97: 15555
B98: 40817 | I98: 2106 | J98: 675 | K98: 2781 | L98: 1164 | M98: 423 | N98: 1587 | O98: 5685 | P98: 3548 | Q98: 9233 | R98: 493 | S98: 322 | T98: 815 | U98: 9448 | V98: 4968 | W98: 14416
B99: 40848 | I99: 2732 | J99: 879 | K99: 3611 | L99: 1364 | M99: 424 | N99: 1788 | O99: 7880 | P99: 5861 | Q99: 13741 | R99: 567 | S99: 435 | T99: 1002 | U99: 12543 | V99: 7599 | W99: 20142
B100: 40878 | I100: 2088 | J100: 669 | K100: 2757 | L100: 1028 | M100: 382 | N100: 1410 | O100: 6398 | P100: 4787 | Q100: 11185 | R100: 418 | S100: 329 | T100: 747 | U100: 9932 | V100: 6167 | W100: 16099
B101: Promedio 2011 | I101: 2358 | J101: 761 | K101: 3119 | L101: 1290 | M101: 455 | N101: 1745 | O101: 6132 | P101: 4374 | Q101: 10506 | R101: 502 | S101: 362 | T101: 864 | U101: 10282 | V101: 5952 | W101: 16234
B102: 40909 | I102: 2283 | J102: 761 | K102: 3044 | L102: 1110 | M102: 415 | N102: 1525 | O102: 6735 | P102: 4846 | Q102: 11581 | R102: 466 | S102: 324 | T102: 790 | U102: 10594 | V102: 6346 | W102: 16940
B103: 40940 | I103: 1868 | J103: 622 | K103: 2490 | L103: 955 | M103: 373 | N103: 1328 | O103: 5593 | P103: 3634 | Q103: 9227 | R103: 451 | S103: 334 | T103: 785 | U103: 8867 | V103: 4963 | W103: 13830
B104: 40969 | I104: 2136 | J104: 679 | K104: 2815 | L104: 1190 | M104: 405 | N104: 1595 | O104: 5916 | P104: 3962 | Q104: 9878 | R104: 451 | S104: 341 | T104: 792 | U104: 9693 | V104: 5387 | W104: 15080
B105: 41000 | I105: 1753 | J105: 620 | K105: 2373 | L105: 1136 | M105: 406 | N105: 1542 | O105: 4830 | P105: 3291 | Q105: 8121 | R105: 374 | S105: 284 | T105: 658 | U105: 8093 | V105: 4601 | W105: 12694
B106: 41030 | I106: 2164 | J106: 693 | K106: 2857 | L106: 1386 | M106: 541 | N106: 1927 | O106: 5552 | P106: 3913 | Q106: 9465 | R106: 377 | S106: 292 | T106: 669 | U106: 9479 | V106: 5439 | W106: 14918
B107: 41061 | I107: 1957 | J107: 663 | K107: 2620 | L107: 1251 | M107: 527 | N107: 1778 | O107: 4998 | P107: 3812 | Q107: 8810 | R107: 336 | S107: 257 | T107: 593 | U107: 8542 | V107: 5259 | W107: 13801
...

Sheet Solicitudes_compl
B2: TOTAL SOLICITUDES
B3: informacion interna
B4: Número de solicitudes* mensuales de beneficios de vejez e invalidez del SPS y PGU**
B5: (julio 2008 a diciembre 2022)
B7: PERIODO | C7: TOTAL SOLICITUDES (PBS, APS y PGU)
C8: PBSV | D8: PBSI | E8: APSV*** | F8: APSI | G8: PGU | H8: Total | K8: quitar tabla por instituciones
B9: Total 2008 | C9: 83903 | D9: 36885 | E9: 12630 | F9: 5944 | H9: =SUM(C9:F9) -> 139362 | K9: Número de solicitudes de beneficios SPS y PGU según institución donde se realizó el trámite de solicitud | AD9: Número de solicitudes de beneficios SPS y PGU según institución donde se realizó el trámite de solicitud
B10: Total 2009 | C10: 59154 | D10: 35458 | E10: 298121 | F10: 11707 | H10: =SUM(C10:F10) -> 404440 | K10: (julio 2008 a diciembre 2022) | AD10: (octubre 2022 a diciembre 2022)
B11: Total 2010 | C11: 40733 | D11: 24967 | E11: 168046 | F11: 11929 | H11: =SUM(C11:F11) -> 245675
B12: Total 2011 | C12: 37414 | D12: 20938 | E12: 126071 | F12: 10368 | H12: =SUM(C12:F12) -> 194791 | K12: Institución | L12: 2008 | M12: 2009 | N12: 2010 | O12: 2011 | P12: 2012 | Q12: 2013 | R12: 2014 | S12: 2015 | T12: 2016 | U12: 2017 | V12: 2018 | W12: 2019 | X12: 2020 | Y12: 2021 | Z12: 2022 | AA12: Total | AD12: Institución | AE12: 44835 | AF12: 44866 | AG12: 44896 | AH12: Total Trimestre 4 2022
B13: Total 2012 | C13: 34111 | D13: 19594 | E13: 130339 | F13: 8226 | H13: =SUM(C13:F13) -> 192270 | K13: IPS | L13: 95470 | M13: 299851 | N13: 148063 | O13: 114399 | P13: 126850 | Q13: 83745 | R13: 94143 | S13: 84139 | T13: 84299 | U13: 94990 | V13: 106236 | W13: 95189 | X13: 107160 | Y13: 117979 | Z13: 250187 | AA13: =SUM(L13:Z13) -> 1902700 | AD13: IPS | AE13: 19719 | AF13: 22796 | AG13: 17770 | AH13: =SUM(AE13:AG13) -> 60285
B14: Total 2013 | C14: 32718 | D14: 17032 | E14: 76989 | F14: 7295 | H14: =SUM(C14:F14) -> 134034 | K14: AFP | L14: 1029 | M14: 30362 | N14: 32918 | O14: 25990 | P14: 24058 | Q14: 22686 | R14: 27044 | S14: 29604 | T14: 29016 | U14: 34397 | V14: 43517 | W14: 43221 | X14: 56267 | Y14: 73775 | Z14: 99369 | AA14: =SUM(L14:Z14) -> 573253 | AD14: AFP | AE14: 6527 | AF14: 6510 | AG14: 5625 | AH14: =SUM(AE14:AG14) -> 18662
B15: Total 2014 | C15: 39392 | D15: 17573 | E15: 88545 | F15: 6054 | H15: =SUM(C15:F15) -> 151564 | K15: Cía. De Seguros | L15: 0 | M15: 0 | N15: 5301 | O15: 11377 | P15: 9223 | Q15: 6357 | R15: 6542 | S15: 5381 | T15: 4531 | U15: 4540 | V15: 4894 | W15: 4177 | X15: 8095 | Y15: 7164 | Z15: 9558 | AA15: =SUM(L15:Z15) -> 87140 | AD15: Cía. De Seguros | AE15: 623 | AF15: 681 | AG15: 385 | AH15: =SUM(AE15:AG15) -> 1689
B16: Total 2015 | C16: 31042 | D16: 18557 | E16: 88878 | F16: 2501 | H16: =SUM(C16:F16) -> 140978 | K16: Municipalidades | L16: 42858 | M16: 74227 | N16: 59393 | O16: 43025 | P16: 32139 | Q16: 21246 | R16: 23835 | S16: 21854 | T16: 20904 | U16: 22824 | V16: 22939 | W16: 21341 | X16: 19280 | Y16: 24333 | Z16: 31316 | AA16: =SUM(L16:Z16) -> 481514 | AD16: Municipalidades | AE16: 2426 | AF16: 2788 | AG16: 2390 | AH16: =SUM(AE16:AG16) -> 7604
B17: Enero | C17: 2173 | D17: 1500 | E17: 6222 | F17: 224 | H17: =SUM(C17:F17) -> 10119 | K17: Registro Civil | L17: 5 | M17: 0 | N17: 0 | O17: 0 | P17: 0 | Q17: 0 | R17: 0 | S17: 0 | T17: 0 | U17: 0 | V17: 0 | W17: 0 | X17: 0 | Y17: 0 | Z17: 0 | AA17: =SUM(L17:Z17) -> 5 | AD17: Registro Civil | AE17: 20297 | AF17: 15246 | AG17: 12744 | AH17: =SUM(AE17:AG17) -> 48287
B18: Febrero | C18: 2224 | D18: 1403 | E18: 6802 | F18: 216 | H18: =SUM(C18:F18) -> 10645 | K18: Canal Web | L18: 0 | M18: 0 | N18: 0 | O18: 0 | P18: 0 | Q18: 0 | R18: 0 | S18: 0 | T18: 38 | U18: 315 | V18: 815 | W18: 1384 | X18: 29007 | Y18: 56959 | Z18: 263157 | AA18: 351675 | AD18: Canal Web
B19: Marzo | C19: 2350 | D19: 1601 | E19: 6925 | F19: 207 | H19: =SUM(C19:F19) -> 11083 | K19: Total | L19: =SUM(L13:L18) -> 139362 | M19: =SUM(M13:M18) -> 404440 | N19: =SUM(N13:N18) -> 245675 | O19: =SUM(O13:O18) -> 194791 | P19: =SUM(P13:P18) -> 192270 | Q19: =SUM(Q13:Q18) -> 134034 | R19: =SUM(R13:R18) -> 151564 | S19: =SUM(S13:S18) -> 140978 | ... AA19: =SUM(AA13:AA18) -> 3396287 | AD19: Total | AE19: =SUM(AE13:AE18) -> 49592 | AF19: =SUM(AF13:AF18) -> 48021 | AG19: =SUM(AG13:AG18) -> 38914 | AH19: =SUM(AH13:AH18) -> 136527
B20: Abril | C20: 3284 | D20: 1531 | E20: 7503 | F20: 205 | H20: =SUM(C20:F20) -> 12523 | K20: Fuente: Elaboración propia a partir de Bases de Datos del IPS. Información actualizada a Diciembre 2022.
B21: Mayo | C21: 2764 | D21: 1579 | E21: 9264 | F21: 224 | H21: =SUM(C21:F21) -> 13831
B22: Junio | C22: 2478 | D22: 1445 | E22: 6920 | F22: 174 | H22: =SUM(C22:F22) -> 11017
B23: Julio | C23: 2663 | D23: 1514 | E23: 6996 | F23: 198 | H23: =SUM(C23:F23) -> 11371 | K23: Número de solicitudes del beneficio PGU mensual según institución donde se realizó el trámite de solicitud
B24: Agosto | C24: 2949 | D24: 1850 | E24: 8983 | F24: 245 | H24: =SUM(C24:F24) -> 14027 | K24: (febrero 2022 a diciembre 2022)
B25: Septiembre | C25: 2715 | D25: 1614 | E25: 7860 | F25: 213 | H25: =SUM(C25:F25) -> 12402
B26: Octubre | C26: 2274 | D26: 1331 | E26: 6676 | F26: 215 | H26: =SUM(C26:F26) -> 10496 | K26: Institución | L26: Febrero | M26: Marzo | N26: Abril | O26: Mayo | P26: Junio | Q26: Julio | R26: Agosto | S26: Septiembre | T26: Octubre | U26: Noviembre | V26: Diciembre | W26: Total
B27: Noviembre | C27: 2376 | D27: 1259 | E27: 6679 | F27: 208 | H27: =SUM(C27:F27) -> 10522 | K27: IPS | L27: 33391 | M27: 24468 | N27: 15614 | O27: 15183 | P27: 15569 | Q27: 16839 | R27: 22369 | S27: 14247 | T27: 17724 | U27: 20504 | V27: 15932 | W27: =SUM(L27:V27) -> 211840
B28: Diciembre | C28: 2435 | D28: 1467 | E28: 6602 | F28: 248 | H28: =SUM(C28:F28) -> 10752 | K28: AFP | L28: 9704 | M28: 9520 | N28: 7533 | O28: 7931 | P28: 7526 | Q28: 7879 | R28: 9071 | S28: 6033 | T28: 5791 | U28: 5751 | V28: 4886 | W28: =SUM(L28:V28) -> 81625
B29: Total 2016 | C29: =SUM(C17:C28) -> 30685 | D29: =SUM(D17:D28) -> 18094 | E29: =SUM(E17:E28) -> 87432 | F29: =SUM(F17:F28) -> 2577 | H29: =SUM(H17:H28) -> 138788 | K29: Cía. De Seguros | L29: 1778 | M29: 1136 | N29: 679 | O29: 581 | P29: 704 | Q29: 735 | R29: 884 | S29: 415 | T29: 611 | U29: 650 | V29: 361 | W29: =SUM(L29:V29) -> 8534
B30: Enero | C30: 3122 | D30: 1508 | E30: 7979 | F30: 269 | H30: =SUM(C30:F30) -> 12878 | K30: Municipalidades | L30: 2114 | M30: 2094 | N30: 1761 | O30: 1772 | P30: 1614 | Q30: 1702 | R30: 2309 | S30: 1677 | T30: 1807 | U30: 2062 | V30: 1847 | W30: =SUM(L30:V30) -> 20759
B31: Febrero | C31: 2377 | D31: 1375 | E31: 7282 | F31: 213 | H31: =SUM(C31:F31) -> 11247 | K31: Canal Web | L31: 102199 | M31: 20649 | N31: 11093 | O31: 9844 | P31: 10561 | Q31: 12378 | R31: 23019 | S31: 11941 | T31: 19669 | U31: 14585 | V31: 12199 | W31: =SUM(L31:V31) -> 248137
B32: Marzo | C32: 2340 | D32: 1762 | E32: 8966 | F32: 224 | H32: =SUM(C32:F32) -> 13292 | K32: Total | L32: =SUM(L27:L31) -> 149186 | M32: =SUM(M27:M31) -> 57867 | N32: =SUM(N27:N31) -> 36680 | O32: =SUM(O27:O31) -> 35311 | P32: =SUM(P27:P31) -> 35974 | Q32: =SUM(Q27:Q31) -> 39533 | R32: =SUM(R27:R31) -> 57652 | S32: =SUM(S27:S31) -> 34313 | ... W32: =SUM(W27:W31) -> 570895
B33: Abril | C33: 2319 | D33: 1421 | E33: 7022 | F33: 212 | H33: =SUM(C33:F33) -> 10974 | K33: Fuente: Elaboración propia a partir de Bases de Datos del IPS. Información actualizada a Diciembre 2022.
B34: Mayo | C34: 2725 | D34: 1582 | E34: 9937 | F34: 270 | H34: =SUM(C34:F34) -> 14514
B35: Junio | C35: 2467 | D35: 1474 | E35: 7973 | F35: 218 | H35: =SUM(C35:F35) -> 12132
B36: Julio | C36: 2809 | D36: 1626 | E36: 9532 | F36: 294 | H36: =SUM(C36:F36) -> 14261 | K36: Número de solicitudes* anual de beneficios de vejez e invalidez del SPS y PGU**
B37: Agosto | C37: 2996 | D37: 1673 | E37: 9947 | F37: 305 | H37: =SUM(C37:F37) -> 14921 | K37: (febrero 2022 a diciembre 2022)
B38: Septiembre | C38: 2682 | D38: 1371 | E38: 8257 | F38: 259 | H38: =SUM(C38:F38) -> 12569
B39: Octubre | C39: 3034 | D39: 1585 | E39: 9685 | F39: 312 | H39: =SUM(C39:F39) -> 14616 | K39: Año | L39: PBSV | M39: PBSI | N39: APSV | O39: APSI | P39: PGU | Q39: Total
B40: Noviembre | C40: 2756 | D40: 1664 | E40: 9055 | F40: 316 | H40: =SUM(C40:F40) -> 13791 | K40: 2008 | L40: =Solicitudes_compl!C9 -> 83903 | M40: =Solicitudes_compl!D9 -> 36885 | N40: =Solicitudes_compl!E9 -> 12630 | O40: =Solicitudes_compl!F9 -> 5944 | P40: 0 | Q40: =SUM(L40:P40) -> 139362
B41: Diciembre | C41: 2401 | D41: 1294 | E41: 7901 | F41: 275 | H41: =SUM(C41:F41) -> 11871 | K41: 2009 | L41: =Solicitudes_compl!C10 -> 59154 | M41: =Solicitudes_compl!D10 -> 35458 | N41: =Solicitudes_compl!E10 -> 298121 | O41: =Solicitudes_compl!F10 -> 11707 | P41: 0 | Q41: =SUM(L41:P41) -> 404440
B42: Total 2017 | C42: =SUM(C30:C41) -> 32028 | D42: =SUM(D30:D41) -> 18335 | E42: =SUM(E30:E41) -> 103536 | F42: =SUM(F30:F41) -> 3167 | H42: =SUM(H30:H41) -> 157066 | K42: 2010 | L42: =Solicitudes_compl!C11 -> 40733 | M42: =Solicitudes_compl!D11 -> 24967 | N42: =Solicitudes_compl!E11 -> 168046 | O42: =Solicitudes_compl!F11 -> 11929 | P42: 0 | Q42: =SUM(L42:P42) -> 245675
B43: Enero | C43: 2721 | D43: 1453 | E43: 11159 | F43: 401 | H43: =SUM(C43:F43) -> 15734 | K43: 2011 | L43: =Solicitudes_compl!C12 -> 37414 | M43: =Solicitudes_compl!D12 -> 20938 | N43: =Solicitudes_compl!E12 -> 126071 | O43: =Solicitudes_compl!F12 -> 10368 | P43: 0 | Q43: =SUM(L43:P43) -> 194791
B44: Febrero | C44: 2301 | D44: 1173 | E44: 11051 | F44: 732 | H44: =SUM(C44:F44) -> 15257 | K44: 2012 | L44: =Solicitudes_compl!C13 -> 34111 | M44: =Solicitudes_compl!D13 -> 19594 | N44: =Solicitudes_compl!E13 -> 130339 | O44: =Solicitudes_compl!F13 -> 8226 | P44: 0 | Q44: =SUM(L44:P44) -> 192270
B45: Marzo | C45: 2626 | D45: 1458 | E45: 10390 | F45: 921 | H45: =SUM(C45:F45) -> 15395 | K45: 2013 | L45: =Solicitudes_compl!C14 -> 32718 | M45: =Solicitudes_compl!D14 -> 17032 | N45: =Solicitudes_compl!E14 -> 76989 | O45: =Solicitudes_compl!F14 -> 7295 | P45: 0 | Q45: =SUM(L45:P45) -> 134034
B46: Abril | C46: 2566 | D46: 1511 | E46: 9759 | F46: 837 | H46: =SUM(C46:F46) -> 14673 | K46: 2014 | L46: =Solicitudes_compl!C15 -> 39392 | M46: =Solicitudes_compl!D15 -> 17573 | N46: =Solicitudes_compl!E15 -> 88545 | O46: =Solicitudes_compl!F15 -> 6054 | P46: 0 | Q46: =SUM(L46:P46) -> 151564
B47: Mayo | C47: 2730 | D47: 1384 | E47: 11338 | F47: 557 | H47: =SUM(C47:F47) -> 16009 | K47: 2015 | L47: =Solicitudes_compl!C16 -> 31042 | M47: =Solicitudes_compl!D16 -> 18557 | N47: =Solicitudes_compl!E16 -> 88878 | O47: =Solicitudes_compl!F16 -> 2501 | P47: 0 | Q47: =SUM(L47:P47) -> 140978
B48: Junio | C48: 2508 | D48: 1416 | E48: 9844 | F48: 524 | H48: =SUM(C48:F48) -> 14292 | K48: 2016 | L48: =Solicitudes_compl!C29 -> 30685 | M48: =Solicitudes_compl!D29 -> 18094 | N48: =Solicitudes_compl!E29 -> 87432 | O48: =Solicitudes_compl!F29 -> 2577 | P48: 0 | Q48: =SUM(L48:P48) -> 138788
B49: Julio | C49: 2765 | D49: 1457 | E49: 10406 | F49: 480 | H49: =SUM(C49:F49) -> 15108 | K49: 2017 | L49: =Solicitudes_compl!C42 -> 32028 | M49: =Solicitudes_compl!D42 -> 18335 | N49: =Solicitudes_compl!E42 -> 103536 | O49: =Solicitudes_compl!F42 -> 3167 | P49: 0 | Q49: =SUM(L49:P49) -> 157066
B50: Agosto | C50: 3040 | D50: 1641 | E50: 11023 | F50: 427 | H50: =SUM(C50:F50) -> 16131 | K50: 2018 | L50: =Solicitudes_compl!C55 -> 31567 | M50: =Solicitudes_compl!D55 -> 16995 | N50: =Solicitudes_compl!E55 -> 123567 | O50: =Solicitudes_compl!F55 -> 6272 | P50: 0 | Q50: =SUM(L50:P50) -> 178401
B51: Septiembre | C51: 2125 | D51: 1251 | E51: 8571 | F51: 339 | H51: =SUM(C51:F51) -> 12286 | K51: 2019 | L51: =Solicitudes_compl!C68 -> 29733 | M51: =Solicitudes_compl!D68 -> 16637 | N51: =Solicitudes_compl!E68 -> 112867 | O51: =Solicitudes_compl!F68 -> 6075 | P51: 0 | Q51: =SUM(L51:P51) -> 165312
B52: Octubre | C52: 3181 | D52: 1519 | E52: 11882 | F52: 419 | H52: =SUM(C52:F52) -> 17001 | K52: 2020 | L52: =Solicitudes_compl!C81 -> 30482 | M52: =Solicitudes_compl!D81 -> 15008 | N52: =Solicitudes_compl!E81 -> 166581 | O52: =Solicitudes_compl!F81 -> 7738 | P52: 0 | Q52: =SUM(L52:P52) -> 219809
B53: Noviembre | C53: 2631 | D53: 1405 | E53: 9497 | F53: 308 | H53: =SUM(C53:F53) -> 13841 | K53: 2021 | L53: =Solicitudes_compl!C94 -> 41653 | M53: =Solicitudes_compl!D94 -> 26969 | N53: =Solicitudes_compl!E94 -> 191078 | O53: =Solicitudes_compl!F94 -> 20510 | P53: 0 | Q53: =SUM(L53:P53) -> 280210
B54: Diciembre | C54: 2373 | D54: 1327 | E54: 8647 | F54: 327 | H54: =SUM(C54:F54) -> 12674 | K54: 2022 | L54: =Solicitudes_compl!C107 -> 4879 | M54: =Solicitudes_compl!D107 -> 36400 | N54: =Solicitudes_compl!E107 -> 21970 | O54: =Solicitudes_compl!F107 -> 19443 | P54: =Solicitudes_compl!G107 -> 570895 | Q54: =SUM(L54:P54) -> 653587
B55: Total 2018 | C55: =SUM(C43:C54) -> 31567 | D55: =SUM(D43:D54) -> 16995 | E55: =SUM(E43:E54) -> 123567 | F55: =SUM(F43:F54) -> 6272 | H55: =SUM(H43:H54) -> 178401 | K55: Total | L55: =SUM(L40:L54) -> 559494 | M55: =SUM(M40:M54) -> 339442 | N55: =SUM(N40:N54) -> 1796650 | O55: =SUM(O40:O54) -> 129806 | P55: =SUM(P40:P54) -> 570895 | Q55: =SUM(Q40:Q54) -> 3396287
B56: Enero | C56: 2750 | D56: 1462 | E56: 10200 | F56: 565 | H56: =SUM(C56:F56) -> 14977 | K56: Fuente: Elaboración propia a partir de Bases de Datos del IPS. Información actualizada a Diciembre 2022.
B57: Febrero | C57: 2188 | D57: 1293 | E57: 8591 | F57: 685 | H57: =SUM(C57:F57) -> 12757 | K57: * Corresponde al número de trámites de solicitud realizados, no el número de personas que han realizado una solicitud. Esto dado que una persona puede hacer más de una solicitud, toda vez que estas sean rechazadas, desistidas o anuladas. ** Producto de un cambio en la fuente de información, el número de solicitudes fue actualizado para los años 2010 al 2021. Las actuales cifran incluyen las solicitudes automáticas generadas por los traspasos de los beneficios de invalidez a vejez. *** El número de APSV incluye las solicitudes del beneficio Nbis para los años 2019, 2020 y 2021, las cuales correspondieron a 1, 531 y 427 solicitudes, respectivamente. El beneficio Nbis (ley 21.190 art 9 bis) estaba dirigido a los pensionados por Retiro Programado con Pensión Base mayor a la PMAS, y que cumplían con los demás requisitos exigidos por la ley. Permitía acceder a un complemento de manera tal que la pensión final no desciediera del valor de una Pensión Básica Solidaria.
B58: Marzo | C58: 2496 | D58: 1471 | E58: 9418 | F58: 638 | H58: =SUM(C58:F58) -> 14023
B59: Abril | C59: 2388 | D59: 1544 | E59: 9186 | F59: 584 | H59: =SUM(C59:F59) -> 13702
B60: Mayo | C60: 2428 | D60: 1373 | E60: 9457 | F60: 483 | H60: =SUM(C60:F60) -> 13741
B61: Junio | C61: 2221 | D61: 1366 | E61: 8050 | F61: 401 | H61: =SUM(C61:F61) -> 12038
B62: Julio | C62: 2612 | D62: 1574 | E62: 10193 | F62: 470 | H62: =SUM(C62:F62) -> 14849
B63: Agosto | C63: 2584 | D63: 1488 | E63: 9712 | F63: 424 | H63: =SUM(C63:F63) -> 14208
B64: Septiembre | C64: 2469 | D64: 1221 | E64: 8795 | F64: 457 | H64: =SUM(C64:F64) -> 12942
B65: Octubre | C65: 2384 | D65: 1180 | E65: 7849 | F65: 360 | H65: =SUM(C65:F65) -> 11773
B66: Noviembre | C66: 2268 | D66: 1004 | E66: 7880 | F66: 388 | H66: =SUM(C66:F66) -> 11540
B67: Diciembre | C67: 2945 | D67: 1661 | E67: 13536 | F67: 620 | H67: =SUM(C67:F67) -> 18762
B68: Total 2019 | C68: =SUM(C56:C67) -> 29733 | D68: =SUM(D56:D67) -> 16637 | E68: =SUM(E56:E67) -> 112867 | F68: =SUM(F56:F67) -> 6075 | H68: =SUM(C68:F68) -> 165312
B69: Enero | C69: 3010 | D69: 1753 | E69: 19891 | F69: 741 | H69: =SUM(C69:F69) -> 25395
