Workbook

Sheet datos
A2: Mes | B2: Diciembre de 2018

Sheet Índice
B1: Subsecretaría de Previsión Social Dirección de Estudios Previsionales
B5: Informe Estadístico Mensual del Pilar Solidario
B7: Introducción
B8: El presente archivo contiene los principales cuadros del Informe Estadístico Mensual del Pilar Solidario del mes de Diciembre de 2021. Correspondiente a:
B10: Estadísticas del Sistema de Pensiones Solidarias
B11: Estadísticas del Bono por Hijo (BxH)
B12: Estadísticas del Subsidio Previsional a los Trabajadores Jóvenes (STJ)

Sheet Índice Pensiones Solidarias
A2: Subsecretaría de Previsión Social
A3: Dirección de Estudios Previsionales
B5: Sistema de Pensiones Solidarias | N5: Volver a Índice
B7: Introducción
B8: El presente archivo contiene los principales cuadros sobre el Sistema de Pensiones Solidarias del Informe Estadístico Mensual del Pilar Solidario del mes diciembre de 2021. Los cuadros entregan información de los beneficios solicitados y concedidos mensualmente a nivel nacional, desde julio de 2008 a diciembre de 2021, asi como también la información de las solicitudes y concesiones a nivel regional y comunal acumulado a diciembre de 2021.
B11: Este archivo contiene información al 28 de enero de 2022.
B13: Nacional
B14: Solicitudes recibidas en el Sistema de Pensiones Solidarias, según mes, desde julio 2008 a diciembre 2021
B15: Concesiones en el Sistema de Pensiones Solidarias, por mes, desde julio 2008 a diciembre 2021
B17: Regional
B18: Solicitudes recibidas en el Sistema de Pensiones Solidarias acumuladas desde julio 2008 a diciembre 2021, según región
B19: Concesiones en el Sistema de Pensiones Solidarias acumuladas desde julio 2008 a diciembre 2021, según región
B21: Solicitudes y Concesiones en el Sistema de Pensiones Solidarias acumulado a diciembre 2021 por región y comuna:
B22: XV Arica y Parinacota
B23: I Tarapaca
... B37: XIII Metropolitana

Sheet Solicitudes Nacional
A2: Subsecretaría de Previsión Social
A3: Dirección de Estudios Previsionales
B5: Número de solicitudes mensuales recibidas en el Sistema de Pensiones Solidarias, según tipo de beneficio, sexo y origen de tramitación del beneficio | S5: Volver Sistema de Pensiones Solidarias
B6: Julio de 2008 a diciembre de 2021
B8: TOTAL SOLICITUDES (no incluye ex Pasis)
B9: PERIODO | C9: TOTAL PBS Y APS | L9: SEXO | N9: ORIGEN DE TRAMITACIÓN DEL BENEFICIO
C10: PBSV | D10: PBSI | E10: TOTAL PBS | F10: APSV | G10: APSI | H10: TOTAL APS | I10: Total PBS + APS | J10: Nbis | K10: Total PBS + APS + Nbis | L10: Femenino | M10: Masculino | N10: En IPS | O10: En AFP | P10: En Cías. de Seguro | Q10: En Municipio | R10: C. Web
B11: Jul a Dic 2008 | C11: 84576 | D11: 37258 | E11: 121834 | F11: 12800 | G11: 6052 | H11: 18852 | I11: 140686 | J11: 0 | K11: 140686 | L11: 108633 | M11: 32053 | N11: 96799 | O11: 1029 | P11: 0 | Q11: 42858 | R11: 0
B12: Total 2009 | C12: 59319 | D12: 35533 | E12: 94852 | F12: 298185 | G12: 11725 | H12: 309910 | I12: 404762 | J12: 0 | K12: 404762 | L12: 256315 | M12: 148447 | N12: 300173 | O12: 30362 | P12: 0 | Q12: 74227 | R12: 0
B13: Total 2010 | C13: 40738 | D13: 24967 | E13: 65705 | F13: 168077 | G13: 11931 | H13: 180008 | I13: 245713 | J13: 0 | K13: 245713 | L13: 152809 | M13: 92904 | N13: 148067 | O13: 32918 | P13: 5334 | Q13: 59394 | R13: 0
B14: Total 2011 | C14: 37423 | D14: 20938 | E14: 58361 | F14: 126076 | G14: 10368 | H14: 136444 | I14: 194805 | J14: 0 | K14: 194805 | L14: 123383 | M14: 71422 | N14: 114406 | O14: 25990 | P14: 11383 | Q14: 43026 | R14: 0
B15: Total 2012 | C15: 34194 | D15: 19594 | E15: 53788 | F15: 130347 | G15: 8226 | H15: 138573 | I15: 192361 | J15: 0 | K15: 192361 | L15: 118837 | M15: 73524 | N15: 126931 | O15: 24058 | P15: 9228 | Q15: 32144 | R15: 0
B16: Total 2013 | C16: 32773 | D16: 17032 | E16: 49805 | F16: 76994 | G16: 7295 | H16: 84289 | I16: 134094 | J16: 0 | K16: 134094 | L16: 82092 | M16: 52002 | N16: 83802 | O16: 22686 | P16: 6357 | Q16: 21249 | R16: 0
B17: Total 2014 | C17: 39393 | D17: 17573 | E17: 56966 | F17: 88545 | G17: 6054 | H17: 94599 | I17: 151565 | J17: 0 | K17: 151565 | L17: 92858 | M17: 58707 | N17: 94144 | O17: 27044 | P17: 6542 | Q17: 23835 | R17: 0
B18: Total 2015 | C18: 31043 | D18: 18557 | E18: 49600 | F18: 88878 | G18: 2501 | H18: 91379 | I18: 140979 | J18: 0 | K18: 140979 | L18: 86238 | M18: 54741 | N18: 84140 | O18: 29604 | P18: 5381 | Q18: 21854 | R18: 0
B19: Total 2016 | C19: 27624 | D19: 18094 | E19: 45718 | F19: 85022 | G19: 2577 | H19: 87599 | I19: 133317 | J19: 0 | K19: 133317 | L19: 82738 | M19: 50579 | N19: 78827 | O19: 29016 | P19: 4531 | Q19: 20905 | R19: 38
B20: Total 2017 | C20: 27467 | D20: 18335 | E20: 45802 | F20: 100168 | G20: 3167 | H20: 103335 | I20: 149137 | J20: 0 | K20: 149137 | L20: 89906 | M20: 59231 | N20: 87059 | O20: 34398 | P20: 4540 | Q20: 22825 | R20: 315
B21: Total 2018 | C21: 27800 | D21: 16994 | E21: 44793 | F21: 120070 | G21: 6272 | H21: 126343 | I21: 171136 | J21: 0 | K21: 171136 | L21: 102497 | M21: 68639 | N21: 98969 | O21: 43515 | P21: 4876 | Q21: 22926 | R21: 850
B22: Enero'19 | C22: 2413 | D22: 1462 | E22: 3875 | F22: 9943 | G22: 565 | H22: 10508 | I22: 14383 | J22: 0 | K22: 14383 | L22: 8587 | M22: 5796 | N22: 8023 | O22: 4044 | P22: 339 | Q22: 1910 | R22: 67
... B61: TOTAL | C61: 533327 | D61: 303579 | E61: 836905 | F61: 1750371 | G61: 110404 | H61: 1860776 | I61: 2697681 | J61: 953 | K61: 2698634 | L61: 1670611 | M61: 1028023 | N61: 1608386 | O61: 473886 | P61: 77608 | Q61: 450200 | R61: 88554
B62: Fuente: Elaboración propia sobre la base de información del IPS.

Sheet Concesiones Nacional
A2: Subsecretaría de Previsión Social
A3: Dirección de Estudios Previsionales
B5: Número de beneficios concedidos mensuales en el Sistema de Pensiones Solidarias, según tipo de beneficio, sexo y origen de tramitación del beneficio | S5: Volver Sistema de Pensiones Solidarias
B6: ='Solicitudes Nacional'!B6:Q6 -> Julio de 2008 a diciembre de 2021
B8: TOTAL CONCEDIDAS (no incluye ex Pasis)
B9: MES | C9: TOTAL PBS Y APS | L9: SEXO | N9: ORIGEN DE TRAMITACIÓN DEL BENEFICIO
C10: PBSV | D10: PBSI | E10: TOTAL PBS | F10: APSV | G10: APSI | H10: TOTAL APS | I10: Total PBS+APS | J10: Nbis | K10: Total PBS + APS + Nbis | L10: Femenino | M10: Masculino | N10: En IPS | O10: En AFP | P10: En Cías. de Seguro | Q10: En Municipio | R10: C. Web
B11: Jul a Dic 2008 | C11: 83731 | D11: 21440 | E11: 105171 | F11: 9486 | G11: 1541 | H11: 11027 | I11: 116198 | J11: 0 | K11: 116198 | L11: 89477 | M11: 26721 | N11: 78766 | O11: 988 | P11: 0 | Q11: 36444 | R11: 0
B12: Total 2009 | C12: 57975 | D12: 21272 | E12: 79247 | F12: 277144 | G12: 9873 | H12: 287017 | I12: 366264 | J12: 0 | K12: 366264 | L12: 225377 | M12: 140887 | N12: 273407 | O12: 26670 | P12: 0 | Q12: 66187 | R12: 0
B13: Total 2010 | C13: 36125 | D13: 13245 | E13: 49370 | F13: 137904 | G13: 9915 | H13: 147819 | I13: 197189 | J13: 0 | K13: 197189 | L13: 119677 | M13: 77512 | N13: 120976 | O13: 25694 | P13: 3837 | Q13: 46682 | R13: 0
B14: Total 2011 | C14: 29976 | D14: 10364 | E14: 40340 | F14: 90271 | G14: 8697 | H14: 98968 | I14: 139308 | J14: 0 | K14: 139308 | L14: 84838 | M14: 54470 | N14: 81472 | O14: 19161 | P14: 8015 | Q14: 30660 | R14: 0
B15: Total 2012 | C15: 29369 | D15: 10380 | E15: 39749 | F15: 113369 | G15: 7014 | H15: 120383 | I15: 160132 | J15: 0 | K15: 160132 | L15: 95754 | M15: 64378 | N15: 106541 | O15: 20848 | P15: 7850 | Q15: 24893 | R15: 0
B16: Total 2013 | C16: 29479 | D16: 9014 | E16: 38493 | F16: 65567 | G16: 6048 | H16: 71615 | I16: 110108 | J16: 0 | K16: 110108 | L16: 65748 | M16: 44360 | N16: 68722 | O16: 19387 | P16: 5326 | Q16: 16673 | R16: 0
B17: Total 2014 | C17: 32567 | D17: 9988 | E17: 42555 | F17: 70060 | G17: 5270 | H17: 75330 | I17: 117885 | J17: 0 | K17: 117885 | L17: 70004 | M17: 47881 | N17: 72035 | O17: 22552 | P17: 5134 | Q17: 18164 | R17: 0
B18: Total 2015 | C18: 26363 | D18: 11711 | E18: 38074 | F18: 71190 | G18: 2081 | H18: 73271 | I18: 111345 | J18: 0 | K18: 111345 | L18: 65990 | M18: 45355 | N18: 65223 | O18: 24957 | P18: 4304 | Q18: 16861 | R18: 0
B19: Total 2016 | C19: 22256 | D19: 11810 | E19: 34066 | F19: 65772 | G19: 2218 | H19: 67990 | I19: 102056 | J19: 0 | K19: 102056 | L19: 61350 | M19: 40706 | N19: 59376 | O19: 23640 | P19: 3451 | Q19: 15560 | R19: 29
B20: Total 2017 | C20: 21991 | D20: 11910 | E20: 33901 | F20: 79386 | G20: 2802 | H20: 82188 | I20: 116089 | J20: 0 | K20: 116089 | L20: 67429 | M20: 48660 | N20: 66296 | O20: 28517 | P20: 3602 | Q20: 17423 | R20: 251
B21: Total 2018 | C21: 24873 | D21: 10989 | E21: 35862 | F21: 108927 | G21: 5864 | H21: 114791 | I21: 150653 | J21: 0 | K21: 150653 | L21: 87284 | M21: 63369 | N21: 85791 | O21: 40174 | P21: 4487 | Q21: 19524 | R21: 677
B22: Enero' 19 | C22: 2170 | D22: 954 | E22: 3124 | F22: 9048 | G22: 518 | H22: 9566 | I22: 12690 | J22: 0 | K22: 12690 | L22: 7291 | M22: 5399 | N22: 6946 | O22: 3744 | P22: 306 | Q22: 1640 | R22: 54
... B61: TOTAL | C61: 471813 | D61: 173449 | E61: 645262 | F61: 1491522 | G61: 92867 | H61: 1584389 | I61: 2229651 | J61: 34 | K61: 2229685 | L61: 1337442 | M61: 892243 | N61: 1323786 | O61: 409687 | P61: 63581 | Q61: 361471 | R61: 71160
B62: Fuente: Elaboración propia sobre la base de información del IPS.
B63: Nota: La información estadística reportada del número de solicitudes concesionadas, en trámite, rechazadas y anuladas varía mes a mes por actualización de cifras.
B64: El número de beneficios concesionados no coincide con el número de beneficios pagados por las siguientes razones: •El total acumulado de concesiones de la Reforma Previsional incluye personas fallecidas: El número de personas fallecidas que recibían PBS y APS durante el año 2019 correspondió a: 65.759 El número de personas fallecidas desde julio de 2008 a diciembre 2018 correspondió a: 519.562 •Existen personas a quienes se les ha extinguido o suspendido el beneficio. •El mes de concedida la pensión no necesariamente coincide con el primer mes de pago. Nbis: Beneficio que se incorpora con la Ley N°21.190 para los pensionados por Retiro Programado con Pensión Base mayor a la PMAS, y que cumplen con los requisitos exigidos por ley que acceden a un complemento que aseguro que, ante la baja de los pagos del retiro programado, la pensión final no descienda del valor de una Pensión Básica Solidaria.

Sheet Solicitudes Regiones
A2: Subsecretaría de Previsión Social
A3: Dirección de Estudios Previsionales
B5: Número de solicitudes del Sistema de Pensiones Solidarias según región, tipo de beneficio, sexo y origen de tramitación del beneficio | T5: Volver Sistema de Pensiones Solidarias
B6: Acumuladas de julio de 2008 a diciembre de 2021
B8: TOTAL SOLICITUDES (no incluye ex Pasis)
B9: REGIÓN | C9: TOTAL PBS Y APS | K9: TOTAL | M9: SEXO | O9: ORIGEN DE TRAMITACIÓN DEL BENEFICIO
C10: PBSV | D10: PBSI | E10: TOTAL PBS | F10: APSV | G10: APSI | H10: TOTAL APS | I10: Total PBS + APS | J10: Nbis | K10: Total PBS+APS+Nbis | L10: % de Concesiones | M10: Femenino | N10: Masculino | O10: En IPS | P10: En AFP | Q10: En Cías. de Seguro | R10: En Municipio | S10: C. Web
B11: ARICA Y PARINACOTA | C11: 6332 | D11: 2944 | E11: 9276 | F11: 22732 | G11: 1260 | H11: 23992 | I11: 33268 | J11: 22 | K11: 33290 | L11: 0.012335871 | M11: 19758 | N11: 13532 | O11: 19144 | P11: 6914 | Q11: 1098 | R11: 5172 | S11: 962
B12: TARAPACA | C12: 6544 | D12: 4917 | E12: 11461 | F12: 24801 | G12: 2060 | H12: 26861 | I12: 38322 | J12: 17 | K12: 38339 | L12: 0.014206817 | M12: 23413 | N12: 14926 | O12: 21769 | P12: 6164 | Q12: 1476 | R12: 7532 | S12: 1398
B13: ANTOFAGASTA | C13: 12836 | D13: 6278 | E13: 19114 | F13: 42364 | G13: 2342 | H13: 44706 | I13: 63820 | J13: 36 | K13: 63856 | L13: 0.023662342 | M13: 41662 | N13: 22194 | O13: 43593 | P13: 9894 | Q13: 944 | R13: 7194 | S13: 2231
B14: ATACAMA | C14: 8205 | D14: 4214 | E14: 12419 | F14: 27338 | G14: 1538 | H14: 28876 | I14: 41295 | J14: 31 | K14: 41326 | L14: 0.015313674 | M14: 25265 | N14: 16061 | O14: 24473 | P14: 7765 | Q14: 1192 | R14: 6846 | S14: 1050
B15: COQUIMBO | C15: 24051 | D15: 11581 | E15: 35632 | F15: 80724 | G15: 4462 | H15: 85186 | I15: 120818 | J15: 65 | K15: 120883 | L15: 0.044794144 | M15: 73986 | N15: 46897 | O15: 86403 | P15: 18261 | Q15: 1903 | R15: 11159 | S15: 3155
B16: VALPARAISO | C16: 58556 | D16: 29625 | E16: 88181 | F16: 218279 | G16: 13326 | H16: 231605 | I16: 319786 | J16: 117 | K16: 319903 | L16: 0.11854257 | M16: 200070 | N16: 119833 | O16: 196112 | P16: 62875 | Q16: 7789 | R16: 42754 | S16: 10373
B17: L. G. B. OHIGGINS | C17: 27998 | D17: 17394 | E17: 45392 | F17: 102359 | G17: 7543 | H17: 109902 | I17: 155294 | J17: 34 | K17: 155328 | L17: 0.057558009 | M17: 92828 | N17: 62500 | O17: 88347 | P17: 25511 | Q17: 3906 | R17: 33987 | S17: 3577
B18: MAULE | C18: 38101 | D18: 22635 | E18: 60736 | F18: 119508 | G18: 8269 | H18: 127777 | I18: 188513 | J18: 50 | K18: 188563 | L18: 0.069873499 | M18: 109683 | N18: 78880 | O18: 110054 | P18: 36165 | Q18: 5148 | R18: 33370 | S18: 3825
B19: ÑUBLE | C19: 19864 | D19: 23935 | E19: 43799 | F19: 54822 | G19: 6187 | H19: 61009 | I19: 104808 | J19: 32 | K19: 104840 | L19: 0.038849284 | M19: 63846 | N19: 40994 | O19: 60697 | P19: 17423 | Q19: 2093 | R19: 24627 | S19: 0
B20: BIO-BIO | C20: 51960 | D20: 38734 | E20: 90694 | F20: 165167 | G20: 11072 | H20: 176239 | I20: 266933 | J20: 89 | K20: 267022 | L20: 0.098947097 | M20: 166849 | N20: 100173 | O20: 157538 | P20: 43599 | Q20: 8491 | R20: 57394 | S20: 0
B21: LA ARAUCANIA | C21: 41520 | D21: 26753 | E21: 68273 | F21: 93514 | G21: 6734 | H21: 100248 | I21: 168521 | J21: 40 | K21: 168561 | L21: 0.062461601 | M21: 101475 | N21: 67086 | O21: 108561 | P21: 28746 | Q21: 4427 | R21: 23235 | S21: 3592
B22: LOS RIOS | C22: 14590 | D22: 10102 | E22: 24692 | F22: 42275 | G22: 4195 | H22: 46470 | I22: 71162 | J22: 28 | K22: 71190 | L22: 0.026380013 | M22: 42847 | N22: 28343 | O22: 48970 | P22: 13786 | Q22: 2209 | R22: 4727 | S22: 1496
... B27: Totales | C27: 533327 | D27: 303579 | E27: 836906 | F27: 1750371 | G27: 110404 | H27: 1860775 | I27: 2697681 | J27: 953 | K27: 2698634 | L27: 1 | M27: 1670609 | N27: 1028025 | O27: 1616457 | P27: 473889 | Q27: 77626 | R27: 450214 | S27: 80443
B28: Participación sobre el total | C28: =+C27/$K$27 -> 0.1976285 | D28: =+D27/$K$27 -> 0.11249358 | F28: =+F27/$K$27 -> 0.64861371 | G28: =+G27/$K$27 -> 0.040911068 | K28: =C28+D28+F28+G28 -> 0.99964686 | M28: =+M27/$K$27 -> 0.61905727 | N28: =+N27/$K$27 -> 0.38094273 | O28: =+O27/$K$27 -> 0.59899082 | P28: =+P27/$K$27 -> 0.17560329 | Q28: =+Q27/$K$27 -> 0.028764923 | R28: =+R27/$K$27 -> 0.16683033 | S28: =+S27/$K$27 -> 0.029808785
B29: Fuente: Elaboración propia sobre la base de información del IPS.
B30: Nota: La información estadística reportada del número de solicitudes concesionadas, en trámite, rechazadas y anuladas varía mes a mes por actualización de cifras.

Sheet Concesiones Regiones
A2: Subsecretaría de Previsión Social
A3: Dirección de Estudios Previsionales
B5: Número de concesiones del Sistema de Pensiones Solidarias según región, tipo de beneficio, sexo y origen de tramitación del beneficio | T5: Volver Sistema de Pensiones Solidarias
B6: ='Solicitudes Regiones'!B6:R6 -> Acumuladas de julio de 2008 a diciembre de 2021
B8: TOTAL CONCEDIDAS (no incluye ex Pasis)
B9: REGIÓN | C9: TOTAL PBS Y APS | K9: TOTAL | M9: SEXO | O9: ORIGEN DE TRAMITACIÓN DEL BENEFICIO
C10: PBSV | D10: PBSI | E10: TOTAL PBS | F10: APSV | G10: APSI | H10: TOTAL APS | I10: Total PBS + APS | J10: Nbis | K10: Total PBS+APS+Nbis | L10: % de Concesiones | M10: Femenino | N10: Masculino | O10: En IPS | P10: En AFP | Q10: En Cías. de Seguro | R10: En Municipio | S10: C. Web
B11: ARICA Y PARINACOTA | C11: 5677 | D11: 2054 | E11: 7731 | F11: 19573 | G11: 1069 | H11: 20642 | I11: 28373 | J11: 0 | K11: 28373 | L11: 0.012725116 | M11: 16545 | N11: 11828 | O11: 16280 | P11: 5979 | Q11: 920 | R11: 4457 | S11: 737
B12: TARAPACA | C12: 5518 | D12: 2920 | E12: 8438 | F12: 20167 | G12: 1645 | H12: 21812 | I12: 30250 | J12: 1 | K12: 30251 | L12: 0.013567387 | M12: 17892 | N12: 12359 | O12: 17273 | P12: 5151 | Q12: 1181 | R12: 5621 | S12: 1025
B13: ANTOFAGASTA | C13: 10281 | D13: 3797 | E13: 14078 | F13: 34090 | G13: 1894 | H13: 35984 | I13: 50062 | J13: 1 | K13: 50063 | L13: 0.022452947 | M13: 31608 | N13: 18455 | O13: 33852 | P13: 7934 | Q13: 781 | R13: 5881 | S13: 1615
B14: ATACAMA | C14: 7025 | D14: 2652 | E14: 9677 | F14: 23169 | G14: 1263 | H14: 24432 | I14: 34109 | J14: 0 | K14: 34109 | L14: 0.015297677 | M14: 20194 | N14: 13915 | O14: 19882 | P14: 6694 | Q14: 930 | R14: 5788 | S14: 815
B15: COQUIMBO | C15: 20933 | D15: 7227 | E15: 28160 | F15: 68554 | G15: 3897 | H15: 72451 | I15: 100611 | J15: 4 | K15: 100615 | L15: 0.045125208 | M15: 59390 | N15: 41225 | O15: 71660 | P15: 15855 | Q15: 1486 | R15: 9056 | S15: 2558
B16: VALPARAISO | C16: 51226 | D16: 18893 | E16: 70119 | F16: 182607 | G16: 11158 | H16: 193765 | I16: 263884 | J16: 4 | K16: 263888 | L16: 0.11835214 | M16: 160662 | N16: 103225 | O16: 159832 | P16: 53640 | Q16: 6302 | R16: 35788 | S16: 8326
B17: L. G. B. OHIGGINS | C17: 24283 | D17: 9148 | E17: 33431 | F17: 87625 | G17: 6335 | H17: 93960 | I17: 127391 | J17: 1 | K17: 127392 | L17: 0.057134528 | M17: 72891 | N17: 54501 | O17: 72203 | P17: 22184 | Q17: 3239 | R17: 26961 | S17: 2805
B18: MAULE | C18: 34382 | D18: 12432 | E18: 46814 | F18: 104584 | G18: 6875 | H18: 111459 | I18: 158273 | J18: 2 | K18: 158275 | L18: 0.070985363 | M18: 88937 | N18: 69338 | O18: 92388 | P18: 32245 | Q18: 4254 | R18: 26274 | S18: 3114
B19: ÑUBLE | C19: 18091 | D19: 10523 | E19: 28614 | F19: 48136 | G19: 5387 | H19: 53523 | I19: 82137 | J19: 0 | K19: 82137 | L19: 0.036837939 | M19: 46784 | N19: 35353 | O19: 48470 | P19: 15658 | Q19: 1792 | R19: 16217 | S19: 0
B20: BIO-BIO | C20: 45607 | D20: 19268 | E20: 64875 | F20: 139929 | G20: 9279 | H20: 149208 | I20: 214083 | J20: 3 | K20: 214086 | L20: 0.096016253 | M20: 127178 | N20: 86908 | O20: 127366 | P20: 37123 | Q20: 6847 | R20: 42750 | S20: 0
B21: LA ARAUCANIA | C21: 38003 | D21: 12680 | E21: 50683 | F21: 80830 | G21: 5727 | H21: 86557 | I21: 137240 | J21: 2 | K21: 137242 | L21: 0.061552192 | M21: 78699 | N21: 58543 | O21: 87903 | P21: 25439 | Q21: 3483 | R21: 17633 | S21: 2784
B22: LOS RIOS | C22: 13379 | D22: 6838 | E22: 20217 | F22: 36425 | G22: 3650 | H22: 40075 | I22: 60292 | J22: 1 | K22: 60293 | L22: 0.027041039 | M22: 35184 | N22: 25109 | O22: 41178 | P22: 12139 | Q22: 1807 | R22: 3960 | S22: 1209
... B27: Totales | C27: 471813 | D27: 173449 | E27: 645262 | F27: 1491522 | G27: 92867 | H27: 1584389 | I27: 2229651 | J27: 34 | K27: 2229685 | L27: 1 | M27: 1337440 | N27: 892244 | O27: 1330099 | P27: 409687 | Q27: 63581 | R27: 361471 | S27: 64847
B28: Participación sobre el total | C28: =+C27/$K$27 -> 0.21160523 | D28: =+D27/$K$27 -> 0.077790809 | F28: =+F27/$K$27 -> 0.66893844 | G28: =+G27/$K$27 -> 0.041650278 | K28: =C28+D28+F28+G28 -> 0.99998475 | M28: =+M27/$K$27 -> 0.59983361 | N28: =+N27/$K$27 -> 0.40016594 | O28: =+O27/$K$27 -> 0.59654122 | P28: =+P27/$K$27 -> 0.1837421 | Q28: =+Q27/$K$27 -> 0.028515687 | R28: =+R27/$K$27 -> 0.16211752 | S28: =+S27/$K$27 -> 0.02908348
B29: Fuente: Elaboración propia sobre la base de información del IPS.
B30: Nota: La información estadística reportada del número de solicitudes concesionadas, en trámite, rechazadas y anuladas varía mes a mes por actualización de cifras.

Sheet XV
A2: Subsecretaría de Previsión Social
A3: Dirección de Estudios Previsionales
B5: Número de Solicitudes de Beneficios del Pilar Solidario según tipo de beneficio - XV Región de Arica y Parinacota | M5: Volver Sistema de Pensiones Solidadias
B6: ='Solicitudes Regiones'!$B$6:$R$6 -> Acumuladas de julio de 2008 a diciembre de 2021
B8: Distribución Regional Solicitudes del Pilar Solidario - no incluye ex Pasis
B9: COMUNA | C9: TOTAL PBS Y APS
C10: PBSV | D10: PBSI | E10: Total PBS | F10: % PBS | G10: APSV | H10: APSI | I10: Total APS | J10: %APS | K10: Total PBS+APS | L10: Nbis | M10: Total PBS+APS+Nbis
B11: ARICA | C11: 6173 | D11: 2873 | E11: =C11+D11 -> 9046 | F11: =E11/$E$15 -> 0.97520483 | G11: 22551 | H11: 1257 | I11: =G11+H11 -> 23808 | J11: =I11/$I$15 -> 0.99233078 | K11: =E11+I11 -> 32854 | L11: 22 | M11: =K11+L11 -> 32876
B12: CAMARONES | C12: 29 | D12: 10 | E12: =C12+D12 -> 39 | F12: =E12/$E$15 -> 0.0042043984 | G12: 47 | H12: 1 | I12: =G12+H12 -> 48 | J12: =I12/$I$15 -> 0.0020006669 | K12: =E12+I12 -> 87 | L12: 0 | M12: =K12+L12 -> 87
B13: PUTRE | C13: 91 | D13: 41 | E13: =C13+D13 -> 132 | F13: =E13/$E$15 -> 0.014230272 | G13: 116 | H13: 2 | I13: =G13+H13 -> 118 | J13: =I13/$I$15 -> 0.0049183061 | K13: =E13+I13 -> 250 | L13: 0 | M13: =K13+L13 -> 250
B14: GENERAL LAGOS | C14: 39 | D14: 20 | E14: =C14+D14 -> 59 | F14: =E14/$E$15 -> 0.0063605002 | G14: 18 | H14: 0 | I14: =G14+H14 -> 18 | J14: =I14/$I$15 -> 0.00075025008 | K14: =E14+I14 -> 77 | L14: 0 | M14: =K14+L14 -> 77
B15: Totales | C15: =SUM(C11:C14) -> 6332 | D15: =SUM(D11:D14) -> 2944 | E15: =C15+D15 -> 9276 | F15: =E15/$E$15 -> 1 | G15: =SUM(G11:G14) -> 22732 | H15: =SUM(H11:H14) -> 1260 | I15: =G15+H15 -> 23992 | J15: =I15/$I$15 -> 1 | K15: =E15+I15 -> 33268 | L15: =SUM(L11:L14) -> 22 | M15: =SUM(M11:M14) -> 33290
B16: % respecto del total de solicitudes | C16: =+C15/$M$15 -> 0.19020727 | D16: =+D15/$M$15 -> 0.088434965 | E16: =+E15/$M$15 -> 0.27864223 | G16: =+G15/$K$15 -> 0.68329927 | H16: =+H15/$M$15 -> 0.037849204 | I16: =+I15/$M$15 -> 0.72069691 | K16: =E16+I16 -> 0.99933914 | L16: =+L15/M15 -> 0.00066085912 | M16: =K16+L16 -> 1
B19: Número de Concesiones de Beneficios del Pilar Solidario según tipo de beneficio - XV Región de Arica y Parinacota
B20: ='Solicitudes Regiones'!$B$6:$R$6 -> Acumuladas de julio de 2008 a diciembre de 2021
B22: Concesiones del Pilar Solidario a nivel comunal
B23: COMUNA | C23: TOTAL PBS Y APS
C24: PBSV | D24: PBSI | E24: Total PBS | F24: % PBS | G24: APSV | H24: APSI | I24: Total APS | J24: %APS | K24: Total PBS+APS | L24: Nbis | M24: Total PBS+APS+Nbis
B25: ARICA | C25: 5537 | D25: 2025 | E25: 7562 | F25: =E25/$E$29 -> 0.97813996 | G25: 19419 | H25: 1066 | I25: 20485 | J25: =I25/$I$29 -> 0.99239415 | K25: 28047 | L25: 0 | M25: =K25+L25 -> 28047
B26: CAMARONES | C26: 26 | D26: 4 | E26: 30 | F26: =E26/$E$29 -> 0.0038804812 | G26: 43 | H26: 1 | I26: =G26+H26 -> 44 | J26: =I26/$I$29 -> 0.0021315764 | K26: =E26+I26 -> 74 | L26: 0 | M26: =K26+L26 -> 74
B27: PUTRE | C27: 81 | D27: 18 | E27: 99 | F27: =E27/$E$29 -> 0.012805588 | G27: 96 | H27: 2 | I27: =G27+H27 -> 98 | J27: =I27/$I$29 -> 0.004747602 | K27: =E27+I27 -> 197 | L27: 0 | M27: =K27+L27 -> 197
B28: GENERAL LAGOS | C28: 33 | D28: 7 | E28: 40 | F28: =E28/$E$29 -> 0.0051739749 | G28: 15 | H28: 0 | I28: =G28+H28 -> 15 | J28: =I28/$I$29 -> 0.00072667377 | K28: =E28+I28 -> 55 | L28: 0 | M28: =K28+L28 -> 55
B29: Totales | C29: =SUM(C25:C28) -> 5677 | D29: =SUM(D25:D28) -> 2054 | E29: 7731 | F29: =E29/$E$29 -> 1 | G29: =SUM(G25:G28) -> 19573 | H29: 1069 | I29: =G29+H29 -> 20642 | J29: =I29/$I$29 -> 1 | K29: =E29+I29 -> 28373 | L29: =SUM(L25:L28) -> 0 | M29: =SUM(M25:M28) -> 28373
B30: % respecto del total de concesiones | C30: =+C29/M29 -> 0.20008459 | D30: =+D29/M29 -> 0.072392768 | E30: =+E29/M29 -> 0.27247736 | G30: =+G29/M29 -> 0.68984598 | H30: =+H29/M29 -> 0.037676664 | I30: =+I29/M29 -> 0.72752264 | K30: =+K29/M29 -> 1 | L30: =+L29/M29 -> 0 | M30: =K30+L30 -> 1
B31: Fuente: Elaboración propia sobre la base de información del IPS.
B32: Nota: La información estadística reportada del número de solicitudes concesionadas, en trámite, rechazadas y anuladas varía mes a mes por actualización de cifras.

Sheet I
A2: Subsecretaría de Previsión Social
A3: Dirección de Estudios Previsionales
B5: Número de Solicitudes de Beneficios del Pilar Solidario según tipo de beneficio - I Región de Tarapacá | M5: Volver Sistema de Pensiones Solidadias
B6: ='Solicitudes Regiones'!$B$6:$R$6 -> Acumuladas de julio de 2008 a diciembre de 2021
B8: Distribución Regional Solicitudes del Pilar Solidario - no incluye ex Pasis
B9: COMUNA | C9: TOTAL PBS Y APS
C10: PBSV | D10: PBSI | E10: Total PBS | F10: % PBS | G10: APSV | H10: APSI | I10: Total APS | J10: %APS | K10: Total PBS+APS | L10: Nbis | M10: Total PBS+APS+Nbis
B11: IQUIQUE | C11: 4439 | D11: 2769 | E11: =C11+D11 -> 7208 | F11: =E11/$E$18 -> 0.62891545 | G11: 17789 | H11: 1248 | I11: =G11+H11 -> 19037 | J11: =I11/$I$18 -> 0.70872268 | K11: =E11+I11 -> 26245 | L11: 17 | M11: =K11+L11 -> 26262
B12: ALTO HOSPICIO | C12: 1357 | D12: 1678 | E12: =C12+D12 -> 3035 | F12: =E12/$E$18 -> 0.2648111 | G12: 5057 | H12: 662 | I12: =G12+H12 -> 5719 | J12: =I12/$I$18 -> 0.21291091 | K12: =E12+I12 -> 8754 | L12: 0 | M12: =K12+L12 -> 8754
B13: POZO ALMONTE | C13: 320 | D13: 201 | E13: =C13+D13 -> 521 | F13: =E13/$E$18 -> 0.045458511 | G13: 1004 | H13: 80 | I13: =G13+H13 -> 1084 | J13: =I13/$I$18 -> 0.040355906 | K13: =E13+I13 -> 1605 | L13: 0 | M13: =K13+L13 -> 1605
B14: CAMIÑA | C14: 62 | D14: 43 | E14: =C14+D14 -> 105 | F14: =E14/$E$18 -> 0.0091615042 | G14: 83 | H14: 11 | I14: =G14+H14 -> 94 | J14: =I14/$I$18 -> 0.0034994974 | K14: =E14+I14 -> 199 | L14: 0 | M14: =K14+L14 -> 199
B15: COLCHANE | C15: 60 | D15: 36 | E15: =C15+D15 -> 96 | F15: =E15/$E$18 -> 0.0083762324 | G15: 45 | H15: 5 | I15: =G15+H15 -> 50 | J15: =I15/$I$18 -> 0.0018614348 | K15: =E15+I15 -> 146 | L15: 0 | M15: =K15+L15 -> 146
B16: HUARA | C16: 119 | D16: 88 | E16: =C16+D16 -> 207 | F16: =E16/$E$18 -> 0.018061251 | G16: 277 | H16: 23 | I16: =G16+H16 -> 300 | J16: =I16/$I$18 -> 0.011168609 | K16: =E16+I16 -> 507 | L16: 0 | M16: =K16+L16 -> 507
B17: PICA | C17: 187 | D17: 102 | E17: =C17+D17 -> 289 | F17: =E17/$E$18 -> 0.02521595 | G17: 546 | H17: 31 | I17: =G17+H17 -> 577 | J17: =I17/$I$18 -> 0.021480958 | K17: =E17+I17 -> 866 | L17: 0 | M17: =K17+L17 -> 866
B18: Totales | C18: =SUM(C11:C17) -> 6544 | D18: =SUM(D11:D17) -> 4917 | E18: =C18+D18 -> 11461 | F18: =E18/$E$18 -> 1 | G18: =SUM(G11:G17) -> 24801 | H18: =SUM(H11:H17) -> 2060 | I18: =G18+H18 -> 26861 | J18: =I18/$I$18 -> 1 | K18: =SUM(K11:K17) -> 38322 | L18: =SUM(L11:L17) -> 17 | M18: =K18+L18 -> 38339
B19: % respecto del total de solicitudes | C19: =+C18/M18 -> 0.17068781 | D19: =+D18/M18 -> 0.12825061 | E19: =+E18/M18 -> 0.29893842 | G19: =+G18/M18 -> 0.64688698 | H19: =+H18/M18 -> 0.053731188 | I19: =+I18/M18 -> 0.70061817 | K19: =+K18/M18 -> 0.99955659 | L19: =+L18/M18 -> 0.00044341271 | M19: =K19+L19 -> 1
B21: Número de Concesiones de Beneficios del Pilar Solidario según tipo de beneficio - I Región de Tarapacá
B22: ='Solicitudes Regiones'!$B$6:$R$6 -> Acumuladas de julio de 2008 a diciembre de 2021
B24: Concesiones del Pilar Solidario a nivel comunal
B25: COMUNA | C25: TOTAL PBS Y APS
C26: PBSV | D26: PBSI | E26: Total PBS | F26: % PBS | G26: APSV | H26: APSI | I26: Total APS | J26: %APS | K26: Total PBS+APS | L26: Nbis | M26: Total PBS+APS+Nbis
B27: IQUIQUE | C27: 3704 | D27: 1678 | E27: =C27+D27 -> 5382 | F27: =E27/$E$18 -> 0.46959253 | G27: 14236 | H27: 987 | I27: =G27+H27 -> 15223 | J27: =I27/$I$18 -> 0.56673244 | K27: =E27+I27 -> 20605 | L27: 1 | M27: =K27+L27 -> 20606
B28: ALTO HOSPICIO | C28: 1175 | D28: 990 | E28: =C28+D28 -> 2165 | F28: =E28/$E$18 -> 0.18890149 | G28: 4313 | H28: 537 | I28: =G28+H28 -> 4850 | J28: =I28/$I$18 -> 0.18055918 | K28: =E28+I28 -> 7015 | L28: 0 | M28: =K28+L28 -> 7015
B29: POZO ALMONTE | C29: 264 | D29: 104 | E29: =C29+D29 -> 368 | F29: =E29/$E$18 -> 0.032108891 | G29: 813 | H29: 63 | I29: =G29+H29 -> 876 | J29: =I29/$I$18 -> 0.032612338 | K29: =E29+I29 -> 1244 | L29: 0 | M29: =K29+L29 -> 1244
B30: CAMIÑA | C30: 59 | D30: 23 | E30: =C30+D30 -> 82 | F30: =E30/$E$18 -> 0.0071546985 | G30: 74 | H30: 9 | I30: =G30+H30 -> 83 | J30: =I30/$I$18 -> 0.0030899818 | K30: =E30+I30 -> 165 | L30: 0 | M30: =K30+L30 -> 165
B31: COLCHANE | C31: 56 | D31: 19 | E31: =C31+D31 -> 75 | F31: =E31/$E$18 -> 0.0065439316 | G31: 41 | H31: 5 | I31: =G31+H31 -> 46 | J31: =I31/$I$18 -> 0.00171252 | K31: =E31+I31 -> 121 | L31: 0 | M31: =K31+L31 -> 121
B32: HUARA | C32: 106 | D32: 46 | E32: =C32+D32 -> 152 | F32: =E32/$E$18 -> 0.013262368 | G32: 235 | H32: 23 | I32: =G32+H32 -> 258 | J32: =I32/$I$18 -> 0.0096050035 | K32: =E32+I32 -> 410 | L32: 0 | M32: =K32+L32 -> 410
B33: PICA | C33: 154 | D33: 60 | E33: =C33+D33 -> 214 | F33: =E33/$E$18 -> 0.018672018 | G33: 455 | H33: 21 | I33: =G33+H33 -> 476 | J33: =I33/$I$18 -> 0.017720859 | K33: =E33+I33 -> 690 | L33: 0 | M33: =K33+L33 -> 690
B34: Totales | C34: =SUM(C27:C33) -> 5518 | D34: =SUM(D27:D33) -> 2920 | E34: =C34+D34 -> 8438 | F34: =E34/$E$18 -> 0.73623593 | G34: =SUM(G27:G33) -> 20167 | H34: =SUM(H27:H33) -> 1645 | I34: =G34+H34 -> 21812 | J34: =I34/$I$18 -> 0.81203231 | K34: =SUM(K27:K33) -> 30250 | L34: =SUM(L27:L33) -> 1 | M34: =K34+L34 -> 30251
B35: % respecto del total de concesiones | C35: =+C34/M34 -> 0.18240719 | D35: =+D34/M34 -> 0.096525735 | E35: =+E34/M34 -> 0.27893293 | G35: =+G34/M34 -> 0.66665565 | H35: =+H34/M34 -> 0.054378368 | I35: =+I34/M34 -> 0.72103402 | K35: =+K34/M34 -> 0.99996694 | L35: =+L34/M34 -> 3.3056758e-05 | M35: =K35+L35 -> 1
B36: Fuente: Elaboración propia sobre la base de información del IPS.
B37: Nota: La información estadística reportada del número de solicitudes concesionadas, en trámite, rechazadas y anuladas varía mes a mes por actualización de cifras.

Sheet II
A2: Subsecretaría de Previsión Social
A3: Dirección de Estudios Previsionales
B5: Número de Solicitudes de Beneficios del Pilar Solidario según tipo de beneficio - II Región de Antofagasta | M5: Volver Sistema de Pensiones Solidadias
B6: ='Solicitudes Regiones'!$B$6:$R$6 -> Acumuladas de julio de 2008 a diciembre de 2021
B8: Distribución Regional Solicitudes del Pilar Solidario - no incluye ex Pasis
B9: COMUNA | C9: TOTAL PBS Y APS
C10: PBSV | D10: PBSI | E10: Total PBS | F10: % PBS | G10: APSV | H10: APSI | I10: Total APS | J10: %APS | K10: Total PBS+APS | L10: Nbis | M10: Total PBS+APS+Nbis
B11: ANTOFAGASTA | C11: 7832 | D11: 3974 | E11: =C11+D11 -> 11806 | F11: =E11/$E$20 -> 0.61766245 | G11: 27639 | H11: 1597 | I11: =G11+H11 -> 29236 | J11: =I11/$I$20 -> 0.65396144 | K11: =E11+I11 -> 41042 | L11: 31 | M11: =K11+L11 -> 41073
B12: MEJILLONES | C12: 241 | D12: 99 | E12: =C12+D12 -> 340 | F12: =E12/$E$20 -> 0.017788009 | G12: 821 | H12: 34 | I12: =G12+H12 -> 855 | J12: =I12/$I$20 -> 0.01912495 | K12: =E12+I12 -> 1195 | L12: 0 | M12: =K12+L12 -> 1195
B13: SIERRA GORDA | C13: 23 | D13: 13 | E13: =C13+D13 -> 36 | F13: =E13/$E$20 -> 0.0018834362 | G13: 55 | H13: 5 | I13: =G13+H13 -> 60 | J13: =I13/$I$20 -> 0.0013421017 | K13: =E13+I13 -> 96 | L13: 0 | M13: =K13+L13 -> 96
B14: TALTAL | C14: 379 | D14: 311 | E14: =C14+D14 -> 690 | F14: =E14/$E$20 -> 0.036099194 | G14: 1299 | H14: 69 | I14: =G14+H14 -> 1368 | J14: =I14/$I$20 -> 0.030599919 | K14: =E14+I14 -> 2058 | L14: 1 | M14: =K14+L14 -> 2059
B15: CALAMA | C15: 3204 | D15: 1248 | E15: =C15+D15 -> 4452 | F15: =E15/$E$20 -> 0.23291828 | G15: 9026 | H15: 466 | I15: =G15+H15 -> 9492 | J15: =I15/$I$20 -> 0.21232049 | K15: =E15+I15 -> 13944 | L15: 1 | M15: =K15+L15 -> 13945
B16: OLLAGUE | C16: 16 | D16: 1 | E16: =C16+D16 -> 17 | F16: =E16/$E$20 -> 0.00088940044 | G16: 18 | H16: 0 | I16: =G16+H16 -> 18 | J16: =I16/$I$20 -> 0.00040263052 | K16: =E16+I16 -> 35 | L16: 0 | M16: =K16+L16 -> 35
B17: SAN PEDRO DE ATACAMA | C17: 188 | D17: 54 | E17: =C17+D17 -> 242 | F17: =E17/$E$20 -> 0.012660877 | G17: 412 | H17: 15 | I17: =G17+H17 -> 427 | J17: =I17/$I$20 -> 0.0095512907 | K17: =E17+I17 -> 669 | L17: 0 | M17: =K17+L17 -> 669
B18: TOCOPILLA | C18: 861 | D18: 547 | E18: =C18+D18 -> 1408 | F18: =E18/$E$20 -> 0.073663283 | G18: 2848 | H18: 148 | I18: =G18+H18 -> 2996 | J18: =I18/$I$20 -> 0.067015613 | K18: =E18+I18 -> 4404 | L18: 3 | M18: =K18+L18 -> 4407
B19: MARIA ELENA | C19: 92 | D19: 31 | E19: =C19+D19 -> 123 | F19: =E19/$E$20 -> 0.0064350738 | G19: 246 | H19: 8 | I19: =G19+H19 -> 254 | J19: =I19/$I$20 -> 0.005681564 | K19: =E19+I19 -> 377 | L19: 0 | M19: =K19+L19 -> 377
B20: Totales | C20: =SUM(C11:C19) -> 12836 | D20: =SUM(D11:D19) -> 6278 | E20: =C20+D20 -> 19114 | F20: =E20/$E$20 -> 1 | G20: =SUM(G11:G19) -> 42364 | H20: =SUM(H11:H19) -> 2342 | I20: =G20+H20 -> 44706 | J20: =I20/$I$20 -> 1 | K20: =E20+I20 -> 63820 | L20: =SUM(L11:L19) -> 36 | M20: =K20+L20 -> 63856
B21: % respecto del total de solicitudes | C21: =+C20/M20 -> 0.20101478 | D21: =+D20/M20 -> 0.098314959 | E21: =+E20/M20 -> 0.29932974 | G21: =+G20/M20 -> 0.66343022 | H21: =+H20/M20 -> 0.036676272 | I21: =+I20/M20 -> 0.70010649 | K21: =+K20/M20 -> 0.99943623 | L21: =+L20/M20 -> 0.00056376848 | M21: =K21+L21 -> 1
B23: Número de Concesiones de Beneficios del Pilar Solidario según tipo de beneficio - II Región de Antofagasta
B24: ='Solicitudes Regiones'!$B$6:$R$6 -> Acumuladas de julio de 2008 a diciembre de 2021
B26: Concesiones del Pilar Solidario a nivel comunal
B27: COMUNA | C27: TOTAL PBS Y APS
C28: PBSV | D28: PBSI | E28: Total PBS | F28: % PBS | G28: APSV | H28: APSI | I28: Total APS | J28: %APS | K28: Total PBS+APS | L28: Nbis | M28: Total PBS+APS+Nbis
B29: ANTOFAGASTA | C29: 6306 | D29: 2431 | E29: =D29+C29 -> 8737 | F29: =E29/$E$38 -> 0.62061372 | G29: 22240 | H29: 1305 | I29: =G29+H29 -> 23545 | J29: =I29/$I$38 -> 0.65431859 | K29: =E29+I29 -> 32282 | L29: 1 | M29: =K29+L29 -> 32283
B30: MEJILLONES | C30: 175 | D30: 50 | E30: =D30+C30 -> 225 | F30: =E30/$E$38 -> 0.015982384 | G30: 635 | H30: 28 | I30: =G30+H30 -> 663 | J30: =I30/$I$38 -> 0.018424855 | K30: =E30+I30 -> 888 | L30: 0 | M30: =K30+L30 -> 888
B31: SIERRA GORDA | C31: 20 | D31: 8 | E31: =D31+C31 -> 28 | F31: =E31/$E$38 -> 0.0019889189 | G31: 45 | H31: 4 | I31: =G31+H31 -> 49 | J31: =I31/$I$38 -> 0.0013617163 | K31: =E31+I31 -> 77 | L31: 0 | M31: =K31+L31 -> 77
B32: TALTAL | C32: 302 | D32: 152 | E32: =D32+C32 -> 454 | F32: =E32/$E$38 -> 0.032248899 | G32: 1028 | H32: 49 | I32: =G32+H32 -> 1077 | J32: =I32/$I$38 -> 0.029929969 | K32: =E32+I32 -> 1531 | L32: 0 | M32: =K32+L32 -> 1531
B33: CALAMA | C33: 2537 | D33: 811 | E33: =D33+C33 -> 3348 | F33: =E33/$E$38 -> 0.23781787 | G33: 7233 | H33: 374 | I33: =G33+H33 -> 7607 | J33: =I33/$I$38 -> 0.21139951 | K33: =E33+I33 -> 10955 | L33: 0 | M33: =K33+L33 -> 10955
B34: OLLAGUE | C34: 15 | D34: 1 | E34: =D34+C34 -> 16 | F34: =E34/$E$38 -> 0.0011365251 | G34: 15 | H34: 0 | I34: =G34+H34 -> 15 | J34: =I34/$I$38 -> 0.00041685193 | K34: =E34+I34 -> 31 | L34: 0 | M34: =K34+L34 -> 31
B35: SAN PEDRO DE ATACAMA | C35: 160 | D35: 33 | E35: =D35+C35 -> 193 | F35: =E35/$E$38 -> 0.013709334 | G35: 339 | H35: 11 | I35: =G35+H35 -> 350 | J35: =I35/$I$38 -> 0.0097265451 | K35: =E35+I35 -> 543 | L35: 0 | M35: =K35+L35 -> 543
B36: TOCOPILLA | C36: 700 | D36: 295 | E36: =D36+C36 -> 995 | F36: =E36/$E$38 -> 0.070677653 | G36: 2361 | H36: 117 | I36: =G36+H36 -> 2478 | J36: =I36/$I$38 -> 0.06886394 | K36: =E36+I36 -> 3473 | L36: 0 | M36: =K36+L36 -> 3473
B37: MARIA ELENA | C37: 66 | D37: 16 | E37: =D37+C37 -> 82 | F37: =E37/$E$38 -> 0.005824691 | G37: 194 | H37: 6 | I37: =G37+H37 -> 200 | J37: =I37/$I$38 -> 0.0055580258 | K37: =E37+I37 -> 282 | L37: 0 | M37: =K37+L37 -> 282
B38: Totales | C38: =SUM(C29:C37) -> 10281 | D38: =SUM(D29:D37) -> 3797 | E38: =D38+C38 -> 14078 | F38: =E38/$E$38 -> 1 | G38: =SUM(G29:G37) -> 34090 | H38: =SUM(H29:H37) -> 1894 | I38: =G38+H38 -> 35984 | J38: =I38/$I$38 -> 1 | K38: =SUM(K29:K37) -> 50062 | L38: =SUM(L29:L37) -> 1 | M38: =K38+L38 -> 50063
B39: % respecto del total de concesiones | C39: =+C38/M38 -> 0.20536124 | D39: =+D38/M38 -> 0.075844436 | E39: =+E38/M38 -> 0.28120568 | G39: =+G38/M38 -> 0.68094201 | H39: =+H38/M38 -> 0.037832331 | I39: =+I38/M38 -> 0.71877434 | K39: =+K38/M38 -> 0.99998003 | L39: =+L38/M38 -> 1.9974832e-05 | M39: =K39+L39 -> 1
B40: Fuente: Elaboración propia sobre la base de información del IPS.
B41: Nota: La información estadística reportada del número de solicitudes concesionadas, en trámite, rechazadas y anuladas varía mes a mes por actualización de cifras.
B131: Copiar extraccion TODOS desde casilla A140, luego formatear numeros con punto sindecimales

Sheet III
A2: Subsecretaría de Previsión Social
A3: Dirección de Estudios Previsionales
B5: Número de Solicitudes de Beneficios del Pilar Solidario según tipo de beneficio - III Región de Atacama | M5: Volver Sistema de Pensiones Solidadias
B6: ='Solicitudes Regiones'!$B$6:$R$6 -> Acumuladas de julio de 2008 a diciembre de 2021
B8: Distribución Regional Solicitudes del Pilar Solidario - no incluye ex Pasis
B9: COMUNA | C9: TOTAL PBS Y APS
C10: PBSV | D10: PBSI | E10: Total PBS | F10: % PBS | G10: APSV | H10: APSI | I10: Total APS | J10: %APS | K10: Total PBS+APS | L10: Nbis | M10: Total PBS+APS+Nbis
B11: COPIAPO | C11: 3849 | D11: 1983 | E11: =C11+D11 -> 5832 | F11: =E11/$E$20 -> 0.46960303 | G11: 13482 | H11: 840 | I11: =G11+H11 -> 14322 | J11: =I11/$I$20 -> 0.49598282 | K11: =E11+I11 -> 20154 | L11: 15 | M11: =K11+L11 -> 20169
B12: CALDERA | C12: 446 | D12: 251 | E12: =C12+D12 -> 697 | F12: =E12/$E$20 -> 0.056123681 | G12: 1612 | H12: 98 | I12: =G12+H12 -> 1710 | J12: =I12/$I$20 -> 0.059218728 | K12: =E12+I12 -> 2407 | L12: 3 | M12: =K12+L12 -> 2410
B13: TIERRA AMARILLA | C13: 288 | D13: 208 | E13: =C13+D13 -> 496 | F13: =E13/$E$20 -> 0.039938803 | G13: 1019 | H13: 64 | I13: =G13+H13 -> 1083 | J13: =I13/$I$20 -> 0.037505195 | K13: =E13+I13 -> 1579 | L13: 3 | M13: =K13+L13 -> 1582
B14: CHAÑARAL | C14: 517 | D14: 237 | E14: =C14+D14 -> 754 | F14: =E14/$E$20 -> 0.060713423 | G14: 1441 | H14: 88 | I14: =G14+H14 -> 1529 | J14: =I14/$I$20 -> 0.052950547 | K14: =E14+I14 -> 2283 | L14: 0 | M14: =K14+L14 -> 2283
B15: DIEGO DE ALMAGRO | C15: 324 | D15: 230 | E15: =C15+D15 -> 554 | F15: =E15/$E$20 -> 0.044609067 | G15: 882 | H15: 49 | I15: =G15+H15 -> 931 | J15: =I15/$I$20 -> 0.032241308 | K15: =E15+I15 -> 1485 | L15: 0 | M15: =K15+L15 -> 1485
B16: VALLENAR | C16: 1955 | D16: 939 | E16: =C16+D16 -> 2894 | F16: =E16/$E$20 -> 0.23303003 | G16: 6545 | H16: 289 | I16: =G16+H16 -> 6834 | J16: =I16/$I$20 -> 0.23666713 | K16: =E16+I16 -> 9728 | L16: 5 | M16: =K16+L16 -> 9733
B17: ALTO DEL CARMEN | C17: 215 | D17: 114 | E17: =C17+D17 -> 329 | F17: =E17/$E$20 -> 0.026491666 | G17: 600 | H17: 26 | I17: =G17+H17 -> 626 | J17: =I17/$I$20 -> 0.021678903 | K17: =E17+I17 -> 955 | L17: 0 | M17: =K17+L17 -> 955
B18: FREIRINA | C18: 239 | D18: 113 | E18: =C18+D18 -> 352 | F18: =E18/$E$20 -> 0.028343667 | G18: 726 | H18: 35 | I18: =G18+H18 -> 761 | J18: =I18/$I$20 -> 0.026354066 | K18: =E18+I18 -> 1113 | L18: 1 | M18: =K18+L18 -> 1114
B19: HUASCO | C19: 372 | D19: 139 | E19: =C19+D19 -> 511 | F19: =E19/$E$20 -> 0.04114663 | G19: 1031 | H19: 49 | I19: =G19+H19 -> 1080 | J19: =I19/$I$20 -> 0.037401302 | K19: =E19+I19 -> 1591 | L19: 4 | M19: =K19+L19 -> 1595
B20: Totales | C20: =SUM(C11:C19) -> 8205 | D20: =SUM(D11:D19) -> 4214 | E20: =C20+D20 -> 12419 | F20: =E20/$E$20 -> 1 | G20: =SUM(G11:G19) -> 27338 | H20: =SUM(H11:H19) -> 1538 | I20: =G20+H20 -> 28876 | J20: =I20/$I$20 -> 1 | K20: =E20+I20 -> 41295 | L20: =SUM(L11:L19) -> 31 | M20: =K20+L20 -> 41326
B21: % respecto del total de solicitudes | C21: =+C20/M20 -> 0.19854329 | D21: =+D20/M20 -> 0.1019697 | E21: =+E20/M20 -> 0.30051299 | G21: =+G20/M20 -> 0.66152059 | H21: =+H20/M20 -> 0.03721628 | I21: =+I20/M20 -> 0.69873687 | K21: =+K20/M20 -> 0.99924987 | L21: =+L20/M20 -> 0.00075013309 | M21: =K21+L21 -> 1
B23: Número de concesiones de Beneficios del Pilar Solidario según tipo de beneficio - III Región de Atacama
B24: ='Solicitudes Regiones'!$B$6:$R$6 -> Acumuladas de julio de 2008 a diciembre de 2021
B26: Concesiones del Pilar Solidario a nivel comunal
B27: COMUNA | C27: TOTAL PBS Y APS
C28: PBSV | D28: PBSI | E28: Total PBS | F28: % PBS | G28: APSV | H28: APSI | I28: Total APS | J28: %APS | K28: Total PBS+APS | L28: Nbis | M28: Total PBS+APS+Nbis
B29: COPIAPO | C29: 3315 | D29: 1263 | E29: =C29+D29 -> 4578 | F29: =E29/$E$38 -> 0.4730805 | G29: 11332 | H29: 701 | I29: =G29+H29 -> 12033 | J29: =I29/$I$38 -> 0.49250982 | K29: =E29+I29 -> 16611 | L29: 0 | M29: =K29+L29 -> 16611
B30: CALDERA | C30: 388 | D30: 159 | E30: =C30+D30 -> 547 | F30: =E30/$E$38 -> 0.056525783 | G30: 1361 | H30: 81 | I30: =G30+H30 -> 1442 | J30: =I30/$I$38 -> 0.059020956 | K30: =E30+I30 -> 1989 | L30: 0 | M30: =K30+L30 -> 1989
B31: TIERRA AMARILLA | C31: 251 | D31: 125 | E31: =C31+D31 -> 376 | F31: =E31/$E$38 -> 0.038855017 | G31: 887 | H31: 51 | I31: =G31+H31 -> 938 | J31: =I31/$I$38 -> 0.038392272 | K31: =E31+I31 -> 1314 | L31: 0 | M31: =K31+L31 -> 1314
B32: CHAÑARAL | C32: 430 | D32: 146 | E32: =C32+D32 -> 576 | F32: =E32/$E$38 -> 0.059522579 | G32: 1217 | H32: 54 | I32: =G32+H32 -> 1271 | J32: =I32/$I$38 -> 0.052021938 | K32: =E32+I32 -> 1847 | L32: 0 | M32: =K32+L32 -> 1847
B33: DIEGO DE ALMAGRO | C33: 246 | D33: 126 | E33: =C33+D33 -> 372 | F33: =E33/$E$38 -> 0.038441666 | G33: 742 | H33: 33 | I33: =G33+H33 -> 775 | J33: =I33/$I$38 -> 0.031720694 | K33: =E33+I33 -> 1147 | L33: 0 | M33: =K33+L33 -> 1147
B34: VALLENAR | C34: 1690 | D34: 598 | E34: =C34+D34 -> 2288 | F34: =E34/$E$38 -> 0.23643691 | G34: 5603 | H34: 248 | I34: =G34+H34 -> 5851 | J34: =I34/$I$38 -> 0.23948101 | K34: =E34+I34 -> 8139 | L34: 0 | M34: =K34+L34 -> 8139
B35: ALTO DEL CARMEN | C35: 201 | D35: 66 | E35: =C35+D35 -> 267 | F35: =E35/$E$38 -> 0.027591196 | G35: 521 | H35: 25 | I35: =G35+H35 -> 546 | J35: =I35/$I$38 -> 0.022347741 | K35: =E35+I35 -> 813 | L35: 0 | M35: =K35+L35 -> 813
B36: FREIRINA | C36: 199 | D36: 83 | E36: =C36+D36 -> 282 | F36: =E36/$E$38 -> 0.029141263 | G36: 630 | H36: 25 | I36: =G36+H36 -> 655 | J36: =I36/$I$38 -> 0.026809103 | K36: =E36+I36 -> 937 | L36: 0 | M36: =K36+L36 -> 937
B37: HUASCO | C37: 305 | D37: 86 | E37: =C37+D37 -> 391 | F37: =E37/$E$38 -> 0.040405084 | G37: 876 | H37: 45 | I37: =G37+H37 -> 921 | J37: =I37/$I$38 -> 0.037696464 | K37: =E37+I37 -> 1312 | L37: 0 | M37: =K37+L37 -> 1312
B38: Totales | C38: =SUM(C29:C37) -> 7025 | D38: =SUM(D29:D37) -> 2652 | E38: =C38+D38 -> 9677 | F38: =E38/$E$38 -> 1 | G38: =SUM(G29:G37) -> 23169 | H38: =SUM(H29:H37) -> 1263 | I38: =G38+H38 -> 24432 | J38: =I38/$I$38 -> 1 | K38: =E38+I38 -> 34109 | L38: =SUM(L29:L37) -> 0 | M38: =K38+L38 -> 34109
B39: % respecto del total de concesiones | C39: =+C38/M38 -> 0.20595737 | D39: =+D38/M38 -> 0.07775074 | E39: =+E38/M38 -> 0.28370811 | G39: =+G38/M38 -> 0.67926354 | H39: =+H38/M38 -> 0.03702835 | I39: =+I38/M38 -> 0.71629189 | K39: =+K38/M38 -> 1 | L39: =+L38/M38 -> 0 | M39: =K39+L39 -> 1
B40: Fuente: Elaboración propia sobre la base de información del IPS.
B41: Nota: La información estadística reportada del número de solicitudes concesionadas, en trámite, rechazadas y anuladas varía mes a mes por actualización de cifras.
B131: Copiar extraccion TODOS desde casilla A140, luego formatear numeros con punto sindecimales

Sheet IV
A2: Subsecretaría de Previsión Social
A3: Dirección de Estudios Previsionales
B5: Número de Solicitudes de Beneficios del Pilar Solidario según tipo de beneficio - IV Región de Coquimbo | M5: Volver Sistema de Pensiones Solidadias
B6: ='Solicitudes Regiones'!$B$6:$R$6 -> Acumuladas de julio de 2008 a diciembre de 2021
B8: Distribución Regional Solicitudes del Pilar Solidario - no incluye ex Pasis
B9: COMUNA | C9: TOTAL PBS Y APS
C10: PBSV | D10: PBSI | E10: Total PBS | F10: % PBS | G10: APSV | H10: APSI | I10: Total APS | J10: %APS | K10: Total PBS+APS | L10: Nbis | M10: Total PBS+APS+Nbis
B11: LA SERENA | C11: 5640 | D11: 2790 | E11: =C11+D11 -> 8430 | F11: =E11/$E$26 -> 0.23658509 | G11: 21542 | H11: 1201 | I11: =G11+H11 -> 22743 | J11: =I11/$I$26 -> 0.26698049 | K11: =E11+I11 -> 31173 | L11: 26 | M11: =L11+K11 -> 31199
B12: COQUIMBO | C12: 6495 | D12: 3116 | E12: =C12+D12 -> 9611 | F12: =E12/$E$26 -> 0.26972946 | G12: 23499 | H12: 1260 | I12: =G12+H12 -> 24759 | J12: =I12/$I$26 -> 0.29064635 | K12: =E12+I12 -> 34370 | L12: 17 | M12: =L12+K12 -> 34387
B13: ANDACOLLO | C13: 404 | D13: 242 | E13: =C13+D13 -> 646 | F13: =E13/$E$26 -> 0.018129771 | G13: 1464 | H13: 66 | I13: =G13+H13 -> 1530 | J13: =I13/$I$26 -> 0.017960698 | K13: =E13+I13 -> 2176 | L13: 0 | M13: =L13+K13 -> 2176
B14: LA HIGUERA | C14: 178 | D14: 75 | E14: =C14+D14 -> 253 | F14: =E14/$E$26 -> 0.0071003592 | G14: 435 | H14: 28 | I14: =G14+H14 -> 463 | J14: =I14/$I$26 -> 0.0054351654 | K14: =E14+I14 -> 716 | L14: 0 | M14: =L14+K14 -> 716
B15: PAIHUANO | C15: 134 | D15: 58 | E15: =C15+D15 -> 192 | F15: =E15/$E$26 -> 0.0053884149 | G15: 600 | H15: 20 | I15: =G15+H15 -> 620 | J15: =I15/$I$26 -> 0.0072781913 | K15: =E15+I15 -> 812 | L15: 0 | M15: =L15+K15 -> 812
B16: VICUÑA | C16: 687 | D16: 409 | E16: =C16+D16 -> 1096 | F16: =E16/$E$26 -> 0.030758868 | G16: 3256 | H16: 188 | I16: =G16+H16 -> 3444 | J16: =I16/$I$26 -> 0.040429179 | K16: =E16+I16 -> 4540 | L16: 1 | M16: =L16+K16 -> 4541
B17: ILLAPEL | C17: 1349 | D17: 579 | E17: =C17+D17 -> 1928 | F17: =E17/$E$26 -> 0.054108666 | G17: 4232 | H17: 223 | I17: =G17+H17 -> 4455 | J17: =I17/$I$26 -> 0.052297326 | K17: =E17+I17 -> 6383 | L17: 3 | M17: =L17+K17 -> 6386
B18: CANELA | C18: 513 | D18: 233 | E18: =C18+D18 -> 746 | F18: =E18/$E$26 -> 0.020936237 | G18: 987 | H18: 63 | I18: =G18+H18 -> 1050 | J18: =I18/$I$26 -> 0.012325969 | K18: =E18+I18 -> 1796 | L18: 0 | M18: =L18+K18 -> 1796
B19: LOS VILOS | C19: 787 | D19: 362 | E19: =C19+D19 -> 1149 | F19: =E19/$E$26 -> 0.032246295 | G19: 2416 | H19: 132 | I19: =G19+H19 -> 2548 | J19: =I19/$I$26 -> 0.029911018 | K19: =E19+I19 -> 3697 | L19: 2 | M19: =L19+K19 -> 3699
B20: SALAMANCA | C20: 1182 | D20: 514 | E20: =C20+D20 -> 1696 | F20: =E20/$E$26 -> 0.047597665 | G20: 3360 | H20: 149 | I20: =G20+H20 -> 3509 | J20: =I20/$I$26 -> 0.041192215 | K20: =E20+I20 -> 5205 | L20: 3 | M20: =L20+K20 -> 5208
B21: OVALLE | C21: 4213 | D21: 1816 | E21: =C21+D21 -> 6029 | F21: =E21/$E$26 -> 0.16920184 | G21: 12082 | H21: 706 | I21: =G21+H21 -> 12788 | J21: =I21/$I$26 -> 0.15011856 | K21: =E21+I21 -> 18817 | L21: 7 | M21: =L21+K21 -> 18824
B22: COMBARBALA | C22: 631 | D22: 327 | E22: =C22+D22 -> 958 | F22: =E22/$E$26 -> 0.026885945 | G22: 2063 | H22: 89 | I22: =G22+H22 -> 2152 | J22: =I22/$I$26 -> 0.025262367 | K22: =E22+I22 -> 3110 | L22: 3 | M22: =L22+K22 -> 3113
... B25: RIO HURTADO | C25: 266 | D25: 79 | E25: =C25+D25 -> 345 | F25: =E25/$E$26 -> 0.009682308 | G25: 495 | H25: 21 | I25: =G25+H25 -> 516 | J25: =I25/$I$26 -> 0.0060573334 | K25: =E25+I25 -> 861 | L25: 0 | M25: =L25+K25 -> 861
B26: Totales | C26: =SUM(C11:C25) -> 24051 | D26: =SUM(D11:D25) -> 11581 | E26: =C26+D26 -> 35632 | F26: =E26/$E$26 -> 1 | G26: =SUM(G11:G25) -> 80724 | H26: =SUM(H11:H25) -> 4462 | I26: =G26+H26 -> 85186 | J26: =I26/$I$26 -> 1 | K26: =E26+I26 -> 120818 | L26: =SUM(L11:L25) -> 65 | M26: =L26+K26 -> 120883
B27: % respecto del total de solicitudes | C27: =+C26/M26 -> 0.19896098 | D27: =+D26/M26 -> 0.09580338 | E27: =+E26/M26 -> 0.29476436 | G27: =+G26/M26 -> 0.66778621 | H27: =+H26/M26 -> 0.036911725 | I27: =+I26/M26 -> 0.70469793 | K27: =+K26/M26 -> 0.99946229 | L27: =+L26/M26 -> 0.00053771002 | M27: =K27+L27 -> 1
B29: Número de Concesiones de Beneficios del Pilar Solidario según tipo de beneficio - IV Región de Coquimbo
B30: ='Solicitudes Regiones'!$B$6:$R$6 -> Acumuladas de julio de 2008 a diciembre de 2021
B32: Concesiones del Pilar Solidario a nivel comunal
B33: COMUNA | C33: TOTAL PBS Y APS
C34: PBSV | D34: PBSI | E34: Total PBS | F34: % PBS | G34: APSV | H34: APSI | I34: Total APS | J34: %APS | K34: Total PBS+APS | L34: Nbis | M34: Total PBS+APS+Nbis
B35: LA SERENA | C35: 4746 | D35: 1910 | E35: =C35+D35 -> 6656 | F35: =E35/$E$50 -> 0.23636364 | G35: 17322 | H35: 1052 | I35: =G35+H35 -> 18374 | J35: =I35/$I$50 -> 0.25360589 | K35: =E35+I35 -> 25030 | L35: 2 | M35: =L35+K35 -> 25032
B36: COQUIMBO | C36: 5540 | D36: 1976 | E36: =C36+D36 -> 7516 | F36: =E36/$E$50 -> 0.26690341 | G36: 19656 | H36: 1133 | I36: =G36+H36 -> 20789 | J36: =I36/$I$50 -> 0.28693876 | K36: =E36+I36 -> 28305 | L36: 2 | M36: =L36+K36 -> 28307
B37: ANDACOLLO | C37: 357 | D37: 120 | E37: =C37+D37 -> 477 | F37: =E37/$E$50 -> 0.01693892 | G37: 1320 | H37: 59 | I37: =G37+H37 -> 1379 | J37: =I37/$I$50 -> 0.019033554 | K37: =E37+I37 -> 1856 | L37: 0 | M37: =L37+K37 -> 1856
B38: LA HIGUERA | C38: 164 | D38: 48 | E38: =C38+D38 -> 212 | F38: =E38/$E$50 -> 0.0075284091 | G38: 383 | H38: 26 | I38: =G38+H38 -> 409 | J38: =I38/$I$50 -> 0.0056451947 | K38: =E38+I38 -> 621 | L38: 0 | M38: =L38+K38 -> 621
B39: PAIHUANO | C39: 121 | D39: 37 | E39: =C39+D39 -> 158 | F39: =E39/$E$50 -> 0.0056107955 | G39: 521 | H39: 17 | I39: =G39+H39 -> 538 | J39: =I39/$I$50 -> 0.0074257084 | K39: =E39+I39 -> 696 | L39: 0 | M39: =L39+K39 -> 696
B40: VICUÑA | C40: 596 | D40: 246 | E40: =C40+D40 -> 842 | F40: =E40/$E$50 -> 0.029900568 | G40: 2849 | H40: 169 | I40: =G40+H40 -> 3018 | J40: =I40/$I$50 -> 0.04165574 | K40: =E40+I40 -> 3860 | L40: 0 | M40: =L40+K40 -> 3860
B41: ILLAPEL | C41: 1193 | D41: 339 | E41: =C41+D41 -> 1532 | F41: =E41/$E$50 -> 0.054403409 | G41: 3652 | H41: 193 | I41: =G41+H41 -> 3845 | J41: =I41/$I$50 -> 0.053070351 | K41: =E41+I41 -> 5377 | L41: 0 | M41: =L41+K41 -> 5377
B42: CANELA | C42: 483 | D42: 127 | E42: =C42+D42 -> 610 | F42: =E42/$E$50 -> 0.021661932 | G42: 899 | H42: 58 | I42: =G42+H42 -> 957 | J42: =I42/$I$50 -> 0.013208927 | K42: =E42+I42 -> 1567 | L42: 0 | M42: =L42+K42 -> 1567
B43: LOS VILOS | C43: 701 | D43: 208 | E43: =C43+D43 -> 909 | F43: =E43/$E$50 -> 0.03227983 | G43: 2129 | H43: 110 | I43: =G43+H43 -> 2239 | J43: =I43/$I$50 -> 0.030903645 | K43: =E43+I43 -> 3148 | L43: 0 | M43: =L43+K43 -> 3148
B44: SALAMANCA | C44: 1055 | D44: 306 | E44: =C44+D44 -> 1361 | F44: =E44/$E$50 -> 0.048330966 | G44: 2935 | H44: 124 | I44: =G44+H44 -> 3059 | J44: =I44/$I$50 -> 0.042221639 | K44: =E44+I44 -> 4420 | L44: 0 | M44: =L44+K44 -> 4420
B45: OVALLE | C45: 3764 | D45: 1179 | E45: =C45+D45 -> 4943 | F45: =E45/$E$50 -> 0.17553267 | G45: 10652 | H45: 599 | I45: =G45+H45 -> 11251 | J45: =I45/$I$50 -> 0.15529116 | K45: =E45+I45 -> 16194 | L45: 0 | M45: =L45+K45 -> 16194
B46: COMBARBALA | C46: 577 | D46: 171 | E46: =C46+D46 -> 748 | F46: =E46/$E$50 -> 0.0265625 | G46: 1871 | H46: 81 | I46: =G46+H46 -> 1952 | J46: =I46/$I$50 -> 0.026942347 | K46: =E46+I46 -> 2700 | L46: 0 | M46: =L46+K46 -> 2700
... B49: RIO HURTADO | C49: 247 | D49: 49 | E49: =C49+D49 -> 296 | F49: =E49/$E$50 -> 0.010511364 | G49: 474 | H49: 19 | I49: =G49+H49 -> 493 | J49: =I49/$I$50 -> 0.006804599 | K49: =E49+I49 -> 789 | L49: 0 | M49: =L49+K49 -> 789
B50: Totales | C50: =SUM(C35:C49) -> 20933 | D50: =SUM(D35:D49) -> 7227 | E50: =C50+D50 -> 28160 | F50: =E50/$E$50 -> 1 | G50: =SUM(G35:G49) -> 68554 | H50: =SUM(H35:H49) -> 3897 | I50: =G50+H50 -> 72451 | J50: =I50/$I$50 -> 1 | K50: =E50+I50 -> 100611 | L50: =SUM(L35:L49) -> 4 | M50: =L50+K50 -> 100615
B51: % respecto del total de concesiones | C51: =+C50/M50 -> 0.20805049 | D51: =+D50/M50 -> 0.071828256 | E51: =+E50/M50 -> 0.27987875 | G51: =+G50/M50 -> 0.6813497 | H51: =+H50/M50 -> 0.038731799 | I51: =+I50/M50 -> 0.7200815 | K51: =+K50/M50 -> 0.99996024 | L51: =+L50/M50 -> 3.9755504e-05 | M51: =K51+L51 -> 1
B52: Fuente: Elaboración propia sobre la base de información del IPS.
B53: Nota: La información estadística reportada del número de solicitudes concesionadas, en trámite, rechazadas y anuladas varía mes a mes por actualización de cifras.
B143: Copiar extraccion TODOS desde casilla A140, luego formatear numeros con punto sindecimales

Sheet V
A2: Subsecretaría de Previsión Social
A3: Dirección de Estudios Previsionales
B5: Número de Solicitudes de Beneficios del Pilar Solidario según tipo de beneficio - V Región de Vaparaíso | M5: Volver Sistema de Pensiones Solidadias
B6: ='Solicitudes Regiones'!$B$6:$R$6 -> Acumuladas de julio de 2008 a diciembre de 2021
B8: Distribución Regional Solicitudes del Pilar Solidario - no incluye ex Pasis
B9: COMUNA | C9: TOTAL PBS Y APS
C10: PBSV | D10: PBSI | E10: Total PBS | F10: % PBS | G10: APSV | H10: APSI | I10: Total APS | J10: %APS | K10: Total PBS+APS | L10: Nbis | M10: Total PBS+APS+Nbis
B11: VALPARAISO | C11: 10094 | D11: 5777 | E11: =C11+D11 -> 15871 | F11: =E11/$E$49 -> 0.17998208 | G11: 37414 | H11: 2579 | I11: =G11+H11 -> 39993 | J11: =I11/$I$49 -> 0.17267762 | K11: =E11+I11 -> 55864 | L11: 21 | M11: =L11+K11 -> 55885
B12: CONCON | C12: 1124 | D12: 503 | E12: =C12+D12 -> 1627 | F12: =E12/$E$49 -> 0.018450687 | G12: 3481 | H12: 185 | I12: =G12+H12 -> 3666 | J12: =I12/$I$49 -> 0.015828674 | K12: =E12+I12 -> 5293 | L12: 6 | M12: =L12+K12 -> 5299
B13: PUCHUNCAVI | C13: 821 | D13: 293 | E13: =C13+D13 -> 1114 | F13: =E13/$E$49 -> 0.012633107 | G13: 2259 | H13: 103 | I13: =G13+H13 -> 2362 | J13: =I13/$I$49 -> 0.010198398 | K13: =E13+I13 -> 3476 | L13: 1 | M13: =L13+K13 -> 3477
B14: VIÑA DEL MAR | C14: 9417 | D14: 3876 | E14: =C14+D14 -> 13293 | F14: =E14/$E$49 -> 0.15074676 | G14: 38709 | H14: 1961 | I14: =G14+H14 -> 40670 | J14: =I14/$I$49 -> 0.1756007 | K14: =E14+I14 -> 53963 | L14: 25 | M14: =L14+K14 -> 53988
B15: ISLA DE PASCUA | C15: 126 | D15: 74 | E15: =C15+D15 -> 200 | F15: =E15/$E$49 -> 0.0022680623 | G15: 364 | H15: 35 | I15: =G15+H15 -> 399 | J15: =I15/$I$49 -> 0.0017227607 | K15: =E15+I15 -> 599 | L15: 0 | M15: =L15+K15 -> 599
B16: LOS ANDES | C16: 1870 | D16: 896 | E16: =C16+D16 -> 2766 | F16: =E16/$E$49 -> 0.031367301 | G16: 8372 | H16: 455 | I16: =G16+H16 -> 8827 | J16: =I16/$I$49 -> 0.038112303 | K16: =E16+I16 -> 11593 | L16: 4 | M16: =L16+K16 -> 11597
B17: RINCONADA | C17: 187 | D17: 115 | E17: =C17+D17 -> 302 | F17: =E17/$E$49 -> 0.003424774 | G17: 1028 | H17: 68 | I17: =G17+H17 -> 1096 | J17: =I17/$I$49 -> 0.0047321949 | K17: =E17+I17 -> 1398 | L17: 0 | M17: =L17+K17 -> 1398
B18: SAN ESTEBAN | C18: 499 | D18: 285 | E18: =C18+D18 -> 784 | F18: =E18/$E$49 -> 0.0088908041 | G18: 2100 | H18: 110 | I18: =G18+H18 -> 2210 | J18: =I18/$I$49 -> 0.0095421083 | K18: =E18+I18 -> 2994 | L18: 0 | M18: =L18+K18 -> 2994
B19: PAPUDO | C19: 212 | D19: 112 | E19: =C19+D19 -> 324 | F19: =E19/$E$49 -> 0.0036742609 | G19: 616 | H19: 56 | I19: =G19+H19 -> 672 | J19: =I19/$I$49 -> 0.0029014918 | K19: =E19+I19 -> 996 | L19: 0 | M19: =L19+K19 -> 996
B20: LA CALERA | C20: 2110 | D20: 1080 | E20: =C20+D20 -> 3190 | F20: =E20/$E$49 -> 0.036175593 | G20: 7034 | H20: 505 | I20: =G20+H20 -> 7539 | J20: =I20/$I$49 -> 0.032551111 | K20: =E20+I20 -> 10729 | L20: 1 | M20: =L20+K20 -> 10730
B21: HIJUELAS | C21: 774 | D21: 482 | E21: =C21+D21 -> 1256 | F21: =E21/$E$49 -> 0.014243431 | G21: 2030 | H21: 193 | I21: =G21+H21 -> 2223 | J21: =I21/$I$49 -> 0.0095982384 | K21: =E21+I21 -> 3479 | L21: 0 | M21: =L21+K21 -> 3479
B22: LA CRUZ | C22: 459 | D22: 207 | E22: =C22+D22 -> 666 | F22: =E22/$E$49 -> 0.0075526474 | G22: 1731 | H22: 136 | I22: =G22+H22 -> 1867 | J22: =I22/$I$49 -> 0.0080611386 | K22: =E22+I22 -> 2533 | L22: 1 | M22: =L22+K22 -> 2534
... B48: VILLA ALEMANA | C48: 3287 | D48: 1957 | E48: =C48+D48 -> 5244 | F48: =E48/$E$49 -> 0.059468593 | G48: 12381 | H48: 759 | I48: =G48+H48 -> 13140 | J48: =I48/$I$49 -> 0.056734526 | K48: =E48+I48 -> 18384 | L48: 8 | M48: =L48+K48 -> 18392
B49: Totales | C49: =SUM(C11:C48) -> 58556 | D49: =SUM(D11:D48) -> 29625 | E49: =C49+D49 -> 88181 | F49: =E49/$E$49 -> 1 | G49: =SUM(G11:G48) -> 218279 | H49: =SUM(H11:H48) -> 13326 | I49: =G49+H49 -> 231605 | J49: =I49/$I$49 -> 1 | K49: =E49+I49 -> 319786 | L49: =SUM(L11:L48) -> 117 | M49: =L49+K49 -> 319903
B50: % respecto del total de solicitudes | C50: =+C49/M49 -> 0.18304298 | D50: =+D49/M49 -> 0.092606196 | E50: =+E49/M49 -> 0.27564918 | G50: =+G49/M49 -> 0.68232871 | H50: =+H49/M49 -> 0.041656377 | I50: =+I49/M49 -> 0.72398508 | K50: =+K49/M49 -> 0.99963426 | L50: =+L49/M49 -> 0.00036573586 | M50: =K50+L50 -> 1
B52: Número de Concesiones de Beneficios del Pilar Solidario según tipo de beneficio - V Región de Vaparaíso
B53: ='Solicitudes Regiones'!$B$6:$R$6 -> Acumuladas de julio de 2008 a diciembre de 2021
B55: Concesiones del Pilar Solidario a nivel comunal
B56: COMUNA | C56: TOTAL PBS Y APS
C57: PBSV | D57: PBSI | E57: Total PBS | F57: % PBS | G57: APSV | H57: APSI | I57: Total APS | J57: %APS | K57: Total PBS+APS | L57: Nbis | M57: Total PBS+APS+Nbis
B58: VALPARAISO | C58: 9073 | D58: 4025 | E58: =C58+D58 -> 13098 | F58: =E58/$E$96 -> 0.18679673 | G58: 31449 | H58: 2222 | I58: =G58+H58 -> 33671 | J58: =I58/$I$96 -> 0.17377235 | K58: =E58+I58 -> 46769 | L58: 0 | M58: =L58+K58 -> 46769
B59: CONCON | C59: 923 | D59: 342 | E59: =C59+D59 -> 1265 | F59: =E59/$E$96 -> 0.018040759 | G59: 2849 | H59: 158 | I59: =G59+H59 -> 3007 | J59: =I59/$I$96 -> 0.015518799 | K59: =E59+I59 -> 4272 | L59: 0 | M59: =L59+K59 -> 4272
B60: PUCHUNCAVI | C60: 679 | D60: 159 | E60: =C60+D60 -> 838 | F60: =E60/$E$96 -> 0.011951112 | G60: 1847 | H60: 93 | I60: =G60+H60 -> 1940 | J60: =I60/$I$96 -> 0.010012128 | K60: =E60+I60 -> 2778 | L60: 0 | M60: =L60+K60 -> 2778
B61: VIÑA DEL MAR | C61: 8323 | D61: 2812 | E61: =C61+D61 -> 11135 | F61: =E61/$E$96 -> 0.15880147 | G61: 31631 | H61: 1694 | I61: =G61+H61 -> 33325 | J61: =I61/$I$96 -> 0.17198668 | K61: =E61+I61 -> 44460 | L61: 2 | M61: =L61+K61 -> 44462
B62: ISLA DE PASCUA | C62: 109 | D62: 52 | E62: =C62+D62 -> 161 | F62: =E62/$E$96 -> 0.0022960966 | G62: 315 | H62: 30 | I62: =G62+H62 -> 345 | J62: =I62/$I$96 -> 0.0017805073 | K62: =E62+I62 -> 506 | L62: 0 | M62: =L62+K62 -> 506
B63: LOS ANDES | C63: 1495 | D63: 483 | E63: =C63+D63 -> 1978 | F63: =E63/$E$96 -> 0.028209187 | G63: 6873 | H63: 391 | I63: =G63+H63 -> 7264 | J63: =I63/$I$96 -> 0.037488711 | K63: =E63+I63 -> 9242 | L63: 0 | M63: =L63+K63 -> 9242
B64: RINCONADA | C64: 167 | D64: 65 | E64: =C64+D64 -> 232 | F64: =E64/$E$96 -> 0.003308661 | G64: 913 | H64: 60 | I64: =G64+H64 -> 973 | J64: =I64/$I$96 -> 0.0050215467 | K64: =E64+I64 -> 1205 | L64: 0 | M64: =L64+K64 -> 1205
B65: SAN ESTEBAN | C65: 396 | D65: 135 | E65: =C65+D65 -> 531 | F65: =E65/$E$96 -> 0.0075728405 | G65: 1753 | H65: 94 | I65: =G65+H65 -> 1847 | J65: =I65/$I$96 -> 0.0095321653 | K65: =E65+I65 -> 2378 | L65: 0 | M65: =L65+K65 -> 2378
B66: PAPUDO | C66: 197 | D66: 69 | E66: =C66+D66 -> 266 | F66: =E66/$E$96 -> 0.003793551 | G66: 538 | H66: 39 | I66: =G66+H66 -> 577 | J66: =I66/$I$96 -> 0.002977834 | K66: =E66+I66 -> 843 | L66: 0 | M66: =L66+K66 -> 843
B67: LA CALERA | C67: 1889 | D67: 687 | E67: =C67+D67 -> 2576 | F67: =E67/$E$96 -> 0.036737546 | G67: 6026 | H67: 416 | I67: =G67+H67 -> 6442 | J67: =I67/$I$96 -> 0.033246458 | K67: =E67+I67 -> 9018 | L67: 0 | M67: =L67+K67 -> 9018
B68: HIJUELAS | C68: 687 | D68: 270 | E68: =C68+D68 -> 957 | F68: =E68/$E$96 -> 0.013648227 | G68: 1733 | H68: 168 | I68: =G68+H68 -> 1901 | J68: =I68/$I$96 -> 0.0098108534 | K68: =E68+I68 -> 2858 | L68: 0 | M68: =L68+K68 -> 2858
B69: LA CRUZ | C69: 401 | D69: 128 | E69: =C69+D69 -> 529 | F69: =E69/$E$96 -> 0.0075443175 | G69: 1484 | H69: 101 | I69: =G69+H69 -> 1585 | J69: =I69/$I$96 -> 0.0081800119 | K69: =E69+I69 -> 2114 | L69: 0 | M69: =L69+K69 -> 2114
... B95: VILLA ALEMANA | C95: 2867 | D95: 1204 | E95: =C95+D95 -> 4071 | F95: =E95/$E$96 -> 0.058058444 | G95: 10361 | H95: 660 | I95: =G95+H95 -> 11021 | J95: =I95/$I$96 -> 0.056878177 | K95: =E95+I95 -> 15092 | L95: 0 | M95: =L95+K95 -> 15092
B96: Totales | C96: =SUM(C58:C95) -> 51226 | D96: =SUM(D58:D95) -> 18893 | E96: =C96+D96 -> 70119 | F96: =E96/$E$96 -> 1 | G96: =SUM(G58:G95) -> 182607 | H96: =SUM(H58:H95) -> 11158 | I96: =G96+H96 -> 193765 | J96: =I96/$I$96 -> 1 | K96: =E96+I96 -> 263884 | L96: =SUM(L58:L95) -> 4 | M96: =L96+K96 -> 263888
B97: % respecto del total de concesiones | C97: =+C96/M96 -> 0.19412023 | D97: =+D96/M96 -> 0.071594767 | E97: =+E96/M96 -> 0.265715 | G97: =+G96/M96 -> 0.69198675 | H97: =+H96/M96 -> 0.04228309 | I97: =+I96/M96 -> 0.73426984 | K97: =+K96/M96 -> 0.99998484 | L97: =+L96/M96 -> 1.5157946e-05 | M97: =K97+L97 -> 1
B98: Fuente: Elaboración propia sobre la base de información del IPS.
B99: Nota: La información estadística reportada del número de solicitudes concesionadas, en trámite, rechazadas y anuladas varía mes a mes por actualización de cifras.
B141: Copiar extraccion TODOS desde casilla A140, luego formatear numeros con punto sindecimales

Sheet VI
A2: Subsecretaría de Previsión Social
A3: Dirección de Estudios Previsionales
B5: Número de Solicitudes de Beneficios del Pilar Solidario según tipo de beneficio - VI Región de L.G.B. O'Higgins | M5: Volver Sistema de Pensiones Solidadias
B6: ='Solicitudes Regiones'!$B$6:$R$6 -> Acumuladas de julio de 2008 a diciembre de 2021
B8: Distribución Regional Solicitudes del Pilar Solidario - no incluye ex Pasis
B9: COMUNA | C9: TOTAL PBS Y APS
C10: PBSV | D10: PBSI | E10: Total PBS | F10: % PBS | G10: APSV | H10: APSI | I10: Total APS | J10: %APS | K10: Total PBS+APS | L10: Nbis | M10: Total PBS+APS+Nbis
B11: RANCAGUA | C11: 6376 | D11: 3682 | E11: =C11+D11 -> 10058 | F11: =E11/$E$44 -> 0.2215809 | G11: 23932 | H11: 2167 | I11: =G11+H11 -> 26099 | J11: =I11/$I$44 -> 0.23747521 | K11: =E11+I11 -> 36157 | L11: 14 | M11: =K11+L11 -> 36171
B12: COLTAUCO | C12: 646 | D12: 369 | E12: =C12+D12 -> 1015 | F12: =E12/$E$44 -> 0.022360768 | G12: 2378 | H12: 163 | I12: =G12+H12 -> 2541 | J12: =I12/$I$44 -> 0.023120598 | K12: =E12+I12 -> 3556 | L12: 0 | M12: =K12+L12 -> 3556
B13: GRANEROS | C13: 819 | D13: 414 | E13: =C13+D13 -> 1233 | F13: =E13/$E$44 -> 0.027163377 | G13: 3184 | H13: 236 | I13: =G13+H13 -> 3420 | J13: =I13/$I$44 -> 0.031118633 | K13: =E13+I13 -> 4653 | L13: 1 | M13: =K13+L13 -> 4654
B14: PICHIDEGUA | C14: 833 | D14: 509 | E14: =C14+D14 -> 1342 | F14: =E14/$E$44 -> 0.029564681 | G14: 2550 | H14: 160 | I14: =G14+H14 -> 2710 | J14: =I14/$I$44 -> 0.024658332 | K14: =E14+I14 -> 4052 | L14: 0 | M14: =K14+L14 -> 4052
B15: REQUINOA | C15: 557 | D15: 380 | E15: =C15+D15 -> 937 | F15: =E15/$E$44 -> 0.020642404 | G15: 2730 | H15: 201 | I15: =G15+H15 -> 2931 | J15: =I15/$I$44 -> 0.026669214 | K15: =E15+I15 -> 3868 | L15: 0 | M15: =K15+L15 -> 3868
B16: LITUECHE | C16: 265 | D16: 176 | E16: =C16+D16 -> 441 | F16: =E16/$E$44 -> 0.0097153683 | G16: 714 | H16: 40 | I16: =G16+H16 -> 754 | J16: =I16/$I$44 -> 0.0068606577 | K16: =E16+I16 -> 1195 | L16: 0 | M16: =K16+L16 -> 1195
B17: PAREDONES | C17: 301 | D17: 231 | E17: =C17+D17 -> 532 | F17: =E17/$E$44 -> 0.011720127 | G17: 872 | H17: 58 | I17: =G17+H17 -> 930 | J17: =I17/$I$44 -> 0.0084620844 | K17: =E17+I17 -> 1462 | L17: 0 | M17: =K17+L17 -> 1462
B18: CHEPICA | C18: 663 | D18: 474 | E18: =C18+D18 -> 1137 | F18: =E18/$E$44 -> 0.025048467 | G18: 2151 | H18: 136 | I18: =G18+H18 -> 2287 | J18: =I18/$I$44 -> 0.020809448 | K18: =E18+I18 -> 3424 | L18: 1 | M18: =K18+L18 -> 3425
B19: PALMILLA | C19: 490 | D19: 258 | E19: =C19+D19 -> 748 | F19: =E19/$E$44 -> 0.016478675 | G19: 1605 | H19: 114 | I19: =G19+H19 -> 1719 | J19: =I19/$I$44 -> 0.015641208 | K19: =E19+I19 -> 2467 | L19: 2 | M19: =K19+L19 -> 2469
B20: PLACILLA | C20: 257 | D20: 231 | E20: =C20+D20 -> 488 | F20: =E20/$E$44 -> 0.010750793 | G20: 1108 | H20: 84 | I20: =G20+H20 -> 1192 | J20: =I20/$I$44 -> 0.010846026 | K20: =E20+I20 -> 1680 | L20: 0 | M20: =K20+L20 -> 1680
B21: SANTA CRUZ | C21: 1322 | D21: 837 | E21: =C21+D21 -> 2159 | F21: =E21/$E$44 -> 0.047563447 | G21: 5109 | H21: 387 | I21: =G21+H21 -> 5496 | J21: =I21/$I$44 -> 0.050008189 | K21: =E21+I21 -> 7655 | L21: 2 | M21: =K21+L21 -> 7657
B22: CODEGUA | C22: 311 | D22: 259 | E22: =C22+D22 -> 570 | F22: =E22/$E$44 -> 0.012557279 | G22: 1327 | H22: 131 | I22: =G22+H22 -> 1458 | J22: =I22/$I$44 -> 0.013266365 | K22: =E22+I22 -> 2028 | L22: 0 | M22: =K22+L22 -> 2028
... B43: LA ESTRELLA | C43: 157 | D43: 109 | E43: =C43+D43 -> 266 | F43: =E43/$E$44 -> 0.0058600634 | G43: 472 | H43: 15 | I43: =G43+H43 -> 487 | J43: =I43/$I$44 -> 0.0044312205 | K43: =E43+I43 -> 753 | L43: 0 | M43: =K43+L43 -> 753
B44: Totales | C44: =SUM(C11:C43) -> 27998 | D44: =SUM(D11:D43) -> 17394 | E44: =C44+D44 -> 45392 | F44: =E44/$E$44 -> 1 | G44: =SUM(G11:G43) -> 102359 | H44: =SUM(H11:H43) -> 7543 | I44: =G44+H44 -> 109902 | J44: =I44/$I$44 -> 1 | K44: =E44+I44 -> 155294 | L44: =SUM(L11:L43) -> 34 | M44: =K44+L44 -> 155328
B45: % respecto del total de solicitudes | C45: =+C44/M44 -> 0.18025082 | D45: =+D44/M44 -> 0.11198239 | E45: =+E44/M44 -> 0.29223321 | G45: =+G44/M44 -> 0.65898615 | H45: =+H44/M44 -> 0.048561753 | I45: =+I44/M44 -> 0.7075479 | K45: =+K44/M44 -> 0.99978111 | L45: =+L44/M44 -> 0.00021889164 | M45: =K45+L45 -> 1
B47: Número de Concesiones de Beneficios del Pilar Solidario según tipo de beneficio - VI Región de L.G.B. O'Higgins
B48: ='Solicitudes Regiones'!$B$6:$R$6 -> Acumuladas de julio de 2008 a diciembre de 2021
B50: Concesiones del Pilar Solidario a nivel comunal
B51: COMUNA | C51: TOTAL PBS Y APS
C52: PBSV | D52: PBSI | E52: Total PBS | F52: % PBS | G52: APSV | H52: APSI | I52: Total APS | J52: %APS | K52: Total PBS+APS | L52: Nbis | M52: Total PBS+APS+Nbis
B53: RANCAGUA | C53: 5321 | D53: 2260 | E53: =C53+D53 -> 7581 | F53: =E53/$E$86 -> 0.22676558 | G53: 19502 | H53: 1869 | I53: =G53+H53 -> 21371 | J53: =I53/$I$86 -> 0.22744785 | K53: =E53+I53 -> 28952 | L53: 0 | M53: =K53+L53 -> 28952
B54: COLTAUCO | C54: 572 | D54: 203 | E54: =C54+D54 -> 775 | F54: =E54/$E$86 -> 0.023182077 | G54: 2130 | H54: 132 | I54: =G54+H54 -> 2262 | J54: =I54/$I$86 -> 0.024074074 | K54: =E54+I54 -> 3037 | L54: 0 | M54: =K54+L54 -> 3037
B55: GRANEROS | C55: 695 | D55: 271 | E55: =C55+D55 -> 966 | F55: =E55/$E$86 -> 0.028895337 | G55: 2730 | H55: 199 | I55: =G55+H55 -> 2929 | J55: =I55/$I$86 -> 0.03117284 | K55: =E55+I55 -> 3895 | L55: 1 | M55: =K55+L55 -> 3896
B56: PICHIDEGUA | C56: 751 | D56: 239 | E56: =C56+D56 -> 990 | F56: =E56/$E$86 -> 0.029613233 | G56: 2257 | H56: 139 | I56: =G56+H56 -> 2396 | J56: =I56/$I$86 -> 0.025500213 | K56: =E56+I56 -> 3386 | L56: 0 | M56: =K56+L56 -> 3386
B57: REQUINOA | C57: 467 | D57: 219 | E57: =C57+D57 -> 686 | F57: =E57/$E$86 -> 0.020519877 | G57: 2265 | H57: 157 | I57: =G57+H57 -> 2422 | J57: =I57/$I$86 -> 0.025776926 | K57: =E57+I57 -> 3108 | L57: 0 | M57: =K57+L57 -> 3108
B58: LITUECHE | C58: 236 | D58: 71 | E58: =C58+D58 -> 307 | F58: =E58/$E$86 -> 0.0091830935 | G58: 638 | H58: 29 | I58: =G58+H58 -> 667 | J58: =I58/$I$86 -> 0.0070987654 | K58: =E58+I58 -> 974 | L58: 0 | M58: =K58+L58 -> 974
B59: PAREDONES | C59: 286 | D59: 103 | E59: =C59+D59 -> 389 | F59: =E59/$E$86 -> 0.011635907 | G59: 807 | H59: 49 | I59: =G59+H59 -> 856 | J59: =I59/$I$86 -> 0.0091102597 | K59: =E59+I59 -> 1245 | L59: 0 | M59: =K59+L59 -> 1245
B60: CHEPICA | C60: 586 | D60: 199 | E60: =C60+D60 -> 785 | F60: =E60/$E$86 -> 0.0234812 | G60: 1860 | H60: 121 | I60: =G60+H60 -> 1981 | J60: =I60/$I$86 -> 0.02108344 | K60: =E60+I60 -> 2766 | L60: 0 | M60: =K60+L60 -> 2766
B61: PALMILLA | C61: 394 | D61: 128 | E61: =C61+D61 -> 522 | F61: =E61/$E$86 -> 0.01561425 | G61: 1366 | H61: 93 | I61: =G61+H61 -> 1459 | J61: =I61/$I$86 -> 0.015527884 | K61: =E61+I61 -> 1981 | L61: 0 | M61: =K61+L61 -> 1981
B62: PLACILLA | C62: 236 | D62: 100 | E62: =C62+D62 -> 336 | F62: =E62/$E$86 -> 0.010050552 | G62: 981 | H62: 67 | I62: =G62+H62 -> 1048 | J62: =I62/$I$86 -> 0.011153682 | K62: =E62+I62 -> 1384 | L62: 0 | M62: =K62+L62 -> 1384
B63: SANTA CRUZ | C63: 1162 | D63: 411 | E63: =C63+D63 -> 1573 | F63: =E63/$E$86 -> 0.047052137 | G63: 4446 | H63: 326 | I63: =G63+H63 -> 4772 | J63: =I63/$I$86 -> 0.050787569 | K63: =E63+I63 -> 6345 | L63: 0 | M63: =K63+L63 -> 6345
B64: CODEGUA | C64: 271 | D64: 128 | E64: =C64+D64 -> 399 | F64: =E64/$E$86 -> 0.01193503 | G64: 1193 | H64: 107 | I64: =G64+H64 -> 1300 | J64: =I64/$I$86 -> 0.013835675 | K64: =E64+I64 -> 1699 | L64: 0 | M64: =K64+L64 -> 1699
... B85: LA ESTRELLA | C85: 147 | D85: 43 | E85: =C85+D85 -> 190 | F85: =E85/$E$86 -> 0.0056833478 | G85: 423 | H85: 13 | I85: =G85+H85 -> 436 | J85: =I85/$I$86 -> 0.0046402725 | K85: =E85+I85 -> 626 | L85: 0 | M85: =K85+L85 -> 626
B86: Totales | C86: =SUM(C53:C85) -> 24283 | D86: =SUM(D53:D85) -> 9148 | E86: =C86+D86 -> 33431 | F86: =E86/$E$86 -> 1 | G86: =SUM(G53:G85) -> 87625 | H86: =SUM(H53:H85) -> 6335 | I86: =G86+H86 -> 93960 | J86: =I86/$I$86 -> 1 | K86: =E86+I86 -> 127391 | L86: =SUM(L53:L85) -> 1 | M86: =K86+L86 -> 127392
B87: % respecto del total de concesiones | C87: =+C86/M86 -> 0.19061637 | D87: =+D86/M86 -> 0.071809847 | E87: =+E86/M86 -> 0.26242621 | G87: =+G86/M86 -> 0.68783754 | H87: =+H86/M86 -> 0.049728397 | I87: =+I86/M86 -> 0.73756594 | K87: =+K86/M86 -> 0.99999215 | L87: =+L86/M86 -> 7.8497865e-06 | M87: =K87+L87 -> 1
B88: Fuente: Elaboración propia sobre la base de información del IPS.
B89: Nota: La información estadística reportada del número de solicitudes concesionadas, en trámite, rechazadas y anuladas varía mes a mes por actualización de cifras.

Sheet VII
A2: Subsecretaría de Previsión Social
A3: Dirección de Estudios Previsionales
B5: Número de Solicitudes de Beneficios del Pilar Solidario según tipo de beneficio - VII Región del Maule | M5: Volver Sistema de Pensiones Solidadias
B6: ='Solicitudes Regiones'!$B$6:$R$6 -> Acumuladas de julio de 2008 a diciembre de 2021
B8: Distribución Regional Solicitudes del Pilar Solidario - no incluye ex Pasis
B9: COMUNA | C9: TOTAL PBS Y APS
C10: PBSV | D10: PBSI | E10: Total PBS | F10: % PBS | G10: APSV | H10: APSI | I10: Total APS | J10: %APS | K10: Total PBS+APS | L10: Nbis | M10: Total PBS+APS+Nbis
B11: CUREPTO | C11: 676 | D11: 587 | E11: =C11+D11 -> 1263 | F11: =E11/$E$41 -> 0.020794916 | G11: 1399 | H11: 113 | I11: =G11+H11 -> 1512 | J11: =I11/$I$41 -> 0.011833116 | K11: =E11+I11 -> 2775 | L11: 0 | M11: =K11+L11 -> 2775
B12: PELARCO | C12: 409 | D12: 183 | E12: =C12+D12 -> 592 | F12: =E12/$E$41 -> 0.0097471022 | G12: 1007 | H12: 65 | I12: =G12+H12 -> 1072 | J12: =I12/$I$41 -> 0.0083896163 | K12: =E12+I12 -> 1664 | L12: 0 | M12: =K12+L12 -> 1664
B13: SAN RAFAEL | C13: 393 | D13: 272 | E13: =C13+D13 -> 665 | F13: =E13/$E$41 -> 0.010949025 | G13: 976 | H13: 65 | I13: =G13+H13 -> 1041 | J13: =I13/$I$41 -> 0.0081470061 | K13: =E13+I13 -> 1706 | L13: 0 | M13: =K13+L13 -> 1706
B14: PELLUHUE | C14: 413 | D14: 284 | E14: =C14+D14 -> 697 | F14: =E14/$E$41 -> 0.011475896 | G14: 681 | H14: 54 | I14: =G14+H14 -> 735 | J14: =I14/$I$41 -> 0.0057522089 | K14: =E14+I14 -> 1432 | L14: 0 | M14: =K14+L14 -> 1432
B15: LICANTEN | C15: 320 | D15: 190 | E15: =C15+D15 -> 510 | F15: =E15/$E$41 -> 0.0083969968 | G15: 751 | H15: 53 | I15: =G15+H15 -> 804 | J15: =I15/$I$41 -> 0.0062922122 | K15: =E15+I15 -> 1314 | L15: 0 | M15: =K15+L15 -> 1314
B16: ROMERAL | C16: 409 | D16: 219 | E16: =C16+D16 -> 628 | F16: =E16/$E$41 -> 0.010339831 | G16: 1613 | H16: 103 | I16: =G16+H16 -> 1716 | J16: =I16/$I$41 -> 0.013429647 | K16: =E16+I16 -> 2344 | L16: 0 | M16: =K16+L16 -> 2344
B17: LONGAVI | C17: 1526 | D17: 912 | E17: =C17+D17 -> 2438 | F17: =E17/$E$41 -> 0.040140938 | G17: 3467 | H17: 247 | I17: =G17+H17 -> 3714 | J17: =I17/$I$41 -> 0.029066264 | K17: =E17+I17 -> 6152 | L17: 1 | M17: =K17+L17 -> 6153
B18: YERBAS BUENAS | C18: 787 | D18: 453 | E18: =C18+D18 -> 1240 | F18: =E18/$E$41 -> 0.020416228 | G18: 1912 | H18: 150 | I18: =G18+H18 -> 2062 | J18: =I18/$I$41 -> 0.01613749 | K18: =E18+I18 -> 3302 | L18: 0 | M18: =K18+L18 -> 3302
B19: EMPEDRADO | C19: 195 | D19: 218 | E19: =C19+D19 -> 413 | F19: =E19/$E$41 -> 0.006799921 | G19: 343 | H19: 38 | I19: =G19+H19 -> 381 | J19: =I19/$I$41 -> 0.0029817573 | K19: =E19+I19 -> 794 | L19: 0 | M19: =K19+L19 -> 794
B20: SAN CLEMENTE | C20: 1761 | D20: 1016 | E20: =C20+D20 -> 2777 | F20: =E20/$E$41 -> 0.045722471 | G20: 4431 | H20: 372 | I20: =G20+H20 -> 4803 | J20: =I20/$I$41 -> 0.037588924 | K20: =E20+I20 -> 7580 | L20: 1 | M20: =K20+L20 -> 7581
B21: CAUQUENES | C21: 2159 | D21: 1234 | E21: =C21+D21 -> 3393 | F21: =E21/$E$41 -> 0.055864726 | G21: 6477 | H21: 398 | I21: =G21+H21 -> 6875 | J21: =I21/$I$41 -> 0.053804675 | K21: =E21+I21 -> 10268 | L21: 6 | M21: =K21+L21 -> 10274
B22: MOLINA | C22: 1266 | D22: 630 | E22: =C22+D22 -> 1896 | F22: =E22/$E$41 -> 0.031217071 | G22: 5604 | H22: 314 | I22: =G22+H22 -> 5918 | J22: =I22/$I$41 -> 0.046315065 | K22: =E22+I22 -> 7814 | L22: 1 | M22: =K22+L22 -> 7815
... B40: PARRAL | C40: 1860 | D40: 1122 | E40: =C40+D40 -> 2982 | F40: =E40/$E$41 -> 0.049097734 | G40: 5471 | H40: 418 | I40: =G40+H40 -> 5889 | J40: =I40/$I$41 -> 0.046088107 | K40: =E40+I40 -> 8871 | L40: 6 | M40: =K40+L40 -> 8877
B41: Totales | C41: =SUM(C11:C40) -> 38101 | D41: =SUM(D11:D40) -> 22635 | E41: =C41+D41 -> 60736 | F41: =E41/$E$41 -> 1 | G41: =SUM(G11:G40) -> 119508 | H41: =SUM(H11:H40) -> 8269 | I41: =G41+H41 -> 127777 | J41: =I41/$I$41 -> 1 | K41: =E41+I41 -> 188513 | L41: =SUM(L11:L40) -> 50 | M41: =K41+L41 -> 188563
B42: % respecto del total de solicitudes | C42: =+C41/M41 -> 0.20205979 | D42: =+D41/M41 -> 0.12003946 | E42: =+E41/M41 -> 0.32209925 | G42: =+G41/M41 -> 0.63378287 | H42: =+H41/M41 -> 0.043852718 | I42: =+I41/M41 -> 0.67763559 | K42: =+K41/M41 -> 0.99973484 | L42: =+L41/M41 -> 0.00026516337 | M42: =K42+L42 -> 1
B44: Número de Concesiones de Beneficios del Pilar Solidario según tipo de beneficio - VII Región del Maule
B45: ='Solicitudes Regiones'!$B$6:$R$6 -> Acumuladas de julio de 2008 a diciembre de 2021
B47: Concesiones del Pilar Solidario a nivel comunal
B48: COMUNA | C48: TOTAL PBS Y APS
C49: PBSV | D49: PBSI | E49: Total PBS | F49: % PBS | G49: APSV | H49: APSI | I49: Total APS | J49: %APS | K49: Total PBS+APS | L49: Nbis | M49: Total PBS+APS+Nbis
B50: CUREPTO | C50: 641 | D50: 228 | E50: =C50+D50 -> 869 | F50: =E50/$E$80 -> 0.018562823 | G50: 1247 | H50: 83 | I50: =G50+H50 -> 1330 | J50: =I50/$I$80 -> 0.011932639 | K50: =E50+I50 -> 2199 | L50: 0 | M50: =K50+L50 -> 2199
B51: PELARCO | C51: 361 | D51: 102 | E51: =C51+D51 -> 463 | F51: =E51/$E$80 -> 0.0098902038 | G51: 878 | H51: 53 | I51: =G51+H51 -> 931 | J51: =I51/$I$80 -> 0.0083528472 | K51: =E51+I51 -> 1394 | L51: 0 | M51: =K51+L51 -> 1394
B52: SAN RAFAEL | C52: 338 | D52: 117 | E52: =C52+D52 -> 455 | F52: =E52/$E$80 -> 0.0097193147 | G52: 846 | H52: 52 | I52: =G52+H52 -> 898 | J52: =I52/$I$80 -> 0.0080567742 | K52: =E52+I52 -> 1353 | L52: 0 | M52: =K52+L52 -> 1353
B53: PELLUHUE | C53: 386 | D53: 132 | E53: =C53+D53 -> 518 | F53: =E53/$E$80 -> 0.011065066 | G53: 587 | H53: 37 | I53: =G53+H53 -> 624 | J53: =I53/$I$80 -> 0.0055984712 | K53: =E53+I53 -> 1142 | L53: 0 | M53: =K53+L53 -> 1142
B54: LICANTEN | C54: 298 | D54: 105 | E54: =C54+D54 -> 403 | F54: =E54/$E$80 -> 0.0086085359 | G54: 684 | H54: 50 | I54: =G54+H54 -> 734 | J54: =I54/$I$80 -> 0.0065853812 | K54: =E54+I54 -> 1137 | L54: 0 | M54: =K54+L54 -> 1137
B55: ROMERAL | C55: 362 | D55: 127 | E55: =C55+D55 -> 489 | F55: =E55/$E$80 -> 0.010445593 | G55: 1456 | H55: 87 | I55: =G55+H55 -> 1543 | J55: =I55/$I$80 -> 0.013843656 | K55: =E55+I55 -> 2032 | L55: 0 | M55: =K55+L55 -> 2032
B56: LONGAVI | C56: 1331 | D56: 466 | E56: =C56+D56 -> 1797 | F56: =E56/$E$80 -> 0.038385953 | G56: 3010 | H56: 220 | I56: =G56+H56 -> 3230 | J56: =I56/$I$80 -> 0.028979266 | K56: =E56+I56 -> 5027 | L56: 0 | M56: =K56+L56 -> 5027
B57: YERBAS BUENAS | C57: 699 | D57: 247 | E57: =C57+D57 -> 946 | F57: =E57/$E$80 -> 0.02020763 | G57: 1714 | H57: 126 | I57: =G57+H57 -> 1840 | J57: =I57/$I$80 -> 0.016508312 | K57: =E57+I57 -> 2786 | L57: 0 | M57: =K57+L57 -> 2786
B58: EMPEDRADO | C58: 190 | D58: 86 | E58: =C58+D58 -> 276 | F58: =E58/$E$80 -> 0.0058956722 | G58: 318 | H58: 30 | I58: =G58+H58 -> 348 | J58: =I58/$I$80 -> 0.0031222243 | K58: =E58+I58 -> 624 | L58: 0 | M58: =K58+L58 -> 624
B59: SAN CLEMENTE | C59: 1595 | D59: 550 | E59: =C59+D59 -> 2145 | F59: =E59/$E$80 -> 0.045819627 | G59: 3984 | H59: 279 | I59: =G59+H59 -> 4263 | J59: =I59/$I$80 -> 0.038247248 | K59: =E59+I59 -> 6408 | L59: 0 | M59: =K59+L59 -> 6408
B60: CAUQUENES | C60: 1982 | D60: 645 | E60: =C60+D60 -> 2627 | F60: =E60/$E$80 -> 0.056115692 | G60: 5595 | H60: 330 | I60: =G60+H60 -> 5925 | J60: =I60/$I$80 -> 0.053158561 | K60: =E60+I60 -> 8552 | L60: 0 | M60: =K60+L60 -> 8552
B61: MOLINA | C61: 1161 | D61: 417 | E61: =C61+D61 -> 1578 | F61: =E61/$E$80 -> 0.033707865 | G61: 4922 | H61: 271 | I61: =G61+H61 -> 5193 | J61: =I61/$I$80 -> 0.046591123 | K61: =E61+I61 -> 6771 | L61: 0 | M61: =K61+L61 -> 6771
... B79: PARRAL | C79: 1672 | D79: 579 | E79: =C79+D79 -> 2251 | F79: =E79/$E$80 -> 0.048083907 | G79: 4730 | H79: 347 | I79: =G79+H79 -> 5077 | J79: =I79/$I$80 -> 0.045550382 | K79: =E79+I79 -> 7328 | L79: 0 | M79: =K79+L79 -> 7328
B80: Totales | C80: =SUM(C50:C79) -> 34382 | D80: =SUM(D50:D79) -> 12432 | E80: =C80+D80 -> 46814 | F80: =E80/$E$80 -> 1 | G80: =SUM(G50:G79) -> 104584 | H80: =SUM(H50:H79) -> 6875 | I80: =G80+H80 -> 111459 | J80: =I80/$I$80 -> 1 | K80: =E80+I80 -> 158273 | L80: =SUM(L50:L79) -> 2 | M80: =K80+L80 -> 158275
B81: % respecto del total de concesiones | C81: =+C80/M80 -> 0.21722951 | D81: =+D80/M80 -> 0.078546833 | E81: =+E80/M80 -> 0.29577634 | G81: =+G80/M80 -> 0.66077397 | H81: =+H80/M80 -> 0.043437056 | I81: =+I80/M80 -> 0.70421103 | K81: =+K80/M80 -> 0.99998736 | L81: =+L80/M80 -> 1.2636234e-05 | M81: =K81+L81 -> 1
B82: Fuente: Elaboración propia sobre la base de información del IPS.
B83: Nota: La información estadística reportada del número de solicitudes concesionadas, en trámite, rechazadas y anuladas varía mes a mes por actualización de cifras.

Sheet XVI
A2: Subsecretaría de Previsión Social
A3: Dirección de Estudios Previsionales
B5: Número de Solicitudes de Beneficios del Pilar Solidario según tipo de beneficio - XVI Región de Ñuble | M5: Volver Sistema de Pensiones Solidadias
B6: ='Solicitudes Regiones'!$B$6:$R$6 -> Acumuladas de julio de 2008 a diciembre de 2021
B8: Distribución Regional Solicitudes del Pilar Solidario - no incluye ex Pasis
B9: COMUNA | C9: TOTAL PBS Y APS
C10: PBSV | D10: PBSI | E10: Total PBS | F10: % PBS | G10: APSV | H10: APSI | I10: Total APS | J10: %APS | K10: Total PBS+APS | L10: Nbis | M10: Total PBS+APS+Nbis
B11: CHILLAN | C11: 6413 | D11: 6695 | E11: =C11+D11 -> 13108 | F11: =E11/$E$32 -> 0.29927624 | G11: 21695 | H11: 2414 | I11: =G11+H11 -> 24109 | J11: =I11/$I$32 -> 0.3951712 | K11: =E11+I11 -> 37217 | L11: 19 | M11: =K11+L11 -> 37236
B12: BULNES | C12: 905 | D12: 1041 | E12: =C12+D12 -> 1946 | F12: =E12/$E$32 -> 0.044430238 | G12: 2791 | H12: 240 | I12: =G12+H12 -> 3031 | J12: =I12/$I$32 -> 0.049681195 | K12: =E12+I12 -> 4977 | L12: 2 | M12: =K12+L12 -> 4979
B13: CHILLAN VIEJO | C13: 768 | D13: 834 | E13: =C13+D13 -> 1602 | F13: =E13/$E$32 -> 0.036576178 | G13: 2250 | H13: 292 | I13: =G13+H13 -> 2542 | J13: =I13/$I$32 -> 0.041665984 | K13: =E13+I13 -> 4144 | L13: 1 | M13: =K13+L13 -> 4145
B14: EL CARMEN | C14: 769 | D14: 1160 | E14: =C14+D14 -> 1929 | F14: =E14/$E$32 -> 0.044042101 | G14: 1068 | H14: 187 | I14: =G14+H14 -> 1255 | J14: =I14/$I$32 -> 0.020570735 | K14: =E14+I14 -> 3184 | L14: 0 | M14: =K14+L14 -> 3184
B15: PEMUCO | C15: 361 | D15: 646 | E15: =C15+D15 -> 1007 | F15: =E15/$E$32 -> 0.022991392 | G15: 815 | H15: 120 | I15: =G15+H15 -> 935 | J15: =I15/$I$32 -> 0.015325608 | K15: =E15+I15 -> 1942 | L15: 0 | M15: =K15+L15 -> 1942
B16: PINTO | C16: 576 | D16: 741 | E16: =C16+D16 -> 1317 | F16: =E16/$E$32 -> 0.03006918 | G16: 1124 | H16: 145 | I16: =G16+H16 -> 1269 | J16: =I16/$I$32 -> 0.02080021 | K16: =E16+I16 -> 2586 | L16: 3 | M16: =K16+L16 -> 2589
B17: QUILLON | C17: 1011 | D17: 832 | E17: =C17+D17 -> 1843 | F17: =E17/$E$32 -> 0.042078586 | G17: 2203 | H17: 157 | I17: =G17+H17 -> 2360 | J17: =I17/$I$32 -> 0.038682817 | K17: =E17+I17 -> 4203 | L17: 0 | M17: =K17+L17 -> 4203
B18: SAN IGNACIO | C18: 923 | D18: 1441 | E18: =C18+D18 -> 2364 | F18: =E18/$E$32 -> 0.053973835 | G18: 1571 | H18: 294 | I18: =G18+H18 -> 1865 | J18: =I18/$I$32 -> 0.03056926 | K18: =E18+I18 -> 4229 | L18: 0 | M18: =K18+L18 -> 4229
B19: YUNGAY | C19: 732 | D19: 842 | E19: =C19+D19 -> 1574 | F19: =E19/$E$32 -> 0.035936894 | G19: 2208 | H19: 171 | I19: =G19+H19 -> 2379 | J19: =I19/$I$32 -> 0.038994247 | K19: =E19+I19 -> 3953 | L19: 2 | M19: =K19+L19 -> 3955
B20: QUIRIHUE | C20: 513 | D20: 646 | E20: =C20+D20 -> 1159 | F20: =E20/$E$32 -> 0.026461791 | G20: 1609 | H20: 135 | I20: =G20+H20 -> 1744 | J20: =I20/$I$32 -> 0.028585946 | K20: =E20+I20 -> 2903 | L20: 1 | M20: =K20+L20 -> 2904
B21: COBQUECURA | C21: 356 | D21: 345 | E21: =C21+D21 -> 701 | F21: =E21/$E$32 -> 0.016004932 | G21: 478 | H21: 51 | I21: =G21+H21 -> 529 | J21: =I21/$I$32 -> 0.0086708518 | K21: =E21+I21 -> 1230 | L21: 0 | M21: =K21+L21 -> 1230
B22: COELEMU | C22: 803 | D22: 903 | E22: =C22+D22 -> 1706 | F22: =E22/$E$32 -> 0.038950661 | G22: 2291 | H22: 173 | I22: =G22+H22 -> 2464 | J22: =I22/$I$32 -> 0.040387484 | K22: =E22+I22 -> 4170 | L22: 2 | M22: =K22+L22 -> 4172
... B31: SAN NICOLAS | C31: 471 | D31: 699 | E31: =C31+D31 -> 1170 | F31: =E31/$E$32 -> 0.026712939 | G31: 1119 | H31: 171 | I31: =G31+H31 -> 1290 | J31: =I31/$I$32 -> 0.021144421 | K31: =E31+I31 -> 2460 | L31: 0 | M31: =K31+L31 -> 2460
B32: Totales | C32: =SUM(C11:C31) -> 19864 | D32: =SUM(D11:D31) -> 23935 | E32: =C32+D32 -> 43799 | F32: =E32/$E$32 -> 1 | G32: =SUM(G11:G31) -> 54822 | H32: =SUM(H11:H31) -> 6187 | I32: =G32+H32 -> 61009 | J32: =I32/$I$32 -> 1 | K32: =E32+I32 -> 104808 | L32: =SUM(L11:L31) -> 32 | M32: =K32+L32 -> 104840
B33: % respecto del total de solicitudes | C33: =+C32/M32 -> 0.18946967 | D33: =+D32/M32 -> 0.22830027 | E33: =+E32/M32 -> 0.41776994 | G33: =+G32/M32 -> 0.5229111 | H33: =+H32/M32 -> 0.059013735 | I33: =+I32/M32 -> 0.58192484 | K33: =+K32/M32 -> 0.99969477 | L33: =+L32/M32 -> 0.00030522701 | M33: =K33+L33 -> 1
B35: Número de Concesiones de Beneficios del Pilar Solidario según tipo de beneficio - XVI Región de Ñuble
B36: ='Solicitudes Regiones'!$B$6:$R$6 -> Acumuladas de julio de 2008 a diciembre de 2021
B38: Concesiones del Pilar Solidario a nivel comunal
B39: COMUNA | C39: TOTAL PBS Y APS
C40: PBSV | D40: PBSI | E40: Total PBS | F40: % PBS | G40: APSV | H40: APSI | I40: Total APS | J40: %APS | K40: Total PBS+APS | L40: Nbis | M40: Total PBS+APS+Nbis
B41: CHILLAN | C41: 5639 | D41: 3310 | E41: =C41+D41 -> 8949 | F41: =E41/$E$62 -> 0.312749 | G41: 18380 | H41: 2099 | I41: =G41+H41 -> 20479 | J41: =I41/$I$62 -> 0.38262056 | K41: =E41+I41 -> 29428 | L41: 0 | M41: =K41+L41 -> 29428
B42: BULNES | C42: 810 | D42: 455 | E42: =C42+D42 -> 1265 | F42: =E42/$E$62 -> 0.044209128 | G42: 2388 | H42: 191 | I42: =G42+H42 -> 2579 | J42: =I42/$I$62 -> 0.048184892 | K42: =E42+I42 -> 3844 | L42: 0 | M42: =K42+L42 -> 3844
B43: CHILLAN VIEJO | C43: 675 | D43: 410 | E43: =C43+D43 -> 1085 | F43: =E43/$E$62 -> 0.037918501 | G43: 1974 | H43: 262 | I43: =G43+H43 -> 2236 | J43: =I43/$I$62 -> 0.041776433 | K43: =E43+I43 -> 3321 | L43: 0 | M43: =K43+L43 -> 3321
B44: EL CARMEN | C44: 740 | D44: 456 | E44: =C44+D44 -> 1196 | F44: =E44/$E$62 -> 0.041797721 | G44: 1006 | H44: 168 | I44: =G44+H44 -> 1174 | J44: =I44/$I$62 -> 0.021934495 | K44: =E44+I44 -> 2370 | L44: 0 | M44: =K44+L44 -> 2370
B45: PEMUCO | C45: 323 | D45: 253 | E45: =C45+D45 -> 576 | F45: =E45/$E$62 -> 0.020130006 | G45: 739 | H45: 108 | I45: =G45+H45 -> 847 | J45: =I45/$I$62 -> 0.015824972 | K45: =E45+I45 -> 1423 | L45: 0 | M45: =K45+L45 -> 1423
B46: PINTO | C46: 529 | D46: 301 | E46: =C46+D46 -> 830 | F46: =E46/$E$62 -> 0.02900678 | G46: 1014 | H46: 120 | I46: =G46+H46 -> 1134 | J46: =I46/$I$62 -> 0.021187153 | K46: =E46+I46 -> 1964 | L46: 0 | M46: =K46+L46 -> 1964
B47: QUILLON | C47: 933 | D47: 354 | E47: =C47+D47 -> 1287 | F47: =E47/$E$62 -> 0.044977983 | G47: 1963 | H47: 126 | I47: =G47+H47 -> 2089 | J47: =I47/$I$62 -> 0.03902995 | K47: =E47+I47 -> 3376 | L47: 0 | M47: =K47+L47 -> 3376
B48: SAN IGNACIO | C48: 876 | D48: 582 | E48: =C48+D48 -> 1458 | F48: =E48/$E$62 -> 0.050954078 | G48: 1450 | H48: 260 | I48: =G48+H48 -> 1710 | J48: =I48/$I$62 -> 0.031948882 | K48: =E48+I48 -> 3168 | L48: 0 | M48: =K48+L48 -> 3168
B49: YUNGAY | C49: 686 | D49: 320 | E49: =C49+D49 -> 1006 | F49: =E49/$E$62 -> 0.035157615 | G49: 2026 | H49: 133 | I49: =G49+H49 -> 2159 | J49: =I49/$I$62 -> 0.040337799 | K49: =E49+I49 -> 3165 | L49: 0 | M49: =K49+L49 -> 3165
B50: QUIRIHUE | C50: 480 | D50: 291 | E50: =C50+D50 -> 771 | F50: =E50/$E$62 -> 0.026944852 | G50: 1462 | H50: 119 | I50: =G50+H50 -> 1581 | J50: =I50/$I$62 -> 0.029538703 | K50: =E50+I50 -> 2352 | L50: 0 | M50: =K50+L50 -> 2352
B51: COBQUECURA | C51: 343 | D51: 141 | E51: =C51+D51 -> 484 | F51: =E51/$E$62 -> 0.016914797 | G51: 443 | H51: 48 | I51: =G51+H51 -> 491 | J51: =I51/$I$62 -> 0.0091736263 | K51: =E51+I51 -> 975 | L51: 0 | M51: =K51+L51 -> 975
B52: COELEMU | C52: 762 | D52: 405 | E52: =C52+D52 -> 1167 | F52: =E52/$E$62 -> 0.040784231 | G52: 2081 | H52: 151 | I52: =G52+H52 -> 2232 | J52: =I52/$I$62 -> 0.041701698 | K52: =E52+I52 -> 3399 | L52: 0 | M52: =K52+L52 -> 3399
... B61: SAN NICOLAS | C61: 447 | D61: 260 | E61: =C61+D61 -> 707 | F61: =E61/$E$62 -> 0.024708185 | G61: 1045 | H61: 142 | I61: =G61+H61 -> 1187 | J61: =I61/$I$62 -> 0.022177382 | K61: =E61+I61 -> 1894 | L61: 0 | M61: =K61+L61 -> 1894
B62: Totales | C62: =SUM(C41:C61) -> 18091 | D62: =SUM(D41:D61) -> 10523 | E62: =C62+D62 -> 28614 | F62: =E62/$E$62 -> 1 | G62: =SUM(G41:G61) -> 48136 | H62: =SUM(H41:H61) -> 5387 | I62: =G62+H62 -> 53523 | J62: =I62/$I$62 -> 1 | K62: =E62+I62 -> 82137 | L62: =SUM(L41:L61) -> 0 | M62: =K62+L62 -> 82137
B63: % respecto del total de concesiones | C63: =+C62/M62 -> 0.22025397 | D63: =+D62/M62 -> 0.12811522 | E63: =+E62/M62 -> 0.34836919 | G63: =+G62/M62 -> 0.58604527 | H63: =+H62/M62 -> 0.065585546 | I63: =+I62/M62 -> 0.65163081 | K63: =+K62/M62 -> 1 | L63: =+L62/M62 -> 0 | M63: =K63+L63 -> 1
B64: Fuente: Elaboración propia sobre la base de información del IPS.
B65: Nota: La información estadística reportada del número de solicitudes concesionadas, en trámite, rechazadas y anuladas varía mes a mes por actualización de cifras.

Sheet VIII
A2: Subsecretaría de Previsión Social
A3: Dirección de Estudios Previsionales
B5: Número de Solicitudes de Beneficios del Pilar Solidario según tipo de beneficio - VIII Región del Bio Bio | M5: Volver Sistema de Pensiones Solidadias
B6: ='Solicitudes Regiones'!$B$6:$R$6 -> Acumuladas de julio de 2008 a diciembre de 2021
B8: Distribución Regional Solicitudes del Pilar Solidario - no incluye ex Pasis
B9: COMUNA | C9: TOTAL PBS Y APS
C10: PBSV | D10: PBSI | E10: Total PBS | F10: % PBS | G10: APSV | H10: APSI | I10: Total APS | J10: %APS | K10: Total PBS+APS | L10: Nbis | M10: Total PBS+APS+Nbis
B11: CHIGUAYANTE | C11: 2367 | D11: 1429 | E11: =C11+D11 -> 3796 | F11: =E11/$E$44 -> 0.041855029 | G11: 8975 | H11: 500 | I11: =G11+H11 -> 9475 | J11: =I11/$I$44 -> 0.053762221 | K11: =E11+I11 -> 13271 | L11: 3 | M11: =K11+L11 -> 13274
B12: LOTA | C12: 2008 | D12: 1251 | E12: =C12+D12 -> 3259 | F12: =E12/$E$44 -> 0.03593402 | G12: 6658 | H12: 323 | I12: =G12+H12 -> 6981 | J12: =I12/$I$44 -> 0.039610983 | K12: =E12+I12 -> 10240 | L12: 0 | M12: =K12+L12 -> 10240
B13: HUALPEN | C13: 2643 | D13: 1508 | E13: =C13+D13 -> 4151 | F13: =E13/$E$44 -> 0.04576929 | G13: 10449 | H13: 519 | I13: =G13+H13 -> 10968 | J13: =I13/$I$44 -> 0.062233671 | K13: =E13+I13 -> 15119 | L13: 6 | M13: =K13+L13 -> 15125
B14: LOS ANGELES | C14: 6613 | D14: 4793 | E14: =C14+D14 -> 11406 | F14: =E14/$E$44 -> 0.12576356 | G14: 20204 | H14: 1779 | I14: =G14+H14 -> 21983 | J14: =I14/$I$44 -> 0.12473403 | K14: =E14+I14 -> 33389 | L14: 15 | M14: =K14+L14 -> 33404
B15: LAJA | C15: 1217 | D15: 1069 | E15: =C15+D15 -> 2286 | F15: =E15/$E$44 -> 0.025205637 | G15: 2698 | H15: 252 | I15: =G15+H15 -> 2950 | J15: =I15/$I$44 -> 0.016738633 | K15: =E15+I15 -> 5236 | L15: 1 | M15: =K15+L15 -> 5237
B16: SANTA BARBARA | C16: 651 | D16: 522 | E16: =C16+D16 -> 1173 | F16: =E16/$E$44 -> 0.012933601 | G16: 1461 | H16: 133 | I16: =G16+H16 -> 1594 | J16: =I16/$I$44 -> 0.0090445361 | K16: =E16+I16 -> 2767 | L16: 0 | M16: =K16+L16 -> 2767
B17: ALTO BIOBIO | C17: 158 | D17: 298 | E17: =C17+D17 -> 456 | F17: =E17/$E$44 -> 0.005027896 | G17: 272 | H17: 89 | I17: =G17+H17 -> 361 | J17: =I17/$I$44 -> 0.0020483548 | K17: =E17+I17 -> 817 | L17: 0 | M17: =K17+L17 -> 817
B18: CORONEL | C18: 3765 | D18: 2555 | E18: =C18+D18 -> 6320 | F18: =E18/$E$44 -> 0.069684874 | G18: 11902 | H18: 684 | I18: =G18+H18 -> 12586 | J18: =I18/$I$44 -> 0.071414386 | K18: =E18+I18 -> 18906 | L18: 5 | M18: =K18+L18 -> 18911
B19: HUALQUI | C19: 853 | D19: 754 | E19: =C19+D19 -> 1607 | F19: =E19/$E$44 -> 0.017718923 | G19: 2242 | H19: 181 | I19: =G19+H19 -> 2423 | J19: =I19/$I$44 -> 0.013748376 | K19: =E19+I19 -> 4030 | L19: 0 | M19: =K19+L19 -> 4030
B20: PENCO | C20: 1476 | D20: 1281 | E20: =C20+D20 -> 2757 | F20: =E20/$E$44 -> 0.030398924 | G20: 5678 | H20: 342 | I20: =G20+H20 -> 6020 | J20: =I20/$I$44 -> 0.03415816 | K20: =E20+I20 -> 8777 | L20: 6 | M20: =K20+L20 -> 8783
B21: SANTA JUANA | C21: 748 | D21: 597 | E21: =C21+D21 -> 1345 | F21: =E21/$E$44 -> 0.014830088 | G21: 1430 | H21: 103 | I21: =G21+H21 -> 1533 | J21: =I21/$I$44 -> 0.0086984152 | K21: =E21+I21 -> 2878 | L21: 0 | M21: =K21+L21 -> 2878
B22: TALCAHUANO | C22: 4738 | D22: 3211 | E22: =C22+D22 -> 7949 | F22: =E22/$E$44 -> 0.087646371 | G22: 16592 | H22: 1088 | I22: =G22+H22 -> 17680 | J22: =I22/$I$44 -> 0.10031832 | K22: =E22+I22 -> 25629 | L22: 10 | M22: =K22+L22 -> 25639
... B43: QUILLECO | C43: 513 | D43: 413 | E43: =C43+D43 -> 926 | F43: =E43/$E$44 -> 0.010210157 | G43: 1086 | H43: 92 | I43: =G43+H43 -> 1178 | J43: =I43/$I$44 -> 0.0066841051 | K43: =E43+I43 -> 2104 | L43: 0 | M43: =K43+L43 -> 2104
B44: Totales | C44: =SUM(C11:C43) -> 51960 | D44: =SUM(D11:D43) -> 38734 | E44: =C44+D44 -> 90694 | F44: =E44/$E$44 -> 1 | G44: =SUM(G11:G43) -> 165167 | H44: =SUM(H11:H43) -> 11072 | I44: =G44+H44 -> 176239 | J44: =I44/$I$44 -> 1 | K44: =E44+I44 -> 266933 | L44: =SUM(L11:L43) -> 89 | M44: =K44+L44 -> 267022
B45: % respecto del total de solicitudes | C45: =+C44/M44 -> 0.19459071 | D45: =+D44/M44 -> 0.14505921 | E45: =+E44/M44 -> 0.33964992 | G45: =+G44/M44 -> 0.61855203 | H45: =+H44/M44 -> 0.041464748 | I45: =+I44/M44 -> 0.66001678 | K45: =+K44/M44 -> 0.99966669 | L45: =+L44/M44 -> 0.00033330587 | M45: =K45+L45 -> 1
B47: Número de Concesiones de Beneficios del Pilar Solidario según tipo de beneficio - VIII Región del Bio Bio
B48: ='Solicitudes Regiones'!$B$6:$R$6 -> Acumuladas de julio de 2008 a diciembre de 2021
B50: Concesiones del Pilar Solidario a nivel comunal
B51: COMUNA | C51: TOTAL PBS Y APS
C52: PBSV | D52: PBSI | E52: Total PBS | F52: % PBS | G52: APSV | H52: APSI | I52: Total APS | J52: %APS | K52: Total PBS+APS | L52: Nbis | M52: Total PBS+APS+Nbis
B53: CHIGUAYANTE | C53: 2059 | D53: 750 | E53: =C53+D53 -> 2809 | F53: =E53/$E$86 -> 0.043298651 | G53: 7580 | H53: 405 | I53: =G53+H53 -> 7985 | J53: =I53/$I$86 -> 0.053515897 | K53: =E53+I53 -> 10794 | L53: 0 | M53: =K53+L53 -> 10794
B54: LOTA | C54: 1594 | D54: 539 | E54: =C54+D54 -> 2133 | F54: =E54/$E$86 -> 0.032878613 | G54: 5598 | H54: 257 | I54: =G54+H54 -> 5855 | J54: =I54/$I$86 -> 0.039240523 | K54: =E54+I54 -> 7988 | L54: 0 | M54: =K54+L54 -> 7988
B55: HUALPEN | C55: 2317 | D55: 850 | E55: =C55+D55 -> 3167 | F55: =E55/$E$86 -> 0.048816956 | G55: 8899 | H55: 398 | I55: =G55+H55 -> 9297 | J55: =I55/$I$86 -> 0.062308991 | K55: =E55+I55 -> 12464 | L55: 0 | M55: =K55+L55 -> 12464
B56: LOS ANGELES | C56: 5973 | D56: 2932 | E56: =C56+D56 -> 8905 | F56: =E56/$E$86 -> 0.13726397 | G56: 17307 | H56: 1606 | I56: =G56+H56 -> 18913 | J56: =I56/$I$86 -> 0.12675594 | K56: =E56+I56 -> 27818 | L56: 0 | M56: =K56+L56 -> 27818
B57: LAJA | C57: 1061 | D57: 574 | E57: =C57+D57 -> 1635 | F57: =E57/$E$86 -> 0.025202312 | G57: 2300 | H57: 221 | I57: =G57+H57 -> 2521 | J57: =I57/$I$86 -> 0.016895877 | K57: =E57+I57 -> 4156 | L57: 0 | M57: =K57+L57 -> 4156
B58: SANTA BARBARA | C58: 600 | D58: 272 | E58: =C58+D58 -> 872 | F58: =E58/$E$86 -> 0.013441233 | G58: 1350 | H58: 109 | I58: =G58+H58 -> 1459 | J58: =I58/$I$86 -> 0.0097782961 | K58: =E58+I58 -> 2331 | L58: 0 | M58: =K58+L58 -> 2331
B59: ALTO BIOBIO | C59: 155 | D59: 187 | E59: =C59+D59 -> 342 | F59: =E59/$E$86 -> 0.0052716763 | G59: 265 | H59: 80 | I59: =G59+H59 -> 345 | J59: =I59/$I$86 -> 0.0023122085 | K59: =E59+I59 -> 687 | L59: 0 | M59: =K59+L59 -> 687
B60: CORONEL | C60: 3177 | D60: 1226 | E60: =C60+D60 -> 4403 | F60: =E60/$E$86 -> 0.067868979 | G60: 10008 | H60: 581 | I60: =G60+H60 -> 10589 | J60: =I60/$I$86 -> 0.070968045 | K60: =E60+I60 -> 14992 | L60: 0 | M60: =K60+L60 -> 14992
B61: HUALQUI | C61: 798 | D61: 333 | E61: =C61+D61 -> 1131 | F61: =E61/$E$86 -> 0.017433526 | G61: 1978 | H61: 156 | I61: =G61+H61 -> 2134 | J61: =I61/$I$86 -> 0.014302182 | K61: =E61+I61 -> 3265 | L61: 0 | M61: =K61+L61 -> 3265
B62: PENCO | C62: 1316 | D62: 512 | E62: =C62+D62 -> 1828 | F62: =E62/$E$86 -> 0.028177264 | G62: 4875 | H62: 260 | I62: =G62+H62 -> 5135 | J62: =I62/$I$86 -> 0.034415045 | K62: =E62+I62 -> 6963 | L62: 0 | M62: =K62+L62 -> 6963
B63: SANTA JUANA | C63: 692 | D63: 212 | E63: =C63+D63 -> 904 | F63: =E63/$E$86 -> 0.013934489 | G63: 1262 | H63: 88 | I63: =G63+H63 -> 1350 | J63: =I63/$I$86 -> 0.0090477722 | K63: =E63+I63 -> 2254 | L63: 0 | M63: =K63+L63 -> 2254
B64: TALCAHUANO | C64: 4006 | D64: 1607 | E64: =C64+D64 -> 5613 | F64: =E64/$E$86 -> 0.086520231 | G64: 13274 | H64: 862 | I64: =G64+H64 -> 14136 | J64: =I64/$I$86 -> 0.094740228 | K64: =E64+I64 -> 19749 | L64: 1 | M64: =K64+L64 -> 19750
... B85: QUILLECO | C85: 487 | D85: 230 | E85: =C85+D85 -> 717 | F85: =E85/$E$86 -> 0.011052023 | G85: 977 | H85: 80 | I85: =G85+H85 -> 1057 | J85: =I85/$I$86 -> 0.0070840706 | K85: =E85+I85 -> 1774 | L85: 0 | M85: =K85+L85 -> 1774
B86: Totales | C86: =SUM(C53:C85) -> 45607 | D86: =SUM(D53:D85) -> 19268 | E86: =C86+D86 -> 64875 | F86: =E86/$E$86 -> 1 | G86: =SUM(G53:G85) -> 139929 | H86: =SUM(H53:H85) -> 9279 | I86: =G86+H86 -> 149208 | J86: =I86/$I$86 -> 1 | K86: =E86+I86 -> 214083 | L86: =SUM(L53:L85) -> 3 | M86: =K86+L86 -> 214086
B87: % respecto del total de concesiones | C87: =+C86/M86 -> 0.21303121 | D87: =+D86/M86 -> 0.090001214 | E87: =+E86/M86 -> 0.30303243 | G87: =+G86/M86 -> 0.65361117 | H87: =+H86/M86 -> 0.043342395 | I87: =+I86/M86 -> 0.69695356 | K87: =+K86/M86 -> 0.99998599 | L87: =+L86/M86 -> 1.401306e-05 | M87: =K87+L87 -> 1
B88: Fuente: Elaboración propia sobre la base de información del IPS.
B89: Nota: La información estadística reportada del número de solicitudes concesionadas, en trámite, rechazadas y anuladas varía mes a mes por actualización de cifras.

Sheet IX
A2: Subsecretaría de Previsión Social
A3: Dirección de Estudios Previsionales
B5: Número de Solicitudes de Beneficios del Pilar Solidario según tipo de beneficio - IX Región de la Araucanía | M5: Volver Sistema de Pensiones Solidadias
B6: ='Solicitudes Regiones'!$B$6:$R$6 -> Acumuladas de julio de 2008 a diciembre de 2021
B8: Distribución Regional Solicitudes del Pilar Solidario - no incluye ex Pasis
B9: COMUNA | C9: TOTAL PBS Y APS
C10: PBSV | D10: PBSI | E10: Total PBS | F10: % PBS | G10: APSV | H10: APSI | I10: Total APS | J10: %APS | K10: Total PBS+APS | L10: Nbis | M10: Total PBS+APS+Nbis
B11: CARAHUE | C11: 1785 | D11: 1379 | E11: =C11+D11 -> 3164 | F11: =E11/$E$43 -> 0.046343357 | G11: 2061 | H11: 193 | I11: =G11+H11 -> 2254 | J11: =I11/$I$43 -> 0.022484239 | K11: =E11+I11 -> 5418 | L11: 0 | M11: =K11+L11 -> 5418
B12: CURARREHUE | C12: 644 | D12: 251 | E12: =C12+D12 -> 895 | F12: =E12/$E$43 -> 0.013109135 | G12: 466 | H12: 35 | I12: =G12+H12 -> 501 | J12: =I12/$I$43 -> 0.0049976059 | K12: =E12+I12 -> 1396 | L12: 0 | M12: =K12+L12 -> 1396
B13: PITRUFQUEN | C13: 1363 | D13: 786 | E13: =C13+D13 -> 2149 | F13: =E13/$E$43 -> 0.031476572 | G13: 2857 | H13: 210 | I13: =G13+H13 -> 3067 | J13: =I13/$I$43 -> 0.030594127 | K13: =E13+I13 -> 5216 | L13: 2 | M13: =K13+L13 -> 5218
B14: TEODORO SCHMIDT | C14: 1145 | D14: 640 | E14: =C14+D14 -> 1785 | F14: =E14/$E$43 -> 0.026145035 | G14: 1157 | H14: 104 | I14: =G14+H14 -> 1261 | J14: =I14/$I$43 -> 0.012578805 | K14: =E14+I14 -> 3046 | L14: 1 | M14: =K14+L14 -> 3047
B15: VILLARRICA | C15: 2404 | D15: 1228 | E15: =C15+D15 -> 3632 | F15: =E15/$E$43 -> 0.05319819 | G15: 6054 | H15: 395 | I15: =G15+H15 -> 6449 | J15: =I15/$I$43 -> 0.06433046 | K15: =E15+I15 -> 10081 | L15: 5 | M15: =K15+L15 -> 10086
B16: COLLIPULLI | C16: 916 | D16: 685 | E16: =C16+D16 -> 1601 | F16: =E16/$E$43 -> 0.023449973 | G16: 2431 | H16: 199 | I16: =G16+H16 -> 2630 | J16: =I16/$I$43 -> 0.026234937 | K16: =E16+I16 -> 4231 | L16: 0 | M16: =K16+L16 -> 4231
B17: TRAIGUEN | C17: 965 | D17: 757 | E17: =C17+D17 -> 1722 | F17: =E17/$E$43 -> 0.025222269 | G17: 2742 | H17: 145 | I17: =G17+H17 -> 2887 | J17: =I17/$I$43 -> 0.02879858 | K17: =E17+I17 -> 4609 | L17: 0 | M17: =K17+L17 -> 4609
B18: TEMUCO | C18: 8840 | D18: 4705 | E18: =C18+D18 -> 13545 | F18: =E18/$E$43 -> 0.19839468 | G18: 27313 | H18: 1763 | I18: =G18+H18 -> 29076 | J18: =I18/$I$43 -> 0.2900407 | K18: =E18+I18 -> 42621 | L18: 17 | M18: =K18+L18 -> 42638
B19: CUNCO | C19: 1346 | D19: 701 | E19: =C19+D19 -> 2047 | F19: =E19/$E$43 -> 0.02998257 | G19: 2106 | H19: 125 | I19: =G19+H19 -> 2231 | J19: =I19/$I$43 -> 0.022254808 | K19: =E19+I19 -> 4278 | L19: 3 | M19: =K19+L19 -> 4281
B20: FREIRE | C20: 1264 | D20: 691 | E20: =C20+D20 -> 1955 | F20: =E20/$E$43 -> 0.028635039 | G20: 2366 | H20: 179 | I20: =G20+H20 -> 2545 | J20: =I20/$I$43 -> 0.02538704 | K20: =E20+I20 -> 4500 | L20: 1 | M20: =K20+L20 -> 4501
B21: GALVARINO | C21: 670 | D21: 694 | E21: =C21+D21 -> 1364 | F21: =E21/$E$43 -> 0.019978615 | G21: 936 | H21: 111 | I21: =G21+H21 -> 1047 | J21: =I21/$I$43 -> 0.010444099 | K21: =E21+I21 -> 2411 | L21: 0 | M21: =K21+L21 -> 2411
B22: LAUTARO | C22: 1440 | D22: 996 | E22: =C22+D22 -> 2436 | F22: =E22/$E$43 -> 0.035680284 | G22: 3414 | H22: 241 | I22: =G22+H22 -> 3655 | J22: =I22/$I$43 -> 0.03645958 | K22: =E22+I22 -> 6091 | L22: 0 | M22: =K22+L22 -> 6091
... B42: LONCOCHE | C42: 1036 | D42: 682 | E42: =C42+D42 -> 1718 | F42: =E42/$E$43 -> 0.025163681 | G42: 2656 | H42: 203 | I42: =G42+H42 -> 2859 | J42: =I42/$I$43 -> 0.028519272 | K42: =E42+I42 -> 4577 | L42: 2 | M42: =K42+L42 -> 4579
B43: Totales | C43: =SUM(C11:C42) -> 41520 | D43: =SUM(D11:D42) -> 26753 | E43: =C43+D43 -> 68273 | F43: =E43/$E$43 -> 1 | G43: =SUM(G11:G42) -> 93514 | H43: =SUM(H11:H42) -> 6734 | I43: =G43+H43 -> 100248 | J43: =I43/$I$43 -> 1 | K43: =E43+I43 -> 168521 | L43: =SUM(L11:L42) -> 40 | M43: =K43+L43 -> 168561
B44: % respecto del total de solicitudes | C44: =+C43/M43 -> 0.24632032 | D44: =+D43/M43 -> 0.15871406 | E44: =+E43/M43 -> 0.40503438 | G44: =+G43/M43 -> 0.55477839 | H44: =+H43/M43 -> 0.039949929 | I44: =+I43/M43 -> 0.59472832 | K44: =+K43/M43 -> 0.9997627 | L44: =+L43/M43 -> 0.00023730282 | M44: =K44+L44 -> 1
B46: Número de Concesiones de Beneficios del Pilar Solidario según tipo de beneficio - IX Región de la Araucanía
B47: ='Solicitudes Regiones'!$B$6:$R$6 -> Acumuladas de julio de 2008 a diciembre de 2021
B49: Concesiones del Pilar Solidario a nivel comunal
B50: COMUNA | C50: TOTAL PBS Y APS
C51: PBSV | D51: PBSI | E51: Total PBS | F51: % PBS | G51: APSV | H51: APSI | I51: Total APS | J51: %APS | K51: Total PBS+APS | L51: Nbis | M51: Total PBS+APS+Nbis
B52: CARAHUE | C52: 1701 | D52: 567 | E52: =C52+D52 -> 2268 | F52: =E52/$E$84 -> 0.044748732 | G52: 1887 | H52: 170 | I52: =H52+G52 -> 2057 | J52: =I52/$I$84 -> 0.023764687 | K52: =E52+I52 -> 4325 | L52: 0 | M52: =L52+K52 -> 4325
B53: CURARREHUE | C53: 595 | D53: 117 | E53: =C53+D53 -> 712 | F53: =E53/$E$84 -> 0.014048103 | G53: 444 | H53: 25 | I53: =H53+G53 -> 469 | J53: =I53/$I$84 -> 0.0054183948 | K53: =E53+I53 -> 1181 | L53: 0 | M53: =L53+K53 -> 1181
B54: PITRUFQUEN | C54: 1215 | D54: 362 | E54: =C54+D54 -> 1577 | F54: =E54/$E$84 -> 0.03111497 | G54: 2422 | H54: 175 | I54: =H54+G54 -> 2597 | J54: =I54/$I$84 -> 0.03000335 | K54: =E54+I54 -> 4174 | L54: 0 | M54: =L54+K54 -> 4174
B55: TEODORO SCHMIDT | C55: 1080 | D55: 307 | E55: =C55+D55 -> 1387 | F55: =E55/$E$84 -> 0.027366178 | G55: 1042 | H55: 88 | I55: =H55+G55 -> 1130 | J55: =I55/$I$84 -> 0.013054981 | K55: =E55+I55 -> 2517 | L55: 0 | M55: =L55+K55 -> 2517
B56: VILLARRICA | C56: 2195 | D56: 629 | E56: =C56+D56 -> 2824 | F56: =E56/$E$84 -> 0.05571888 | G56: 5264 | H56: 339 | I56: =H56+G56 -> 5603 | J56: =I56/$I$84 -> 0.064731911 | K56: =E56+I56 -> 8427 | L56: 0 | M56: =L56+K56 -> 8427
B57: COLLIPULLI | C57: 831 | D57: 309 | E57: =C57+D57 -> 1140 | F57: =E57/$E$84 -> 0.022492749 | G57: 2213 | H57: 157 | I57: =H57+G57 -> 2370 | J57: =I57/$I$84 -> 0.027380801 | K57: =E57+I57 -> 3510 | L57: 0 | M57: =L57+K57 -> 3510
B58: TRAIGUEN | C58: 878 | D58: 348 | E58: =C58+D58 -> 1226 | F58: =E58/$E$84 -> 0.02418957 | G58: 2280 | H58: 117 | I58: =H58+G58 -> 2397 | J58: =I58/$I$84 -> 0.027692734 | K58: =E58+I58 -> 3623 | L58: 0 | M58: =L58+K58 -> 3623
B59: TEMUCO | C59: 7866 | D59: 2702 | E59: =C59+D59 -> 10568 | F59: =E59/$E$84 -> 0.20851173 | G59: 22582 | H59: 1505 | I59: =H59+G59 -> 24087 | J59: =I59/$I$84 -> 0.27827905 | K59: =E59+I59 -> 34655 | L59: 1 | M59: =L59+K59 -> 34656
B60: CUNCO | C60: 1248 | D60: 305 | E60: =C60+D60 -> 1553 | F60: =E60/$E$84 -> 0.030641438 | G60: 1865 | H60: 103 | I60: =H60+G60 -> 1968 | J60: =I60/$I$84 -> 0.022736463 | K60: =E60+I60 -> 3521 | L60: 1 | M60: =L60+K60 -> 3522
B61: FREIRE | C61: 1177 | D61: 333 | E61: =C61+D61 -> 1510 | F61: =E61/$E$84 -> 0.029793027 | G61: 2130 | H61: 153 | I61: =H61+G61 -> 2283 | J61: =I61/$I$84 -> 0.026375683 | K61: =E61+I61 -> 3793 | L61: 0 | M61: =L61+K61 -> 3793
B62: GALVARINO | C62: 644 | D62: 276 | E62: =C62+D62 -> 920 | F62: =E62/$E$84 -> 0.018152043 | G62: 866 | H62: 96 | I62: =H62+G62 -> 962 | J62: =I62/$I$84 -> 0.011114064 | K62: =E62+I62 -> 1882 | L62: 0 | M62: =L62+K62 -> 1882
B63: LAUTARO | C63: 1319 | D63: 453 | E63: =C63+D63 -> 1772 | F63: =E63/$E$84 -> 0.034962413 | G63: 2935 | H63: 204 | I63: =H63+G63 -> 3139 | J63: =I63/$I$84 -> 0.03626512 | K63: =E63+I63 -> 4911 | L63: 0 | M63: =L63+K63 -> 4911
... B83: LONCOCHE | C83: 974 | D83: 301 | E83: =C83+D83 -> 1275 | F83: =E83/$E$84 -> 0.025156364 | G83: 2392 | H83: 175 | I83: =H83+G83 -> 2567 | J83: =I83/$I$84 -> 0.029656758 | K83: =E83+I83 -> 3842 | L83: 0 | M83: =L83+K83 -> 3842
B84: Totales | C84: =SUM(C52:C83) -> 38003 | D84: =SUM(D52:D83) -> 12680 | E84: =C84+D84 -> 50683 | F84: =E84/$E$84 -> 1 | G84: =SUM(G52:G83) -> 80830 | H84: =SUM(H52:H83) -> 5727 | I84: =H84+G84 -> 86557 | J84: =I84/$I$84 -> 1 | K84: =E84+I84 -> 137240 | L84: =SUM(L52:L83) -> 2 | M84: =L84+K84 -> 137242
B85: % respecto del total de concesiones | C85: =+C84/M84 -> 0.27690503 | D85: =+D84/M84 -> 0.092391542 | E85: =+E84/M84 -> 0.36929657 | G85: =+G84/M84 -> 0.58895965 | H85: =+H84/M84 -> 0.041729208 | I85: =+I84/M84 -> 0.63068886 | K85: =+K84/M84 -> 0.99998543 | L85: =+L84/M84 -> 1.4572798e-05 | M85: =K85+L85 -> 1
B86: Fuente: Elaboración propia sobre la base de información del IPS.
B87: Nota: La información estadística reportada del número de solicitudes concesionadas, en trámite, rechazadas y anuladas varía mes a mes por actualización de cifras.

Sheet XIV
A2: Subsecretaría de Previsión Social
A3: Dirección de Estudios Previsionales
B5: Número de Solicitudes de Beneficios del Pilar Solidario según tipo de beneficio - XIV Región de Los Rios | M5: Volver Sistema de Pensiones Solidadias
B6: ='Solicitudes Regiones'!$B$6:$R$6 -> Acumuladas de julio de 2008 a diciembre de 2021
B8: Distribución Regional Solicitudes del Pilar Solidario - no incluye ex Pasis
B9: COMUNA | C9: TOTAL PBS Y APS
C10: PBSV | D10: PBSI | E10: Total PBS | F10: % PBS | G10: APSV | H10: APSI | I10: Total APS | J10: %APS | K10: Total PBS+APS | L10: Nbis | M10: Total PBS+APS+Nbis
B11: VALDIVIA | C11: 4585 | D11: 2988 | E11: =C11+D11 -> 7573 | F11: =E11/$E$23 -> 0.30669853 | G11: 17584 | H11: 1537 | I11: =G11+H11 -> 19121 | J11: =I11/$I$23 -> 0.41146977 | K11: =E11+I11 -> 26694 | L11: 10 | M11: =K11+L11 -> 26704
B12: CORRAL | C12: 205 | D12: 156 | E12: =C12+D12 -> 361 | F12: =E12/$E$23 -> 0.01462012 | G12: 630 | H12: 54 | I12: =G12+H12 -> 684 | J12: =I12/$I$23 -> 0.014719174 | K12: =E12+I12 -> 1045 | L12: 0 | M12: =K12+L12 -> 1045
B13: LANCO | C13: 772 | D13: 562 | E13: =C13+D13 -> 1334 | F13: =E13/$E$23 -> 0.054025595 | G13: 1910 | H13: 216 | I13: =G13+H13 -> 2126 | J13: =I13/$I$23 -> 0.045749946 | K13: =E13+I13 -> 3460 | L13: 2 | M13: =K13+L13 -> 3462
B14: LOS LAGOS | C14: 817 | D14: 584 | E14: =C14+D14 -> 1401 | F14: =E14/$E$23 -> 0.056739025 | G14: 2205 | H14: 200 | I14: =G14+H14 -> 2405 | J14: =I14/$I$23 -> 0.05175382 | K14: =E14+I14 -> 3806 | L14: 4 | M14: =K14+L14 -> 3810
B15: MAFIL | C15: 266 | D15: 256 | E15: =C15+D15 -> 522 | F15: =E15/$E$23 -> 0.02114045 | G15: 883 | H15: 90 | I15: =G15+H15 -> 973 | J15: =I15/$I$23 -> 0.02093824 | K15: =E15+I15 -> 1495 | L15: 2 | M15: =K15+L15 -> 1497
B16: SAN JOSE DE LA MARIQUINA | C16: 797 | D16: 665 | E16: =C16+D16 -> 1462 | F16: =E16/$E$23 -> 0.059209461 | G16: 1968 | H16: 273 | I16: =G16+H16 -> 2241 | J16: =I16/$I$23 -> 0.048224661 | K16: =E16+I16 -> 3703 | L16: 1 | M16: =K16+L16 -> 3704
B17: PAILLACO | C17: 991 | D17: 876 | E17: =C17+D17 -> 1867 | F17: =E17/$E$23 -> 0.075611534 | G17: 2582 | H17: 265 | I17: =G17+H17 -> 2847 | J17: =I17/$I$23 -> 0.061265332 | K17: =E17+I17 -> 4714 | L17: 2 | M17: =K17+L17 -> 4716
B18: PANGUIPULLI | C18: 1664 | D18: 1158 | E18: =C18+D18 -> 2822 | F18: =E18/$E$23 -> 0.11428803 | G18: 3078 | H18: 374 | I18: =G18+H18 -> 3452 | J18: =I18/$I$23 -> 0.074284485 | K18: =E18+I18 -> 6274 | L18: 0 | M18: =K18+L18 -> 6274
B19: LA UNION | C19: 1613 | D19: 995 | E19: =C19+D19 -> 2608 | F19: =E19/$E$23 -> 0.10562125 | G19: 5347 | H19: 521 | I19: =G19+H19 -> 5868 | J19: =I19/$I$23 -> 0.12627502 | K19: =E19+I19 -> 8476 | L19: 4 | M19: =K19+L19 -> 8480
B20: FUTRONO | C20: 665 | D20: 455 | E20: =C20+D20 -> 1120 | F20: =E20/$E$23 -> 0.045358821 | G20: 1289 | H20: 121 | I20: =G20+H20 -> 1410 | J20: =I20/$I$23 -> 0.030342156 | K20: =E20+I20 -> 2530 | L20: 1 | M20: =K20+L20 -> 2531
B21: LAGO RANCO | C21: 522 | D21: 375 | E21: =C21+D21 -> 897 | F21: =E21/$E$23 -> 0.036327555 | G21: 922 | H21: 110 | I21: =G21+H21 -> 1032 | J21: =I21/$I$23 -> 0.022207876 | K21: =E21+I21 -> 1929 | L21: 0 | M21: =K21+L21 -> 1929
B22: RIO BUENO | C22: 1693 | D22: 1032 | E22: =C22+D22 -> 2725 | F22: =E22/$E$23 -> 0.11035963 | G22: 3877 | H22: 434 | I22: =G22+H22 -> 4311 | J22: =I22/$I$23 -> 0.092769529 | K22: =E22+I22 -> 7036 | L22: 2 | M22: =K22+L22 -> 7038
B23: Totales | C23: =SUM(C11:C22) -> 14590 | D23: =SUM(D11:D22) -> 10102 | E23: =C23+D23 -> 24692 | F23: =E23/$E$23 -> 1 | G23: =SUM(G11:G22) -> 42275 | H23: =SUM(H11:H22) -> 4195 | I23: =G23+H23 -> 46470 | J23: =I23/$I$23 -> 1 | K23: =E23+I23 -> 71162 | L23: =SUM(L11:L22) -> 28 | M23: =K23+L23 -> 71190
B24: % respecto del total de solicitudes | C24: =+C23/M23 -> 0.20494451 | D24: =+D23/M23 -> 0.14190195 | E24: =+E23/M23 -> 0.34684647 | G24: =+G23/M23 -> 0.5938334 | H24: =+H23/M23 -> 0.058926816 | I24: =+I23/M23 -> 0.65276022 | K24: =+K23/M23 -> 0.99960669 | L24: =+L23/M23 -> 0.00039331367 | M24: =K24+L24 -> 1
B26: Número de Concesiones de Beneficios del Pilar Solidario según tipo de beneficio - XIV Región de Los Rios
B27: ='Solicitudes Regiones'!$B$6:$R$6 -> Acumuladas de julio de 2008 a diciembre de 2021
B29: Concesiones del Pilar Solidario a nivel comunal
B30: COMUNA | C30: TOTAL PBS Y APS
C31: PBSV | D31: PBSI | E31: Total PBS | F31: % PBS | G31: APSV | H31: APSI | I31: Total APS | J31: %APS | K31: Total PBS+APS | L31: Nbis | M31: Total PBS+APS+Nbis
B32: VALDIVIA | C32: 4144 | D32: 2211 | E32: =C32+D32 -> 6355 | F32: =E32/$E$44 -> 0.31433942 | G32: 15011 | H32: 1329 | I32: =G32+H32 -> 16340 | J32: =I32/$I$44 -> 0.4077355 | K32: =E32+I32 -> 22695 | L32: 0 | M32: =K32+L32 -> 22695
B33: CORRAL | C33: 188 | D33: 102 | E33: =C33+D33 -> 290 | F33: =E33/$E$44 -> 0.014344364 | G33: 557 | H33: 45 | I33: =G33+H33 -> 602 | J33: =I33/$I$44 -> 0.015021834 | K33: =E33+I33 -> 892 | L33: 0 | M33: =K33+L33 -> 892
B34: LANCO | C34: 722 | D34: 339 | E34: =C34+D34 -> 1061 | F34: =E34/$E$44 -> 0.052480586 | G34: 1680 | H34: 186 | I34: =G34+H34 -> 1866 | J34: =I34/$I$44 -> 0.046562695 | K34: =E34+I34 -> 2927 | L34: 0 | M34: =K34+L34 -> 2927
B35: LOS LAGOS | C35: 761 | D35: 396 | E35: =C35+D35 -> 1157 | F35: =E35/$E$44 -> 0.057229065 | G35: 1973 | H35: 170 | I35: =G35+H35 -> 2143 | J35: =I35/$I$44 -> 0.053474735 | K35: =E35+I35 -> 3300 | L35: 0 | M35: =K35+L35 -> 3300
B36: MAFIL | C36: 238 | D36: 138 | E36: =C36+D36 -> 376 | F36: =E36/$E$44 -> 0.018598209 | G36: 802 | H36: 80 | I36: =G36+H36 -> 882 | J36: =I36/$I$44 -> 0.022008734 | K36: =E36+I36 -> 1258 | L36: 0 | M36: =K36+L36 -> 1258
B37: SAN JOSE DE LA MARIQUINA | C37: 763 | D37: 422 | E37: =C37+D37 -> 1185 | F37: =E37/$E$44 -> 0.058614038 | G37: 1769 | H37: 235 | I37: =G37+H37 -> 2004 | J37: =I37/$I$44 -> 0.050006238 | K37: =E37+I37 -> 3189 | L37: 1 | M37: =K37+L37 -> 3190
B38: PAILLACO | C38: 897 | D38: 513 | E38: =C38+D38 -> 1410 | F38: =E38/$E$44 -> 0.069743285 | G38: 2196 | H38: 228 | I38: =G38+H38 -> 2424 | J38: =I38/$I$44 -> 0.060486588 | K38: =E38+I38 -> 3834 | L38: 0 | M38: =K38+L38 -> 3834
B39: PANGUIPULLI | C39: 1544 | D39: 774 | E39: =C39+D39 -> 2318 | F39: =E39/$E$44 -> 0.11465598 | G39: 2628 | H39: 322 | I39: =G39+H39 -> 2950 | J39: =I39/$I$44 -> 0.073611978 | K39: =E39+I39 -> 5268 | L39: 0 | M39: =K39+L39 -> 5268
B40: LA UNION | C40: 1465 | D40: 698 | E40: =C40+D40 -> 2163 | F40: =E40/$E$44 -> 0.10698917 | G40: 4518 | H40: 465 | I40: =G40+H40 -> 4983 | J40: =I40/$I$44 -> 0.12434186 | K40: =E40+I40 -> 7146 | L40: 0 | M40: =K40+L40 -> 7146
B41: FUTRONO | C41: 603 | D41: 303 | E41: =C41+D41 -> 906 | F41: =E41/$E$44 -> 0.044813771 | G41: 1118 | H41: 109 | I41: =G41+H41 -> 1227 | J41: =I41/$I$44 -> 0.030617592 | K41: =E41+I41 -> 2133 | L41: 0 | M41: =K41+L41 -> 2133
B42: LAGO RANCO | C42: 500 | D42: 245 | E42: =C42+D42 -> 745 | F42: =E42/$E$44 -> 0.036850176 | G42: 828 | H42: 100 | I42: =G42+H42 -> 928 | J42: =I42/$I$44 -> 0.023156581 | K42: =E42+I42 -> 1673 | L42: 0 | M42: =K42+L42 -> 1673
B43: RIO BUENO | C43: 1554 | D43: 697 | E43: =C43+D43 -> 2251 | F43: =E43/$E$44 -> 0.11134194 | G43: 3345 | H43: 381 | I43: =G43+H43 -> 3726 | J43: =I43/$I$44 -> 0.092975671 | K43: =E43+I43 -> 5977 | L43: 0 | M43: =K43+L43 -> 5977
B44: Totales | C44: =SUM(C32:C43) -> 13379 | D44: =SUM(D32:D43) -> 6838 | E44: =C44+D44 -> 20217 | F44: =E44/$E$44 -> 1 | G44: =SUM(G32:G43) -> 36425 | H44: =SUM(H32:H43) -> 3650 | I44: =G44+H44 -> 40075 | J44: =I44/$I$44 -> 1 | K44: =E44+I44 -> 60292 | L44: =SUM(L32:L43) -> 1 | M44: =K44+L44 -> 60293
B45: % respecto del total de concesiones | C45: =+C44/M44 -> 0.22189972 | D45: =+D44/M44 -> 0.11341283 | E45: =+E44/M44 -> 0.33531256 | G45: =+G44/M44 -> 0.60413315 | H45: =+H44/M44 -> 0.060537708 | I45: =+I44/M44 -> 0.66467086 | K45: =+K44/M44 -> 0.99998341 | L45: =+L44/M44 -> 1.6585673e-05 | M45: =K45+L45 -> 1
B46: Fuente: Elaboración propia sobre la base de información del IPS.
B47: Nota: La información estadística reportada del número de solicitudes concesionadas, en trámite, rechazadas y anuladas varía mes a mes por actualización de cifras.

Sheet X
A2: Subsecretaría de Previsión Social
A3: Dirección de Estudios Previsionales
B5: Número de Solicitudes de Beneficios del Pilar Solidario según tipo de beneficio - X Región de Los Lagos | M5: Volver Sistema de Pensiones Solidadias
B6: ='Solicitudes Regiones'!$B$6:$R$6 -> Acumuladas de julio de 2008 a diciembre de 2021
B8: Distribución Regional Solicitudes del Pilar Solidario - no incluye ex Pasis
B9: COMUNA | C9: TOTAL PBS Y APS
C10: PBSV | D10: PBSI | E10: Total PBS | F10: % PBS | G10: APSV | H10: APSI | I10: Total APS | J10: %APS | K10: Total PBS+APS | L10: Nbis | M10: Total PBS+APS+Nbis
B11: CALBUCO | C11: 1786 | D11: 909 | E11: =C11+D11 -> 2695 | F11: =E11/$E$41 -> 0.056104923 | G11: 2354 | H11: 209 | I11: =G11+H11 -> 2563 | J11: =I11/$I$41 -> 0.03143204 | K11: =E11+I11 -> 5258 | L11: 1 | M11: =K11+L11 -> 5259
B12: PUERTO VARAS | C12: 1014 | D12: 528 | E12: =C12+D12 -> 1542 | F12: =E12/$E$41 -> 0.032101593 | G12: 3433 | H12: 178 | I12: =G12+H12 -> 3611 | J12: =I12/$I$41 -> 0.04428447 | K12: =E12+I12 -> 5153 | L12: 1 | M12: =K12+L12 -> 5154
B13: QUELLON | C13: 755 | D13: 568 | E13: =C13+D13 -> 1323 | F13: =E13/$E$41 -> 0.027542417 | G13: 1595 | H13: 195 | I13: =G13+H13 -> 1790 | J13: =I13/$I$41 -> 0.021952147 | K13: =E13+I13 -> 3113 | L13: 1 | M13: =K13+L13 -> 3114
B14: QUINCHAO | C14: 525 | D14: 357 | E14: =C14+D14 -> 882 | F14: =E14/$E$41 -> 0.018361611 | G14: 658 | H14: 68 | I14: =G14+H14 -> 726 | J14: =I14/$I$41 -> 0.0089034964 | K14: =E14+I14 -> 1608 | L14: 0 | M14: =K14+L14 -> 1608
B15: PURRANQUE | C15: 893 | D15: 619 | E15: =C15+D15 -> 1512 | F15: =E15/$E$41 -> 0.031477048 | G15: 2740 | H15: 249 | I15: =G15+H15 -> 2989 | J15: =I15/$I$41 -> 0.036656406 | K15: =E15+I15 -> 4501 | L15: 2 | M15: =K15+L15 -> 4503
B16: RIO NEGRO | C16: 617 | D16: 570 | E16: =C16+D16 -> 1187 | F16: =E16/$E$41 -> 0.024711148 | G16: 1525 | H16: 204 | I16: =G16+H16 -> 1729 | J16: =I16/$I$41 -> 0.021204057 | K16: =E16+I16 -> 2916 | L16: 3 | M16: =K16+L16 -> 2919
B17: FUTALEUFU | C17: 126 | D17: 39 | E17: =C17+D17 -> 165 | F17: =E17/$E$41 -> 0.0034349953 | G17: 206 | H17: 6 | I17: =G17+H17 -> 212 | J17: =I17/$I$41 -> 0.0025999191 | K17: =E17+I17 -> 377 | L17: 0 | M17: =K17+L17 -> 377
B18: PUERTO MONTT | C18: 6154 | D18: 3534 | E18: =C18+D18 -> 9688 | F18: =E18/$E$41 -> 0.20168627 | G18: 18036 | H18: 1606 | I18: =G18+H18 -> 19642 | J18: =I18/$I$41 -> 0.24088495 | K18: =E18+I18 -> 29330 | L18: 3 | M18: =K18+L18 -> 29333
B19: COCHAMO | C19: 286 | D19: 108 | E19: =C19+D19 -> 394 | F19: =E19/$E$41 -> 0.0082023525 | G19: 299 | H19: 22 | I19: =G19+H19 -> 321 | J19: =I19/$I$41 -> 0.0039366699 | K19: =E19+I19 -> 715 | L19: 0 | M19: =K19+L19 -> 715
B20: MAULLIN | C20: 1143 | D20: 722 | E20: =C20+D20 -> 1865 | F20: =E20/$E$41 -> 0.038825856 | G20: 1113 | H20: 106 | I20: =G20+H20 -> 1219 | J20: =I20/$I$41 -> 0.014949535 | K20: =E20+I20 -> 3084 | L20: 0 | M20: =K20+L20 -> 3084
B21: ANCUD | C21: 1429 | D21: 927 | E21: =C21+D21 -> 2356 | F21: =E21/$E$41 -> 0.049047569 | G21: 5027 | H21: 352 | I21: =G21+H21 -> 5379 | J21: =I21/$I$41 -> 0.065966814 | K21: =E21+I21 -> 7735 | L21: 2 | M21: =K21+L21 -> 7737
B22: PUQUELDON | C22: 232 | D22: 168 | E22: =C22+D22 -> 400 | F22: =E22/$E$41 -> 0.0083272614 | G22: 360 | H22: 40 | I22: =G22+H22 -> 400 | J22: =I22/$I$41 -> 0.0049055077 | K22: =E22+I22 -> 800 | L22: 1 | M22: =K22+L22 -> 801
... B40: PALENA | C40: 111 | D40: 24 | E40: =C40+D40 -> 135 | F40: =E40/$E$41 -> 0.0028104507 | G40: 249 | H40: 9 | I40: =G40+H40 -> 258 | J40: =I40/$I$41 -> 0.0031640524 | K40: =E40+I40 -> 393 | L40: 0 | M40: =K40+L40 -> 393
B41: Totales | C41: =SUM(C11:C40) -> 29263 | D41: =SUM(D11:D40) -> 18772 | E41: =C41+D41 -> 48035 | F41: =E41/$E$41 -> 1 | G41: =SUM(G11:G40) -> 74647 | H41: =SUM(H11:H40) -> 6894 | I41: =G41+H41 -> 81541 | J41: =I41/$I$41 -> 1 | K41: =E41+I41 -> 129576 | L41: =SUM(L11:L40) -> 30 | M41: =K41+L41 -> 129606
B42: % respecto del total de solicitudes | C42: =+C41/M41 -> 0.2257843 | D42: =+D41/M41 -> 0.14483897 | E42: =+E41/M41 -> 0.37062327 | G42: =+G41/M41 -> 0.57595327 | H42: =+H41/M41 -> 0.053191982 | I42: =+I41/M41 -> 0.62914526 | K42: =+K41/M41 -> 0.99976853 | L42: =+L41/M41 -> 0.00023147077 | M42: =K42+L42 -> 1
B44: Número de Concesiones de Beneficios del Pilar Solidario según tipo de beneficio - X Región de Los Lagos
B45: ='Solicitudes Regiones'!$B$6:$R$6 -> Acumuladas de julio de 2008 a diciembre de 2021
B47: Concesiones del Pilar Solidario a nivel comunal
B48: COMUNA | C48: TOTAL PBS Y APS
C49: PBSV | D49: PBSI | E49: Total PBS | F49: % PBS | G49: APSV | H49: APSI | I49: Total APS | J49: %APS | K49: Total PBS+APS | L49: Nbis | M49: Total PBS+APS+Nbis
B50: CALBUCO | C50: 1696 | D50: 435 | E50: =C50+D50 -> 2131 | F50: =E50/$E$80 -> 0.056555202 | G50: 2054 | H50: 184 | I50: =G50+H50 -> 2238 | J50: =I50/$I$80 -> 0.031494068 | K50: =E50+I50 -> 4369 | L50: 0 | M50: =K50+L50 -> 4369
B51: PUERTO VARAS | C51: 897 | D51: 287 | E51: =C51+D51 -> 1184 | F51: =E51/$E$80 -> 0.031422505 | G51: 2931 | H51: 151 | I51: =G51+H51 -> 3082 | J51: =I51/$I$80 -> 0.043371188 | K51: =E51+I51 -> 4266 | L51: 0 | M51: =K51+L51 -> 4266
B52: QUELLON | C52: 704 | D52: 257 | E52: =C52+D52 -> 961 | F52: =E52/$E$80 -> 0.025504246 | G52: 1441 | H52: 175 | I52: =G52+H52 -> 1616 | J52: =I52/$I$80 -> 0.022741025 | K52: =E52+I52 -> 2577 | L52: 0 | M52: =K52+L52 -> 2577
B53: QUINCHAO | C53: 511 | D53: 144 | E53: =C53+D53 -> 655 | F53: =E53/$E$80 -> 0.017383227 | G53: 557 | H53: 58 | I53: =G53+H53 -> 615 | J53: =I53/$I$80 -> 0.0086545362 | K53: =E53+I53 -> 1270 | L53: 0 | M53: =K53+L53 -> 1270
B54: PURRANQUE | C54: 836 | D54: 417 | E54: =C54+D54 -> 1253 | F54: =E54/$E$80 -> 0.033253715 | G54: 2481 | H54: 214 | I54: =G54+H54 -> 2695 | J54: =I54/$I$80 -> 0.037925163 | K54: =E54+I54 -> 3948 | L54: 0 | M54: =K54+L54 -> 3948
B55: RIO NEGRO | C55: 576 | D55: 364 | E55: =C55+D55 -> 940 | F55: =E55/$E$80 -> 0.024946921 | G55: 1396 | H55: 178 | I55: =G55+H55 -> 1574 | J55: =I55/$I$80 -> 0.022149984 | K55: =E55+I55 -> 2514 | L55: 1 | M55: =K55+L55 -> 2515
B56: FUTALEUFU | C56: 119 | D56: 20 | E56: =C56+D56 -> 139 | F56: =E56/$E$80 -> 0.0036889597 | G56: 182 | H56: 6 | I56: =G56+H56 -> 188 | J56: =I56/$I$80 -> 0.0026456143 | K56: =E56+I56 -> 327 | L56: 0 | M56: =K56+L56 -> 327
B57: PUERTO MONTT | C57: 5557 | D57: 2048 | E57: =C57+D57 -> 7605 | F57: =E57/$E$80 -> 0.20183121 | G57: 15509 | H57: 1334 | I57: =G57+H57 -> 16843 | J57: =I57/$I$80 -> 0.23702171 | K57: =E57+I57 -> 24448 | L57: 0 | M57: =K57+L57 -> 24448
B58: COCHAMO | C58: 272 | D58: 52 | E58: =C58+D58 -> 324 | F58: =E58/$E$80 -> 0.0085987261 | G58: 265 | H58: 21 | I58: =G58+H58 -> 286 | J58: =I58/$I$80 -> 0.0040247112 | K58: =E58+I58 -> 610 | L58: 0 | M58: =K58+L58 -> 610
B59: MAULLIN | C59: 1092 | D59: 312 | E59: =C59+D59 -> 1404 | F59: =E59/$E$80 -> 0.037261146 | G59: 1013 | H59: 90 | I59: =G59+H59 -> 1103 | J59: =I59/$I$80 -> 0.015521876 | K59: =E59+I59 -> 2507 | L59: 0 | M59: =K59+L59 -> 2507
B60: ANCUD | C60: 1302 | D60: 490 | E60: =C60+D60 -> 1792 | F60: =E60/$E$80 -> 0.047558386 | G60: 4354 | H60: 288 | I60: =G60+H60 -> 4642 | J60: =I60/$I$80 -> 0.065324158 | K60: =E60+I60 -> 6434 | L60: 0 | M60: =K60+L60 -> 6434
B61: PUQUELDON | C61: 228 | D61: 66 | E61: =C61+D61 -> 294 | F61: =E61/$E$80 -> 0.0078025478 | G61: 308 | H61: 35 | I61: =G61+H61 -> 343 | J61: =I61/$I$80 -> 0.0048268389 | K61: =E61+I61 -> 637 | L61: 0 | M61: =K61+L61 -> 637
... B79: PALENA | C79: 102 | D79: 15 | E79: =C79+D79 -> 117 | F79: =E79/$E$80 -> 0.0031050955 | G79: 213 | H79: 9 | I79: =G79+H79 -> 222 | J79: =I79/$I$80 -> 0.0031240765 | K79: =E79+I79 -> 339 | L79: 0 | M79: =K79+L79 -> 339
B80: Totales | C80: =SUM(C50:C79) -> 26919 | D80: =SUM(D50:D79) -> 10761 | E80: =C80+D80 -> 37680 | F80: =E80/$E$80 -> 1 | G80: =SUM(G50:G79) -> 65202 | H80: =SUM(H50:H79) -> 5859 | I80: =G80+H80 -> 71061 | J80: =I80/$I$80 -> 1 | K80: =E80+I80 -> 108741 | L80: =SUM(L50:L79) -> 1 | M80: =K80+L80 -> 108742
B81: % respecto del total de concesiones | C81: =+C80/M80 -> 0.24754925 | D81: =+D80/M80 -> 0.098959004 | E81: =+E80/M80 -> 0.34650825 | G81: =+G80/M80 -> 0.59960273 | H81: =+H80/M80 -> 0.053879826 | I81: =+I80/M80 -> 0.65348256 | K81: =+K80/M80 -> 0.9999908 | L81: =+L80/M80 -> 9.1960788e-06 | M81: =K81+L81 -> 1
B82: Fuente: Elaboración propia sobre la base de información del IPS.
B83: Nota: La información estadística reportada del número de solicitudes concesionadas, en trámite, rechazadas y anuladas varía mes a mes por actualización de cifras.

Sheet XI
A2: Subsecretaría de Previsión Social
A3: Dirección de Estudios Previsionales
B5: Número de Solicitudes de Beneficios del Pilar Solidario según tipo de beneficio - XI Región de Aysen | M5: Volver Sistema de Pensiones Solidadias
B6: ='Solicitudes Regiones'!$B$6:$R$6 -> Acumuladas de julio de 2008 a diciembre de 2021
B8: Distribución Regional Solicitudes del Pilar Solidario - no incluye ex Pasis
B9: COMUNA | C9: TOTAL PBS Y APS
C10: PBSV | D10: PBSI | E10: Total PBS | F10: % PBS | G10: APSV | H10: APSI | I10: Total APS | J10: %APS | K10: Total PBS+APS | L10: Nbis | M10: Total PBS+APS+Nbis
B11: COYHAIQUE | C11: 1381 | D11: 912 | E11: =D11+C11 -> 2293 | F11: =E11/$E$21 -> 0.52809765 | G11: 4997 | H11: 437 | I11: =G11+H11 -> 5434 | J11: =I11/$I$21 -> 0.57127839 | K11: =E11+I11 -> 7727 | L11: 2 | M11: =K11+L11 -> 7729
B12: LAGO VERDE | C12: 40 | D12: 8 | E12: =D12+C12 -> 48 | F12: =E12/$E$21 -> 0.011054813 | G12: 96 | H12: 3 | I12: =G12+H12 -> 99 | J12: =I12/$I$21 -> 0.010407906 | K12: =E12+I12 -> 147 | L12: 0 | M12: =K12+L12 -> 147
B13: PUERTO AYSEN | C13: 529 | D13: 308 | E13: =D13+C13 -> 837 | F13: =E13/$E$21 -> 0.19276831 | G13: 2056 | H13: 152 | I13: =G13+H13 -> 2208 | J13: =I13/$I$21 -> 0.23212784 | K13: =E13+I13 -> 3045 | L13: 2 | M13: =K13+L13 -> 3047
B14: CISNES | C14: 120 | D14: 59 | E14: =D14+C14 -> 179 | F14: =E14/$E$21 -> 0.041225242 | G14: 422 | H14: 25 | I14: =G14+H14 -> 447 | J14: =I14/$I$21 -> 0.046993272 | K14: =E14+I14 -> 626 | L14: 0 | M14: =K14+L14 -> 626
B15: GUAITECAS | C15: 44 | D15: 24 | E15: =D15+C15 -> 68 | F15: =E15/$E$21 -> 0.015660986 | G15: 79 | H15: 7 | I15: =G15+H15 -> 86 | J15: =I15/$I$21 -> 0.0090412111 | K15: =E15+I15 -> 154 | L15: 0 | M15: =K15+L15 -> 154
B16: COCHRANE | C16: 150 | D16: 55 | E16: =D16+C16 -> 205 | F16: =E16/$E$21 -> 0.047213266 | G16: 261 | H16: 14 | I16: =G16+H16 -> 275 | J16: =I16/$I$21 -> 0.028910849 | K16: =E16+I16 -> 480 | L16: 1 | M16: =K16+L16 -> 481
B17: OHIGGINS | C17: 7 | D17: 2 | E17: =D17+C17 -> 9 | F17: =E17/$E$21 -> 0.0020727775 | G17: 24 | H17: 1 | I17: =G17+H17 -> 25 | J17: =I17/$I$21 -> 0.002628259 | K17: =E17+I17 -> 34 | L17: 0 | M17: =K17+L17 -> 34
B18: TORTEL | C18: 9 | D18: 2 | E18: =D18+C18 -> 11 | F18: =E18/$E$21 -> 0.0025333947 | G18: 27 | H18: 3 | I18: =G18+H18 -> 30 | J18: =I18/$I$21 -> 0.0031539108 | K18: =E18+I18 -> 41 | L18: 0 | M18: =K18+L18 -> 41
B19: CHILE CHICO | C19: 411 | D19: 123 | E19: =D19+C19 -> 534 | F19: =E19/$E$21 -> 0.1229848 | G19: 553 | H19: 48 | I19: =G19+H19 -> 601 | J19: =I19/$I$21 -> 0.063183347 | K19: =E19+I19 -> 1135 | L19: 0 | M19: =K19+L19 -> 1135
B20: RIO IBAÑEZ | C20: 117 | D20: 41 | E20: =D20+C20 -> 158 | F20: =E20/$E$21 -> 0.036388761 | G20: 290 | H20: 17 | I20: =G20+H20 -> 307 | J20: =I20/$I$21 -> 0.032275021 | K20: =E20+I20 -> 465 | L20: 0 | M20: =K20+L20 -> 465
B21: Totales | C21: =SUM(C11:C20) -> 2808 | D21: =SUM(D11:D20) -> 1534 | E21: =D21+C21 -> 4342 | F21: =E21/$E$21 -> 1 | G21: =SUM(G11:G20) -> 8805 | H21: =SUM(H11:H20) -> 707 | I21: =G21+H21 -> 9512 | J21: =I21/$I$21 -> 1 | K21: =E21+I21 -> 13854 | L21: =SUM(L11:L20) -> 5 | M21: =K21+L21 -> 13859
B22: % respecto del total de solicitudes | C22: =+C21/M21 -> 0.20261202 | D22: =+D21/M21 -> 0.1106862 | E22: =+E21/M21 -> 0.31329822 | G22: =+G21/M21 -> 0.63532722 | H22: =+H21/M21 -> 0.051013782 | I22: =+I21/M21 -> 0.68634101 | K22: =+K21/M21 -> 0.99963922 | L22: =+L21/M21 -> 0.00036077639 | M22: =K22+L22 -> 1
B24: Número de Conceciones de Beneficios del Pilar Solidario según tipo de beneficio - XI Región de Aysen
B25: ='Solicitudes Regiones'!$B$6:$R$6 -> Acumuladas de julio de 2008 a diciembre de 2021
B27: Concesiones del Pilar Solidario a nivel comunal
B28: COMUNA | C28: TOTAL PBS Y APS | K28: TOTAL
C29: PBSV | D29: PBSI | E29: Total PBS | F29: % PBS | G29: APSV | H29: APSI | I29: Total APS | J29: %APS | K29: Total PBS+APS | L29: Nbis | M29: Total PBS+APS+Nbis
B30: COYHAIQUE | C30: 1181 | D30: 420 | E30: =C30+D30 -> 1601 | F30: =E30/$E$40 -> 0.49489954 | G30: 4090 | H30: 365 | I30: =G30+H30 -> 4455 | J30: =I30/$I$40 -> 0.5660737 | K30: =E30+I30 -> 6056 | L30: 0 | M30: =K30+L30 -> 6056
B31: LAGO VERDE | C31: 39 | D31: 3 | E31: =C31+D31 -> 42 | F31: =E31/$E$40 -> 0.012982998 | G31: 85 | H31: 3 | I31: =G31+H31 -> 88 | J31: =I31/$I$40 -> 0.011181703 | K31: =E31+I31 -> 130 | L31: 0 | M31: =K31+L31 -> 130
B32: PUERTO AYSEN | C32: 474 | D32: 170 | E32: =C32+D32 -> 644 | F32: =E32/$E$40 -> 0.19907264 | G32: 1709 | H32: 123 | I32: =G32+H32 -> 1832 | J32: =I32/$I$40 -> 0.23278272 | K32: =E32+I32 -> 2476 | L32: 0 | M32: =K32+L32 -> 2476
B33: CISNES | C33: 109 | D33: 30 | E33: =C33+D33 -> 139 | F33: =E33/$E$40 -> 0.042967543 | G33: 347 | H33: 17 | I33: =G33+H33 -> 364 | J33: =I33/$I$40 -> 0.046251588 | K33: =E33+I33 -> 503 | L33: 0 | M33: =K33+L33 -> 503
B34: GUAITECAS | C34: 42 | D34: 11 | E34: =C34+D34 -> 53 | F34: =E34/$E$40 -> 0.016383308 | G34: 72 | H34: 7 | I34: =G34+H34 -> 79 | J34: =I34/$I$40 -> 0.010038119 | K34: =E34+I34 -> 132 | L34: 0 | M34: =K34+L34 -> 132
B35: COCHRANE | C35: 137 | D35: 28 | E35: =C35+D35 -> 165 | F35: =E35/$E$40 -> 0.051004637 | G35: 225 | H35: 7 | I35: =G35+H35 -> 232 | J35: =I35/$I$40 -> 0.029479034 | K35: =E35+I35 -> 397 | L35: 0 | M35: =K35+L35 -> 397
B36: OHIGGINS | C36: 7 | D36: 0 | E36: =C36+D36 -> 7 | F36: =E36/$E$40 -> 0.0021638331 | G36: 22 | H36: 1 | I36: =G36+H36 -> 23 | J36: =I36/$I$40 -> 0.0029224905 | K36: =E36+I36 -> 30 | L36: 0 | M36: =K36+L36 -> 30
B37: TORTEL | C37: 9 | D37: 1 | E37: =C37+D37 -> 10 | F37: =E37/$E$40 -> 0.0030911901 | G37: 22 | H37: 3 | I37: =G37+H37 -> 25 | J37: =I37/$I$40 -> 0.0031766201 | K37: =E37+I37 -> 35 | L37: 0 | M37: =K37+L37 -> 35
B38: CHILE CHICO | C38: 388 | D38: 65 | E38: =C38+D38 -> 453 | F38: =E38/$E$40 -> 0.14003091 | G38: 473 | H38: 34 | I38: =G38+H38 -> 507 | J38: =I38/$I$40 -> 0.064421855 | K38: =E38+I38 -> 960 | L38: 0 | M38: =K38+L38 -> 960
B39: RIO IBAÑEZ | C39: 98 | D39: 23 | E39: =C39+D39 -> 121 | F39: =E39/$E$40 -> 0.0374034 | G39: 250 | H39: 15 | I39: =G39+H39 -> 265 | J39: =I39/$I$40 -> 0.033672173 | K39: =E39+I39 -> 386 | L39: 0 | M39: =K39+L39 -> 386
B40: Totales | C40: =SUM(C30:C39) -> 2484 | D40: =SUM(D30:D39) -> 751 | E40: =C40+D40 -> 3235 | F40: =E40/$E$40 -> 1 | G40: =SUM(G30:G39) -> 7295 | H40: =SUM(H30:H39) -> 575 | I40: =G40+H40 -> 7870 | J40: =I40/$I$40 -> 1 | K40: =E40+I40 -> 11105 | L40: =SUM(L30:L39) -> 0 | M40: =K40+L40 -> 11105
B41: % respecto del total de concesiones | C41: =+C40/M40 -> 0.22368303 | D41: =+D40/M40 -> 0.067627195 | E41: =+E40/M40 -> 0.29131022 | G41: =+G40/M40 -> 0.6569113 | H41: =+H40/M40 -> 0.051778478 | I41: =+I40/M40 -> 0.70868978 | K41: =+K40/M40 -> 1 | L41: =+L40/M40 -> 0 | M41: =K41+L41 -> 1
B42: Fuente: Elaboración propia sobre la base de información del IPS.
B43: Nota: La información estadística reportada del número de solicitudes concesionadas, en trámite, rechazadas y anuladas varía mes a mes por actualización de cifras.

Sheet XII
A2: Subsecretaría de Previsión Social
A3: Dirección de Estudios Previsionales
B5: Número de Solicitudes de Beneficios del Pilar Solidario según tipo de beneficio - XII Región de Magallanes | M5: Volver Sistema de Pensiones Solidadias
B6: ='Solicitudes Regiones'!$B$6:$R$6 -> Acumuladas de julio de 2008 a diciembre de 2021
B8: Distribución Regional Solicitudes del Pilar Solidario - no incluye ex Pasis
B9: COMUNA | C9: TOTAL PBS Y APS
C10: PBSV | D10: PBSI | E10: Total PBS | F10: % PBS | G10: APSV | H10: APSI | I10: Total APS | J10: %APS | K10: Total PBS+APS | L10: Nbis | M10: Total PBS+APS+Nbis
B11: PUNTA ARENAS | C11: 3247 | D11: 1443 | E11: =C11+D11 -> 4690 | F11: =E11/$E$22 -> 0.72198276 | G11: 13862 | H11: 776 | I11: =G11+H11 -> 14638 | J11: =I11/$I$22 -> 0.80155514 | K11: =E11+I11 -> 19328 | L11: 10 | M11: =K11+L11 -> 19338
B12: LAGUNA BLANCA | C12: 2 | D12: 1 | E12: =C12+D12 -> 3 | G12: 11 | H12: 1 | I12: =G12+H12 -> 12 | K12: =E12+I12 -> 15 | L12: 0 | M12: =K12+L12 -> 15
B13: RIO VERDE | C13: 1 | D13: 0 | E13: =C13+D13 -> 1 | F13: =E13/$E$22 -> 0.00015394089 | G13: 7 | H13: 1 | I13: =G13+H13 -> 8 | J13: =I13/$I$22 -> 0.00043806812 | K13: =E13+I13 -> 9 | L13: 0 | M13: =K13+L13 -> 9
B14: SAN GREGORIO | C14: 6 | D14: 0 | E14: =C14+D14 -> 6 | F14: =E14/$E$22 -> 0.00092364532 | G14: 23 | H14: 1 | I14: =G14+H14 -> 24 | J14: =I14/$I$22 -> 0.0013142044 | K14: =E14+I14 -> 30 | L14: 0 | M14: =K14+L14 -> 30
B15: CABO DE HORNOS | C15: 15 | D15: 9 | E15: =C15+D15 -> 24 | G15: 70 | H15: 7 | I15: =G15+H15 -> 77 | K15: =E15+I15 -> 101 | L15: 0 | M15: =K15+L15 -> 101
B16: LA ANTARTICA | C16: 0 | D16: 0 | E16: =C16+D16 -> 0 | F16: =E16/$E$22 -> 0 | G16: 4 | H16: 0 | I16: =G16+H16 -> 4 | J16: =I16/$I$22 -> 0.00021903406 | K16: =E16+I16 -> 4 | L16: 0 | M16: =K16+L16 -> 4
B17: PORVENIR | C17: 159 | D17: 59 | E17: =C17+D17 -> 218 | F17: =E17/$E$22 -> 0.033559113 | G17: 612 | H17: 34 | I17: =G17+H17 -> 646 | J17: =I17/$I$22 -> 0.035374001 | K17: =E17+I17 -> 864 | L17: 0 | M17: =K17+L17 -> 864
B18: PRIMAVERA | C18: 7 | D18: 5 | E18: =C18+D18 -> 12 | F18: =E18/$E$22 -> 0.0018472906 | G18: 43 | H18: 2 | I18: =G18+H18 -> 45 | J18: =I18/$I$22 -> 0.0024641332 | K18: =E18+I18 -> 57 | L18: 0 | M18: =K18+L18 -> 57
B19: TIMAUKEL | C19: 1 | D19: 0 | E19: =C19+D19 -> 1 | F19: =E19/$E$22 -> 0.00015394089 | G19: 0 | H19: 0 | I19: =G19+H19 -> 0 | J19: =I19/$I$22 -> 0 | K19: =E19+I19 -> 1 | L19: 0 | M19: =K19+L19 -> 1
B20: NATALES | C20: 1128 | D20: 411 | E20: =C20+D20 -> 1539 | F20: =E20/$E$22 -> 0.23691502 | G20: 2678 | H20: 126 | I20: =G20+H20 -> 2804 | J20: =I20/$I$22 -> 0.15354288 | K20: =E20+I20 -> 4343 | L20: 0 | M20: =K20+L20 -> 4343
B21: TORRES DEL PAINE | C21: 2 | D21: 0 | E21: =C21+D21 -> 2 | G21: 4 | H21: 0 | I21: =G21+H21 -> 4 | K21: =E21+I21 -> 6 | L21: 0 | M21: =K21+L21 -> 6
B22: Totales | C22: =SUM(C11:C21) -> 4568 | D22: =SUM(D11:D21) -> 1928 | E22: =C22+D22 -> 6496 | F22: =E22/$E$22 -> 1 | G22: =SUM(G11:G21) -> 17314 | H22: =SUM(H11:H21) -> 948 | I22: =G22+H22 -> 18262 | J22: =I22/$I$22 -> 1 | K22: =E22+I22 -> 24758 | L22: =SUM(L11:L21) -> 10 | M22: =K22+L22 -> 24768
B23: % respecto del total de solicitudes | C23: =+C22/M22 -> 0.18443152 | D23: =+D22/M22 -> 0.077842377 | E23: =+E22/M22 -> 0.2622739 | G23: =+G22/M22 -> 0.69904716 | H23: =+H22/M22 -> 0.038275194 | I23: =+I22/M22 -> 0.73732235 | K23: =+K22/M22 -> 0.99959625 | L23: =+L22/M22 -> 0.00040374677 | M23: =K23+L23 -> 1
B25: Número de Concesiones de Beneficios del Pilar Solidario según tipo de beneficio - XII Región de Magallanes
B26: ='Solicitudes Regiones'!$B$6:$R$6 -> Acumuladas de julio de 2008 a diciembre de 2021
B28: Concesiones del Pilar Solidario a nivel comunal
B29: COMUNA | C29: TOTAL PBS Y APS
C30: PBSV | D30: PBSI | E30: Total PBS | F30: % PBS | G30: APSV | H30: APSI | I30: Total APS | J30: %APS | K30: Total PBS+APS | L30: Nbis | M30: Total PBS+APS+Nbis
B31: PUNTA ARENAS | C31: 2823 | D31: 980 | E31: =C31+D31 -> 3803 | F31: =E31/$E$42 -> 0.7186319 | G31: 11208 | H31: 656 | I31: =G31+H31 -> 11864 | J31: =I31/$I$42 -> 0.79682987 | K31: =E31+I31 -> 15667 | L31: 0 | M31: =K31+L31 -> 15667
B32: LAGUNA BLANCA | C32: 2 | D32: 0 | E32: =C32+D32 -> 2 | G32: 9 | H32: 1 | I32: =G32+H32 -> 10 | K32: =E32+I32 -> 12 | L32: 0 | M32: =K32+L32 -> 12
B33: RIO VERDE | C33: 1 | D33: 0 | E33: =C33+D33 -> 1 | F33: =E33/$E$42 -> 0.00018896447 | G33: 7 | H33: 1 | I33: =G33+H33 -> 8 | J33: =I33/$I$42 -> 0.00053730942 | K33: =E33+I33 -> 9 | L33: 0 | M33: =K33+L33 -> 9
B34: SAN GREGORIO | C34: 5 | D34: 0 | E34: =C34+D34 -> 5 | F34: =E34/$E$42 -> 0.00094482237 | G34: 20 | H34: 0 | I34: =G34+H34 -> 20 | J34: =I34/$I$42 -> 0.0013432736 | K34: =E34+I34 -> 25 | L34: 0 | M34: =K34+L34 -> 25
B35: CABO DE HORNOS | C35: 13 | D35: 7 | E35: =C35+D35 -> 20 | G35: 52 | H35: 3 | I35: =G35+H35 -> 55 | K35: =E35+I35 -> 75 | L35: 0 | M35: =K35+L35 -> 75
B36: LA ANTARTICA | C36: 0 | D36: 0 | E36: =C36+D36 -> 0 | F36: =E36/$E$42 -> 0 | G36: 4 | H36: 0 | I36: =G36+H36 -> 4 | J36: =I36/$I$42 -> 0.00026865471 | K36: =E36+I36 -> 4 | L36: 0 | M36: =K36+L36 -> 4
B37: PORVENIR | C37: 143 | D37: 35 | E37: =C37+D37 -> 178 | F37: =E37/$E$42 -> 0.033635676 | G37: 511 | H37: 27 | I37: =G37+H37 -> 538 | J37: =I37/$I$42 -> 0.036134059 | K37: =E37+I37 -> 716 | L37: 0 | M37: =K37+L37 -> 716
B38: PRIMAVERA | C38: 2 | D38: 5 | E38: =C38+D38 -> 7 | F38: =E38/$E$42 -> 0.0013227513 | G38: 36 | H38: 1 | I38: =G38+H38 -> 37 | J38: =I38/$I$42 -> 0.0024850561 | K38: =E38+I38 -> 44 | L38: 0 | M38: =K38+L38 -> 44
B39: TIMAUKEL | C39: 1 | D39: 0 | E39: =C39+D39 -> 1 | F39: =E39/$E$42 -> 0.00018896447 | G39: 0 | H39: 0 | I39: =G39+H39 -> 0 | J39: =I39/$I$42 -> 0 | K39: =E39+I39 -> 1 | L39: 0 | M39: =K39+L39 -> 1
B40: NATALES | C40: 1020 | D40: 254 | E40: =C40+D40 -> 1274 | F40: =E40/$E$42 -> 0.24074074 | G40: 2251 | H40: 99 | I40: =G40+H40 -> 2350 | J40: =I40/$I$42 -> 0.15783464 | K40: =E40+I40 -> 3624 | L40: 0 | M40: =K40+L40 -> 3624
B41: TORRES DEL PAINE | C41: 1 | D41: 0 | E41: =C41+D41 -> 1 | G41: 3 | H41: 0 | I41: =G41+H41 -> 3 | K41: =E41+I41 -> 4 | L41: 0 | M41: =K41+L41 -> 4
B42: Totales | C42: =SUM(C31:C41) -> 4011 | D42: =SUM(D31:D41) -> 1281 | E42: =C42+D42 -> 5292 | F42: =E42/$E$42 -> 1 | G42: =SUM(G31:G41) -> 14101 | H42: =SUM(H31:H41) -> 788 | I42: =G42+H42 -> 14889 | J42: =I42/$I$42 -> 1 | K42: =E42+I42 -> 20181 | L42: =SUM(L31:L41) -> 0 | M42: =K42+L42 -> 20181
B43: % respecto del total de concesiones | C43: =+C42/M42 -> 0.1987513 | D43: =+D42/M42 -> 0.063475546 | E43: =+E42/M42 -> 0.26222685 | G43: =+G42/M42 -> 0.69872652 | H43: =+H42/M42 -> 0.039046628 | I43: =+I42/M42 -> 0.73777315 | K43: =+K42/M42 -> 1 | L43: =+L42/M42 -> 0 | M43: =K43+L43 -> 1
B44: Fuente: Elaboración propia sobre la base de información del IPS.
B45: Nota: La información estadística reportada del número de solicitudes concesionadas, en trámite, rechazadas y anuladas varía mes a mes por actualización de cifras.

Sheet XIII
A2: Subsecretaría de Previsión Social
A3: Dirección de Estudios Previsionales
B5: Número de Solicitudes de Beneficios del Pilar Solidario según tipo de beneficio - XIII Región Metropolitana | M5: Volver Sistema de Pensiones Solidadias
B6: ='Solicitudes Regiones'!$B$6:$R$6 -> Acumuladas de julio de 2008 a diciembre de 2021
B8: Distribución Regional Solicitudes del Pilar Solidario - no incluye ex Pasis
B9: COMUNA | C9: TOTAL PBS Y APS
C10: PBSV | D10: PBSI | E10: Total PBS | F10: % PBS | G10: APSV | H10: APSI | I10: Total APS | J10: %APS | K10: Total PBS+APS | L10: Nbis | M10: Total PBS+APS+Nbis
B11: SANTIAGO | C11: 6235 | D11: 1995 | E11: =C11+D11 -> 8230 | F11: =E11/$E$63 -> 0.030667303 | G11: 25023 | H11: 1201 | I11: =G11+H11 -> 26224 | J11: =I11/$I$63 -> 0.038083675 | K11: =E11+I11 -> 34454 | L11: 21 | M11: =K11+L11 -> 34475
B12: CERRILLOS | C12: 2482 | D12: 1476 | E12: =C12+D12 -> 3958 | F12: =E12/$E$63 -> 0.014748625 | G12: 8864 | H12: 439 | I12: =G12+H12 -> 9303 | J12: =I12/$I$63 -> 0.013510236 | K12: =E12+I12 -> 13261 | L12: 2 | M12: =K12+L12 -> 13263
B13: EL BOSQUE | C13: 5999 | D13: 3027 | E13: =C13+D13 -> 9026 | F13: =E13/$E$63 -> 0.033633423 | G13: 18250 | H13: 1066 | I13: =G13+H13 -> 19316 | J13: =I13/$I$63 -> 0.028051566 | K13: =E13+I13 -> 28342 | L13: 1 | M13: =K13+L13 -> 28343
B14: HUECHURABA | C14: 2639 | D14: 1401 | E14: =C14+D14 -> 4040 | F14: =E14/$E$63 -> 0.01505418 | G14: 8165 | H14: 464 | I14: =G14+H14 -> 8629 | J14: =I14/$I$63 -> 0.012531423 | K14: =E14+I14 -> 12669 | L14: 2 | M14: =K14+L14 -> 12671
B15: INDEPENDENCIA | C15: 2686 | D15: 855 | E15: =C15+D15 -> 3541 | F15: =E15/$E$63 -> 0.013194765 | G15: 10015 | H15: 392 | I15: =G15+H15 -> 10407 | J15: =I15/$I$63 -> 0.015113515 | K15: =E15+I15 -> 13948 | L15: 2 | M15: =K15+L15 -> 13950
B16: LA CISTERNA | C16: 3380 | D16: 1126 | E16: =C16+D16 -> 4506 | F16: =E16/$E$63 -> 0.016790628 | G16: 10349 | H16: 440 | I16: =G16+H16 -> 10789 | J16: =I16/$I$63 -> 0.015668272 | K16: =E16+I16 -> 15295 | L16: 6 | M16: =K16+L16 -> 15301
B17: LA PINTANA | C17: 5727 | D17: 3563 | E17: =C17+D17 -> 9290 | F17: =E17/$E$63 -> 0.034617162 | G17: 17211 | H17: 1261 | I17: =G17+H17 -> 18472 | J17: =I17/$I$63 -> 0.026825871 | K17: =E17+I17 -> 27762 | L17: 6 | M17: =K17+L17 -> 27768
B18: LAS CONDES | C18: 4577 | D18: 975 | E18: =C18+D18 -> 5552 | F18: =E18/$E$63 -> 0.020688319 | G18: 17728 | H18: 487 | I18: =G18+H18 -> 18215 | J18: =I18/$I$63 -> 0.026452644 | K18: =E18+I18 -> 23767 | L18: 43 | M18: =K18+L18 -> 23810
B19: LO BARNECHEA | C19: 1041 | D19: 423 | E19: =C19+D19 -> 1464 | F19: =E19/$E$63 -> 0.0054552772 | G19: 3653 | H19: 181 | I19: =G19+H19 -> 3834 | J19: =I19/$I$63 -> 0.0055679077 | K19: =E19+I19 -> 5298 | L19: 12 | M19: =K19+L19 -> 5310
B20: LO PRADO | C20: 3908 | D20: 1580 | E20: =C20+D20 -> 5488 | F20: =E20/$E$63 -> 0.020449837 | G20: 13519 | H20: 622 | I20: =G20+H20 -> 14141 | J20: =I20/$I$63 -> 0.020536198 | K20: =E20+I20 -> 19629 | L20: 5 | M20: =K20+L20 -> 19634
B21: MACUL | C21: 3649 | D21: 1105 | E21: =C21+D21 -> 4754 | F21: =E21/$E$63 -> 0.017714746 | G21: 14072 | H21: 508 | I21: =G21+H21 -> 14580 | J21: =I21/$I$63 -> 0.021173734 | K21: =E21+I21 -> 19334 | L21: 12 | M21: =K21+L21 -> 19346
B22: PEDRO AGUIRRE CERDA | C22: 4379 | D22: 2006 | E22: =C22+D22 -> 6385 | F22: =E22/$E$63 -> 0.023792312 | G22: 14998 | H22: 737 | I22: =G22+H22 -> 15735 | J22: =I22/$I$63 -> 0.022851077 | K22: =E22+I22 -> 22120 | L22: 1 | M22: =K22+L22 -> 22121
... B62: LA FLORIDA | C62: 11370 | D62: 3353 | E62: =C62+D62 -> 14723 | F62: =E62/$E$63 -> 0.054862053 | G62: 40844 | H62: 1549 | I62: =G62+H62 -> 42393 | J62: =I62/$I$63 -> 0.061565026 | K62: =E62+I62 -> 57116 | L62: 20 | M62: =K62+L62 -> 57136
B63: Totales | C63: =SUM(C11:C62) -> 186131 | D63: =SUM(D11:D62) -> 82233 | E63: =C63+D63 -> 268364 | F63: =E63/$E$63 -> 1 | G63: =SUM(G11:G62) -> 655722 | H63: =SUM(H11:H62) -> 32867 | I63: =G63+H63 -> 688589 | J63: =I63/$I$63 -> 1 | K63: =E63+I63 -> 956953 | L63: =SUM(L11:L62) -> 347 | M63: =K63+L63 -> 957300
B64: % respecto del total de solicitudes | C64: =+C63/M63 -> 0.1944333 | D64: =+D63/M63 -> 0.085900971 | E64: =+E63/M63 -> 0.28033427 | G64: =+G63/M63 -> 0.68497023 | H64: =+H63/M63 -> 0.03433302 | I64: =+I63/M63 -> 0.71930325 | K64: =+K63/M63 -> 0.99963752 | L64: =+L63/M63 -> 0.0003624778 | M64: =K64+L64 -> 1
B66: Número de Concesiones de Beneficios del Pilar Solidario según tipo de beneficio - XIII Región Metropolitana
B67: ='Solicitudes Regiones'!$B$6:$R$6 -> Acumuladas de julio de 2008 a diciembre de 2021
B69: Concesiones del Pilar Solidario a nivel comunal
B70: COMUNA | C70: TOTAL PBS Y APS
C71: PBSV | D71: PBSI | E71: Total PBS | F71: % PBS | G71: APSV | H71: APSI | I71: Total APS | J71: %APS | K71: Total PBS+APS | L71: Nbis | M71: Total PBS+APS+Nbis
B72: SANTIAGO | C72: 5306 | D72: 1289 | E72: =C72+D72 -> 6595 | F72: =E72/$E$124 -> 0.030501623 | G72: 20356 | H72: 1019 | I72: =G72+H72 -> 21375 | J72: =I72/$I$124 -> 0.036432527 | K72: =E72+I72 -> 27970 | L72: 2 | M72: =K72+L72 -> 27972
B73: CERRILLOS | C73: 2143 | D73: 918 | E73: =C73+D73 -> 3061 | F73: =E73/$E$124 -> 0.014157008 | G73: 7495 | H73: 350 | I73: =G73+H73 -> 7845 | J73: =I73/$I$124 -> 0.013371377 | K73: =E73+I73 -> 10906 | L73: 0 | M73: =K73+L73 -> 10906
B74: EL BOSQUE | C74: 5338 | D74: 1892 | E74: =C74+D74 -> 7230 | F74: =E74/$E$124 -> 0.033438474 | G74: 15854 | H74: 937 | I74: =G74+H74 -> 16791 | J74: =I74/$I$124 -> 0.028619348 | K74: =E74+I74 -> 24021 | L74: 0 | M74: =K74+L74 -> 24021
B75: HUECHURABA | C75: 2230 | D75: 854 | E75: =C75+D75 -> 3084 | F75: =E75/$E$124 -> 0.014263382 | G75: 6850 | H75: 398 | I75: =G75+H75 -> 7248 | J75: =I75/$I$124 -> 0.012353822 | K75: =E75+I75 -> 10332 | L75: 0 | M75: =K75+L75 -> 10332
B76: INDEPENDENCIA | C76: 2366 | D76: 568 | E76: =C76+D76 -> 2934 | F76: =E76/$E$124 -> 0.013569638 | G76: 8575 | H76: 338 | I76: =G76+H76 -> 8913 | J76: =I76/$I$124 -> 0.015191725 | K76: =E76+I76 -> 11847 | L76: 0 | M76: =K76+L76 -> 11847
B77: LA CISTERNA | C77: 3043 | D77: 692 | E77: =C77+D77 -> 3735 | F77: =E77/$E$124 -> 0.017274232 | G77: 8946 | H77: 369 | I77: =G77+H77 -> 9315 | J77: =I77/$I$124 -> 0.015876912 | K77: =E77+I77 -> 13050 | L77: 2 | M77: =K77+L77 -> 13052
B78: LA PINTANA | C78: 5270 | D78: 2293 | E78: =C78+D78 -> 7563 | F78: =E78/$E$124 -> 0.034978586 | G78: 15450 | H78: 1100 | I78: =G78+H78 -> 16550 | J78: =I78/$I$124 -> 0.028208576 | K78: =E78+I78 -> 24113 | L78: 0 | M78: =K78+L78 -> 24113
B79: LAS CONDES | C79: 3428 | D79: 754 | E79: =C79+D79 -> 4182 | F79: =E79/$E$124 -> 0.01934159 | G79: 12321 | H79: 390 | I79: =G79+H79 -> 12711 | J79: =I79/$I$124 -> 0.021665209 | K79: =E79+I79 -> 16893 | L79: 0 | M79: =K79+L79 -> 16893
B80: LO BARNECHEA | C80: 878 | D80: 280 | E80: =C80+D80 -> 1158 | F80: =E80/$E$124 -> 0.0053557058 | G80: 3076 | H80: 144 | I80: =G80+H80 -> 3220 | J80: =I80/$I$124 -> 0.0054883152 | K80: =E80+I80 -> 4378 | L80: 1 | M80: =K80+L80 -> 4379
B81: LO PRADO | C81: 3512 | D81: 987 | E81: =C81+D81 -> 4499 | F81: =E81/$E$124 -> 0.020807703 | G81: 11656 | H81: 502 | I81: =G81+H81 -> 12158 | J81: =I81/$I$124 -> 0.020722651 | K81: =E81+I81 -> 16657 | L81: 0 | M81: =K81+L81 -> 16657
B82: MACUL | C82: 3212 | D82: 742 | E82: =C82+D82 -> 3954 | F82: =E82/$E$124 -> 0.018287099 | G82: 12039 | H82: 436 | I82: =G82+H82 -> 12475 | J82: =I82/$I$124 -> 0.02126296 | K82: =E82+I82 -> 16429 | L82: 0 | M82: =K82+L82 -> 16429
B83: PEDRO AGUIRRE CERDA | C83: 3940 | D83: 1220 | E83: =C83+D83 -> 5160 | F83: =E83/$E$124 -> 0.023864803 | G83: 13100 | H83: 606 | I83: =G83+H83 -> 13706 | J83: =I83/$I$124 -> 0.023361133 | K83: =E83+I83 -> 18866 | L83: 0 | M83: =K83+L83 -> 18866
... B123: LA FLORIDA | C123: 9721 | D123: 2297 | E123: =C123+D123 -> 12018 | F123: =E123/$E$124 -> 0.055582791 | G123: 33268 | H123: 1274 | I123: =G123+H123 -> 34542 | J123: =I123/$I$124 -> 0.058874964 | K123: =E123+I123 -> 46560 | L123: 1 | M123: =K123+L123 -> 46561
B124: Totales | C124: =SUM(C72:C123) -> 163994 | D124: =SUM(D72:D123) -> 52224 | E124: =C124+D124 -> 216218 | F124: =E124/$E$124 -> 1 | G124: =SUM(G72:G123) -> 559235 | H124: =SUM(H72:H123) -> 27466 | I124: =G124+H124 -> 586701 | J124: =I124/$I$124 -> 1 | K124: =E124+I124 -> 802919 | L124: =SUM(L72:L123) -> 14 | M124: =K124+L124 -> 802933
B125: % respecto del total de concesiones | C125: =+C124/M124 -> 0.20424369 | D125: =+D124/M124 -> 0.065041541 | E125: =+E124/M124 -> 0.26928523 | G125: =+G124/M124 -> 0.69649024 | H125: =+H124/M124 -> 0.034207088 | I125: =+I124/M124 -> 0.73069733 | K125: =+K124/M124 -> 0.99998256 | L125: =+L124/M124 -> 1.7436075e-05 | M125: =K125+L125 -> 1
B126: Fuente: Elaboración propia sobre la base de información del IPS.
B127: Nota: La información estadística reportada del número de solicitudes concesionadas, en trámite, rechazadas y anuladas varía mes a mes por actualización de cifras.

Sheet Índice BxH
A2: Subsecretaría de Previsión Social
A3: Dirección de Estudios Previsionales
B5: Estadísticas Bono por Hijo (BxH) | N5: Volver a Índice
B7: Introducción
B8: A continuación se entregan los principales cuadros sobre Bono por Hijo que contiene el Informe Estadístico Mensual del Pilar Solidario del mes de diciembre 2021, incluyendo información de Solicitudes, Concesiones y Rechazos de Bono por hijo a nivel nacional, desde su implementación a la fecha, y las concesiones a nivel regional.
B10: Índice
B11: Concesiones de Bono por Hijo a nivel nacional, por mes, desde Agosto 2009 a diciembre 2021
B12: Solicitudes, Rechazos y concesiones a nivel nacional, por mes, desde Agosto 2009 a diciembre 2021
B13: Concesiones de Bono por Hijo a nivel regional en el mes de diciembre 2021

Sheet Concesiones Mensuales BxH
A2: Subsecretaría de Previsión Social
A3: Dirección de Estudios Previsionales
B5: Número de concesiones de Bono por Hijo, según tipo de pago y mes | L5: Volver a Bono por Hijo
B6: Agosto 2009 a diciembre 2021
B8: Mes | C8: NÚMERO DE CONCESIONES DE BONO POR HIJO REALIZADAS CADA MES
C9: Pago Mensual Con PBS | E9: Pago Mensual Con APS | G9: Pago Único | I9: TOTAL
C10: Nº Beneficiarias | D10: Nº de Hijos | E10: Nº Beneficiarias | F10: Nº de Hijos | G10: Nº Beneficiarias | H10: Nº de Hijos | I10: Nº Beneficiarias | J10: Nº de Hijos (causantes)
B11: Ago-dic 2009 | I11: 23671 | J11: 102602
B12: 2010 | I12: 90591 | J12: 283345
B13: 2011 | I13: 105822 | J13: 430659
B14: 2012 | I14: 54727 | J14: 214792
B15: 41275 | C15: 1344 | D15: 5074 | E15: 84 | F15: 433 | G15: 1525 | H15: 5846 | I15: 2953 | J15: 11353
B16: 41306 | C16: 1353 | D16: 5003 | E16: 87 | F16: 397 | G16: 1589 | H16: 5817 | I16: 3029 | J16: 11217
B17: 41334 | C17: 1556 | D17: 5790 | E17: 83 | F17: 353 | G17: 1708 | H17: 5791 | I17: 3347 | J17: 11934
B18: 41365 | C18: 1076 | D18: 4086 | E18: 69 | F18: 271 | G18: 1727 | H18: 5901 | I18: 2872 | J18: 10258
B19: 41395 | C19: 920 | D19: 3380 | E19: 38 | F19: 168 | G19: 1182 | H19: 4056 | I19: 2140 | J19: 7604
B20: 41426 | C20: 911 | D20: 3309 | E20: 125 | F20: 648 | G20: 1778 | H20: 6154 | I20: 2814 | J20: 10111
B21: 41456 | C21: 1073 | D21: 3717 | E21: 75 | F21: 297 | G21: 1520 | H21: 5115 | I21: 2668 | J21: 9129
B22: 41487 | C22: 1037 | D22: 3504 | E22: 284 | F22: 1590 | G22: 2172 | H22: 6454 | I22: 3493 | J22: 11548
B23: 41518 | C23: 2257 | D23: 8307 | E23: 45 | F23: 183 | G23: 1509 | H23: 5003 | I23: 3811 | J23: 13493
B24: 41548 | C24: 2716 | D24: 10131 | E24: 147 | F24: 685 | G24: 1865 | H24: 6227 | I24: 4728 | J24: 17043
B25: 41579 | C25: 1624 | D25: 5781 | E25: 79 | F25: 348 | G25: 1639 | H25: 5415 | I25: 3342 | J25: 11544
B26: 41609 | C26: 1527 | D26: 5675 | E26: 77 | F26: 312 | G26: 1584 | H26: 4895 | I26: 3188 | J26: 10882
B27: 2013 | C27: 17394 | D27: 63757 | E27: 1193 | F27: 5685 | G27: 19798 | H27: 66674 | I27: =SUM(I15:I26) -> 38385 | J27: =SUM(J15:J26) -> 136116
B28: 41640 | C28: 1680 | D28: 6027 | E28: 52 | F28: 220 | G28: 1280 | H28: 4011 | I28: 3012 | J28: 10258
B29: 41671 | C29: 1550 | D29: 5590 | E29: 76 | F29: 318 | G29: 1520 | H29: 4945 | I29: 3146 | J29: 10853
B30: 41699 | C30: 1367 | D30: 4922 | E30: 99 | F30: 470 | G30: 1354 | H30: 4290 | I30: 2820 | J30: 9682
B31: 41730 | C31: 1713 | D31: 6039 | E31: 117 | F31: 534 | G31: 1841 | H31: 6029 | I31: 3671 | J31: 12602
B32: 41760 | C32: 1767 | D32: 6174 | E32: 124 | F32: 523 | G32: 1514 | H32: 4663 | I32: 3405 | J32: 11360
B33: 41791 | C33: 1613 | D33: 5821 | E33: 120 | F33: 517 | G33: 1715 | H33: 5301 | I33: 3448 | J33: 11639
B34: 41821 | C34: 1419 | D34: 4978 | E34: 88 | F34: 412 | G34: 1625 | H34: 5129 | I34: 3132 | J34: 10519
B35: 41852 | C35: 1494 | D35: 5380 | E35: 98 | F35: 469 | G35: 2110 | H35: 6696 | I35: =C35+E35+G35 -> 3702 | J35: =D35+F35+H35 -> 12545
B36: 41883 | C36: 2074 | D36: 6815 | E36: 153 | F36: 619 | G36: 1891 | H36: 5544 | I36: =C36+E36+G36 -> 4118 | J36: =D36+F36+H36 -> 12978
B37: 41913 | C37: 1793 | D37: 6196 | E37: 99 | F37: 453 | G37: 2822 | H37: 9121 | I37: =C37+E37+G37 -> 4714 | J37: =D37+F37+H37 -> 15770
B38: 41944 | C38: 1417 | D38: 5025 | E38: 119 | F38: 521 | G38: 2963 | H38: 9093 | I38: =C38+E38+G38 -> 4499 | J38: =D38+F38+H38 -> 14639
B39: 41974 | C39: 2023 | D39: 7131 | E39: 157 | F39: 606 | G39: 2407 | H39: 7565 | I39: =C39+E39+G39 -> 4587 | J39: =D39+F39+H39 -> 15302
B40: 2014 | C40: =SUM(C28:C39) -> 19910 | D40: =SUM(D28:D39) -> 70098 | E40: =SUM(E28:E39) -> 1302 | F40: =SUM(F28:F39) -> 5662 | G40: =SUM(G28:G39) -> 23042 | H40: =SUM(H28:H39) -> 72387 | I40: =SUM(I28:I39) -> 44254 | J40: =SUM(J28:J39) -> 148147
B41: 42005 | C41: 1303 | D41: 4627 | E41: 90 | F41: 407 | G41: 2299 | H41: 7138 | I41: =C41+E41+G41 -> 3692 | J41: =D41+F41+H41 -> 12172
B42: 42036 | C42: 1126 | D42: 4105 | E42: 68 | F42: 319 | G42: 1895 | H42: 5828 | I42: =C42+E42+G42 -> 3089 | J42: =D42+F42+H42 -> 10252
B43: 42064 | C43: 1509 | D43: 5148 | E43: 142 | F43: 601 | G43: 2308 | H43: 7031 | I43: =C43+E43+G43 -> 3959 | J43: =D43+F43+H43 -> 12780
B44: 42095 | C44: 1305 | D44: 4297 | E44: 154 | F44: 670 | G44: 2740 | H44: 8147 | I44: =C44+E44+G44 -> 4199 | J44: =D44+F44+H44 -> 13114
B45: 42125 | C45: 1328 | D45: 4634 | E45: 162 | F45: 698 | G45: 2387 | H45: 7056 | I45: =C45+E45+G45 -> 3877 | J45: =D45+F45+H45 -> 12388
B46: 42156 | C46: 1079 | D46: 3931 | E46: 121 | F46: 595 | G46: 2940 | H46: 8577 | I46: =C46+E46+G46 -> 4140 | J46: =D46+F46+H46 -> 13103
B47: 42186 | C47: 1562 | D47: 5243 | E47: 193 | F47: 896 | G47: 1660 | H47: 4806 | I47: =C47+E47+G47 -> 3415 | J47: =D47+F47+H47 -> 10945
B48: 42217 | C48: 1389 | D48: 4383 | E48: 321 | F48: 1453 | G48: 4348 | H48: 12994 | I48: =C48+E48+G48 -> 6058 | J48: =D48+F48+H48 -> 18830
B49: 42248 | C49: 2017 | D49: 7335 | E49: 176 | F49: 801 | G49: 2843 | H49: 8849 | I49: =C49+E49+G49 -> 5036 | J49: =D49+F49+H49 -> 16985
B50: 42278 | C50: 1395 | D50: 4572 | E50: 175 | F50: 799 | G50: 2605 | H50: 7454 | I50: =C50+E50+G50 -> 4175 | J50: =D50+F50+H50 -> 12825
B51: 42309 | C51: 1495 | D51: 5282 | E51: 166 | F51: 712 | G51: 3733 | H51: 10856 | I51: =C51+E51+G51 -> 5394 | J51: =D51+F51+H51 -> 16850
B52: 42339 | C52: 1645 | D52: 5189 | E52: 200 | F52: 809 | G52: 2771 | H52: 8572 | I52: =C52+E52+G52 -> 4616 | J52: =D52+F52+H52 -> 14570
B53: 2015 | C53: =SUM(C41:C52) -> 17153 | D53: =SUM(D41:D52) -> 58746 | E53: =SUM(E41:E52) -> 1968 | F53: =SUM(F41:F52) -> 8760 | G53: =SUM(G41:G52) -> 32529 | H53: =SUM(H41:H52) -> 97308 | I53: =SUM(I41:I52) -> 51650 | J53: =SUM(J41:J52) -> 164814
B54: 42370 | C54: 1402 | D54: 4801 | E54: 157 | F54: 645 | G54: 2531 | H54: 7419 | I54: =C54+E54+G54 -> 4090 | J54: =D54+F54+H54 -> 12865
B55: 42401 | C55: 964 | D55: 3139 | E55: 156 | F55: 644 | G55: 2723 | H55: 8130 | I55: =C55+E55+G55 -> 3843 | J55: =D55+F55+H55 -> 11913
B56: 42430 | C56: 1710 | D56: 5724 | E56: 238 | F56: 993 | G56: 3197 | H56: 9196 | I56: =C56+E56+G56 -> 5145 | J56: =D56+F56+H56 -> 15913
B57: 42461 | C57: 1579 | D57: 5412 | E57: 196 | F57: 787 | G57: 2640 | H57: 7635 | I57: =C57+E57+G57 -> 4415 | J57: =D57+F57+H57 -> 13834
B58: 42491 | C58: 1550 | D58: 5486 | E58: 180 | F58: 760 | G58: 2933 | H58: 8633 | I58: =C58+E58+G58 -> 4663 | J58: =D58+F58+H58 -> 14879
B59: 42522 | C59: 1015 | D59: 3452 | E59: 121 | F59: 555 | G59: 2658 | H59: 7478 | I59: =C59+E59+G59 -> 3794 | J59: =D59+F59+H59 -> 11485
B60: 42552 | C60: 1746 | D60: 6028 | E60: 157 | F60: 657 | G60: 2535 | H60: 7430 | I60: =C60+E60+G60 -> 4438 | J60: =D60+F60+H60 -> 14115
B61: 42583 | C61: 1390 | D61: 4511 | E61: 153 | F61: 578 | G61: 3151 | H61: 9173 | I61: =C61+E61+G61 -> 4694 | J61: =D61+F61+H61 -> 14262
B62: 42614 | C62: 1402 | D62: 4329 | E62: 196 | F62: 823 | G62: 2981 | H62: 8807 | I62: =C62+E62+G62 -> 4579 | J62: =D62+F62+H62 -> 13959
B63: 42644 | C63: 1480 | D63: 5044 | E63: 136 | F63: 536 | G63: 2791 | H63: 8111 | I63: =C63+E63+G63 -> 4407 | J63: =D63+F63+H63 -> 13691
B64: 42675 | C64: 1497 | D64: 5099 | E64: 128 | F64: 483 | G64: 2064 | H64: 6110 | I64: =C64+E64+G64 -> 3689 | J64: =D64+F64+H64 -> 11692
B65: 42705 | C65: 1565 | D65: 5550 | E65: 94 | F65: 399 | G65: 3636 | H65: 11125 | I65: =C65+E65+G65 -> 5295 | J65: =D65+F65+H65 -> 17074
B66: 2016 | C66: =SUM(C54:C65) -> 17300 | D66: =SUM(D54:D65) -> 58575 | E66: =SUM(E54:E65) -> 1912 | F66: =SUM(F54:F65) -> 7860 | G66: =SUM(G54:G65) -> 33840 | H66: =SUM(H54:H65) -> 99247 | I66: =SUM(I54:I65) -> 53052 | J66: =SUM(J54:J65) -> 165682
B67: 42736 | C67: 1578 | D67: 5100 | E67: 122 | F67: 478 | G67: 3277 | H67: 9466 | I67: =C67+E67+G67 -> 4977 | J67: =D67+F67+H67 -> 15044
B68: 42767 | C68: 1309 | D68: 4472 | E68: 118 | F68: 502 | G68: 3001 | H68: 8506 | I68: =C68+E68+G68 -> 4428 | J68: =D68+F68+H68 -> 13480
B69: 42795 | C69: 1433 | D69: 4492 | E69: 123 | F69: 484 | G69: 2598 | H69: 7750 | I69: =C69+E69+G69 -> 4154 | J69: =D69+F69+H69 -> 12726
B70: 42826 | C70: 1610 | D70: 5252 | E70: 163 | F70: 704 | G70: 2935 | H70: 8131 | I70: =C70+E70+G70 -> 4708 | J70: =D70+F70+H70 -> 14087
B71: 42856 | C71: 1418 | D71: 4341 | E71: 177 | F71: 637 | G71: 3318 | H71: 8846 | I71: =C71+E71+G71 -> 4913 | J71: =D71+F71+H71 -> 13824
B72: 42887 | C72: 1230 | D72: 4069 | E72: 108 | F72: 460 | G72: 2707 | H72: 8139 | I72: =C72+E72+G72 -> 4045 | J72: =D72+F72+H72 -> 12668
B73: 42917 | C73: 1191 | D73: 4093 | E73: 118 | F73: 524 | G73: 3460 | H73: 9428 | I73: =C73+E73+G73 -> 4769 | J73: =D73+F73+H73 -> 14045
B74: 42948 | C74: 1646 | D74: 5129 | E74: 226 | F74: 888 | G74: 3406 | H74: 9871 | I74: =C74+E74+G74 -> 5278 | J74: =D74+F74+H74 -> 15888
B75: 42979 | C75: 1788 | D75: 5884 | E75: 227 | F75: 1042 | G75: 1959 | H75: 5773 | I75: =C75+E75+G75 -> 3974 | J75: =D75+F75+H75 -> 12699
B76: 43009 | C76: 1600 | D76: 5166 | E76: 160 | F76: 678 | G76: 5186 | H76: 14719 | I76: =C76+E76+G76 -> 6946 | J76: =D76+F76+H76 -> 20563
B77: 43040 | C77: 1751 | D77: 5849 | E77: 177 | F77: 742 | G77: 3371 | H77: 9775 | I77: =C77+E77+G77 -> 5299 | J77: =D77+F77+H77 -> 16366
B78: 43070 | C78: 1618 | D78: 5288 | E78: 188 | F78: 708 | G78: 3152 | H78: 9366 | I78: =C78+E78+G78 -> 4958 | J78: =D78+F78+H78 -> 15362
B79: 2017 | C79: =SUM(C67:C78) -> 18172 | D79: =SUM(D67:D78) -> 59135 | E79: =SUM(E67:E78) -> 1907 | F79: =SUM(F67:F78) -> 7847 | G79: =SUM(G67:G78) -> 38370 | H79: =SUM(H67:H78) -> 109770 | I79: =SUM(I67:I78) -> 58449 | J79: =SUM(J67:J78) -> 176752
B80: 43101 | C80: 1487 | D80: 4777 | E80: 142 | F80: 567 | G80: 3378 | H80: 9267 | I80: =C80+E80+G80 -> 5007 | J80: =D80+F80+H80 -> 14611
B81: 43132 | C81: 1165 | D81: 3878 | E81: 171 | F81: 740 | G81: 4024 | H81: 10885 | I81: =C81+E81+G81 -> 5360 | J81: =D81+F81+H81 -> 15503
B82: 43160 | C82: 2460 | D82: 7692 | E82: 296 | F82: 1104 | G82: 3447 | H82: 9794 | I82: =C82+E82+G82 -> 6203 | J82: =D82+F82+H82 -> 18590
B83: 43191 | C83: 1488 | D83: 4979 | E83: 166 | F83: 699 | G83: 3596 | H83: 10022 | I83: =C83+E83+G83 -> 5250 | J83: =D83+F83+H83 -> 15700
B84: 43221 | C84: 1705 | D84: 5530 | E84: 178 | F84: 714 | G84: 3536 | H84: 9898 | I84: =C84+E84+G84 -> 5419 | J84: =D84+F84+H84 -> 16142
B85: 43252 | C85: 1717 | D85: 5500 | E85: 211 | F85: 885 | G85: 3371 | H85: 9458 | I85: =C85+E85+G85 -> 5299 | J85: =D85+F85+H85 -> 15843
B86: 43282 | C86: 1574 | D86: 4981 | E86: 176 | F86: 714 | G86: 3523 | H86: 9997 | I86: =C86+E86+G86 -> 5273 | J86: =D86+F86+H86 -> 15692
B87: 43313 | C87: 1786 | D87: 5797 | E87: 215 | F87: 865 | G87: 3741 | H87: 10742 | I87: =C87+E87+G87 -> 5742 | J87: =D87+F87+H87 -> 17404
B88: 43344 | C88: 1829 | D88: 5996 | E88: 210 | F88: 796 | G88: 4016 | H88: 11063 | I88: =C88+E88+G88 -> 6055 | J88: =D88+F88+H88 -> 17855
B89: 43374 | C89: 1908 | D89: 5933 | E89: 221 | F89: 853 | G89: 3862 | H89: 11406 | I89: =C89+E89+G89 -> 5991 | J89: =D89+F89+H89 -> 18192
B90: 43405 | C90: 1951 | D90: 6310 | E90: 210 | F90: 846 | G90: 4235 | H90: 12050 | I90: 6396 | J90: 19206
B91: 43435 | C91: 1864 | D91: 6097 | E91: 206 | F91: 773 | G91: 3733 | H91: 11050 | I91: 5803 | J91: 17920
B92: 2018 | C92: =SUM(C80:C91) -> 20934 | D92: =SUM(D80:D91) -> 67470 | E92: =SUM(E80:E91) -> 2402 | F92: =SUM(F80:F91) -> 9556 | G92: =SUM(G80:G91) -> 44462 | H92: =SUM(H80:H91) -> 125632 | I92: =SUM(I80:I91) -> 67798 | J92: =SUM(J80:J91) -> 202658
B93: 43466 | C93: 1644 | D93: 5240 | E93: 136 | F93: 473 | G93: 3602 | H93: 10442 | I93: 5382 | J93: 16155
B94: 43497 | C94: 1660 | D94: 5440 | E94: 195 | F94: 810 | G94: 3859 | H94: 11121 | I94: 5714 | J94: 17371
B95: 43525 | C95: 1447 | D95: 4690 | E95: 166 | F95: 800 | G95: 3536 | H95: 10073 | I95: 5149 | J95: 15563
B96: 43556 | C96: 1532 | D96: 5027 | E96: 191 | F96: 822 | G96: 4048 | H96: 11053 | I96: 5771 | J96: 16902
B97: 43586 | C97: 1595 | D97: 4923 | E97: 179 | F97: 655 | G97: 3277 | H97: 9461 | I97: 5051 | J97: 15039
B98: 43617 | C98: 1566 | D98: 4922 | E98: 128 | F98: 485 | G98: 3773 | H98: 10296 | I98: 5467 | J98: 15703
B99: 43647 | C99: 1268 | D99: 4145 | E99: 119 | F99: 491 | G99: 4075 | H99: 11015 | I99: 5462 | J99: 15651
B100: 43678 | C100: 1754 | D100: 5263 | E100: 194 | F100: 769 | G100: 3280 | H100: 9481 | I100: 5228 | J100: 15513
B101: 43709 | C101: 1699 | D101: 5345 | E101: 173 | F101: 649 | G101: 3976 | H101: 10889 | I101: 5848 | J101: 16883
B102: 43739 | C102: 1702 | D102: 5319 | E102: 176 | F102: 664 | G102: 4777 | H102: 13052 | I102: 6655 | J102: 19035
B103: 43770 | C103: 1481 | D103: 4688 | E103: 133 | F103: 524 | G103: 2191 | H103: 6559 | I103: 3805 | J103: 11771
...

Sheet Solicitudes y Rechazos BxH
A2: Subsecretaría de Previsión Social
A3: Dirección de Estudios Previsionales
B5: Número de solicitudes y concesiones de Bono por Hijo, según mes | G5: Volver a Bono por Hijo
B6: Agosto 2009 a diciembre 2021
B8: Solicitudes y Concesiones de Bono por Hijo, por mes
B9: Mes | C9: Número de Solicitudes Concedidas | D9: Número de Solicitudes Rechazadas | E9: Total Solicitudes
B10: Ago-dic 2009 | C10: 23671 | D10: S/I | E10: =C10 -> 23671
B11: Total 2010 | C11: 90591 | D11: S/I | E11: =C11 -> 90591
B12: Total 2011 | C12: 105822 | D12: S/I | E12: =C12 -> 105822
B13: Total 2012 | C13: 54727 | D13: S/I | E13: =C13 -> 54727
B14: Total 2013 | C14: 38385 | D14: S/I | E14: =C14 -> 38385
B15: 41640 | C15: 3012 | D15: 385 | E15: 3397
B16: 41671 | C16: 3146 | D16: 307 | E16: 3453
B17: 41699 | C17: 2820 | D17: 401 | E17: 3221
B18: 41730 | C18: 3671 | D18: 837 | E18: 4508
B19: 41760 | C19: 3405 | D19: 637 | E19: 4042
B20: 41791 | C20: 3448 | D20: 551 | E20: 3999
B21: 41821 | C21: 3132 | D21: 431 | E21: 3563
B22: 41852 | C22: 3702 | D22: 437 | E22: 4139
B23: 41883 | C23: 4118 | D23: 391 | E23: 4509
B24: 41913 | C24: 4714 | D24: 491 | E24: 5205
B25: 41944 | C25: 4499 | D25: 402 | E25: 4901
B26: 41974 | C26: 4587 | D26: 501 | E26: 5088
B27: Total 2014 | C27: =SUM(C15:C26) -> 44254 | D27: =SUM(D15:D26) -> 5771 | E27: =SUM(E15:E26) -> 50025
B28: 42005 | C28: 3692 | D28: 452 | E28: =C28+D28 -> 4144
B29: 42036 | C29: 3089 | D29: 314 | E29: =C29+D29 -> 3403
B30: 42064 | C30: 3959 | D30: 437 | E30: =C30+D30 -> 4396
B31: 42095 | C31: 4199 | D31: 418 | E31: =C31+D31 -> 4617
B32: 42125 | C32: 3877 | D32: 527 | E32: =C32+D32 -> 4404
B33: 42156 | C33: 4140 | D33: 642 | E33: =C33+D33 -> 4782
B34: 42186 | C34: 3415 | D34: 391 | E34: =C34+D34 -> 3806
B35: 42217 | C35: 6058 | D35: 393 | E35: =C35+D35 -> 6451
B36: 42248 | C36: 5036 | D36: 579 | E36: =C36+D36 -> 5615
B37: 42278 | C37: 4175 | D37: 552 | E37: =C37+D37 -> 4727
B38: 42309 | C38: 5394 | D38: 555 | E38: =C38+D38 -> 5949
B39: 42339 | C39: 4616 | D39: 704 | E39: =C39+D39 -> 5320
B40: Total 2015 | C40: =SUM(C28:C39) -> 51650 | D40: =SUM(D28:D39) -> 5964 | E40: =SUM(E28:E39) -> 57614
B41: 42370 | C41: 4090 | D41: 834 | E41: =C41+D41 -> 4924
B42: 42401 | C42: 3843 | D42: 401 | E42: =C42+D42 -> 4244
B43: 42430 | C43: 5145 | D43: 878 | E43: =C43+D43 -> 6023
B44: 42461 | C44: 4415 | D44: 636 | E44: =C44+D44 -> 5051
B45: 42491 | C45: 4663 | D45: 700 | E45: =C45+D45 -> 5363
B46: 42522 | C46: 3794 | D46: 507 | E46: =C46+D46 -> 4301
B47: 42552 | C47: 4438 | D47: 635 | E47: =C47+D47 -> 5073
B48: 42583 | C48: 4694 | D48: 856 | E48: =C48+D48 -> 5550
B49: 42614 | C49: 4579 | D49: 914 | E49: =C49+D49 -> 5493
B50: 42644 | C50: 4407 | D50: 866 | E50: =C50+D50 -> 5273
B51: 42675 | C51: 3689 | D51: 1064 | E51: =C51+D51 -> 4753
B52: 42705 | C52: 5295 | D52: 451 | E52: =C52+D52 -> 5746
B53: Total 2016 | C53: =SUM(C41:C52) -> 53052 | D53: =SUM(D41:D52) -> 8742 | E53: =SUM(E41:E52) -> 61794
B54: 42736 | C54: 4977 | D54: 661 | E54: =C54+D54 -> 5638
B55: 42767 | C55: 4428 | D55: 663 | E55: =C55+D55 -> 5091
B56: 42795 | C56: 4154 | D56: 749 | E56: =C56+D56 -> 4903
B57: 42826 | C57: 4708 | D57: 760 | E57: =C57+D57 -> 5468
B58: 42856 | C58: 4913 | D58: 812 | E58: =C58+D58 -> 5725
B59: 42887 | C59: 4045 | D59: 1056 | E59: =C59+D59 -> 5101
B60: 42917 | C60: 4769 | D60: 753 | E60: =C60+D60 -> 5522
B61: 42948 | C61: 5278 | D61: 817 | E61: =C61+D61 -> 6095
B62: 42979 | C62: 3974 | D62: 593 | E62: =C62+D62 -> 4567
B63: 43009 | C63: 6946 | D63: 1191 | E63: =C63+D63 -> 8137
B64: 43040 | C64: 5299 | D64: 833 | E64: =C64+D64 -> 6132
B65: 43070 | C65: 4958 | D65: 795 | E65: =C65+D65 -> 5753
B66: Total 2017 | C66: =SUM(C54:C65) -> 58449 | D66: =SUM(D54:D65) -> 9683 | E66: =SUM(E54:E65) -> 68132
B67: 43101 | C67: 5007 | D67: 965 | E67: =C67+D67 -> 5972
B68: 43132 | C68: 5360 | D68: 944 | E68: =C68+D68 -> 6304
B69: 43160 | C69: 6203 | D69: 1124 | E69: 7327
B70: 43191 | C70: 5250 | D70: 775 | E70: =+C70+D70 -> 6025
B71: 43221 | C71: 5419 | D71: 628 | E71: =+C71+D71 -> 6047
B72: 43252 | C72: 5299 | D72: 848 | E72: =+C72+D72 -> 6147
B73: 43282 | C73: 5273 | D73: 633 | E73: =+C73+D73 -> 5906
B74: 43313 | C74: 5742 | D74: 364 | E74: =+C74+D74 -> 6106
B75: 43344 | C75: 6055 | D75: 488 | E75: =+C75+D75 -> 6543
B76: 43374 | C76: 5991 | D76: 513 | E76: =+C76+D76 -> 6504
B77: 43405 | C77: 6396 | D77: 416 | E77: 6812
B78: 43435 | C78: 5803 | D78: 345 | E78: 6148
B79: Total 2018 | C79: =SUM(C67:C78) -> 67798 | D79: =SUM(D67:D78) -> 8043 | E79: =SUM(E67:E78) -> 75841
B80: 43466 | C80: 5382 | D80: 271 | E80: 5653
B81: 43497 | C81: 5714 | D81: 250 | E81: 5964
B82: 43525 | C82: 5149 | D82: 433 | E82: 5582
B83: 43556 | C83: 5771 | D83: 547 | E83: 6318
B84: 43586 | C84: 5051 | D84: 312 | E84: 5363
B85: 43617 | C85: 5467 | D85: 166 | E85: 5633
B86: 43647 | C86: 5462 | D86: 423 | E86: 5885
B87: 43678 | C87: 5228 | D87: 334 | E87: 5562
B88: 43709 | C88: 5848 | D88: 349 | E88: 6197
B89: 43739 | C89: 6655 | D89: 526 | E89: 7181
B90: 43770 | C90: 3805 | D90: 128 | E90: 3933
B91: 43800 | C91: 6358 | D91: 299 | E91: 6657
B92: Total 2019 | C92: =SUM(C80:C91) -> 65890 | D92: =SUM(D80:D91) -> 4038 | E92: =SUM(E80:E91) -> 69928
B93: 43831 | C93: 6973 | D93: 334 | E93: =SUM(C93:D93) -> 7307
B94: 43862 | C94: 6865 | D94: 510 | E94: =SUM(C94:D94) -> 7375
B95: 43891 | C95: 6450 | D95: 524 | E95: =SUM(C95:D95) -> 6974
B96: 43922 | C96: 3120 | D96: 427 | E96: =SUM(C96:D96) -> 3547
B97: 43952 | C97: 3668 | D97: 336 | E97: =SUM(C97:D97) -> 4004
B98: 43983 | C98: 4010 | D98: 620 | E98: =SUM(C98:D98) -> 4630
B99: 44013 | C99: 3699 | D99: 751 | E99: =SUM(C99:D99) -> 4450
B100: 44044 | C100: 5600 | D100: 304 | E100: =SUM(C100:D100) -> 5904
B101: 44075 | C101: 6256 | D101: 329 | E101: =SUM(C101:D101) -> 6585
B102: 44105 | C102: 6677 | D102: 356 | E102: =SUM(C102:D102) -> 7033
B103: 44136 | C103: 7271 | D103: 364 | E103: =SUM(C103:D103) -> 7635
...

Sheet Concesiones Mensuales Regional
A2: Subsecretaría de Previsión Social
A3: Dirección de Estudios Previsionales
B5: Número de concesiones de Bono por Hijo según región y origen de la solicitud | K5: Volver a Bono por Hijo
B6: Diciembre 2021
B8: Región | E8: IPS | G8: AFP y Cías. de Seguros | I8: Total
E9: PBS | F9: APS | G9: APS | H9: Cuota Única
B10: Arica y Parinacota | C10: XV | D10: Nº Beneficiarios | E10: 19 | F10: 3 | G10: 3 | H10: 65 | I10: =SUM(E10:H10) -> 90
D11: Nº de Causantes (hijos) | E11: 64 | F11: 8 | G11: 8 | H11: 173 | I11: =SUM(E11:H11) -> 253
B12: Tarapacá | C12: I | D12: Nº Beneficiarios | E12: 20 | F12: 3 | G12: 3 | H12: 92 | I12: =SUM(E12:H12) -> 118
D13: Nº de Causantes (hijos) | E13: 60 | F13: 11 | G13: 17 | H13: 257 | I13: =SUM(E13:H13) -> 345
B14: Antofagasta | C14: II | D14: Nº Beneficiarios | E14: 61 | F14: 3 | G14: 4 | H14: 145 | I14: =SUM(E14:H14) -> 213
D15: Nº de Causantes (hijos) | E15: 212 | F15: 5 | G15: 13 | H15: 378 | I15: =SUM(E15:H15) -> 608
B16: Atacama | C16: III | D16: Nº Beneficiarios | E16: 25 | F16: 3 | G16: 2 | H16: 101 | I16: =SUM(E16:H16) -> 131
D17: Nº de Causantes (hijos) | E17: 95 | F17: 10 | G17: 4 | H17: 289 | I17: =SUM(E17:H17) -> 398
B18: Coquimbo | C18: IV | D18: Nº Beneficiarios | E18: 94 | F18: 5 | G18: 7 | H18: 239 | I18: =SUM(E18:H18) -> 345
D19: Nº de Causantes (hijos) | E19: 275 | F19: 23 | G19: 27 | H19: 666 | I19: =SUM(E19:H19) -> 991
B20: Valparaíso | C20: V | D20: Nº Beneficiarios | E20: 193 | F20: 15 | G20: 14 | H20: 684 | I20: =SUM(E20:H20) -> 906
D21: Nº de Causantes (hijos) | E21: 593 | F21: 45 | G21: 51 | H21: 1749 | I21: =SUM(E21:H21) -> 2438
B22: B.O'Higgins | C22: VI | D22: Nº Beneficiarios | E22: 117 | F22: 8 | G22: 13 | H22: 317 | I22: =SUM(E22:H22) -> 455
D23: Nº de Causantes (hijos) | E23: 354 | F23: 28 | G23: 43 | H23: 890 | I23: =SUM(E23:H23) -> 1315
B24: Maule | C24: VII | D24: Nº Beneficiarios | E24: 137 | F24: 6 | G24: 15 | H24: 352 | I24: =SUM(E24:H24) -> 510
D25: Nº de Causantes (hijos) | E25: 437 | F25: 15 | G25: 63 | H25: 964 | I25: =SUM(E25:H25) -> 1479
B26: Bío Bío | C26: VIII | D26: Nº Beneficiarios | E26: 215 | F26: 15 | G26: 17 | H26: 487 | I26: =SUM(E26:H26) -> 734
D27: Nº de Causantes (hijos) | E27: 709 | F27: 54 | G27: 70 | H27: 1348 | I27: =SUM(E27:H27) -> 2181
B28: Ñuble | C28: XVI | D28: Nº Beneficiarios | E28: 101 | F28: 4 | G28: 7 | H28: 143 | I28: =SUM(E28:H28) -> 255
D29: Nº de Causantes (hijos) | E29: 322 | F29: 12 | G29: 26 | H29: 407 | I29: =SUM(E29:H29) -> 767
B30: Araucanía | C30: IX | D30: Nº Beneficiarios | E30: 170 | F30: 9 | G30: 15 | H30: 283 | I30: =SUM(E30:H30) -> 477
D31: Nº de Causantes (hijos) | E31: 593 | F31: 22 | G31: 67 | H31: 823 | I31: =SUM(E31:H31) -> 1505
B32: Los Ríos | C32: XIV | D32: Nº Beneficiarios | E32: 66 | F32: 2 | G32: 6 | H32: 132 | I32: =SUM(E32:H32) -> 206
D33: Nº de Causantes (hijos) | E33: 227 | F33: 4 | G33: 23 | H33: 354 | I33: =SUM(E33:H33) -> 608
B34: Los Lagos | C34: X | D34: Nº Beneficiarios | E34: 101 | F34: 4 | G34: 6 | H34: 244 | I34: =SUM(E34:H34) -> 355
D35: Nº de Causantes (hijos) | E35: 301 | F35: 12 | G35: 25 | H35: 699 | I35: =SUM(E35:H35) -> 1037
B36: Aysén | C36: XI | D36: Nº Beneficiarios | E36: 7 | F36: 1 | G36: 0 | H36: 35 | I36: =SUM(E36:H36) -> 43
D37: Nº de Causantes (hijos) | E37: 25 | F37: 2 | G37: 0 | H37: 84 | I37: =SUM(E37:H37) -> 111
B38: Magallanes | C38: XII | D38: Nº Beneficiarios | E38: 9 | F38: 0 | G38: 1 | H38: 49 | I38: =SUM(E38:H38) -> 59
D39: Nº de Causantes (hijos) | E39: 20 | F39: 0 | G39: 4 | H39: 110 | I39: =SUM(E39:H39) -> 134
B40: Metropolitana | C40: XIII | D40: Nº Beneficiarios | E40: 699 | F40: 33 | G40: 67 | H40: 2152 | I40: =SUM(E40:H40) -> 2951
D41: Nº de Causantes (hijos) | E41: 2128 | F41: 119 | G41: 226 | H41: 5511 | I41: =SUM(E41:H41) -> 7984
B42: TOTAL | D42: Nº Beneficiarios | E42: =E10+E12+E14+E16+E18+E20+E22+E24+E26+E28+E30+E32+E34+E36+E38+E40 -> 2034 | F42: =F10+F12+F14+F16+F18+F20+F22+F24+F26+F28+F30+F32+F34+F36+F38+F40 -> 114 | G42: =G10+G12+G14+G16+G18+G20+G22+G24+G26+G28+G30+G32+G34+G36+G38+G40 -> 180 | H42: =H10+H12+H14+H16+H18+H20+H22+H24+H26+H28+H30+H32+H34+H36+H38+H40 -> 5520 | I42: =SUM(E42:H42) -> 7848
D43: Nº de Causantes (hijos) | E43: =E11+E13+E15+E17+E19+E21+E23+E25+E27+E29+E31+E33+E35+E37+E39+E41 -> 6415 | F43: =F11+F13+F15+F17+F19+F21+F23+F25+F27+F29+F31+F33+F35+F37+F39+F41 -> 370 | G43: =G11+G13+G15+G17+G19+G21+G23+G25+G27+G29+G31+G33+G35+G37+G39+G41 -> 667 | H43: =H11+H13+H15+H17+H19+H21+H23+H25+H27+H29+H31+H33+H35+H37+H39+H41 -> 14702 | I43: =SUM(E43:H43) -> 22154
B44: Fuente: IPS

Sheet Índice STJ
A2: Subsecretaría de Previsión Social
A3: Dirección de Estudios Previsionales
B5: Estadísticas Subsidio Previsional a los Trabajadores Jóvenes (STJ) | N5: Volver a Índice
B7: Introducción
B8: A continuación se entregan los principales cuadros sobre el Subsidio Previsional a los Trabajadores Jóvenes del Informe Estadístico Mensual del Pilar Solidario a diciembre 2021
B9: Se entrega información de los subsidios a la contratación y a la cotización.
B11: Índice
B12: Solicitudes del Subsidio a la Contratación por parte del empleador, por mes, desde octubre 2008 a diciembre 2021
B13: Solicitudes de subsidio a la contratación, según estado de la solicitud, por mes, desde enero 2012 a diciembre 2021
B14: Solicitudes del Subsidio a la cotización según sexo, por mes, julio 2011 a diciembre 2021
B15: Solicitudes del subsidio a la cotización, según estado de las solicitudes, sexo, por mes, desde julio 2011 a diciembre 2021
B16: Subsidios pagados según tipo de subsidio, por mes, desde abril 2009 a diciembre 2021

Sheet Contratación Solicitudes
A2: Subsecretaría de Previsión Social
A3: Dirección de Estudios Previsionales
B5: Número de solicitudes del Subsidio a la Contratación por parte del empleador, según sexo y mes | H5: Volver a Subsidio Previsional a los Trabajadores Jóvenes
B6: Octubre de 2008 a diciembre 2021
B8: MES | C8: TOTAL SOLICITUDES CADA MES (Subsidio a la Contratación)
C9: Total Solicitudes | D9: Total Trabajadores | F9: Total
D10: Mujeres | E10: Hombres
B11: Oct. a Dic. 2008 | C11: 333
B12: 2009 | C12: 2105
B13: 2010 | C13: 1759
B14: 2011 | C14: 1026
B15: 2012 | C15: 807 | F15: =4799+6387+5277+4788+3887+4506+3139+8888+9643+3804+9793+10267 -> 75178
B16: 41275 | C16: 58 | F16: 10513
B17: 41306 | C17: 55 | F17: 8811
B18: 41334 | C18: 64 | F18: 11072
B19: 41365 | C19: 66 | F19: 9568
B20: 41395 | C20: 60 | F20: 9423
B21: 41426 | C21: 54 | F21: 10541
B22: 41456 | C22: 58 | F22: 10315
B23: 41487 | C23: 58 | F23: 9741
B24: 41518 | C24: 50 | F24: 9232
B25: 41548 | C25: 48 | F25: 9928
B26: 41579 | C26: 28 | F26: 6195
B27: 41609 | C27: 55 | F27: 8859
B28: 2013 | C28: =SUM(C16:C27) -> 654 | F28: =SUM(F16:F27) -> 114198
B29: 41640 | C29: 57 | F29: 10003
B30: 41671 | C30: 36 | F30: 8116
B31: 41699 | C31: 43 | F31: 3794
B32: 41730 | C32: 44 | F32: 5833
B33: 41760 | C33: 47 | F33: 3916
B34: 41791 | C34: 48 | F34: 3251
B35: 41821 | C35: 47 | F35: 3190
B36: 41852 | C36: 44 | F36: 3136
B37: 41883 | C37: 41 | F37: 2928
B38: 41913 | C38: 34 | F38: 2732
B39: 41944 | C39: 25 | F39: 3936
B40: 41974 | C40: 47 | F40: 3018
B41: 2014 | C41: =SUM(C29:C40) -> 513 | F41: =SUM(F29:F40) -> 53853
B42: 42005 | C42: 40 | F42: 2343
B43: 42036 | C43: 37 | F43: 2758
B44: 42064 | C44: 39 | F44: 2319
B45: 42095 | C45: 33 | F45: 1250
B46: 42125 | C46: 31 | F46: 1952
B47: 42156 | C47: 38 | F47: 1536
B48: 42186 | C48: 33 | F48: 2640
B49: 42217 | C49: 37 | F49: 1723
B50: 42248 | C50: 40 | F50: 2602
B51: 42278 | C51: 39 | F51: 2691
B52: 42309 | C52: 37 | F52: 2518
B53: 42339 | C53: 33 | F53: 2358
B54: 2015 | C54: =SUM(C42:C53) -> 437 | F54: =SUM(F42:F53) -> 26690
B55: 42370 | C55: 33 | F55: 3308
B56: 42401 | C56: 33 | F56: 2327
B57: 42430 | C57: 40 | F57: 2621
B58: 42461 | C58: 39 | F58: 2495
B59: 42491 | C59: 40 | D59: 1000 | E59: 1038 | F59: =D59+E59 -> 2038
B60: 42522 | C60: 37 | D60: S/I | E60: S/I | F60: 1960
B61: 42552 | C61: 46 | D61: 1739 | E61: 1498 | F61: =D61+E61 -> 3237
B62: 42583 | C62: 47 | D62: 1262 | E62: 1077 | F62: =D62+E62 -> 2339
B63: 42614 | C63: 38 | D63: 1119 | E63: 1309 | F63: =D63+E63 -> 2428
B64: 42644 | C64: 36 | D64: 943 | E64: 705 | F64: =D64+E64 -> 1648
B65: 42675 | C65: 42 | D65: 2225 | E65: 1770 | F65: =D65+E65 -> 3995
B66: 42705 | C66: 50 | D66: 3021 | E66: 2296 | F66: =D66+E66 -> 5317
B67: 2016 | C67: =SUM(C55:C66) -> 481 | F67: =SUM(F55:F66) -> 33713
B68: 42736 | C68: 40 | D68: 2335 | E68: 1830 | F68: =D68+E68 -> 4165
B69: 42767 | C69: 32 | D69: 2075 | E69: 1511 | F69: =D69+E69 -> 3586
B70: 42795 | C70: 37 | D70: 922 | E70: 763 | F70: =D70+E70 -> 1685
B71: 42826 | C71: 27 | D71: 464 | E71: 377 | F71: =D71+E71 -> 841
B72: 42856 | C72: 36 | D72: 870 | E72: 555 | F72: =D72+E72 -> 1425
B73: 42887 | C73: 38 | D73: 479 | E73: 437 | F73: =D73+E73 -> 916
B74: 42917 | C74: 31 | D74: 544 | E74: 385 | F74: =D74+E74 -> 929
B75: 42948 | C75: 34 | D75: 715 | E75: 414 | F75: =D75+E75 -> 1129
B76: 42979 | C76: 36 | D76: 680 | E76: 537 | F76: =D76+E76 -> 1217
B77: 43009 | C77: 33 | D77: 503 | E77: 374 | F77: =D77+E77 -> 877
B78: 43040 | C78: 40 | D78: 676 | E78: 640 | F78: =D78+E78 -> 1316
B79: 43070 | C79: 56 | D79: 742 | E79: 697 | F79: =D79+E79 -> 1439
B80: 2017 | C80: =SUM(C68:C79) -> 440 | D80: =SUM(D68:D79) -> 11005 | E80: =SUM(E68:E79) -> 8520 | F80: =SUM(F68:F79) -> 19525
B81: 43101 | C81: 46 | D81: 1310 | E81: 1294 | F81: =D81+E81 -> 2604
B82: 43132 | C82: 61 | D82: 1107 | E82: 809 | F82: =D82+E82 -> 1916
B83: 43160 | C83: 44 | D83: 861 | E83: 608 | F83: =D83+E83 -> 1469
B84: 43191 | C84: 39 | D84: 653 | E84: 498 | F84: =D84+E84 -> 1151
B85: 43221 | C85: 40 | D85: 965 | E85: 663 | F85: =D85+E85 -> 1628
B86: 43252 | C86: 55 | D86: 836 | E86: 774 | F86: =D86+E86 -> 1610
B87: 43282 | C87: 54 | D87: 1124 | E87: 980 | F87: =D87+E87 -> 2104
B88: 43313 | C88: 74 | D88: 1725 | E88: 1398 | F88: =D88+E88 -> 3123
B89: 43344 | C89: 50 | D89: 1229 | E89: 1067 | F89: =D89+E89 -> 2296
B90: 43374 | C90: 31 | D90: 1359 | E90: 477 | F90: =D90+E90 -> 1836
B91: 43405 | C91: 21 | D91: 1224 | E91: 699 | F91: =D91+E91 -> 1923
B92: 43435 | C92: 63 | D92: 1322 | E92: 1102 | F92: 2424
B93: 2018 | C93: =SUM(C81:C92) -> 578 | D93: =SUM(D81:D92) -> 13715 | E93: =SUM(E81:E92) -> 10369 | F93: =SUM(F81:F92) -> 24084
B94: 43466 | C94: 46 | D94: 1409 | E94: 848 | F94: 2257
B95: 43497 | C95: 47 | D95: 543 | E95: 395 | F95: 938
B96: 43525 | C96: 42 | D96: 524 | E96: 314 | F96: 838
B97: 43556 | C97: 49 | D97: 627 | E97: 551 | F97: 1178
B98: 43586 | C98: 71 | D98: 1402 | E98: 1306 | F98: 2708
B99: 43617 | C99: 68 | D99: 1687 | E99: 1029 | F99: 2716
B100: 43647 | C100: 73 | D100: 1201 | E100: 953 | F100: 2154
B101: 43678 | C101: 72 | D101: 1090 | E101: 1128 | F101: 2218
B102: 43709 | C102: 81 | D102: 620 | E102: 590 | F102: 1210
B103: 43739 | C103: 33 | D103: 599 | E103: 438 | F103: 1037
...

Sheet Contratación Trámite
A2: Subsecretaría de Previsión Social
A3: Dirección de Estudios Previsionales
B5: Número de solicitudes de subsidio a la contratación, según estado de la solicitud y mes | H5: Volver a Subsidio Previsional a los Trabajadores Jóvenes
B6: Enero 2012 a diciembre 2021
B8: MES | C8: ESTADO DE LAS SOLICITUDES (Subsidio a la Contratación)
C9: CONCEDIDAS | D9: RECHAZADAS | E9: EN TRÁMITE | F9: TOTAL
B10: 2012 | C10: 114 | D10: 539 | E10: 154 | F10: =SUM(C10:E10) -> 807
B11: 41275 | C11: 8 | D11: 38 | E11: 12 | F11: =SUM(C11:E11) -> 58
B12: 41306 | C12: 5 | D12: 35 | E12: 15 | F12: =SUM(C12:E12) -> 55
B13: 41334 | C13: 10 | D13: 42 | E13: 12 | F13: =SUM(C13:E13) -> 64
B14: 41365 | C14: 10 | D14: 41 | E14: 15 | F14: =SUM(C14:E14) -> 66
B15: 41395 | C15: 6 | D15: 43 | E15: 11 | F15: =SUM(C15:E15) -> 60
B16: 41426 | C16: 6 | D16: 34 | E16: 14 | F16: =SUM(C16:E16) -> 54
B17: 41456 | C17: 4 | D17: 42 | E17: 12 | F17: =SUM(C17:E17) -> 58
B18: 41487 | C18: 7 | D18: 39 | E18: 12 | F18: =SUM(C18:E18) -> 58
B19: 41518 | C19: 5 | D19: 33 | E19: 12 | F19: =SUM(C19:E19) -> 50
B20: 41548 | C20: 3 | D20: 28 | E20: 17 | F20: =SUM(C20:E20) -> 48
B21: 41579 | C21: 3 | D21: 18 | E21: 7 | F21: =SUM(C21:E21) -> 28
B22: 41609 | C22: 7 | D22: 37 | E22: 11 | F22: =SUM(C22:E22) -> 55
B23: 2013 | C23: =SUM(C11:C22) -> 74 | D23: =SUM(D11:D22) -> 430 | E23: =SUM(E11:E22) -> 150 | F23: =SUM(F11:F22) -> 654
B24: 41640 | C24: 7 | D24: 32 | E24: 18 | F24: =SUM(C24:E24) -> 57
B25: 41671 | C25: 3 | D25: 24 | E25: 9 | F25: =C25+D25+E25 -> 36
B26: 41699 | C26: 7 | D26: 21 | E26: 15 | F26: =C26+D26+E26 -> 43
B27: 41730 | C27: 9 | D27: 25 | E27: 10 | F27: =C27+D27+E27 -> 44
B28: 41760 | C28: 7 | D28: 29 | E28: 11 | F28: =C28+D28+E28 -> 47
B29: 41791 | C29: 0 | D29: 31 | E29: 17 | F29: =C29+D29+E29 -> 48
B30: 41821 | C30: 3 | D30: 29 | E30: 15 | F30: =C30+D30+E30 -> 47
B31: 41852 | C31: 5 | D31: 30 | E31: 9 | F31: =C31+D31+E31 -> 44
B32: 41883 | C32: 2 | D32: 39 | F32: =C32+D32+E32 -> 41
B33: 41913 | C33: 5 | D33: 29 | F33: =C33+D33+E33 -> 34
B34: 41944 | C34: 1 | D34: 20 | E34: 4 | F34: =C34+D34+E34 -> 25
B35: 41974 | C35: 4 | D35: 38 | E35: 5 | F35: =C35+D35+E35 -> 47
B36: 2014 | C36: =SUM(C24:C35) -> 53 | D36: =SUM(D24:D35) -> 347 | E36: =SUM(E24:E35) -> 113 | F36: =C36+D36+E36 -> 513
B37: 42005 | C37: 2 | D37: 26 | E37: 12 | F37: =C37+D37+E37 -> 40
B38: 42036 | C38: 1 | D38: 21 | E38: 15 | F38: =C38+D38+E38 -> 37
B39: 42064 | C39: 7 | D39: 24 | E39: 8 | F39: =C39+D39+E39 -> 39
B40: 42095 | C40: 7 | D40: 21 | E40: 5 | F40: =C40+D40+E40 -> 33
B41: 42125 | D41: 18 | E41: 13 | F41: =C41+D41+E41 -> 31
B42: 42156 | C42: 5 | D42: 22 | E42: 11 | F42: =C42+D42+E42 -> 38
B43: 42186 | C43: 1 | D43: 22 | E43: 10 | F43: =C43+D43+E43 -> 33
B44: 42217 | C44: 4 | D44: 27 | E44: 6 | F44: =C44+D44+E44 -> 37
B45: 42248 | C45: 1 | D45: 32 | E45: 7 | F45: =C45+D45+E45 -> 40
B46: 42278 | C46: 9 | D46: 21 | E46: 9 | F46: =C46+D46+E46 -> 39
B47: 42309 | C47: 7 | D47: 26 | E47: 4 | F47: =C47+D47+E47 -> 37
B48: 42339 | C48: 6 | D48: 21 | E48: 6 | F48: =C48+D48+E48 -> 33
B49: 2015 | C49: =SUM(C37:C48) -> 50 | D49: =SUM(D37:D48) -> 281 | E49: =SUM(E37:E48) -> 106 | F49: =SUM(F37:F48) -> 437
B50: 42370 | C50: 4 | D50: 19 | E50: 10 | F50: =C50+D50+E50 -> 33
B51: 42401 | C51: 17 | D51: 16 | E51: 0 | F51: =C51+D51+E51 -> 33
B52: 42430 | C52: 14 | D52: 13 | E52: 13 | F52: =C52+D52+E52 -> 40
B53: 42461 | C53: 8 | D53: 19 | E53: 12 | F53: =C53+D53+E53 -> 39
B54: 42491 | C54: 7 | D54: 21 | E54: 12 | F54: =C54+D54+E54 -> 40
B55: 42522 | C55: 7 | D55: 19 | E55: 11 | F55: =C55+D55+E55 -> 37
B56: 42552 | C56: 18 | D56: 16 | E56: 12 | F56: =C56+D56+E56 -> 46
B57: 42583 | C57: 12 | D57: 18 | E57: 17 | F57: =C57+D57+E57 -> 47
B58: 42614 | C58: 6 | D58: 19 | E58: 13 | F58: =C58+D58+E58 -> 38
B59: 42644 | C59: 10 | D59: 15 | E59: 11 | F59: =C59+D59+E59 -> 36
B60: 42675 | C60: 14 | D60: 16 | E60: 12 | F60: =C60+D60+E60 -> 42
B61: 42705 | C61: 14 | D61: 16 | E61: 20 | F61: =C61+D61+E61 -> 50
B62: 2016 | C62: =SUM(C50:C61) -> 131 | D62: =SUM(D50:D61) -> 207 | E62: =SUM(E50:E61) -> 143 | F62: =SUM(F50:F61) -> 481
B63: 42736 | C63: 8 | D63: 17 | E63: 15 | F63: =C63+D63+E63 -> 40
B64: 42767 | C64: 9 | D64: 11 | E64: 12 | F64: =C64+D64+E64 -> 32
B65: 42795 | C65: 9 | D65: 13 | E65: 15 | F65: =C65+D65+E65 -> 37
B66: 42826 | C66: 3 | D66: 17 | E66: 7 | F66: =C66+D66+E66 -> 27
B67: 42856 | C67: 8 | D67: 18 | E67: 10 | F67: =C67+D67+E67 -> 36
B68: 42887 | C68: 12 | D68: 19 | E68: 7 | F68: =C68+D68+E68 -> 38
B69: 42917 | C69: 8 | D69: 12 | E69: 11 | F69: =C69+D69+E69 -> 31
B70: 42948 | C70: 10 | D70: 13 | E70: 11 | F70: =C70+D70+E70 -> 34
B71: 42979 | C71: 10 | D71: 9 | E71: 17 | F71: =C71+D71+E71 -> 36
B72: 43009 | C72: 6 | D72: 14 | E72: 13 | F72: =C72+D72+E72 -> 33
B73: 43040 | C73: 5 | D73: 23 | E73: 12 | F73: =C73+D73+E73 -> 40
B74: 43070 | C74: 19 | D74: 22 | E74: 15 | F74: =C74+D74+E74 -> 56
B75: 2017 | C75: =SUM(C63:C74) -> 107 | D75: =SUM(D63:D74) -> 188 | E75: =SUM(E63:E74) -> 145 | F75: =C75+D75+E75 -> 440
B76: 43101 | C76: 13 | D76: 23 | E76: 10 | F76: =C76+D76+E76 -> 46
B77: 43132 | C77: 16 | D77: 22 | E77: 23 | F77: =C77+D77+E77 -> 61
B78: 43160 | C78: 14 | D78: 19 | E78: 11 | F78: =C78+D78+E78 -> 44
B79: 43191 | C79: 10 | D79: 18 | E79: 11 | F79: =C79+D79+E79 -> 39
B80: 43221 | C80: 22 | D80: 9 | E80: 9 | F80: =C80+D80+E80 -> 40
B81: 43252 | C81: 27 | D81: 18 | E81: 10 | F81: =C81+D81+E81 -> 55
B82: 43282 | C82: 15 | D82: 20 | E82: 19 | F82: =C82+D82+E82 -> 54
B83: 43313 | C83: 17 | D83: 40 | E83: 17 | F83: =C83+D83+E83 -> 74
B84: 43344 | C84: 16 | D84: 31 | E84: 3 | F84: =C84+D84+E84 -> 50
B85: 43374 | C85: 4 | D85: 22 | E85: 5 | F85: =C85+D85+E85 -> 31
B86: 43405 | C86: 3 | D86: 16 | E86: 2 | F86: =C86+D86+E86 -> 21
B87: 43435 | C87: 21 | D87: 40 | E87: 2 | F87: =C87+D87+E87 -> 63
B88: 2018 | C88: =SUM(C76:C87) -> 178 | D88: =SUM(D76:D87) -> 278 | E88: =SUM(E76:E87) -> 122 | F88: =SUM(F76:F87) -> 578
B89: 43466 | C89: 19 | D89: 25 | E89: 2 | F89: =C89+D89+E89 -> 46
B90: 43497 | C90: 15 | D90: 30 | E90: 2 | F90: 47
B91: 43525 | C91: 9 | D91: 30 | E91: 3 | F91: 42
B92: 43556 | C92: 8 | D92: 39 | E92: 2 | F92: 49
B93: 43586 | C93: 27 | D93: 34 | E93: 10 | F93: =C93+D93+E93 -> 71
B94: 43617 | C94: 22 | D94: 41 | E94: 5 | F94: =C94+D94+E94 -> 68
B95: 43647 | C95: 25 | D95: 40 | E95: 8 | F95: =C95+D95+E95 -> 73
B96: 43678 | C96: 17 | D96: 50 | E96: 5 | F96: =C96+D96+E96 -> 72
B97: 43709 | C97: 19 | D97: 54 | E97: 8 | F97: =C97+D97+E97 -> 81
B98: 43739 | C98: 7 | D98: 24 | E98: 2 | F98: 33
B99: 43770 | C99: 16 | D99: 57 | E99: 5 | F99: 78
B100: 43800 | C100: 1 | D100: 72 | E100: 4 | F100: =C100+D100+E100 -> 77
B101: 2019 | C101: =SUM(C89:C100) -> 185 | D101: =SUM(D89:D100) -> 496 | E101: =SUM(E89:E100) -> 56 | F101: =C101+D101+E101 -> 737
B102: 43831 | C102: 5 | D102: 54 | E102: 24 | F102: =C102+D102+E102 -> 83
B103: 43862 | C103: 7 | D103: 70 | E103: 14 | F103: =C103+D103+E103 -> 91
...

Sheet Cotización Solicitudes
A2: Subsecretaría de Previsión Social
A3: Dirección de Estudios Previsionales
B5: Número de solicitudes del Subsidio a la cotización según sexo y mes | G5: Volver a Subsidio Previsional a los Trabajadores Jóvenes
B6: Julio 2011 a diciembre 2021
B8: MES | C8: TOTAL SOLICITUDES CADA MES (Subsidio a la Cotización)
C9: Mujeres | D9: Hombres | E9: TOTAL
B10: Jul. a Dic. 2011 | E10: =105378+4602+2837+2889+4557+2387 -> 122650
B11: 2012 | E11: 32605
B12: 41275 | E12: 2532
B13: 41306 | E13: 2439
B14: 41334 | E14: 2431
B15: 41365 | E15: 1851
B16: 41395 | E16: 2369
B17: 41426 | E17: 2281
B18: 41456 | E18: 2297
B19: 41487 | E19: 1478
B20: 41518 | E20: 1310
B21: 41548 | E21: 1141
B22: 41579 | E22: 925
B23: 41609 | E23: 2271
B24: 2013 | E24: =SUM(E12:E23) -> 23325
B25: 41640 | E25: 2624
B26: 41671 | E26: 1598
B27: 41699 | E27: 1914
B28: 41730 | E28: 1065
B29: 41760 | E29: 1919
B30: 41791 | E30: 1580
B31: 41821 | E31: 1542
B32: 41852 | E32: 1606
B33: 41883 | E33: 2676
B34: 41913 | E34: 2626
B35: 41944 | E35: 2422
B36: 41974 | E36: 1349
B37: 2014 | E37: =SUM(E25:E36) -> 22921
B38: 42005 | E38: 2382
B39: 42036 | E39: 3962
B40: 42064 | E40: 2652
B41: 42095 | E41: 3302
B42: 42125 | E42: 1564
B43: 42156 | E43: 2459
B44: 42186 | E44: 1307
B45: 42217 | E45: 2005
B46: 42248 | E46: 1605
B47: 42278 | E47: 5170
B48: 42309 | E48: 2737
B49: 42339 | E49: 1802
B50: 2015 | E50: =SUM(E38:E49) -> 30947
B51: 42370 | E51: 3979
B52: 42401 | E52: 4366
B53: 42430 | E53: 2056
B54: 42461 | E54: 2454
B55: 42491 | C55: 1021 | D55: 834 | E55: =C55+D55 -> 1855
B56: 42522 | C56: 983 | D56: 924 | E56: =C56+D56 -> 1907
B57: 42552 | C57: 1011 | D57: 872 | E57: =C57+D57 -> 1883
B58: 42583 | C58: 2375 | D58: 1728 | E58: =C58+D58 -> 4103
B59: 42614 | C59: 993 | D59: 820 | E59: =C59+D59 -> 1813
B60: 42644 | C60: 783 | D60: 848 | E60: =C60+D60 -> 1631
B61: 42675 | C61: 497 | D61: 326 | E61: =C61+D61 -> 823
B62: 42705 | C62: 1219 | D62: 923 | E62: =C62+D62 -> 2142
B63: 2016 | E63: =SUM(E51:E62) -> 29012
B64: 42736 | C64: 1817 | D64: 1272 | E64: =C64+D64 -> 3089
B65: 42767 | C65: 1645 | D65: 1289 | E65: =C65+D65 -> 2934
B66: 42795 | C66: 1362 | D66: 1006 | E66: =C66+D66 -> 2368
B67: 42826 | C67: 718 | D67: 604 | E67: =C67+D67 -> 1322
B68: 42856 | C68: 762 | D68: 531 | E68: =C68+D68 -> 1293
B69: 42887 | C69: 919 | D69: 611 | E69: =C69+D69 -> 1530
B70: 42917 | C70: 956 | D70: 639 | E70: =C70+D70 -> 1595
B71: 42948 | C71: 751 | D71: 503 | E71: =C71+D71 -> 1254
B72: 42979 | C72: 863 | D72: 564 | E72: =C72+D72 -> 1427
B73: 43009 | C73: 352 | D73: 264 | E73: =C73+D73 -> 616
B74: 43040 | C74: 561 | D74: 386 | E74: =C74+D74 -> 947
B75: 43070 | C75: 660 | D75: 615 | E75: =C75+D75 -> 1275
B76: 2017 | C76: =SUM(C64:C75) -> 11366 | D76: =SUM(D64:D75) -> 8284 | E76: =SUM(E64:E75) -> 19650
B77: 43101 | C77: 777 | D77: 678 | E77: =C77+D77 -> 1455
B78: 43132 | C78: 979 | D78: 837 | E78: =C78+D78 -> 1816
B79: 43160 | C79: 1375 | D79: 894 | E79: =C79+D79 -> 2269
B80: 43191 | C80: 1043 | D80: 596 | E80: =C80+D80 -> 1639
B81: 43221 | C81: 760 | D81: 451 | E81: =C81+D81 -> 1211
B82: 43252 | C82: 1059 | D82: 680 | E82: =C82+D82 -> 1739
B83: 43282 | C83: 968 | D83: 597 | E83: =C83+D83 -> 1565
B84: 43313 | C84: 1231 | D84: 879 | E84: =C84+D84 -> 2110
B85: 43344 | C85: 1614 | D85: 1116 | E85: =C85+D85 -> 2730
B86: 43374 | C86: 1026 | D86: 810 | E86: =C86+D86 -> 1836
B87: 43405 | C87: 655 | D87: 330 | E87: =C87+D87 -> 985
B88: 43435 | C88: 1554 | D88: 766 | E88: 2320
B89: 2018 | C89: =SUM(C77:C88) -> 13041 | D89: =SUM(D77:D88) -> 8634 | E89: =SUM(E77:E88) -> 21675
B90: 43466 | C90: 1711 | D90: 1024 | E90: 2735
B91: 43497 | C91: 1618 | D91: 809 | E91: 2427
B92: 43525 | C92: 467 | D92: 342 | E92: 809
B93: 43556 | C93: 1080 | D93: 564 | E93: 1644
B94: 43586 | C94: 1085 | D94: 663 | E94: 1748
B95: 43617 | C95: 2004 | D95: 1413 | E95: 3417
B96: 43647 | C96: 2427 | D96: 1403 | E96: 3830
B97: 43678 | C97: 2118 | D97: 1197 | E97: 3315
B98: 43709 | C98: 1382 | D98: 1016 | E98: 2398
B99: 43739 | C99: 948 | D99: 627 | E99: 1575
B100: 43770 | C100: 949 | D100: 527 | E100: 1476
B101: 43800 | C101: 506 | D101: 423 | E101: 929
B102: 2019 | C102: =SUM(C90:C101) -> 16295 | D102: =SUM(D90:D101) -> 10008 | E102: =SUM(E90:E101) -> 26303
B103: 43831 | C103: 1297 | D103: 758 | E103: =SUM(C103:D103) -> 2055
...

Sheet Cotización Trámite
A2: Subsecretaría de Previsión Social
A3: Dirección de Estudios Previsionales
B5: Número mensual de solicitudes del subsidio a la cotización, según estado de las solicitudes, sexo y mes | N5: Volver a Subsidio Previsional a los Trabajadores Jóvenes
B6: Julio 2011 a diciembre 2021
B8: PERIODO | C8: ESTADO DE LAS SOLICITUDES (Subsidio a la Cotización)
C9: CONCEDIDAS | F9: RECHAZADAS | I9: EN TRÁMITE | L9: TOTAL
C10: Mujeres | D10: Hombres | E10: Total | F10: Mujeres | G10: Hombres | H10: Total | I10: Mujeres | J10: Hombres | K10: Total
B11: Jul. a Dic. 2011 | E11: =104069+4050+2362+2539+4084+2107 -> 119211 | H11: =1303+54+38+22+19+21 -> 1457 | K11: =6+498+437+328+454+259 -> 1982 | L11: =E11+H11+K11 -> 122650
B12: 2012 | E12: 24495 | H12: 248 | K12: 7862 | L12: =E12+H12+K12 -> 32605
B13: 41275 | E13: 1593 | H13: 15 | K13: 924 | L13: =E13+H13+K13 -> 2532
B14: 41306 | E14: 1468 | H14: 22 | K14: 949 | L14: =E14+H14+K14 -> 2439
B15: 41334 | E15: 1784 | H15: 16 | K15: 631 | L15: =E15+H15+K15 -> 2431
B16: 41365 | E16: 1305 | H16: 44 | K16: 502 | L16: =E16+H16+K16 -> 1851
B17: 41395 | E17: 1777 | H17: 10 | K17: 582 | L17: =E17+H17+K17 -> 2369
B18: 41426 | E18: 1540 | H18: 16 | K18: 725 | L18: =E18+H18+K18 -> 2281
B19: 41456 | E19: 1026 | H19: 10 | K19: 1261 | L19: =E19+H19+K19 -> 2297
B20: 41487 | E20: 610 | H20: 14 | K20: 854 | L20: =E20+H20+K20 -> 1478
B21: 41518 | E21: 816 | H21: 1 | K21: 493 | L21: =E21+H21+K21 -> 1310
B22: 41548 | E22: 485 | H22: 2 | K22: 654 | L22: =E22+H22+K22 -> 1141
B23: 41579 | E23: 480 | H23: 2 | K23: 443 | L23: =E23+H23+K23 -> 925
B24: 41609 | E24: 1157 | H24: 6 | K24: 1108 | L24: =E24+H24+K24 -> 2271
B25: 2013 | E25: =SUM(E13:E24) -> 14041 | H25: =SUM(H13:H24) -> 158 | K25: =SUM(K13:K24) -> 9126 | L25: =SUM(L13:L24) -> 23325
B26: 41640 | E26: 1358 | H26: 5 | K26: 1261 | L26: =E26+H26+K26 -> 2624
B27: 41671 | E27: 746 | H27: 4 | K27: 848 | L27: =E27+H27+K27 -> 1598
B28: 41699 | E28: 1052 | H28: 10 | K28: 852 | L28: =E28+H28+K28 -> 1914
B29: 41730 | E29: 549 | H29: 4 | K29: 512 | L29: =E29+H29+K29 -> 1065
B30: 41760 | E30: 773 | H30: 9 | K30: 1137 | L30: =E30+H30+K30 -> 1919
B31: 41791 | E31: 660 | H31: 15 | K31: 905 | L31: =E31+H31+K31 -> 1580
B32: 41821 | E32: 881 | H32: 15 | K32: 646 | L32: =E32+H32+K32 -> 1542
B33: 41852 | E33: 825 | H33: 28 | K33: 753 | L33: =E33+H33+K33 -> 1606
B34: 41883 | E34: 1489 | H34: 41 | K34: 1146 | L34: =E34+H34+K34 -> 2676
B35: 41913 | E35: 1667 | H35: 132 | K35: 827 | L35: =E35+H35+K35 -> 2626
B36: 41944 | E36: 1332 | H36: 22 | K36: 1068 | L36: =E36+H36+K36 -> 2422
B37: 41974 | E37: 500 | H37: 14 | K37: 835 | L37: =E37+H37+K37 -> 1349
B38: 2014 | E38: =SUM(E26:E37) -> 11832 | H38: =SUM(H26:H37) -> 299 | K38: =SUM(K26:K37) -> 10790 | L38: =SUM(L26:L37) -> 22921
B39: 42005 | E39: 38 | H39: 896 | K39: 1448 | L39: =E39+H39+K39 -> 2382
B40: 42036 | E40: 1411 | H40: 90 | K40: 2461 | L40: =E40+H40+K40 -> 3962
B41: 42064 | E41: 1147 | H41: 78 | K41: 1427 | L41: =E41+H41+K41 -> 2652
B42: 42095 | E42: 1650 | H42: 172 | K42: 1480 | L42: =E42+H42+K42 -> 3302
B43: 42125 | E43: 1272 | H43: 123 | K43: 169 | L43: =E43+H43+K43 -> 1564
B44: 42156 | E44: 1877 | H44: 135 | K44: 447 | L44: =E44+H44+K44 -> 2459
B45: 42186 | E45: 1030 | H45: 110 | K45: 167 | L45: =E45+H45+K45 -> 1307
B46: 42217 | E46: 1674 | H46: 113 | K46: 218 | L46: =E46+H46+K46 -> 2005
B47: 42248 | E47: 1313 | H47: 136 | K47: 156 | L47: =E47+H47+K47 -> 1605
B48: 42278 | E48: 5045 | H48: 104 | K48: 21 | L48: =E48+H48+K48 -> 5170
B49: 42309 | E49: 1924 | H49: 764 | K49: 49 | L49: =E49+H49+K49 -> 2737
B50: 42339 | E50: 1346 | H50: 239 | K50: 217 | L50: =E50+H50+K50 -> 1802
B51: 2015 | E51: =SUM(E39:E50) -> 19727 | H51: =SUM(H39:H50) -> 2960 | K51: =SUM(K39:K50) -> 8260 | L51: =SUM(L39:L50) -> 30947
B52: 42370 | E52: 3773 | H52: 149 | K52: 57 | L52: =E52+H52+K52 -> 3979
B53: 42401 | E53: 4253 | H53: 113 | K53: 0 | L53: =E53+H53+K53 -> 4366
B54: 42430 | E54: 2016 | H54: 25 | K54: 15 | L54: =E54+H54+K54 -> 2056
B55: 42461 | E55: 2405 | H55: 33 | K55: 16 | L55: =E55+H55+K55 -> 2454
B56: 42491 | C56: 996 | D56: 817 | E56: =C56+D56 -> 1813 | F56: 17 | G56: 17 | H56: =F56+G56 -> 34 | I56: 8 | J56: 0 | K56: =I56+J56 -> 8 | L56: =E56+H56+K56 -> 1855
B57: 42522 | C57: 957 | D57: 898 | E57: =C57+D57 -> 1855 | F57: 15 | G57: 21 | H57: =F57+G57 -> 36 | I57: 11 | J57: 5 | K57: =I57+J57 -> 16 | L57: =E57+H57+K57 -> 1907
B58: 42552 | C58: 977 | D58: 835 | E58: =C58+D58 -> 1812 | F58: 24 | G58: 24 | H58: =F58+G58 -> 48 | I58: 10 | J58: 13 | K58: =I58+J58 -> 23 | L58: =E58+H58+K58 -> 1883
B59: 42583 | C59: 2266 | D59: 1640 | E59: =C59+D59 -> 3906 | F59: 90 | G59: 73 | H59: =F59+G59 -> 163 | I59: 19 | J59: 15 | K59: =I59+J59 -> 34 | L59: =E59+H59+K59 -> 4103
B60: 42614 | C60: 948 | D60: 779 | E60: =C60+D60 -> 1727 | F60: 42 | G60: 41 | H60: =F60+G60 -> 83 | I60: 3 | J60: 0 | K60: =I60+J60 -> 3 | L60: =E60+H60+K60 -> 1813
B61: 42644 | C61: 770 | D61: 832 | E61: =C61+D61 -> 1602 | F61: 13 | G61: 16 | H61: =F61+G61 -> 29 | I61: 0 | J61: 0 | K61: =I61+J61 -> 0 | L61: =E61+H61+K61 -> 1631
B62: 42675 | C62: 484 | D62: 317 | E62: =C62+D62 -> 801 | F62: 12 | G62: 9 | H62: =F62+G62 -> 21 | I62: 0 | J62: 0 | K62: =I62+J62 -> 0 | L62: =E62+H62+K62 -> 822
B63: 42705 | C63: 1057 | D63: 797 | E63: =C63+D63 -> 1854 | F63: 156 | G63: 126 | H63: =F63+G63 -> 282 | I63: 6 | J63: 0 | K63: =I63+J63 -> 6 | L63: =E63+H63+K63 -> 2142
B64: 2016 | E64: =SUM(E52:E63) -> 27817 | H64: =SUM(H52:H63) -> 1016 | K64: =SUM(K52:K63) -> 178 | L64: =SUM(L52:L63) -> 29011
B65: 42736 | C65: 1709 | D65: 1188 | E65: =C65+D65 -> 2897 | F65: 87 | G65: 62 | H65: =F65+G65 -> 149 | I65: 21 | J65: 22 | K65: =I65+J65 -> 43 | L65: =E65+H65+K65 -> 3089
B66: 42767 | C66: 1599 | D66: 1237 | E66: =C66+D66 -> 2836 | F66: 35 | G66: 42 | H66: =F66+G66 -> 77 | I66: 11 | J66: 10 | K66: =I66+J66 -> 21 | L66: =E66+H66+K66 -> 2934
B67: 42795 | C67: 1281 | D67: 949 | E67: =C67+D67 -> 2230 | F67: 63 | G67: 47 | H67: =F67+G67 -> 110 | I67: 18 | J67: 10 | K67: =I67+J67 -> 28 | L67: =E67+H67+K67 -> 2368
B68: 42826 | C68: 694 | D68: 578 | E68: =C68+D68 -> 1272 | F68: 16 | G68: 19 | H68: =F68+G68 -> 35 | I68: 8 | J68: 7 | K68: =I68+J68 -> 15 | L68: =E68+H68+K68 -> 1322
B69: 42856 | C69: 698 | D69: 493 | E69: =C69+D69 -> 1191 | F69: 13 | G69: 3 | H69: =F69+G69 -> 16 | I69: 45 | J69: 41 | K69: =I69+J69 -> 86 | L69: =E69+H69+K69 -> 1293
B70: 42887 | C70: 891 | D70: 581 | E70: =C70+D70 -> 1472 | F70: 18 | G70: 18 | H70: =F70+G70 -> 36 | I70: 10 | J70: 12 | K70: =I70+J70 -> 22 | L70: =E70+H70+K70 -> 1530
B71: 42917 | C71: 857 | D71: 571 | E71: =C71+D71 -> 1428 | F71: 15 | G71: 14 | H71: =F71+G71 -> 29 | I71: 84 | J71: 54 | K71: =I71+J71 -> 138 | L71: =E71+H71+K71 -> 1595
B72: 42948 | C72: 697 | D72: 460 | E72: =C72+D72 -> 1157 | F72: 11 | G72: 9 | H72: =F72+G72 -> 20 | I72: 43 | J72: 34 | K72: =I72+J72 -> 77 | L72: =E72+H72+K72 -> 1254
B73: 42979 | C73: 850 | D73: 547 | E73: =C73+D73 -> 1397 | F73: 1 | G73: 3 | H73: =F73+G73 -> 4 | I73: 12 | J73: 14 | K73: =I73+J73 -> 26 | L73: =E73+H73+K73 -> 1427
B74: 43009 | C74: 305 | D74: 234 | E74: =C74+D74 -> 539 | F74: 11 | G74: 11 | H74: =F74+G74 -> 22 | I74: 36 | J74: 19 | K74: =I74+J74 -> 55 | L74: =E74+H74+K74 -> 616
B75: 43040 | C75: 524 | D75: 369 | E75: =C75+D75 -> 893 | F75: 15 | G75: 6 | H75: =F75+G75 -> 21 | I75: 22 | J75: 11 | K75: =I75+J75 -> 33 | L75: =E75+H75+K75 -> 947
B76: 43070 | C76: 638 | D76: 595 | E76: =C76+D76 -> 1233 | F76: 17 | G76: 15 | H76: =F76+G76 -> 32 | I76: 5 | J76: 5 | K76: =I76+J76 -> 10 | L76: =E76+H76+K76 -> 1275
B77: 2017 | E77: =SUM(E65:E76) -> 18545 | H77: =SUM(H65:H76) -> 551 | K77: =SUM(K65:K76) -> 554 | L77: =SUM(L65:L76) -> 19650
B78: 43101 | C78: 755 | D78: 663 | E78: =C78+D78 -> 1418 | F78: 14 | G78: 12 | H78: =F78+G78 -> 26 | I78: 8 | J78: 3 | K78: =I78+J78 -> 11 | L78: =E78+H78+K78 -> 1455
B79: 43132 | C79: 908 | D79: 778 | E79: =C79+D79 -> 1686 | F79: 16 | G79: 9 | H79: =F79+G79 -> 25 | I79: 55 | J79: 50 | K79: =I79+J79 -> 105 | L79: =E79+H79+K79 -> 1816
B80: 43160 | C80: 1306 | D80: 853 | E80: =C80+D80 -> 2159 | F80: 34 | G80: 26 | H80: =F80+G80 -> 60 | I80: 35 | J80: 15 | K80: =I80+J80 -> 50 | L80: =E80+H80+K80 -> 2269
B81: 43191 | C81: 1004 | D81: 564 | E81: =C81+D81 -> 1568 | F81: 19 | G81: 14 | H81: =F81+G81 -> 33 | I81: 20 | J81: 18 | K81: =I81+J81 -> 38 | L81: =E81+H81+K81 -> 1639
B82: 43221 | C82: 717 | D82: 410 | E82: =C82+D82 -> 1127 | F82: 17 | G82: 15 | H82: =F82+G82 -> 32 | I82: 26 | J82: 26 | K82: =I82+J82 -> 52 | L82: =E82+H82+K82 -> 1211
B83: 43252 | C83: 1018 | D83: 658 | E83: =C83+D83 -> 1676 | F83: 18 | G83: 12 | H83: =F83+G83 -> 30 | I83: 23 | J83: 10 | K83: =I83+J83 -> 33 | L83: =E83+H83+K83 -> 1739
B84: 43282 | C84: 845 | D84: 604 | E84: =C84+D84 -> 1449 | F84: 17 | G84: 33 | H84: =F84+G84 -> 50 | I84: 35 | J84: 31 | K84: =I84+J84 -> 66 | L84: =E84+H84+K84 -> 1565
B85: 43313 | C85: 1178 | D85: 821 | E85: =C85+D85 -> 1999 | F85: 20 | G85: 30 | H85: =F85+G85 -> 50 | I85: 33 | J85: 28 | K85: =I85+J85 -> 61 | L85: =E85+H85+K85 -> 2110
B86: 43344 | C86: 1529 | D86: 1059 | E86: =C86+D86 -> 2588 | F86: 40 | G86: 42 | H86: =F86+G86 -> 82 | I86: 45 | J86: 15 | K86: =I86+J86 -> 60 | L86: =E86+H86+K86 -> 2730
B87: 43374 | C87: 978 | D87: 757 | E87: =C87+D87 -> 1735 | F87: 21 | G87: 40 | H87: =F87+G87 -> 61 | I87: 27 | J87: 13 | K87: =I87+J87 -> 40 | L87: =E87+H87+K87 -> 1836
B88: 43405 | C88: 583 | D88: 278 | E88: =C88+D88 -> 861 | F88: 9 | G88: 8 | H88: =F88+G88 -> 17 | I88: 63 | J88: 44 | K88: =I88+J88 -> 107 | L88: =E88+H88+K88 -> 985
B89: 43435 | C89: 1471 | D89: 707 | E89: 2178 | F89: 34 | G89: 21 | H89: 55 | I89: 49 | J89: 38 | K89: 87 | L89: =E89+H89+K89 -> 2320
B90: 2018 | E90: =SUM(E78:E89) -> 20444 | H90: =SUM(H78:H89) -> 521 | K90: =SUM(K78:K89) -> 710 | L90: =SUM(L78:L89) -> 21675
B91: 43466 | C91: 1585 | D91: 954 | E91: 2539 | F91: 44 | G91: 43 | H91: 87 | I91: 82 | J91: 27 | K91: 109 | L91: =E91+H91+K91 -> 2735
B92: 43497 | C92: 1537 | D92: 762 | E92: 2299 | F92: 27 | G92: 19 | H92: 46 | I92: 54 | J92: 28 | K92: 82 | L92: =E92+H92+K92 -> 2427
B93: 43525 | C93: 454 | D93: 329 | E93: 783 | F93: 8 | G93: 7 | H93: 15 | I93: 5 | J93: 6 | K93: 11 | L93: =E93+H93+K93 -> 809
B94: 43556 | C94: 988 | D94: 507 | E94: 1495 | F94: 20 | G94: 11 | H94: 31 | I94: 72 | J94: 46 | K94: 118 | L94: =E94+H94+K94 -> 1644
B95: 43586 | C95: 995 | D95: 602 | E95: 1597 | F95: 30 | G95: 28 | H95: 58 | I95: 60 | J95: 33 | K95: 93 | L95: =E95+H95+K95 -> 1748
B96: 43617 | C96: 1868 | D96: 1297 | E96: 3165 | F96: 86 | G96: 86 | H96: 172 | I96: 50 | J96: 30 | K96: 80 | L96: =E96+H96+K96 -> 3417
B97: 43647 | C97: 2276 | D97: 1274 | E97: 3550 | F97: 43 | G97: 59 | H97: 102 | I97: 108 | J97: 70 | K97: 178 | L97: =E97+H97+K97 -> 3830
B98: 43678 | C98: 1983 | D98: 1098 | E98: 3081 | F98: 57 | G98: 62 | H98: 119 | I98: 78 | J98: 37 | K98: 115 | L98: =E98+H98+K98 -> 3315
B99: 43709 | C99: 1341 | D99: 990 | E99: 2331 | F99: 18 | G99: 11 | H99: 29 | I99: 23 | J99: 15 | K99: 38 | L99: =E99+H99+K99 -> 2398
B100: 43739 | C100: 866 | D100: 575 | E100: 1441 | F100: 51 | G100: 40 | H100: 91 | I100: 31 | J100: 12 | K100: 43 | L100: =E100+H100+K100 -> 1575
B101: 43770 | C101: 902 | D101: 489 | E101: 1391 | F101: 23 | G101: 20 | H101: 43 | I101: 24 | J101: 18 | K101: 42 | L101: =E101+H101+K101 -> 1476
B102: 43800 | C102: 491 | D102: 410 | E102: 901 | F102: 12 | G102: 12 | H102: 24 | I102: 3 | J102: 1 | K102: 4 | L102: =E102+H102+K102 -> 929
B103: 2019 | E103: =SUM(E91:E102) -> 24573 | H103: =SUM(H91:H102) -> 817 | K103: =SUM(K91:K102) -> 913 | L103: =SUM(L91:L102) -> 26303
...

Sheet Subsidios Pagados
A2: Subsecretaría de Previsión Social
A3: Dirección de Estudios Previsionales
B5: Número de subsidios pagados según tipo de subsidio | J5: Volver a Subsidio Previsional a los Trabajadores Jóvenes
B6: Marzo 2009 a diciembre 2021
B8: Mes | C8: Subsidio a la Contratación | E8: Subsidio a la Cotización
C9: Número de subsidios pagados | D9: Número de empleadores que recibieron pago en el mes | E9: Número de subsidios pagados | F9: Número de trabajadores que recibieron pago en el mes
F10: Hombre | G10: Mujer | H10: Total Trabajadores
B11: 39873 | C11: 10625 | D11: 174 | E11: -
B12: 39904 | C12: 6095 | D12: 194 | E12: -
B13: 39934 | C13: 7497 | D13: 290 | E13: -
B14: 39965 | C14: 8878 | D14: 241 | E14: -
B15: 39995 | C15: 13580 | D15: 349 | E15: -
B16: 40026 | C16: 9451 | D16: 290 | E16: -
B17: 40057 | C17: 16175 | D17: 423 | E17: -
B18: 40087 | C18: 21738 | D18: 442 | E18: -
B19: 40118 | C19: 20687 | D19: 464 | E19: -
B20: 40148 | C20: 19925 | D20: 464 | E20: -
B21: 40179 | C21: 14517 | D21: 460 | E21: -
B22: 40210 | C22: 21073 | D22: 461 | E22: -
... B40: 40756 | C40: 810 | D40: 59 | E40: -
B41: 40787 | C41: 476 | D41: 65 | E41: 1634 | H41: 1620
B42: 40817 | C42: 1568 | D42: 75 | E42: 5036 | H42: 4518
B43: 40848 | C43: 906 | D43: 39 | E43: 12015 | H43: 10939
B44: 40878 | C44: 1270 | D44: 71 | E44: 22261 | H44: 21512
B45: 40909 | C45: 1221 | D45: 65 | E45: 24129 | H45: 20099
B46: 40940 | C46: 902 | D46: 58 | E46: 22063 | H46: 19781
B47: 40969 | C47: 2605 | D47: 58 | E47: 36966 | H47: 28773
B48: 41000 | C48: 982 | D48: 44 | E48: 16479 | H48: 16232
B49: 41030 | C49: 3220 | D49: 72 | E49: 28814 | H49: 23849
B50: 41061 | C50: 1267 | D50: 49 | E50: 25375 | H50: 22057
B51: 41091 | C51: 1000 | D51: 53 | E51: 23209 | H51: 21672
B52: 41122 | C52: 1130 | D52: 58 | E52: 21429 | H52: 20285
... B96: 42461 | C96: 285 | D96: 18 | E96: 5659 | H96: 5480
B97: 42491 | C97: 288 | D97: 16 | E97: 6651 | F97: 3426 | G97: 2372 | H97: =F97+G97 -> 5798
B98: jun-16* | C98: 21 | D98: 15 | E98: 5426 | F98: 2014 | G98: 2742 | H98: =F98+G98 -> 4756
B99: 42552 | C99: 9 | D99: 9 | E99: 3253 | F99: 1416 | G99: 1620 | H99: =F99+G99 -> 3036
B100: 42583 | C100: 13 | D100: 10 | E100: 3343 | F100: 1336 | G100: 1688 | H100: =F100+G100 -> 3024
B101: 42614 | C101: 16 | D101: 11 | E101: 3298 | F101: 1358 | G101: 1715 | H101: =F101+G101 -> 3073
B102: 42644 | C102: 28 | D102: 12 | E102: 3465 | F102: 1455 | G102: 1819 | H102: =F102+G102 -> 3274
B103: 42675 | C103: 38 | D103: 13 | E103: 3225 | F103: 1369 | G103: 1699 | H103: =F103+G103 -> 3068
B104: 42705 | C104: 48 | D104: 20 | E104: 2951 | F104: 1273 | G104: 1530 | H104: =F104+G104 -> 2803
B105: 42736 | C105: 28 | D105: 16 | E105: 4231 | F105: 1377 | G105: 2288 | H105: =F105+G105 -> 3665
B106: 42767 | C106: 40 | D106: 21 | E106: 2725 | F106: 1152 | G106: 1411 | H106: =F106+G106 -> 2563
B107: 42795 | C107: 51 | D107: 19 | E107: 2482 | F107: 1042 | G107: 1321 | H107: =F107+G107 -> 2363
B108: 42826 | C108: 52 | D108: 16 | E108: 2908 | F108: 1301 | G108: 1304 | H108: =F108+G108 -> 2605
B109: 42856 | C109: 33 | D109: 11 | E109: 2762 | F109: 1203 | G109: 1396 | H109: =F109+G109 -> 2599
B110: jun-17** | C110: 4096 | D110: 40 | E110: 176735 | F110: 21206 | G110: 29918 | H110: =F110+G110 -> 51124
B111: 42917 | C111: 6517 | D111: 46 | E111: 93102 | F111: 16060 | G111: 22383 | H111: =F111+G111 -> 38443
B112: 42948 | C112: 7909 | D112: 49 | E112: 2314 | F112: 1181 | G112: 999 | H112: =F112+G112 -> 2180
B113: 42979 | C113: 2045 | D113: 33 | E113: 37486 | F113: 9638 | G113: 14569 | H113: =F113+G113 -> 24207
B114: 43009 | C114: 1138 | D114: 31 | E114: 33256 | F114: 9130 | G114: 15883 | H114: =F114+G114 -> 25013
B115: 43040 | C115: 989 | D115: 32 | E115: 26590 | F115: 8080 | G115: 12842 | H115: =F115+G115 -> 20922
B116: 43070 | C116: 1027 | D116: 26 | E116: 18586 | F116: 7147 | G116: 10315 | H116: =F116+G116 -> 17462
B117: 43101 | C117: 1354 | D117: 30 | E117: 18570 | F117: 7039 | G117: 10476 | H117: =F117+G117 -> 17515
B118: 43132 | C118: 1044 | D118: 26 | E118: 12624 | F118: 7245 | G118: 4546 | H118: =F118+G118 -> 11791
B119: 43160 | C119: 923 | D119: 42 | E119: 19233 | F119: 7306 | G119: 10727 | H119: =F119+G119 -> 18033
B120: 43191 | C120: 1496 | D120: 53 | E120: 27469 | F120: 12706 | G120: 9262 | H120: =F120+G120 -> 21968
B121: 43221 | C121: 1099 | D121: 44 | E121: 19923 | F121: 7814 | G121: 11003 | H121: =F121+G121 -> 18817
B122: 43252 | C122: 2919 | D122: 53 | E122: 33135 | F122: 8927 | G122: 12977 | H122: =F122+G122 -> 21904
... B127: 43405 | C127: 684 | D127: 59 | E127: 22023 | F127: 10985 | G127: 7542 | H127: =F127+G127 -> 18527
B128: 43435 | C128: 1306 | D128: 51 | E128: 25922 | F128: 12754 | G128: 8814 | H128: 21568
B129: 43466 | C129: 800 | D129: 51 | E129: 28255 | F129: 13972 | G129: 9596 | H129: 23568
