Workbook

Sheet datos
A2: Mes | B2: Diciembre de 2018

Sheet Índice
B1: Subsecretaría de Previsión Social Dirección de Estudios Previsionales
B5: Informe Estadístico Mensual de Pensión Garantizada Universal y Pilar Solidario
B7: Introducción
B8: El presente archivo contiene los principales cuadros del Informe Estadístico Mensual de Pensión Garatizada Universal y Pilar Solidario del mes de Junio de 2022. Correspondiente a:
B10: Estadísticas de Pensión Garantizada Universal (PGU) y Sistema de Pensiones Solidarias (SPS)
B11: Estadísticas del Bono por Hijo (BxH)
B12: Estadísticas del Subsidio Previsional a los Trabajadores Jóvenes (STJ)

Sheet Índice PGU y SPS
A2: Subsecretaría de Previsión Social
A3: Dirección de Estudios Previsionales
B5: Pensión Garantizada Universal (PGU) y Sistema de Pensiones Solidarias (SPS) | N5: Volver a Índice
B7: Introducción
B8: El presente archivo contiene los principales cuadros sobre la Pensión Garantizada Universal y el Sistema de Pensiones Solidarias del Informe Estadístico Mensual de PGU y Pilar Solidario del mes junio de 2022. Los cuadros entregan información de los beneficios solicitados y concedidos mensualmente a nivel nacional, desde julio de 2008 a junio de 2022, asi como también la información de las solicitudes y concesiones a nivel regional y comunal acumulado a junio de 2022.
B12: Nacional
B13: Solicitudes recibidas en PGU y SPS, según mes, desde julio 2008 a junio 2022
B14: Concesiones en PGU y SPS, por mes, desde julio 2008 a junio 2022
B16: Regional
B17: Solicitudes recibidas en PGU y SPS acumuladas desde julio 2008 a junio 2022, según región
B18: Concesiones en PGU y SPS acumuladas desde julio 2008 a junio 2022, según región
B20: Solicitudes y Concesiones en PGU y SPS acumulado a junio 2022 por región y comuna:
B21: XV Arica y Parinacota
B22: I Tarapaca
B23: II Antofagasta
... B36: XIII Metropolitana

Sheet Solicitudes Nacional
A2: Subsecretaría de Previsión Social
A3: Dirección de Estudios Previsionales
B5: Número de solicitudes mensuales recibidas en PGU y SPS, según tipo de beneficio, sexo y origen de tramitación del beneficio | S5: Volver Sistema de Pensiones Solidarias
B6: Julio de 2008 a junio de 2022
B8: TOTAL SOLICITUDES (no incluye ex Pasis)
B9: PERIODO | C9: TIPO BENEFICIO | L9: SEXO | N9: ORIGEN DE TRAMITACIÓN DEL BENEFICIO
C10: PBSV/PGU No Contributivo | D10: PBSI | E10: TOTAL PGU No Contributiva / PBS | F10: PGU Contributivo* | G10: APSV | H10: APSI | I10: TOTAL PGU Contributiva / APS | J10: Nbis | K10: Total PGU+PBS+APS | L10: Femenino | M10: Masculino | N10: En IPS | O10: En AFP | P10: En Cías. de Seguro | Q10: En Municipio | R10: C. Web
B11: Jul a Dic 2008 | C11: 83903 | D11: 36885 | E11: 120788 | F11: 11268 | G11: 1362 | H11: 5944 | I11: 18574 | J11: 0 | K11: 139362 | L11: 107640 | M11: 31722 | N11: 95475 | O11: 1029 | P11: 0 | Q11: 42858 | R11: 0
B12: Total 2009 | C12: 59154 | D12: 35458 | E12: 94612 | F12: 279540 | G12: 18581 | H12: 11707 | I12: 309828 | J12: 0 | K12: 404440 | L12: 256079 | M12: 148361 | N12: 299851 | O12: 30362 | P12: 0 | Q12: 74227 | R12: 0
B13: Total 2010 | C13: 40733 | D13: 24967 | E13: 65700 | F13: 133261 | G13: 34785 | H13: 11929 | I13: 179975 | J13: 0 | K13: 245675 | L13: 152798 | M13: 92877 | N13: 148063 | O13: 32918 | P13: 5301 | Q13: 59393 | R13: 0
B14: Total 2011 | C14: 37414 | D14: 20938 | E14: 58352 | F14: 89501 | G14: 36570 | H14: 10368 | I14: 136439 | J14: 0 | K14: 194791 | L14: 123376 | M14: 71415 | N14: 114399 | O14: 25990 | P14: 11377 | Q14: 43025 | R14: 0
B15: Total 2012 | C15: 34111 | D15: 19594 | E15: 53705 | F15: 111445 | G15: 18894 | H15: 8226 | I15: 138565 | J15: 0 | K15: 192270 | L15: 118771 | M15: 73499 | N15: 126850 | O15: 24058 | P15: 9223 | Q15: 32139 | R15: 0
B16: Total 2013 | C16: 32718 | D16: 17032 | E16: 49750 | F16: 65156 | G16: 11833 | H16: 7295 | I16: 84284 | J16: 0 | K16: 134034 | L16: 82046 | M16: 51988 | N16: 83745 | O16: 22686 | P16: 6357 | Q16: 21246 | R16: 0
B17: Total 2014 | C17: 39392 | D17: 17573 | E17: 56965 | F17: 70471 | G17: 18074 | H17: 6054 | I17: 94599 | J17: 0 | K17: 151564 | L17: 92858 | M17: 58706 | N17: 94143 | O17: 27044 | P17: 6542 | Q17: 23835 | R17: 0
B18: Total 2015 | C18: 31042 | D18: 18557 | E18: 49599 | F18: 71608 | G18: 17270 | H18: 2501 | I18: 91379 | J18: 0 | K18: 140978 | L18: 86238 | M18: 54740 | N18: 84139 | O18: 29604 | P18: 5381 | Q18: 21854 | R18: 0
B19: Total 2016 | C19: 30685 | D19: 18094 | E19: 48779 | F19: 81220 | G19: 6212 | H19: 2577 | I19: 90009 | J19: 0 | K19: 138788 | L19: 86383 | M19: 52405 | N19: 84299 | O19: 29016 | P19: 4531 | Q19: 20904 | R19: 38
B20: Total 2017 | C20: 32028 | D20: 18335 | E20: 50363 | F20: 101491 | G20: 2045 | H20: 3167 | I20: 106703 | J20: 0 | K20: 157066 | L20: 95362 | M20: 61704 | N20: 94990 | O20: 34397 | P20: 4540 | Q20: 22824 | R20: 315
B21: Total 2018 | C21: 31567 | D21: 16995 | E21: 48562 | F21: 121449 | G21: 2118 | H21: 6272 | I21: 129839 | J21: 0 | K21: 178401 | L21: 107375 | M21: 71026 | N21: 106236 | O21: 43517 | P21: 4894 | Q21: 22939 | R21: 815
B22: Enero'19 | C22: 2750 | D22: 1462 | E22: 4212 | F22: 10056 | G22: 144 | H22: 565 | I22: 10765 | J22: 0 | K22: 14977 | L22: 9003 | M22: 5974 | N22: 8617 | O22: 4044 | P22: 339 | Q22: 1910 | R22: 67
... B68: TOTAL | C68: 581880 | D68: 321711 | E68: 903591 | F68: 1770337 | G68: 318943 | H68: 121128 | I68: 2210408 | J68: 0 | K68: 3113999 | L68: 1886947 | M68: 1227052 | N68: 1782192 | O68: 528868 | P68: 83360 | Q68: 465944 | R68: 253635
B69: Fuente: Elaboración propia sobre la base de información del IPS.
B70: A contar de la información de Junio-22, el IPS reporta la información en función del tipo de beneficio pagado, por lo tanto, ya no se informa el número de beneficios Nbis y, en el caso del número de beneficios PGU Contributiva, se incluyen los beneficios que fueron concedidos como APSV.
B71: El periodo está determinado por la fecha de solicitud del beneficio.
B72: Las cifras de solicitudes y concesiones anuales varían respecto de informes anteriores, debido al cambio en la fuente de información, el cual incorpora los beneficios de vejez concedidos de oficio a los beneficiarios de PBSI o APSI al momento de cumplir 65 años.

Sheet Concesiones Nacional
A2: Subsecretaría de Previsión Social
A3: Dirección de Estudios Previsionales
B5: Número de beneficios concedidos mensuales en PGU y SPS, según tipo de beneficio, sexo y origen de tramitación del beneficio | S5: Volver Sistema de Pensiones Solidarias
B6: ='Solicitudes Nacional'!B6:Q6 -> Julio de 2008 a junio de 2022
B8: TOTAL CONCEDIDAS (no incluye ex Pasis)
B9: MES | C9: TIPO BENEFICIO | L9: SEXO | N9: ORIGEN DE TRAMITACIÓN DEL BENEFICIO
C10: PBSV/PGU No Contributivo | D10: PBSI | E10: TOTAL PGU No Contributiva / PBS | F10: PGU Contributivo* | G10: APSV | H10: APSI | I10: TOTAL PGU Contributiva / APS | J10: Nbis | K10: Total PGU+PBS+APS | L10: Femenino | M10: Masculino | N10: En IPS | O10: En AFP | P10: En Cías. de Seguro | Q10: En Municipio | R10: C. Web
B11: Jul a Dic 2008 | C11: 83064 | D11: 21142 | E11: 104206 | F11: 9153 | G11: 193 | H11: 1529 | I11: 10875 | J11: 0 | K11: 115081 | L11: 88629 | M11: 26452 | N11: 77649 | O11: 988 | P11: 0 | Q11: 36444 | R11: 0
B12: Total 2009 | C12: 57810 | D12: 21206 | E12: 79016 | F12: 264252 | G12: 12834 | H12: 9856 | I12: 286942 | J12: 0 | K12: 365958 | L12: 225147 | M12: 140811 | N12: 273101 | O12: 26670 | P12: 0 | Q12: 66187 | R12: 0
B13: Total 2010 | C13: 36125 | D13: 13245 | E13: 49370 | F13: 129479 | G13: 8407 | H13: 9914 | I13: 147800 | J13: 0 | K13: 197170 | L13: 119671 | M13: 77499 | N13: 120976 | O13: 25694 | P13: 3818 | Q13: 46682 | R13: 0
B14: Total 2011 | C14: 29976 | D14: 10364 | E14: 40340 | F14: 86298 | G14: 3969 | H14: 8697 | I14: 98964 | J14: 0 | K14: 139304 | L14: 84838 | M14: 54466 | N14: 81473 | O14: 19161 | P14: 8010 | Q14: 30660 | R14: 0
B15: Total 2012 | C15: 29369 | D15: 10380 | E15: 39749 | F15: 109712 | G15: 3652 | H15: 7014 | I15: 120378 | J15: 0 | K15: 160127 | L15: 95751 | M15: 64376 | N15: 106541 | O15: 20848 | P15: 7845 | Q15: 24893 | R15: 0
B16: Total 2013 | C16: 29479 | D16: 9014 | E16: 38493 | F16: 63674 | G16: 1893 | H16: 6048 | I16: 71615 | J16: 0 | K16: 110108 | L16: 65748 | M16: 44360 | N16: 68722 | O16: 19387 | P16: 5326 | Q16: 16673 | R16: 0
B17: Total 2014 | C17: 32567 | D17: 9988 | E17: 42555 | F17: 68708 | G17: 1352 | H17: 5270 | I17: 75330 | J17: 0 | K17: 117885 | L17: 70004 | M17: 47881 | N17: 72035 | O17: 22552 | P17: 5134 | Q17: 18164 | R17: 0
B18: Total 2015 | C18: 26363 | D18: 11711 | E18: 38074 | F18: 70084 | G18: 1106 | H18: 2081 | I18: 73271 | J18: 0 | K18: 111345 | L18: 65990 | M18: 45355 | N18: 65223 | O18: 24957 | P18: 4304 | Q18: 16861 | R18: 0
B19: Total 2016 | C19: 24913 | D19: 11810 | E19: 36723 | F19: 66862 | G19: 896 | H19: 2218 | I19: 69976 | J19: 0 | K19: 106699 | L19: 64506 | M19: 42193 | N19: 64019 | O19: 23640 | P19: 3451 | Q19: 15560 | R19: 29
B20: Total 2017 | C20: 26161 | D20: 11910 | E20: 38071 | F20: 81213 | G20: 1024 | H20: 2802 | I20: 85039 | J20: 0 | K20: 123110 | L20: 72374 | M20: 50736 | N20: 73317 | O20: 28517 | P20: 3602 | Q20: 17423 | R20: 251
B21: Total 2018 | C21: 28351 | D21: 10990 | E21: 39341 | F21: 110834 | G21: 1110 | H21: 5864 | I21: 117808 | J21: 0 | K21: 157149 | L21: 91770 | M21: 65379 | N21: 92287 | O21: 40174 | P21: 4487 | Q21: 19524 | R21: 677
B22: Enero' 19 | C22: 2487 | D22: 954 | E22: 3441 | F22: 9191 | G22: 74 | H22: 518 | I22: 9783 | J22: 0 | K22: 13224 | L22: 7679 | M22: 5545 | N22: 7480 | O22: 3744 | P22: 306 | Q22: 1640 | R22: 54
... B68: TOTAL | C68: 507939 | D68: 179610 | E68: 687549 | F68: 1505208 | G68: 167817 | H68: 100834 | I68: 1773859 | J68: 0 | K68: 2461408 | L68: 1458766 | M68: 1002642 | N68: 1436270 | O68: 446232 | P68: 66536 | Q68: 370356 | R68: 142014
B69: Fuente: Elaboración propia sobre la base de información del IPS.
B70: Notas: La información estadística reportada del número de solicitudes concesionadas, en trámite, rechazadas y anuladas varía mes a mes por actualización de cifras.
B71: El número de beneficios concesionados no coincide con el número de beneficios pagados por las siguientes razones: •El total acumulado de concesiones de la Reforma Previsional incluye personas fallecidas: El número de personas fallecidas que recibían PBS y APS durante el año 2021 correspondió a: 73.607 El número de personas fallecidas desde julio de 2008 a diciembre 2020 correspondió a: 574.175 •Existen personas a quienes se les ha extinguido o suspendido el beneficio. •El mes de concedida la pensión no necesariamente coincide con el primer mes de pago. El periodo está determinado por la fecha de solicitud del beneficio. A contar de la información de Junio-22, el IPS reporta la información en función del tipo de beneficio pagado, por lo tanto, ya no se informa el número de beneficios Nbis y, en el caso del número de beneficios PGU Contributiva, se incluyen los beneficios que fueron concedidos como APSV.

Sheet Solicitudes Regiones
A2: Subsecretaría de Previsión Social
A3: Dirección de Estudios Previsionales
B5: Número de solicitudes de PGU y SPS según región, tipo de beneficio, sexo y origen de tramitación del beneficio | T5: Volver Sistema de Pensiones Solidarias
B6: Julio de 2008 a junio de 2022
B8: TOTAL SOLICITUDES (no incluye ex Pasis)
B9: REGIÓN | C9: TIPO BENEFICIO | M9: SEXO | O9: ORIGEN DE TRAMITACIÓN DEL BENEFICIO
C10: PBSV/PGU No Contributiva | D10: PBSI | E10: TOTAL PGU No Contributiva / PBS | F10: PGU Contributiva | G10: APSV | H10: APSI | I10: TOTAL PGU Contributiva / APS | J10: Nbis | K10: Total PGU+PBS+APS | L10: % de Concesiones | M10: Femenino | N10: Masculino | O10: En IPS | P10: En AFP | Q10: En Cías. de Seguro | R10: En Municipio | S10: C. Web
B11: ARICA Y PARINACOTA | C11: 6795 | D11: 3164 | E11: 9959 | F11: 22468 | G11: 4273 | H11: 1377 | I11: 28118 | J11: 0 | K11: 38077 | L11: 0.012227685 | M11: 22083 | N11: 15994 | O11: 21026 | P11: 7751 | Q11: 1237 | R11: 5324 | S11: 2739
B12: TARAPACA | C12: 7145 | D12: 5282 | E12: 12427 | F12: 24708 | G12: 5520 | H12: 2266 | I12: 32494 | J12: 0 | K12: 44921 | L12: 0.014425502 | M12: 26591 | N12: 18330 | O12: 24744 | P12: 7213 | Q12: 1569 | R12: 7671 | S12: 3724
B13: ANTOFAGASTA | C13: 13907 | D13: 6748 | E13: 20655 | F13: 44036 | G13: 8867 | H13: 2556 | I13: 55459 | J13: 0 | K13: 76114 | L13: 0.024442526 | M13: 47780 | N13: 28334 | O13: 49012 | P13: 11359 | Q13: 1155 | R13: 7273 | S13: 7315
B14: ATACAMA | C14: 8389 | D14: 4293 | E14: 12682 | F14: 27794 | G14: 4548 | H14: 1642 | I14: 33984 | J14: 0 | K14: 46666 | L14: 0.014985875 | M14: 27517 | N14: 19149 | O14: 26397 | P14: 8823 | Q14: 1268 | R14: 7079 | S14: 3099
B15: COQUIMBO | C15: 25719 | D15: 12492 | E15: 38211 | F15: 81896 | G15: 13873 | H15: 4935 | I15: 100704 | J15: 0 | K15: 138915 | L15: 0.044609841 | M15: 83014 | N15: 55901 | O15: 94896 | P15: 20506 | Q15: 2304 | R15: 11638 | S15: 9571
B16: VALPARAISO | C16: 62811 | D16: 31560 | E16: 94371 | F16: 217788 | G16: 42685 | H16: 14639 | I16: 275112 | J16: 0 | K16: 369483 | L16: 0.11865225 | M16: 226234 | N16: 143249 | O16: 215699 | P16: 70231 | Q16: 8370 | R16: 44139 | S16: 31044
B17: L. G. B. OHIGGINS | C17: 29885 | D17: 18476 | E17: 48361 | F17: 103946 | G17: 16973 | H17: 8441 | I17: 129360 | J17: 0 | K17: 177721 | L17: 0.05707163 | M17: 104034 | N17: 73687 | O17: 97520 | P17: 28970 | Q17: 4354 | R17: 35160 | S17: 11717
B18: MAULE | C18: 40610 | D18: 23840 | E18: 64450 | F18: 120432 | G18: 17754 | H18: 9086 | I18: 147272 | J18: 0 | K18: 211722 | L18: 0.067990388 | M18: 121435 | N18: 90287 | O18: 120100 | P18: 40637 | Q18: 5600 | R18: 34546 | S18: 10839
B19: ÑUBLE | C19: 21764 | D19: 25044 | E19: 46808 | F19: 55151 | G19: 8479 | H19: 6744 | I19: 70374 | J19: 0 | K19: 117182 | L19: 0.037630712 | M19: 70639 | N19: 46543 | O19: 65662 | P19: 19111 | Q19: 2196 | R19: 25571 | S19: 4642
B20: BIO-BIO | C20: 55772 | D20: 40832 | E20: 96604 | F20: 164900 | G20: 29874 | H20: 12194 | I20: 206968 | J20: 0 | K20: 303572 | L20: 0.097486223 | M20: 185858 | N20: 117714 | O20: 167161 | P20: 48276 | Q20: 9151 | R20: 59058 | S20: 19926
B21: LA ARAUCANIA | C21: 44317 | D21: 28232 | E21: 72549 | F21: 93751 | G21: 14675 | H21: 7397 | I21: 115823 | J21: 0 | K21: 188372 | L21: 0.060491991 | M21: 111747 | N21: 76625 | O21: 117861 | P21: 31693 | Q21: 4783 | R21: 24371 | S21: 9664
B22: LOS RIOS | C22: 15848 | D22: 10642 | E22: 26490 | F22: 42041 | G22: 7113 | H22: 4526 | I22: 53680 | J22: 0 | K22: 80170 | L22: 0.025745031 | M22: 47573 | N22: 32597 | O22: 53897 | P22: 15209 | Q22: 2271 | R22: 4791 | S22: 4002
... B26: METROPOLITANA | C26: 209608 | D26: 87393 | E26: 297001 | F26: 670086 | G26: 127416 | H26: 36016 | I26: 833518 | J26: 0 | K26: 1130519 | L26: 0.36304411 | M26: 701879 | N26: 428640 | O26: 605749 | P26: 180453 | Q26: 33347 | R26: 186046 | S26: 124924
B27: Totales | C27: 581880 | D27: 321711 | E27: 903591 | F27: 1770337 | G27: 318943 | H27: 121128 | I27: 2210408 | J27: 0 | K27: 3113999 | L27: 1 | M27: 1886947 | N27: 1227052 | O27: 1782192 | P27: 528868 | Q27: 83360 | R27: 465944 | S27: =SUM(S11:S26) -> 253635
B28: Participación sobre el total | C28: =+C27/$K$27 -> 0.1868594 | D28: =+D27/$K$27 -> 0.10331121 | F28: =+F27/$K$27 -> 0.56850917 | G28: =+G27/$K$27 -> 0.10242232 | H28: =+H27/$K$27 -> 0.038897893 | J28: =+J27/$K$27 -> 0 | K28: =C28+D28+F28+G28+H28 -> 1 | M28: =+M27/$K$27 -> 0.6059562 | N28: =+N27/$K$27 -> 0.3940438 | O28: =+O27/$K$27 -> 0.57231618 | P28: =+P27/$K$27 -> 0.16983564 | Q28: =+Q27/$K$27 -> 0.026769437 | R28: =+R27/$K$27 -> 0.14962882 | S28: =+S27/$K$27 -> 0.08144993
B29: Fuente: Elaboración propia sobre la base de información del IPS.
B30: Nota: La información estadística reportada del número de solicitudes concesionadas, en trámite, rechazadas y anuladas varía mes a mes por actualización de cifras.
B31: La información corresponde a la región en que vive el beneficiario.
B32: A contar de la información de Junio-22, el IPS reporta la información en función del tipo de beneficio pagado, por lo tanto, ya no se informa el número de beneficios Nbis y, en el caso del número de beneficios PGU Contributiva, se incluyen los beneficios que fueron concedidos como APSV.

Sheet Concesiones Regiones
A2: Subsecretaría de Previsión Social
A3: Dirección de Estudios Previsionales
B5: Número de concesiones de PGU y SPS según región, tipo de beneficio, sexo y origen de tramitación del beneficio | T5: Volver Sistema de Pensiones Solidarias
B6: ='Solicitudes Regiones'!B6 -> Julio de 2008 a junio de 2022
B8: TOTAL CONCEDIDAS (no incluye ex Pasis)
B9: REGIÓN | C9: TIPO BENEFICIO | M9: SEXO | O9: ORIGEN DE TRAMITACIÓN DEL BENEFICIO
C10: PBSV/PGU No Contributiva | D10: PBSI | E10: TOTAL PGU No Contributiva / PBS | F10: PGU Contributiva | G10: APSV | H10: APSI | I10: TOTAL PGU Contributiva / APS | J10: Nbis | K10: Total PGU+PBS+APS | L10: % de Concesiones | M10: Femenino | N10: Masculino | O10: En IPS | P10: En AFP | Q10: En Cías. de Seguro | R10: En Municipio | S10: C. Web
B11: ARICA Y PARINACOTA | C11: 5945 | D11: 2163 | E11: 8108 | F11: 19200 | G11: 2430 | H11: 1156 | I11: 22786 | J11: 30894 | K11: 30894 | L11: 0.012551353 | M11: 17813 | N11: 13081 | O11: 17336 | P11: 6521 | Q11: 1011 | R11: 4541 | S11: 1485
B12: TARAPACA | C12: 5906 | D12: 3065 | E12: 8971 | F12: 20462 | G12: 2629 | H12: 1798 | I12: 24889 | J12: 33860 | K12: 33860 | L12: 0.013756354 | M12: 19632 | N12: 14228 | O12: 19065 | P12: 5826 | Q12: 1240 | R12: 5705 | S12: 2024
B13: ANTOFAGASTA | C13: 10882 | D13: 3908 | E13: 14790 | F13: 34856 | G13: 4127 | H13: 2043 | I13: 41026 | J13: 55816 | K13: 55816 | L13: 0.022676452 | M13: 34550 | N13: 21266 | O13: 36689 | P13: 8783 | Q13: 875 | R13: 5926 | S13: 3543
B14: ATACAMA | C14: 7020 | D14: 2605 | E14: 9625 | F14: 23430 | G14: 2397 | H14: 1348 | I14: 27175 | J14: 36800 | K14: 36800 | L14: 0.014950792 | M14: 21316 | N14: 15484 | O14: 20822 | P14: 7383 | Q14: 975 | R14: 5925 | S14: 1695
B15: COQUIMBO | C15: 22034 | D15: 7517 | E15: 29551 | F15: 69303 | G15: 7009 | H15: 4263 | I15: 80575 | J15: 110126 | K15: 110126 | L15: 0.044741059 | M15: 64108 | N15: 46018 | O15: 76646 | P15: 17399 | Q15: 1676 | R15: 9310 | S15: 5093
B16: VALPARAISO | C16: 54157 | D16: 19611 | E16: 73768 | F16: 182897 | G16: 20998 | H16: 12128 | I16: 216023 | J16: 289791 | K16: 289791 | L16: 0.11773383 | M16: 174399 | N16: 115392 | O16: 171622 | P16: 58578 | Q16: 6579 | R16: 36508 | S16: 16504
B17: L. G. B. OHIGGINS | C17: 25594 | D17: 9527 | E17: 35121 | F17: 88973 | G17: 8646 | H17: 7017 | I17: 104636 | J17: 139757 | K17: 139757 | L17: 0.056779291 | M17: 79132 | N17: 60625 | O17: 77957 | P17: 24523 | Q17: 3421 | R17: 27679 | S17: 6177
B18: MAULE | C18: 36230 | D18: 12903 | E18: 49133 | F18: 105952 | G18: 9596 | H18: 7498 | I18: 123046 | J18: 172179 | K18: 172179 | L18: 0.069951426 | M18: 95982 | N18: 76197 | O18: 99001 | P18: 35466 | Q18: 4505 | R18: 26954 | S18: 6252
B19: ÑUBLE | C19: 19608 | D19: 10847 | E19: 30455 | F19: 48411 | G19: 4742 | H19: 5791 | I19: 58944 | J19: 89399 | K19: 89399 | L19: 0.036320269 | M19: 50770 | N19: 38629 | O19: 51544 | P19: 16871 | Q19: 1841 | R19: 16686 | S19: 2457
B20: BIO-BIO | C20: 48304 | D20: 20101 | E20: 68405 | F20: 138884 | G20: 16010 | H20: 10125 | I20: 165019 | J20: 233424 | K20: 233424 | L20: 0.094833526 | M20: 137259 | N20: 96165 | O20: 132111 | P20: 40128 | Q20: 7138 | R20: 43632 | S20: 10415
B21: LA ARAUCANIA | C21: 40127 | D21: 13166 | E21: 53293 | F21: 81511 | G21: 7759 | H21: 6214 | I21: 95484 | J21: 148777 | K21: 148777 | L21: 0.06044386 | M21: 84541 | N21: 64236 | O21: 93990 | P21: 27500 | Q21: 3657 | R21: 18258 | S21: 5372
B22: LOS RIOS | C22: 14362 | D22: 7061 | E22: 21423 | F22: 36295 | G22: 4113 | H22: 3896 | I22: 44304 | J22: 65727 | K22: 65727 | L22: 0.026703009 | M22: 38076 | N22: 27651 | O22: 44528 | P22: 13114 | Q22: 1835 | R22: 3996 | S22: 2252
... B26: METROPOLITANA | C26: 182402 | D26: 53814 | E26: 236216 | F26: 568144 | G26: 67863 | H26: 29790 | I26: 665797 | J26: 902013 | K26: 902013 | L26: 0.3664622 | M26: 554698 | N26: 347315 | O26: 496948 | P26: 150849 | Q26: 27112 | R26: 154148 | S26: 72956
B27: Totales | C27: 507939 | D27: 179610 | E27: 687549 | F27: 1505208 | G27: 167817 | H27: 100834 | I27: 1773859 | J27: 2461408 | K27: =SUM(K11:K26) -> 2461408 | L27: =SUM(L11:L26) -> 1 | M27: =SUM(M11:M26) -> 1458766 | N27: =SUM(N11:N26) -> 1002642 | O27: =SUM(O11:O26) -> 1436265 | P27: =SUM(P11:P26) -> 446232 | Q27: =SUM(Q11:Q26) -> 66536 | R27: =SUM(R11:R26) -> 370356 | S27: =SUM(S11:S26) -> 142014
B28: Participación sobre el total | C28: =+C27/$K$27 -> 0.20636116 | D28: =+D27/$K$27 -> 0.07297043 | F28: =+F27/$K$27 -> 0.61152316 | G28: =+G27/$K$27 -> 0.06817927 | H28: =+H27/$K$27 -> 0.040965984 | J28: =+J27/$K$27 -> 1 | K28: =C28+D28+F28+G28+H28 -> 1 | M28: =+M27/$K$27 -> 0.5926551 | N28: =+N27/$K$27 -> 0.4073449 | O28: =+O27/$K$27 -> 0.58351358 | P28: =+P27/$K$27 -> 0.18129136 | Q28: =+Q27/$K$27 -> 0.027031683 | R28: =+R27/$K$27 -> 0.1504651 | S28: =+S27/$K$27 -> 0.057696245
B29: Fuente: Elaboración propia sobre la base de información del IPS.
B30: Nota: La información estadística reportada del número de solicitudes concesionadas, en trámite, rechazadas y anuladas varía mes a mes por actualización de cifras.
B31: La información corresponde a la región en que vive el beneficiario.
B32: A contar de la información de Junio-22, el IPS reporta la información en función del tipo de beneficio pagado, por lo tanto, ya no se informa el número de beneficios Nbis y, en el caso del número de beneficios PGU Contributiva, se incluyen los beneficios que fueron concedidos como APSV.

Sheet XV
A2: Subsecretaría de Previsión Social
A3: Dirección de Estudios Previsionales
B5: Número de Solicitudes de Beneficios de PGU y SPS según tipo de beneficio - XV Región de Arica y Parinacota | M5: Volver Sistema de Pensiones Solidarias
B6: ='Solicitudes Regiones'!$B$6:$R$6 -> Julio de 2008 a junio de 2022
B8: Distribución Regional Solicitudes de PGU y Pilar Solidario - no incluye ex Pasis
B9: COMUNA | C9: TIPO BENEFICIO
C10: PBSV/PGU No Contributivo | D10: PBSI | E10: TOTAL PGU No Contributiva+PBS | F10: % PGU No Contributiva+PBS | G10: PGU Contributivo | H10: APSV | I10: APSI | J10: Total PGU Contributiva+APS | K10: %PGU Contributiva+APS | L10: Nbis | M10: Total PGU+PBS+APS
B11: ARICA | C11: 6628 | D11: 3092 | E11: =C11+D11 -> 9720 | F11: =E11/$E$15 -> 0.97600161 | G11: 22303 | H11: 4243 | I11: 1374 | J11: 27920 | K11: 0.99295825 | L11: 0 | M11: 37640
B12: CAMARONES | C12: 29 | D12: 10 | E12: =C12+D12 -> 39 | F12: =E12/$E$15 -> 0.0039160558 | G12: 44 | H12: 5 | I12: 1 | J12: 50 | K12: 0.0017782204 | L12: 0 | M12: 89
B13: PUTRE | C13: 97 | D13: 42 | E13: =C13+D13 -> 139 | F13: =E13/$E$15 -> 0.013957225 | G13: 101 | H13: 25 | I13: 2 | J13: 128 | K13: 0.0045522441 | L13: 0 | M13: 267
B14: GENERAL LAGOS | C14: 41 | D14: 20 | E14: =C14+D14 -> 61 | F14: =E14/$E$15 -> 0.006125113 | G14: 20 | H14: 0 | I14: 0 | J14: 20 | K14: 0.00071128814 | L14: 0 | M14: 81
B15: Totales | C15: =SUM(C11:C14) -> 6795 | D15: =SUM(D11:D14) -> 3164 | E15: =C15+D15 -> 9959 | F15: =E15/$E$15 -> 1 | G15: =SUM(G11:G14) -> 22468 | H15: =SUM(H11:H14) -> 4273 | I15: =G15+H15 -> 26741 | J15: 28118 | K15: 1 | L15: =SUM(L11:L14) -> 0 | M15: =SUM(M11:M14) -> 38077
B16: % respecto del total de solicitudes | C16: =+C15/$M$15 -> 0.17845418 | D16: =+D15/$M$15 -> 0.083094782 | E16: =+E15/$M$15 -> 0.26154897 | G16: =+G15/$M$15 -> 0.59006749 | H16: =+H15/$M$15 -> 0.11221998 | I16: =+I15/$M$15 -> 0.70228747 | J16: =+J15/$M$15 -> 0.73845103 | K16: =E16+J16 -> 1 | L16: =+L15/M15 -> 0 | M16: =J16+L16+E16 -> 1
B19: Número de Concesiones de Beneficios de PGU y SPS según tipo de beneficio - XV Región de Arica y Parinacota
B20: ='Solicitudes Regiones'!$B$6:$R$6 -> Julio de 2008 a junio de 2022
B22: Concesiones de PGU y Pilar Solidario a nivel comunal
B23: COMUNA | C23: TIPO BENEFICIO
C24: PBSV/PGU No Contributivo | D24: PBSI | E24: TOTAL PGU No Contributiva+PBS | F24: % PGU No Contributiva+PBS | G24: PGU Contributivo | H24: APSV | I24: APSI | J24: Total PGU Contributiva+APS | K24: %PGU Contributiva+APS | L24: Nbis | M24: Total PGU+PBS+APS
B25: ARICA | C25: 5800 | D25: 2133 | E25: 7933 | F25: 0.97841638 | G25: 19056 | H25: 2415 | I25: 1153 | J25: 22624 | K25: 0.99289037 | L25: 0 | M25: 30557
B26: CAMARONES | C26: 26 | D26: 4 | E26: 30 | F26: 0.0037000493 | G26: 40 | H26: 4 | I26: 1 | J26: 45 | K26: 0.0019748969 | L26: 0 | M26: 75
B27: PUTRE | C27: 84 | D27: 18 | E27: 102 | F27: 0.012580168 | G27: 89 | H27: 11 | I27: 2 | J27: 102 | K27: 0.0044764329 | L27: 0 | M27: 204
B28: GENERAL LAGOS | C28: 35 | D28: 8 | E28: 43 | F28: 0.005303404 | G28: 15 | H28: 0 | I28: 0 | J28: 15 | K28: 0.00065829896 | L28: 0 | M28: 58
B29: Totales | C29: =SUM(C25:C28) -> 5945 | D29: =SUM(D25:D28) -> 2163 | E29: =SUM(E25:E28) -> 8108 | F29: =SUM(F25:F28) -> 1 | G29: =SUM(G25:G28) -> 19200 | H29: =SUM(H25:H28) -> 2430 | I29: =SUM(I25:I28) -> 1156 | J29: =SUM(J25:J28) -> 22786 | ... M29: =SUM(M25:M28) -> 30894
B30: % respecto del total de concesiones | C30: =+C29/M29 -> 0.19243219 | D30: =+D29/M29 -> 0.070013595 | E30: =+E29/M29 -> 0.26244578 | G30: =+G29/M29 -> 0.6214799 | H30: =+H29/M29 -> 0.07865605 | I30: =+I29/M29 -> 0.037418269 | J30: =+J29/M29 -> 0.73755422 | K30: =+K29/M29 -> 3.2368745e-05 | L30: =+L29/M29 -> 0 | M30: =J30+L30+E30 -> 1
B31: Fuente: Elaboración propia sobre la base de información del IPS.
B32: Nota: La información estadística reportada del número de solicitudes concesionadas, en trámite, rechazadas y anuladas varía mes a mes por actualización de cifras.

Sheet I
A2: Subsecretaría de Previsión Social
A3: Dirección de Estudios Previsionales
B5: Número de Solicitudes de Beneficios de PGU y SPS según tipo de beneficio - I Región de Tarapacá | M5: Volver Sistema de Pensiones Solidarias
B6: ='Solicitudes Regiones'!$B$6:$R$6 -> Julio de 2008 a junio de 2022
B8: Distribución Regional Solicitudes de PGU y Pilar Solidario - no incluye ex Pasis
B9: COMUNA | C9: TIPO BENEFICIO
C10: PBSV/PGU No Contributivo | D10: PBSI | E10: TOTAL PGU No Contributiva+PBS | F10: % PGU No Contributiva+PBS | G10: PGU Contributivo | H10: APSV | I10: APSI | J10: Total PGU Contributiva+APS | K10: %PGU Contributiva+APS | L10: Nbis | M10: Total PGU+PBS+APS
B11: IQUIQUE | C11: 4840 | D11: 2954 | E11: =C11+D11 -> 7794 | F11: =E11/$E$18 -> 0.62718275 | G11: 17636 | H11: 4262 | I11: 1368 | J11: 23266 | K11: =J11/$J$18 -> 0.71600911 | L11: 0 | M11: =J11+L11+E11 -> 31060
B12: ALTO HOSPICIO | C12: 1496 | D12: 1820 | E12: =C12+D12 -> 3316 | F12: =E12/$E$18 -> 0.26683834 | G12: 5121 | H12: 870 | I12: 741 | J12: 6732 | K12: =J12/$J$18 -> 0.20717671 | L12: 0 | M12: =J12+L12+E12 -> 10048
B13: POZO ALMONTE | C13: 351 | D13: 220 | E13: =C13+D13 -> 571 | F13: =E13/$E$18 -> 0.045948338 | G13: 980 | H13: 232 | I13: 83 | J13: 1295 | K13: =J13/$J$18 -> 0.039853511 | L13: 0 | M13: =J13+L13+E13 -> 1866
B14: CAMIÑA | C14: 68 | D14: 43 | E14: =C14+D14 -> 111 | F14: =E14/$E$18 -> 0.0089321638 | G14: 94 | H14: 4 | I14: 12 | J14: 110 | K14: =J14/$J$18 -> 0.0033852404 | L14: 0 | M14: =J14+L14+E14 -> 221
B15: COLCHANE | C15: 65 | D15: 39 | E15: =C15+D15 -> 104 | F15: =E15/$E$18 -> 0.0083688742 | G15: 48 | H15: 4 | I15: 5 | J15: 57 | K15: =J15/$J$18 -> 0.00175417 | L15: 0 | M15: =J15+L15+E15 -> 161
B16: HUARA | C16: 129 | D16: 93 | E16: =C16+D16 -> 222 | F16: =E16/$E$18 -> 0.017864328 | G16: 258 | H16: 52 | I16: 25 | J16: 335 | K16: =J16/$J$18 -> 0.010309596 | L16: 0 | M16: =J16+L16+E16 -> 557
B17: PICA | C17: 196 | D17: 113 | E17: =C17+D17 -> 309 | F17: =E17/$E$18 -> 0.024865213 | G17: 571 | H17: 96 | I17: 32 | J17: 699 | K17: =J17/$J$18 -> 0.021511664 | L17: 0 | M17: =J17+L17+E17 -> 1008
B18: Totales | C18: =SUM(C11:C17) -> 7145 | D18: =SUM(D11:D17) -> 5282 | E18: =C18+D18 -> 12427 | F18: =E18/$E$18 -> 1 | G18: =SUM(G11:G17) -> 24708 | H18: =SUM(H11:H17) -> 5520 | I18: =G18+H18 -> 30228 | J18: 32494 | K18: =J18/$J$18 -> 1 | L18: =SUM(L11:L17) -> 0 | M18: =SUM(M11:M17) -> 44921
B19: % respecto del total de solicitudes | C19: =+C18/M18 -> 0.15905701 | D19: =+D18/M18 -> 0.1175842 | E19: =+E18/M18 -> 0.27664121 | G19: =+G18/M18 -> 0.55003228 | H19: =+H18/M18 -> 0.12288239 | I19: =+I18/M18 -> 0.67291467 | J19: =+J18/M18 -> 0.72335879 | L19: =+L18/M18 -> 0 | M19: =J19+L19+E19 -> 1
B21: Número de Concesiones de Beneficios de PGU y SPS según tipo de beneficio - I Región de Tarapacá
B22: ='Solicitudes Regiones'!$B$6:$R$6 -> Julio de 2008 a junio de 2022
B24: Concesiones de PGU y Pilar Solidario a nivel comunal
B25: COMUNA | C25: TIPO BENEFICIO
C26: PBSV/PGU No Contributivo | D26: PBSI | E26: TOTAL PGU No Contributiva+PBS | F26: % PGU No Contributiva+PBS | G26: PGU Contributivo | H26: APSV | I26: APSI | J26: Total PGU Contributiva+APS | K26: %PGU Contributiva+APS | L26: Nbis | M26: Total PGU+PBS+APS
B27: IQUIQUE | C27: 3957 | D27: 1746 | E27: =C27+D27 -> 5703 | F27: =E27/$E$18 -> 0.45892009 | G27: 14326 | H27: 1997 | I27: 1076 | J27: =SUM(G27:I27) -> 17399 | K27: =J27/$J$34 -> 0.69906384 | L27: 0 | M27: =J27+L27+E27 -> 23102
B28: ALTO HOSPICIO | C28: 1262 | D28: 1054 | E28: =C28+D28 -> 2316 | F28: =E28/$E$18 -> 0.18636839 | G28: 4477 | H28: 463 | I28: 594 | J28: =SUM(G28:I28) -> 5534 | K28: =J28/$J$34 -> 0.22234722 | L28: 0 | M28: =J28+L28+E28 -> 7850
B29: POZO ALMONTE | C29: 288 | D29: 112 | E29: =C29+D29 -> 400 | F29: =E29/$E$18 -> 0.032187978 | G29: 827 | H29: 103 | I29: 67 | J29: =SUM(G29:I29) -> 997 | K29: =J29/$J$34 -> 0.040057857 | L29: 0 | M29: =J29+L29+E29 -> 1397
B30: CAMIÑA | C30: 63 | D30: 23 | E30: =C30+D30 -> 86 | F30: =E30/$E$18 -> 0.0069204152 | G30: 85 | H30: 1 | I30: 9 | J30: =SUM(G30:I30) -> 95 | K30: =J30/$J$34 -> 0.0038169472 | L30: 0 | M30: =J30+L30+E30 -> 181
B31: COLCHANE | C31: 60 | D31: 20 | E31: =C31+D31 -> 80 | F31: =E31/$E$18 -> 0.0064375956 | G31: 45 | H31: 1 | I31: 5 | J31: =SUM(G31:I31) -> 51 | K31: =J31/$J$34 -> 0.002049098 | L31: 0 | M31: =J31+L31+E31 -> 131
B32: HUARA | C32: 115 | D32: 46 | E32: =C32+D32 -> 161 | F32: =E32/$E$18 -> 0.012955661 | G32: 229 | H32: 25 | I32: 25 | J32: =SUM(G32:I32) -> 279 | K32: =J32/$J$34 -> 0.011209771 | L32: 0 | M32: =J32+L32+E32 -> 440
B33: PICA | C33: 161 | D33: 64 | E33: =C33+D33 -> 225 | F33: =E33/$E$18 -> 0.018105738 | G33: 473 | H33: 39 | I33: 22 | J33: =SUM(G33:I33) -> 534 | K33: =J33/$J$34 -> 0.021455261 | L33: 0 | M33: =J33+L33+E33 -> 759
B34: Totales | C34: =SUM(C27:C33) -> 5906 | D34: =SUM(D27:D33) -> 3065 | E34: =C34+D34 -> 8971 | F34: =E34/$E$18 -> 0.72189587 | G34: =SUM(G27:G33) -> 20462 | H34: =SUM(H27:H33) -> 2629 | I34: =SUM(I27:I33) -> 1798 | J34: =SUM(G34:I34) -> 24889 | K34: =J34/$J$34 -> 1 | L34: =SUM(L27:L33) -> 0 | M34: =J34+L34+E34 -> 33860
B35: % respecto del total de concesiones | C35: =+C34/M34 -> 0.1744241 | D35: =+D34/M34 -> 0.090519787 | E35: =+E34/M34 -> 0.26494389 | G35: =+G34/M34 -> 0.60431187 | H35: =+H34/M34 -> 0.077643237 | I35: =+I34/M34 -> 0.053101004 | J35: =+J34/M34 -> 0.73505611 | L35: =+L34/M34 -> 0 | M35: =J35+L35+E35 -> 1
B36: Fuente: Elaboración propia sobre la base de información del IPS.
B37: Nota: La información estadística reportada del número de solicitudes concesionadas, en trámite, rechazadas y anuladas varía mes a mes por actualización de cifras.

Sheet II
A2: Subsecretaría de Previsión Social
A3: Dirección de Estudios Previsionales
B5: Número de Solicitudes de Beneficios de PGU y SPS según tipo de beneficio - II Región de Antofagasta | M5: Volver Sistema de Pensiones Solidarias
B6: ='Solicitudes Regiones'!$B$6:$R$6 -> Julio de 2008 a junio de 2022
B8: Distribución Regional Solicitudes de PGU y Pilar Solidario - no incluye ex Pasis
B9: COMUNA | C9: TIPO BENEFICIO
C10: PBSV/PGU No Contributivo | D10: PBSI | E10: TOTAL PGU No Contributiva+PBS | F10: % PGU No Contributiva+PBS | G10: PGU Contributivo | H10: APSV | I10: APSI | J10: Total PGU Contributiva+APS | K10: %PGU Contributiva+APS | L10: Nbis | M10: Total PGU+PBS+APS
B11: ANTOFAGASTA | C11: 8434 | D11: 4265 | E11: =C11+D11 -> 12699 | F11: =E11/$E$20 -> 0.61481481 | G11: 28572 | H11: 5888 | I11: 1731 | J11: =SUM(G11:I11) -> 36191 | K11: =J11/$J$20 -> 0.65257217 | L11: 0 | M11: =L11+J11+E11 -> 48890
B12: MEJILLONES | C12: 264 | D12: 113 | E12: =C12+D12 -> 377 | F12: =E12/$E$20 -> 0.018252239 | G12: 816 | H12: 203 | I12: 43 | J12: =SUM(G12:I12) -> 1062 | K12: =J12/$J$20 -> 0.019149281 | L12: 0 | M12: =L12+J12+E12 -> 1439
B13: SIERRA GORDA | C13: 24 | D13: 13 | E13: =C13+D13 -> 37 | F13: =E13/$E$20 -> 0.0017913338 | G13: 51 | H13: 15 | I13: 5 | J13: =SUM(G13:I13) -> 71 | K13: =J13/$J$20 -> 0.001280225 | L13: 0 | M13: =L13+J13+E13 -> 108
B14: TALTAL | C14: 420 | D14: 323 | E14: =C14+D14 -> 743 | F14: =E14/$E$20 -> 0.03597192 | G14: 1253 | H14: 257 | I14: 77 | J14: =SUM(G14:I14) -> 1587 | K14: =J14/$J$20 -> 0.028615734 | L14: 0 | M14: =L14+J14+E14 -> 2330
B15: CALAMA | C15: 3524 | D15: 1365 | E15: =C15+D15 -> 4889 | F15: =E15/$E$20 -> 0.23669814 | G15: 9845 | H15: 1839 | I15: 506 | J15: =SUM(G15:I15) -> 12190 | K15: =J15/$J$20 -> 0.21980202 | L15: 0 | M15: =L15+J15+E15 -> 17079
B16: OLLAGUE | C16: 16 | D16: 1 | E16: =C16+D16 -> 17 | F16: =E16/$E$20 -> 0.00082304527 | G16: 21 | H16: 2 | I16: 1 | J16: =SUM(G16:I16) -> 24 | K16: =J16/$J$20 -> 0.00043275212 | L16: 0 | M16: =L16+J16+E16 -> 41
B17: SAN PEDRO DE ATACAMA | C17: 198 | D17: 59 | E17: =C17+D17 -> 257 | F17: =E17/$E$20 -> 0.012442508 | G17: 432 | H17: 71 | I17: 21 | J17: =SUM(G17:I17) -> 524 | K17: =J17/$J$20 -> 0.0094484214 | L17: 0 | M17: =L17+J17+E17 -> 781
B18: TOCOPILLA | C18: 928 | D18: 575 | E18: =C18+D18 -> 1503 | F18: =E18/$E$20 -> 0.072766885 | G18: 2774 | H18: 530 | I18: 162 | J18: =SUM(G18:I18) -> 3466 | K18: =J18/$J$20 -> 0.062496619 | L18: 0 | M18: =L18+J18+E18 -> 4969
B19: MARIA ELENA | C19: 99 | D19: 34 | E19: =C19+D19 -> 133 | F19: =E19/$E$20 -> 0.0064391189 | G19: 272 | H19: 62 | I19: 10 | J19: =SUM(G19:I19) -> 344 | K19: =J19/$J$20 -> 0.0062027804 | L19: 0 | M19: =L19+J19+E19 -> 477
B20: Totales | C20: =SUM(C11:C19) -> 13907 | D20: =SUM(D11:D19) -> 6748 | E20: =C20+D20 -> 20655 | F20: =E20/$E$20 -> 1 | G20: =SUM(G11:G19) -> 44036 | H20: =SUM(H11:H19) -> 8867 | I20: =SUM(I11:I19) -> 2556 | J20: =SUM(G20:I20) -> 55459 | K20: =J20/$J$20 -> 1 | L20: =SUM(L11:L19) -> 0 | M20: =L20+J20+E20 -> 76114
B21: % respecto del total de solicitudes | C21: =+C20/M20 -> 0.18271277 | D21: =+D20/M20 -> 0.088656489 | E21: =+E20/M20 -> 0.27136926 | G21: =+G20/M20 -> 0.57855322 | H21: =+H20/M20 -> 0.11649631 | I21: =+I20/M20 -> 0.033581207 | J21: =+J20/M20 -> 0.72863074 | L21: =+L20/M20 -> 0 | M21: =J21+L21+E21 -> 1
B23: Número de Concesiones de Beneficios de PGU y SPS según tipo de beneficio - II Región de Antofagasta
B24: ='Solicitudes Regiones'!$B$6:$R$6 -> Julio de 2008 a junio de 2022
B26: Concesiones de PGU y Pilar Solidario a nivel comunal
B27: COMUNA | C27: TIPO BENEFICIO
C28: PBSV/PGU No Contributivo | D28: PBSI | E28: TOTAL PGU No Contributiva+PBS | F28: % PGU No Contributiva+PBS | G28: PGU Contributivo | H28: APSV | I28: APSI | J28: Total PGU Contributiva+APS | K28: %PGU Contributiva+APS | L28: Nbis | M28: Total PGU+PBS+APS
B29: ANTOFAGASTA | C29: 6664 | D29: 2498 | E29: =D29+C29 -> 9162 | F29: =E29/$E$38 -> 0.61947262 | G29: 22635 | H29: 2786 | I29: 1400 | J29: 26821 | K29: =J29/$J$38 -> 0.65375615 | L29: 0 | M29: =L29+J29+E29 -> 35983
B30: MEJILLONES | C30: 190 | D30: 53 | E30: =D30+C30 -> 243 | F30: =E30/$E$38 -> 0.01643002 | G30: 641 | H30: 89 | I30: 34 | J30: 764 | K30: =J30/$J$38 -> 0.018622337 | L30: 0 | M30: =L30+J30+E30 -> 1007
B31: SIERRA GORDA | C31: 21 | D31: 8 | E31: =D31+C31 -> 29 | F31: =E31/$E$38 -> 0.0019607843 | G31: 44 | H31: 8 | I31: 4 | J31: 56 | K31: =J31/$J$38 -> 0.0013649881 | L31: 0 | M31: =L31+J31+E31 -> 85
B32: TALTAL | C32: 329 | D32: 156 | E32: =D32+C32 -> 485 | F32: =E32/$E$38 -> 0.032792427 | G32: 1043 | H32: 102 | I32: 55 | J32: 1200 | K32: =J32/$J$38 -> 0.029249744 | L32: 0 | M32: =L32+J32+E32 -> 1685
B33: CALAMA | C33: 2687 | D33: 837 | E33: =D33+C33 -> 3524 | F33: =E33/$E$38 -> 0.2382691 | G33: 7545 | H33: 833 | I33: 399 | J33: 8777 | K33: =J33/$J$38 -> 0.2139375 | L33: 0 | M33: =L33+J33+E33 -> 12301
B34: OLLAGUE | C34: 15 | D34: 1 | E34: =D34+C34 -> 16 | F34: =E34/$E$38 -> 0.001081812 | G34: 17 | H34: 1 | I34: 1 | J34: 19 | K34: =J34/$J$38 -> 0.00046312095 | L34: 0 | M34: =L34+J34+E34 -> 35
B35: SAN PEDRO DE ATACAMA | C35: 166 | D35: 35 | E35: =D35+C35 -> 201 | F35: =E35/$E$38 -> 0.013590264 | G35: 363 | H35: 33 | I35: 15 | J35: 411 | K35: =J35/$J$38 -> 0.010018037 | L35: 0 | M35: =L35+J35+E35 -> 612
B36: TOCOPILLA | C36: 738 | D36: 303 | E36: =D36+C36 -> 1041 | F36: =E36/$E$38 -> 0.070385396 | G36: 2360 | H36: 243 | I36: 127 | J36: 2730 | K36: =J36/$J$38 -> 0.066543168 | L36: 0 | M36: =L36+J36+E36 -> 3771
B37: MARIA ELENA | C37: 72 | D37: 17 | E37: =D37+C37 -> 89 | F37: =E37/$E$38 -> 0.0060175794 | G37: 208 | H37: 32 | I37: 8 | J37: 248 | K37: =J37/$J$38 -> 0.0060449471 | L37: 0 | M37: =L37+J37+E37 -> 337
B38: Totales | C38: =SUM(C29:C37) -> 10882 | D38: =SUM(D29:D37) -> 3908 | E38: =D38+C38 -> 14790 | F38: =E38/$E$38 -> 1 | G38: =SUM(G29:G37) -> 34856 | H38: =SUM(H29:H37) -> 4127 | I38: =SUM(I29:I37) -> 2043 | J38: =SUM(J29:J37) -> 41026 | K38: =J38/$J$38 -> 1 | L38: =SUM(L29:L37) -> 0 | M38: =L38+J38+E38 -> 55816
B39: % respecto del total de concesiones | C39: =+C38/M38 -> 0.19496202 | D39: =+D38/M38 -> 0.070015766 | E39: =+E38/M38 -> 0.26497778 | G39: =+G38/M38 -> 0.62448044 | H39: =+H38/M38 -> 0.073939372 | I39: =+I38/M38 -> 0.036602408 | J39: =+J38/M38 -> 0.73502222 | L39: =+L38/M38 -> 0 | M39: =J39+L39+E39 -> 1
B40: Fuente: Elaboración propia sobre la base de información del IPS.
B41: Nota: La información estadística reportada del número de solicitudes concesionadas, en trámite, rechazadas y anuladas varía mes a mes por actualización de cifras.
B131: Copiar extraccion TODOS desde casilla A140, luego formatear numeros con punto sindecimales

Sheet III
A2: Subsecretaría de Previsión Social
A3: Dirección de Estudios Previsionales
B5: Número de Solicitudes de Beneficios de PGU y SPS según tipo de beneficio - III Región de Atacama | M5: Volver Sistema de Pensiones Solidarias
B6: ='Solicitudes Regiones'!$B$6:$R$6 -> Julio de 2008 a junio de 2022
B8: Distribución Regional Solicitudes de PGU y Pilar Solidario - no incluye ex Pasis
B9: COMUNA | C9: TIPO BENEFICIO
C10: PBSV/PGU No Contributivo | D10: PBSI | E10: TOTAL PGU No Contributiva+PBS | F10: % PGU No Contributiva+PBS | G10: PGU Contributivo | H10: APSV | I10: APSI | J10: Total PGU Contributiva+APS | K10: %PGU Contributiva+APS | L10: Nbis | M10: Total PGU+PBS+APS
B11: COPIAPO | C11: 3766 | D11: 1966 | E11: =C11+D11 -> 5732 | F11: =E11/$E$20 -> 0.45197918 | G11: 13691 | H11: 2393 | I11: 875 | J11: 16959 | K11: =J11/$J$20 -> 0.49902895 | L11: 0 | M11: =L11+J11+E11 -> 22691
B12: CALDERA | C12: 463 | D12: 255 | E12: =C12+D12 -> 718 | F12: =E12/$E$20 -> 0.056615676 | G12: 1674 | H12: 285 | I12: 107 | J12: 2066 | K12: =J12/$J$20 -> 0.060793315 | L12: 0 | M12: =L12+J12+E12 -> 2784
B13: TIERRA AMARILLA | C13: 290 | D13: 204 | E13: =C13+D13 -> 494 | F13: =E13/$E$20 -> 0.038952847 | G13: 1013 | H13: 173 | I13: 76 | J13: 1262 | K13: =J13/$J$20 -> 0.037135122 | L13: 0 | M13: =L13+J13+E13 -> 1756
B14: CHAÑARAL | C14: 555 | D14: 243 | E14: =C14+D14 -> 798 | F14: =E14/$E$20 -> 0.062923829 | G14: 1386 | H14: 274 | I14: 91 | J14: 1751 | K14: =J14/$J$20 -> 0.051524247 | L14: 0 | M14: =L14+J14+E14 -> 2549
B15: DIEGO DE ALMAGRO | C15: 345 | D15: 239 | E15: =C15+D15 -> 584 | F15: =E15/$E$20 -> 0.046049519 | G15: 890 | H15: 142 | I15: 58 | J15: 1090 | K15: =J15/$J$20 -> 0.032073917 | L15: 0 | M15: =L15+J15+E15 -> 1674
B16: VALLENAR | C16: 2082 | D16: 996 | E16: =C16+D16 -> 3078 | F16: =E16/$E$20 -> 0.2427062 | G16: 6617 | H16: 999 | I16: 312 | J16: 7928 | K16: =J16/$J$20 -> 0.23328625 | L16: 0 | M16: =L16+J16+E16 -> 11006
B17: ALTO DEL CARMEN | C17: 235 | D17: 119 | E17: =C17+D17 -> 354 | F17: =E17/$E$20 -> 0.027913578 | G17: 631 | H17: 51 | I17: 28 | J17: 710 | K17: =J17/$J$20 -> 0.020892185 | L17: 0 | M17: =L17+J17+E17 -> 1064
B18: FREIRINA | C18: 252 | D18: 119 | E18: =C18+D18 -> 371 | F18: =E18/$E$20 -> 0.029254061 | G18: 756 | H18: 100 | I18: 37 | J18: 893 | K18: =J18/$J$20 -> 0.026277072 | L18: 0 | M18: =L18+J18+E18 -> 1264
B19: HUASCO | C19: 401 | D19: 152 | E19: =C19+D19 -> 553 | F19: =E19/$E$20 -> 0.04360511 | G19: 1136 | H19: 131 | I19: 58 | J19: 1325 | K19: =J19/$J$20 -> 0.038988936 | L19: 0 | M19: =L19+J19+E19 -> 1878
B20: Totales | C20: =SUM(C11:C19) -> 8389 | D20: =SUM(D11:D19) -> 4293 | E20: =C20+D20 -> 12682 | F20: =E20/$E$20 -> 1 | G20: =SUM(G11:G19) -> 27794 | H20: =SUM(H11:H19) -> 4548 | I20: =SUM(I11:I19) -> 1642 | J20: =SUM(J11:J19) -> 33984 | K20: =J20/$J$20 -> 1 | L20: =SUM(L11:L19) -> 0 | M20: =L20+J20+E20 -> 46666
B21: % respecto del total de solicitudes | C21: =+C20/M20 -> 0.17976685 | D21: =+D20/M20 -> 0.091994171 | E21: =+E20/M20 -> 0.27176103 | G21: =+G20/M20 -> 0.59559422 | H21: =+H20/M20 -> 0.097458535 | I21: =+I20/M20 -> 0.035186217 | J21: =+J20/M20 -> 0.72823897 | L21: =+L20/M20 -> 0 | M21: =J21+L21+E21 -> 1
B23: Número de concesiones de Beneficios de PGU y SPS según tipo de beneficio - III Región de Atacama
B24: ='Solicitudes Regiones'!$B$6:$R$6 -> Julio de 2008 a junio de 2022
B26: Concesiones de PGU y Pilar Solidario a nivel comunal
B27: COMUNA | C27: TIPO BENEFICIO
C28: PBSV/PGU No Contributivo | D28: PBSI | E28: TOTAL PGU No Contributiva+PBS | F28: % PGU No Contributiva+PBS | G28: PGU Contributivo | H28: APSV | I28: APSI | J28: Total PGU Contributiva+APS | K28: %PGU Contributiva+APS | L28: Nbis | M28: Total PGU+PBS+APS
B29: COPIAPO | C29: 3142 | D29: 1190 | E29: =C29+D29 -> 4332 | F29: =E29/$E$38 -> 0.45007792 | G29: 11395 | H29: 1277 | I29: 733 | J29: 13405 | K29: =J29/$J$38 -> 0.49328427 | L29: 0 | M29: =L29+J29+E29 -> 17737
B30: CALDERA | C30: 392 | D30: 152 | E30: =C30+D30 -> 544 | F30: =E30/$E$38 -> 0.056519481 | G30: 1400 | H30: 148 | I30: 86 | J30: 1634 | K30: =J30/$J$38 -> 0.060128795 | L30: 0 | M30: =L30+J30+E30 -> 2178
B31: TIERRA AMARILLA | C31: 248 | D31: 119 | E31: =C31+D31 -> 367 | F31: =E31/$E$38 -> 0.03812987 | G31: 910 | H31: 90 | I31: 60 | J31: 1060 | K31: =J31/$J$38 -> 0.03900644 | L31: 0 | M31: =L31+J31+E31 -> 1427
B32: CHAÑARAL | C32: 458 | D32: 150 | E32: =C32+D32 -> 608 | F32: =E32/$E$38 -> 0.063168831 | G32: 1221 | H32: 116 | I32: 57 | J32: 1394 | K32: =J32/$J$38 -> 0.051297148 | L32: 0 | M32: =L32+J32+E32 -> 2002
B33: DIEGO DE ALMAGRO | C33: 256 | D33: 136 | E33: =C33+D33 -> 392 | F33: =E33/$E$38 -> 0.040727273 | G33: 770 | H33: 62 | I33: 41 | J33: 873 | K33: =J33/$J$38 -> 0.032125115 | L33: 0 | M33: =L33+J33+E33 -> 1265
B34: VALLENAR | C34: 1772 | D34: 618 | E34: =C34+D34 -> 2390 | F34: =E34/$E$38 -> 0.24831169 | G34: 5612 | H34: 572 | I34: 268 | J34: 6452 | K34: =J34/$J$38 -> 0.2374241 | L34: 0 | M34: =L34+J34+E34 -> 8842
B35: ALTO DEL CARMEN | C35: 217 | D35: 65 | E35: =C35+D35 -> 282 | F35: =E35/$E$38 -> 0.029298701 | G35: 552 | H35: 17 | I35: 25 | J35: 594 | K35: =J35/$J$38 -> 0.021858326 | L35: 0 | M35: =L35+J35+E35 -> 876
B36: FREIRINA | C36: 212 | D36: 85 | E36: =C36+D36 -> 297 | F36: =E36/$E$38 -> 0.030857143 | G36: 657 | H36: 47 | I36: 27 | J36: 731 | K36: =J36/$J$38 -> 0.026899724 | L36: 0 | M36: =L36+J36+E36 -> 1028
B37: HUASCO | C37: 323 | D37: 90 | E37: =C37+D37 -> 413 | F37: =E37/$E$38 -> 0.042909091 | G37: 913 | H37: 68 | I37: 51 | J37: 1032 | K37: =J37/$J$38 -> 0.037976081 | L37: 0 | M37: =L37+J37+E37 -> 1445
B38: Totales | C38: =SUM(C29:C37) -> 7020 | D38: =SUM(D29:D37) -> 2605 | E38: =C38+D38 -> 9625 | F38: =E38/$E$38 -> 1 | G38: =SUM(G29:G37) -> 23430 | H38: =SUM(H29:H37) -> 2397 | I38: =SUM(I29:I37) -> 1348 | J38: =SUM(J29:J37) -> 27175 | K38: =J38/$J$38 -> 1 | L38: =SUM(L29:L37) -> 0 | M38: =L38+J38+E38 -> 36800
B39: % respecto del total de concesiones | C39: =+C38/M38 -> 0.19076087 | D39: =+D38/M38 -> 0.070788043 | E39: =+E38/M38 -> 0.26154891 | G39: =+G38/M38 -> 0.63668478 | H39: =+H38/M38 -> 0.06513587 | I39: =+I38/M38 -> 0.036630435 | J39: =+J38/M38 -> 0.73845109 | L39: =+L38/M38 -> 0 | M39: =J39+L39+E39 -> 1
B40: Fuente: Elaboración propia sobre la base de información del IPS.
B41: Nota: La información estadística reportada del número de solicitudes concesionadas, en trámite, rechazadas y anuladas varía mes a mes por actualización de cifras.
B131: Copiar extraccion TODOS desde casilla A140, luego formatear numeros con punto sindecimales

Sheet IV
A2: Subsecretaría de Previsión Social
A3: Dirección de Estudios Previsionales
B5: Número de Solicitudes de Beneficios de PGU y SPS según tipo de beneficio - IV Región de Coquimbo | M5: Volver Sistema de Pensiones Solidarias
B6: ='Solicitudes Regiones'!$B$6:$R$6 -> Julio de 2008 a junio de 2022
B8: Distribución Regional Solicitudes de PGU y Pilar Solidario - no incluye ex Pasis
B9: COMUNA | C9: TIPO BENEFICIO
C10: PBSV/PGU No Contributivo | D10: PBSI | E10: TOTAL PGU No Contributiva+PBS | F10: % PGU No Contributiva+PBS | G10: PGU Contributivo | H10: APSV | I10: APSI | J10: Total PGU Contributiva+APS | K10: %PGU Contributiva+APS | L10: Nbis | M10: Total PGU+PBS+APS
B11: LA SERENA | C11: 6096 | D11: 3005 | E11: =C11+D11 -> 9101 | F11: =E11/$E$26 -> 0.23817749 | G11: 22117 | H11: 4675 | I11: 1342 | J11: 28134 | K11: =J11/$J$26 -> 0.27937321 | L11: 0 | M11: =L11+J11+E11 -> 37235
B12: COQUIMBO | C12: 6961 | D12: 3413 | E12: =C12+D12 -> 10374 | F12: =E12/$E$26 -> 0.2714925 | G12: 23637 | H12: 4488 | I12: 1394 | J12: 29519 | K12: =J12/$J$26 -> 0.29312639 | L12: 0 | M12: =L12+J12+E12 -> 39893
B13: ANDACOLLO | C13: 431 | D13: 270 | E13: =C13+D13 -> 701 | F13: =E13/$E$26 -> 0.018345503 | G13: 1437 | H13: 181 | I13: 72 | J13: 1690 | K13: =J13/$J$26 -> 0.016781856 | L13: 0 | M13: =L13+J13+E13 -> 2391
B14: LA HIGUERA | C14: 188 | D14: 83 | E14: =C14+D14 -> 271 | F14: =E14/$E$26 -> 0.0070921986 | G14: 438 | H14: 50 | I14: 32 | J14: 520 | K14: =J14/$J$26 -> 0.0051636479 | L14: 0 | M14: =L14+J14+E14 -> 791
B15: PAIHUANO | C15: 144 | D15: 62 | E15: =C15+D15 -> 206 | F15: =E15/$E$26 -> 0.0053911177 | G15: 582 | H15: 101 | I15: 24 | J15: 707 | K15: =J15/$J$26 -> 0.0070205752 | L15: 0 | M15: =L15+J15+E15 -> 913
B16: VICUÑA | C16: 732 | D16: 444 | E16: =C16+D16 -> 1176 | F16: =E16/$E$26 -> 0.030776478 | G16: 3261 | H16: 472 | I16: 211 | J16: 3944 | K16: =J16/$J$26 -> 0.039164283 | L16: 0 | M16: =L16+J16+E16 -> 5120
B17: ILLAPEL | C17: 1435 | D17: 611 | E17: =C17+D17 -> 2046 | F17: =E17/$E$26 -> 0.053544791 | G17: 4120 | H17: 637 | I17: 243 | J17: 5000 | K17: =J17/$J$26 -> 0.049650461 | L17: 0 | M17: =L17+J17+E17 -> 7046
B18: CANELA | C18: 537 | D18: 247 | E18: =C18+D18 -> 784 | F18: =E18/$E$26 -> 0.020517652 | G18: 1027 | H18: 84 | I18: 66 | J18: 1177 | K18: =J18/$J$26 -> 0.011687718 | L18: 0 | M18: =L18+J18+E18 -> 1961
B19: LOS VILOS | C19: 828 | D19: 380 | E19: =C19+D19 -> 1208 | F19: =E19/$E$26 -> 0.031613933 | G19: 2464 | H19: 339 | I19: 146 | J19: 2949 | K19: =J19/$J$26 -> 0.029283842 | L19: 0 | M19: =L19+J19+E19 -> 4157
B20: SALAMANCA | C20: 1251 | D20: 536 | E20: =C20+D20 -> 1787 | F20: =E20/$E$26 -> 0.046766638 | G20: 3380 | H20: 431 | I20: 163 | J20: 3974 | K20: =J20/$J$26 -> 0.039462186 | L20: 0 | M20: =L20+J20+E20 -> 5761
B21: OVALLE | C21: 4495 | D21: 1952 | E21: =C21+D21 -> 6447 | F21: =E21/$E$26 -> 0.16872105 | G21: 12321 | H21: 1750 | I21: 770 | J21: 14841 | K21: =J21/$J$26 -> 0.1473725 | L21: 0 | M21: =L21+J21+E21 -> 21288
B22: COMBARBALA | C22: 682 | D22: 348 | E22: =C22+D22 -> 1030 | F22: =E22/$E$26 -> 0.026955589 | G22: 2103 | H22: 225 | I22: 97 | J22: 2425 | K22: =J22/$J$26 -> 0.024080473 | L22: 0 | M22: =L22+J22+E22 -> 3455
... B25: RIO HURTADO | C25: 279 | D25: 84 | E25: =C25+D25 -> 363 | F25: =E25/$E$26 -> 0.0094998822 | G25: 538 | H25: 34 | I25: 25 | J25: 597 | K25: =J25/$J$26 -> 0.005928265 | L25: 0 | M25: =L25+J25+E25 -> 960
B26: Totales | C26: =SUM(C11:C25) -> 25719 | D26: =SUM(D11:D25) -> 12492 | E26: =C26+D26 -> 38211 | F26: =E26/$E$26 -> 1 | G26: =SUM(G11:G25) -> 81896 | H26: =SUM(H11:H25) -> 13873 | I26: =SUM(I11:I25) -> 4935 | J26: =SUM(J11:J25) -> 100704 | K26: =J26/$J$26 -> 1 | L26: =SUM(L11:L25) -> 0 | M26: =L26+J26+E26 -> 138915
B27: % respecto del total de solicitudes | C27: =+C26/M26 -> 0.18514199 | D27: =+D26/M26 -> 0.089925494 | E27: =+E26/M26 -> 0.27506749 | G27: =+G26/M26 -> 0.58954037 | H27: =+H26/M26 -> 0.099866825 | I27: =+I26/M26 -> 0.035525321 | J27: =+J26/M26 -> 0.72493251 | L27: =+L26/M26 -> 0 | M27: =J27+L27+E27 -> 1
B29: Número de Concesiones de Beneficios de PGU y SPS según tipo de beneficio - IV Región de Coquimbo
B30: ='Solicitudes Regiones'!$B$6:$R$6 -> Julio de 2008 a junio de 2022
B32: Concesiones de PGU y Pilar Solidario a nivel comunal
B33: COMUNA | C33: TIPO BENEFICIO
C34: PBSV/PGU No Contributivo | D34: PBSI | E34: TOTAL PGU No Contributiva+PBS | F34: % PGU No Contributiva+PBS | G34: PGU Contributivo | H34: APSV | I34: APSI | J34: Total PGU Contributiva+APS | K34: %PGU Contributiva+APS | L34: Nbis | M34: Total PGU+PBS+APS
B35: LA SERENA | C35: 5000 | D35: 1973 | E35: =C35+D35 -> 6973 | F35: =E35/$E$50 -> 0.23596494 | G35: 17443 | H35: 2220 | I35: 1157 | J35: 20820 | K35: =J35/$J$50 -> 0.2583928 | L35: 0 | M35: =L35+J35+E35 -> 27793
B36: COQUIMBO | C36: 5833 | D36: 2068 | E36: =C36+D36 -> 7901 | F36: =E36/$E$50 -> 0.26736828 | G36: 19667 | H36: 2367 | I36: 1243 | J36: 23277 | K36: =J36/$J$50 -> 0.28888613 | L36: 0 | M36: =L36+J36+E36 -> 31178
B37: ANDACOLLO | C37: 377 | D37: 123 | E37: =C37+D37 -> 500 | F37: =E37/$E$50 -> 0.016919901 | G37: 1318 | H37: 104 | I37: 64 | J37: 1486 | K37: =J37/$J$50 -> 0.018442445 | L37: 0 | M37: =L37+J37+E37 -> 1986
B38: LA HIGUERA | C38: 170 | D38: 50 | E38: =C38+D38 -> 220 | F38: =E38/$E$50 -> 0.0074447565 | G38: 393 | H38: 26 | I38: 29 | J38: 448 | K38: =J38/$J$50 -> 0.0055600372 | L38: 0 | M38: =L38+J38+E38 -> 668
B39: PAIHUANO | C39: 127 | D39: 37 | E39: =C39+D39 -> 164 | F39: =E39/$E$50 -> 0.0055497276 | G39: 516 | H39: 51 | I39: 20 | J39: 587 | K39: =J39/$J$50 -> 0.0072851381 | L39: 0 | M39: =L39+J39+E39 -> 751
B40: VICUÑA | C40: 629 | D40: 259 | E40: =C40+D40 -> 888 | F40: =E40/$E$50 -> 0.030049745 | G40: 2898 | H40: 245 | I40: 183 | J40: 3326 | K40: =J40/$J$50 -> 0.041278312 | L40: 0 | M40: =L40+J40+E40 -> 4214
B41: ILLAPEL | C41: 1251 | D41: 349 | E41: =C41+D41 -> 1600 | F41: =E41/$E$50 -> 0.054143684 | G41: 3618 | H41: 313 | I41: 208 | J41: 4139 | K41: =J41/$J$50 -> 0.05136829 | L41: 0 | M41: =L41+J41+E41 -> 5739
B42: CANELA | C42: 504 | D42: 132 | E42: =C42+D42 -> 636 | F42: =E42/$E$50 -> 0.021522114 | G42: 939 | H42: 44 | I42: 59 | J42: 1042 | K42: =J42/$J$50 -> 0.012932051 | L42: 0 | M42: =L42+J42+E42 -> 1678
B43: LOS VILOS | C43: 730 | D43: 220 | E43: =C43+D43 -> 950 | F43: =E43/$E$50 -> 0.032147812 | G43: 2181 | H43: 169 | I43: 124 | J43: 2474 | K43: =J43/$J$50 -> 0.030704313 | L43: 0 | M43: =L43+J43+E43 -> 3424
B44: SALAMANCA | C44: 1106 | D44: 322 | E44: =C44+D44 -> 1428 | F44: =E44/$E$50 -> 0.048323238 | G44: 3023 | H44: 179 | I44: 134 | J44: 3336 | K44: =J44/$J$50 -> 0.04140242 | L44: 0 | M44: =L44+J44+E44 -> 4764
B45: OVALLE | C45: 3968 | D45: 1223 | E45: =C45+D45 -> 5191 | F45: =E45/$E$50 -> 0.17566241 | G45: 10860 | H45: 923 | I45: 647 | J45: 12430 | K45: =J45/$J$50 -> 0.15426621 | L45: 0 | M45: =L45+J45+E45 -> 17621
B46: COMBARBALA | C46: 620 | D46: 174 | E46: =C46+D46 -> 794 | F46: =E46/$E$50 -> 0.026868803 | G46: 1861 | H46: 146 | I46: 87 | J46: 2094 | K46: =J46/$J$50 -> 0.02598821 | L46: 0 | M46: =L46+J46+E46 -> 2888
... B49: RIO HURTADO | C49: 260 | D49: 51 | E49: =C49+D49 -> 311 | F49: =E49/$E$50 -> 0.010524179 | G49: 496 | H49: 23 | I49: 23 | J49: 542 | K49: =J49/$J$50 -> 0.0067266522 | L49: 0 | M49: =L49+J49+E49 -> 853
B50: Totales | C50: =SUM(C35:C49) -> 22034 | D50: =SUM(D35:D49) -> 7517 | E50: =C50+D50 -> 29551 | F50: =E50/$E$50 -> 1 | G50: =SUM(G35:G49) -> 69303 | H50: =SUM(H35:H49) -> 7009 | I50: =SUM(I35:I49) -> 4263 | J50: =SUM(J35:J49) -> 80575 | K50: =J50/$J$50 -> 1 | L50: =SUM(L35:L49) -> 0 | M50: =L50+J50+E50 -> 110126
B51: % respecto del total de concesiones | C51: =+C50/M50 -> 0.20007991 | D51: =+D50/M50 -> 0.068258177 | E51: =+E50/M50 -> 0.26833809 | G51: =+G50/M50 -> 0.62930643 | H51: =+H50/M50 -> 0.063645279 | I51: =+I50/M50 -> 0.038710205 | J51: =+J50/M50 -> 0.73166191 | L51: =+L50/M50 -> 0 | M51: =J51+L51+E51 -> 1
B52: Fuente: Elaboración propia sobre la base de información del IPS.
B53: Nota: La información estadística reportada del número de solicitudes concesionadas, en trámite, rechazadas y anuladas varía mes a mes por actualización de cifras.
B143: Copiar extraccion TODOS desde casilla A140, luego formatear numeros con punto sindecimales

Sheet V
A2: Subsecretaría de Previsión Social
A3: Dirección de Estudios Previsionales
B5: Número de Solicitudes de Beneficios de PGU y SPS según tipo de beneficio - V Región de Vaparaíso | M5: Volver Sistema de Pensiones Solidarias
B6: ='Solicitudes Regiones'!$B$6:$R$6 -> Julio de 2008 a junio de 2022
B8: Distribución Regional Solicitudes de PGU y Pilar Solidario - no incluye ex Pasis
B9: COMUNA | C9: TIPO BENEFICIO
C10: PBSV/PGU No Contributivo | D10: PBSI | E10: TOTAL PGU No Contributiva+PBS | F10: % PGU No Contributiva+PBS | G10: PGU Contributivo | H10: APSV | I10: APSI | J10: Total PGU Contributiva+APS | K10: %PGU Contributiva+APS | L10: Nbis | M10: Total PGU+PBS+APS
B11: VALPARAISO | C11: 10839 | D11: 6113 | E11: =C11+D11 -> 16952 | F11: =E11/$E$49 -> 0.17963145 | G11: 36614 | H11: 7498 | I11: 2803 | J11: 46915 | K11: =J11/$J$49 -> 0.17053055 | L11: 0 | M11: =L11+J11+E11 -> 63867
B12: CONCON | C12: 1217 | D12: 529 | E12: =C12+D12 -> 1746 | F12: =E12/$E$49 -> 0.018501446 | G12: 3885 | H12: 756 | I12: 204 | J12: 4845 | K12: =J12/$J$49 -> 0.017611009 | L12: 0 | M12: =L12+J12+E12 -> 6591
B13: PUCHUNCAVI | C13: 873 | D13: 317 | E13: =C13+D13 -> 1190 | F13: =E13/$E$49 -> 0.012609806 | G13: 2359 | H13: 421 | I13: 106 | J13: 2886 | K13: =J13/$J$49 -> 0.010490273 | L13: 0 | M13: =L13+J13+E13 -> 4076
B14: VIÑA DEL MAR | C14: 10055 | D14: 4122 | E14: =C14+D14 -> 14177 | F14: =E14/$E$49 -> 0.15022623 | G14: 38215 | H14: 8942 | I14: 2137 | J14: 49294 | K14: =J14/$J$49 -> 0.17917793 | L14: 0 | M14: =L14+J14+E14 -> 63471
B15: ISLA DE PASCUA | C15: 134 | D15: 77 | E15: =C15+D15 -> 211 | F15: =E15/$E$49 -> 0.0022358564 | G15: 390 | H15: 57 | I15: 39 | J15: 486 | K15: =J15/$J$49 -> 0.0017665533 | L15: 0 | M15: =L15+J15+E15 -> 697
B16: LOS ANDES | C16: 2014 | D16: 953 | E16: =C16+D16 -> 2967 | F16: =E16/$E$49 -> 0.031439743 | G16: 8212 | H16: 1671 | I16: 515 | J16: 10398 | K16: =J16/$J$49 -> 0.037795516 | L16: 0 | M16: =L16+J16+E16 -> 13365
B17: RINCONADA | C17: 208 | D17: 122 | E17: =C17+D17 -> 330 | F17: =E17/$E$49 -> 0.003496837 | G17: 1031 | H17: 130 | I17: 75 | J17: 1236 | K17: =J17/$J$49 -> 0.0044927157 | L17: 0 | M17: =L17+J17+E17 -> 1566
B18: SAN ESTEBAN | C18: 527 | D18: 312 | E18: =C18+D18 -> 839 | F18: =E18/$E$49 -> 0.008890443 | G18: 2077 | H18: 356 | I18: 126 | J18: 2559 | K18: =J18/$J$49 -> 0.0093016662 | L18: 0 | M18: =L18+J18+E18 -> 3398
B19: PAPUDO | C19: 232 | D19: 120 | E19: =C19+D19 -> 352 | F19: =E19/$E$49 -> 0.0037299594 | G19: 656 | H19: 101 | I19: 57 | J19: 814 | K19: =J19/$J$49 -> 0.002958795 | L19: 0 | M19: =L19+J19+E19 -> 1166
B20: LA CALERA | C20: 2235 | D20: 1168 | E20: =C20+D20 -> 3403 | F20: =E20/$E$49 -> 0.036059807 | G20: 6937 | H20: 1159 | I20: 545 | J20: 8641 | K20: =J20/$J$49 -> 0.031409026 | L20: 0 | M20: =L20+J20+E20 -> 12044
B21: HIJUELAS | C21: 835 | D21: 504 | E21: =C21+D21 -> 1339 | F21: =E21/$E$49 -> 0.014188681 | G21: 1995 | H21: 293 | I21: 205 | J21: 2493 | K21: =J21/$J$49 -> 0.0090617639 | L21: 0 | M21: =L21+J21+E21 -> 3832
B22: LA CRUZ | C22: 490 | D22: 223 | E22: =C22+D22 -> 713 | F22: =E22/$E$49 -> 0.0075552871 | G22: 1817 | H22: 269 | I22: 150 | J22: 2236 | K22: =J22/$J$49 -> 0.0081275989 | L22: 0 | M22: =L22+J22+E22 -> 2949
... B48: VILLA ALEMANA | C48: 3565 | D48: 2088 | E48: =C48+D48 -> 5653 | F48: =E48/$E$49 -> 0.059901877 | G48: 12779 | H48: 2439 | I48: 851 | J48: 16069 | K48: =J48/$J$49 -> 0.058408939 | L48: 0 | M48: =L48+J48+E48 -> 21722
B49: Totales | C49: =SUM(C11:C48) -> 62811 | D49: =SUM(D11:D48) -> 31560 | E49: =C49+D49 -> 94371 | F49: =E49/$E$49 -> 1 | G49: =SUM(G11:G48) -> 217788 | H49: =SUM(H11:H48) -> 42685 | I49: =SUM(I11:I48) -> 14639 | J49: =SUM(J11:J48) -> 275112 | K49: =J49/$J$49 -> 1 | L49: =SUM(L11:L48) -> 0 | M49: =L49+J49+E49 -> 369483
B50: % respecto del total de solicitudes | C50: =+C49/M49 -> 0.169997 | D50: =+D49/M49 -> 0.08541665 | E50: =+E49/M49 -> 0.25541365 | G50: =+G49/M49 -> 0.58943984 | H50: =+H49/M49 -> 0.11552629 | I50: =+I49/M49 -> 0.039620226 | J50: =+J49/M49 -> 0.74458635 | L50: =+L49/M49 -> 0 | M50: =J50+L50+E50 -> 1
B52: Número de Concesiones de Beneficios de PGU y SPS según tipo de beneficio - V Región de Vaparaíso
B53: ='Solicitudes Regiones'!$B$6:$R$6 -> Julio de 2008 a junio de 2022
B55: Concesiones de PGU y Pilar Solidario a nivel comunal
B56: COMUNA | C56: TIPO BENEFICIO
C57: PBSV/PGU No Contributivo | D57: PBSI | E57: TOTAL PGU No Contributiva+PBS | F57: % PGU No Contributiva+PBS | G57: PGU Contributivo | H57: APSV | I57: APSI | J57: Total PGU Contributiva+APS | K57: %PGU Contributiva+APS | L57: Nbis | M57: Total PGU+PBS+APS
B58: VALPARAISO | C58: 9611 | D58: 4146 | E58: =C58+D58 -> 13757 | F58: =E58/$E$96 -> 0.18649008 | G58: 31174 | H58: 3753 | I58: 2390 | J58: 37317 | K58: =J58/$J$96 -> 0.17274549 | L58: 0 | M58: =L58+J58+E58 -> 51074
B59: CONCON | C59: 987 | D59: 355 | E59: =C59+D59 -> 1342 | F59: =E59/$E$96 -> 0.01819217 | G59: 2923 | H59: 399 | I59: 170 | J59: 3492 | K59: =J59/$J$96 -> 0.016164945 | L59: 0 | M59: =L59+J59+E59 -> 4834
B60: PUCHUNCAVI | C60: 712 | D60: 165 | E60: =C60+D60 -> 877 | F60: =E60/$E$96 -> 0.011888624 | G60: 1921 | H60: 187 | I60: 94 | J60: 2202 | K60: =J60/$J$96 -> 0.010193359 | L60: 0 | M60: =L60+J60+E60 -> 3079
B61: VIÑA DEL MAR | C61: 8732 | D61: 2918 | E61: =C61+D61 -> 11650 | F61: =E61/$E$96 -> 0.15792756 | G61: 31410 | H61: 4154 | I61: 1826 | J61: 37390 | K61: =J61/$J$96 -> 0.17308342 | L61: 0 | M61: =L61+J61+E61 -> 49040
B62: ISLA DE PASCUA | C62: 115 | D62: 53 | E62: =C62+D62 -> 168 | F62: =E62/$E$96 -> 0.0022774103 | G62: 333 | H62: 29 | I62: 32 | J62: 394 | K62: =J62/$J$96 -> 0.0018238799 | L62: 0 | M62: =L62+J62+E62 -> 562
B63: LOS ANDES | C63: 1585 | D63: 504 | E63: =C63+D63 -> 2089 | F63: =E63/$E$96 -> 0.028318512 | G63: 6798 | H63: 817 | I63: 433 | J63: 8048 | K63: =J63/$J$96 -> 0.037255292 | L63: 0 | M63: =L63+J63+E63 -> 10137
B64: RINCONADA | C64: 181 | D64: 70 | E64: =C64+D64 -> 251 | F64: =E64/$E$96 -> 0.0034025594 | G64: 917 | H64: 73 | I64: 67 | J64: 1057 | K64: =J64/$J$96 -> 0.0048929975 | L64: 0 | M64: =L64+J64+E64 -> 1308
B65: SAN ESTEBAN | C65: 410 | D65: 141 | E65: =C65+D65 -> 551 | F65: =E65/$E$96 -> 0.0074693634 | G65: 1774 | H65: 156 | I65: 106 | J65: 2036 | K65: =J65/$J$96 -> 0.0094249223 | L65: 0 | M65: =L65+J65+E65 -> 2587
B66: PAPUDO | C66: 212 | D66: 71 | E66: =C66+D66 -> 283 | F66: =E66/$E$96 -> 0.0038363518 | G66: 541 | H66: 61 | I66: 39 | J66: 641 | K66: =J66/$J$96 -> 0.0029672766 | L66: 0 | M66: =L66+J66+E66 -> 924
B67: LA CALERA | C67: 1978 | D67: 709 | E67: =C67+D67 -> 2687 | F67: =E67/$E$96 -> 0.036425008 | G67: 6005 | H67: 630 | I67: 445 | J67: 7080 | K67: =J67/$J$96 -> 0.032774288 | L67: 0 | M67: =L67+J67+E67 -> 9767
B68: HIJUELAS | C68: 738 | D68: 279 | E68: =C68+D68 -> 1017 | F68: =E68/$E$96 -> 0.013786466 | G68: 1791 | H68: 122 | I68: 179 | J68: 2092 | K68: =J68/$J$96 -> 0.009684154 | L68: 0 | M68: =L68+J68+E68 -> 3109
B69: LA CRUZ | C69: 419 | D69: 137 | E69: =C69+D69 -> 556 | F69: =E69/$E$96 -> 0.0075371435 | G69: 1511 | H69: 149 | I69: 112 | J69: 1772 | K69: =J69/$J$96 -> 0.0082028303 | L69: 0 | M69: =L69+J69+E69 -> 2328
... B95: VILLA ALEMANA | C95: 3046 | D95: 1249 | E95: =C95+D95 -> 4295 | F95: =E95/$E$96 -> 0.058223078 | G95: 10382 | H95: 1314 | I95: 720 | J95: 12416 | K95: =J95/$J$96 -> 0.057475361 | L95: 0 | M95: =L95+J95+E95 -> 16711
B96: Totales | C96: =SUM(C58:C95) -> 54157 | D96: =SUM(D58:D95) -> 19611 | E96: =C96+D96 -> 73768 | F96: =E96/$E$96 -> 1 | G96: =SUM(G58:G95) -> 182897 | H96: =SUM(H58:H95) -> 20998 | I96: =SUM(I58:I95) -> 12128 | J96: =SUM(J58:J95) -> 216023 | K96: =J96/$J$96 -> 1 | L96: =SUM(L58:L95) -> 0 | M96: =L96+J96+E96 -> 289791
B97: % respecto del total de concesiones | C97: =+C96/M96 -> 0.18688296 | D97: =+D96/M96 -> 0.067672909 | E97: =+E96/M96 -> 0.25455587 | G97: =+G96/M96 -> 0.63113416 | H97: =+H96/M96 -> 0.072459117 | I97: =+I96/M96 -> 0.041850851 | J97: =+J96/M96 -> 0.74544413 | L97: =+L96/M96 -> 0 | M97: =J97+L97+E97 -> 1
B98: Fuente: Elaboración propia sobre la base de información del IPS.
B99: Nota: La información estadística reportada del número de solicitudes concesionadas, en trámite, rechazadas y anuladas varía mes a mes por actualización de cifras.
B141: Copiar extraccion TODOS desde casilla A140, luego formatear numeros con punto sindecimales

Sheet VI
A2: Subsecretaría de Previsión Social
A3: Dirección de Estudios Previsionales
B5: Número de Solicitudes de Beneficios de PGU y SPS según tipo de beneficio - VI Región de L.G.B. O'Higgins | M5: Volver Sistema de Pensiones Solidarias
B6: ='Solicitudes Regiones'!$B$6:$R$6 -> Julio de 2008 a junio de 2022
B8: Distribución Regional Solicitudes de PGU y Pilar Solidario - no incluye ex Pasis
B9: COMUNA | C9: TIPO BENEFICIO
C10: PBSV/PGU No Contributivo | D10: PBSI | E10: TOTAL PGU No Contributiva+PBS | F10: % PGU No Contributiva+PBS | G10: PGU Contributivo | H10: APSV | I10: APSI | J10: Total PGU Contributiva+APS | K10: %PGU Contributiva+APS | L10: Nbis | M10: Total PGU+PBS+APS
B11: RANCAGUA | C11: 6852 | D11: 3930 | E11: =C11+D11 -> 10782 | F11: =E11/$E$44 -> 0.22294824 | G11: 25074 | H11: 4763 | I11: 2409 | J11: 32246 | K11: =J11/$J$44 -> 0.24927335 | L11: 0 | M11: =L11+J11+E11 -> 43028
B12: COLTAUCO | C12: 674 | D12: 388 | E12: =C12+D12 -> 1062 | F12: =E12/$E$44 -> 0.021959844 | G12: 2361 | H12: 337 | I12: 183 | J12: 2881 | K12: =J12/$J$44 -> 0.022271181 | L12: 0 | M12: =L12+J12+E12 -> 3943
B13: GRANEROS | C13: 856 | D13: 436 | E13: =C13+D13 -> 1292 | F13: =E13/$E$44 -> 0.026715742 | G13: 3180 | H13: 577 | I13: 267 | J13: 4024 | K13: =J13/$J$44 -> 0.031106988 | L13: 0 | M13: =L13+J13+E13 -> 5316
B14: PICHIDEGUA | C14: 893 | D14: 527 | E14: =C14+D14 -> 1420 | F14: =E14/$E$44 -> 0.029362503 | G14: 2513 | H14: 371 | I14: 181 | J14: 3065 | K14: =J14/$J$44 -> 0.023693568 | L14: 0 | M14: =L14+J14+E14 -> 4485
B15: REQUINOA | C15: 582 | D15: 414 | E15: =C15+D15 -> 996 | F15: =E15/$E$44 -> 0.020595108 | G15: 2655 | H15: 536 | I15: 218 | J15: 3409 | K15: =J15/$J$44 -> 0.026352814 | L15: 0 | M15: =L15+J15+E15 -> 4405
B16: LITUECHE | C16: 289 | D16: 190 | E16: =C16+D16 -> 479 | F16: =E16/$E$44 -> 0.0099046753 | G16: 768 | H16: 99 | I16: 48 | J16: 915 | K16: =J16/$J$44 -> 0.0070732839 | L16: 0 | M16: =L16+J16+E16 -> 1394
B17: PAREDONES | C17: 329 | D17: 242 | E17: =C17+D17 -> 571 | F17: =E17/$E$44 -> 0.011807035 | G17: 897 | H17: 89 | I17: 65 | J17: 1051 | K17: =J17/$J$44 -> 0.0081246135 | L17: 0 | M17: =L17+J17+E17 -> 1622
B18: CHEPICA | C18: 720 | D18: 498 | E18: =C18+D18 -> 1218 | F18: =E18/$E$44 -> 0.025185583 | G18: 2118 | H18: 294 | I18: 156 | J18: 2568 | K18: =J18/$J$44 -> 0.019851577 | L18: 0 | M18: =L18+J18+E18 -> 3786
B19: PALMILLA | C19: 525 | D19: 278 | E19: =C19+D19 -> 803 | F19: =E19/$E$44 -> 0.016604289 | G19: 1610 | H19: 215 | I19: 136 | J19: 1961 | K19: =J19/$J$44 -> 0.015159246 | L19: 0 | M19: =L19+J19+E19 -> 2764
B20: PLACILLA | C20: 269 | D20: 237 | E20: =C20+D20 -> 506 | F20: =E20/$E$44 -> 0.010462976 | G20: 1109 | H20: 129 | I20: 96 | J20: 1334 | K20: =J20/$J$44 -> 0.010312307 | L20: 0 | M20: =L20+J20+E20 -> 1840
B21: SANTA CRUZ | C21: 1402 | D21: 901 | E21: =C21+D21 -> 2303 | F21: =E21/$E$44 -> 0.047621017 | G21: 5070 | H21: 761 | I21: 437 | J21: 6268 | K21: =J21/$J$44 -> 0.048453927 | L21: 0 | M21: =L21+J21+E21 -> 8571
B22: CODEGUA | C22: 327 | D22: 270 | E22: =C22+D22 -> 597 | F22: =E22/$E$44 -> 0.012344658 | G22: 1394 | H22: 193 | I22: 139 | J22: 1726 | K22: =J22/$J$44 -> 0.01334261 | L22: 0 | M22: =L22+J22+E22 -> 2323
... B43: LA ESTRELLA | C43: 170 | D43: 114 | E43: =C43+D43 -> 284 | F43: =E43/$E$44 -> 0.0058725006 | G43: 479 | H43: 63 | I43: 17 | J43: 559 | K43: =J43/$J$44 -> 0.004321274 | L43: 0 | M43: =L43+J43+E43 -> 843
B44: Totales | C44: =SUM(C11:C43) -> 29885 | D44: =SUM(D11:D43) -> 18476 | E44: =C44+D44 -> 48361 | F44: =E44/$E$44 -> 1 | G44: =SUM(G11:G43) -> 103946 | H44: =SUM(H11:H43) -> 16973 | I44: =SUM(I11:I43) -> 8441 | J44: =SUM(J11:J43) -> 129360 | K44: =J44/$J$44 -> 1 | L44: =SUM(L11:L43) -> 0 | M44: =L44+J44+E44 -> 177721
B45: % respecto del total de solicitudes | C45: =+C44/M44 -> 0.16815683 | D45: =+D44/M44 -> 0.1039607 | E45: =+E44/M44 -> 0.27211753 | G45: =+G44/M44 -> 0.58488305 | H45: =+H44/M44 -> 0.095503626 | I45: =+I44/M44 -> 0.047495794 | J45: =+J44/M44 -> 0.72788247 | L45: =+L44/M44 -> 0 | M45: =J45+L45+E45 -> 1
B47: Número de Concesiones de Beneficios de PGU y SPS según tipo de beneficio - VI Región de L.G.B. O'Higgins
B48: ='Solicitudes Regiones'!$B$6:$R$6 -> Julio de 2008 a junio de 2022
B50: Concesiones de PGU y Pilar Solidario a nivel comunal
B51: COMUNA | C51: TIPO BENEFICIO
C52: PBSV/PGU No Contributivo | D52: PBSI | E52: TOTAL PGU No Contributiva+PBS | F52: % PGU No Contributiva+PBS | G52: PGU Contributivo | H52: APSV | I52: APSI | J52: Total PGU Contributiva+APS | K52: %PGU Contributiva+APS | L52: Nbis | M52: Total PGU+PBS+APS
B53: RANCAGUA | C53: 5610 | D53: 2364 | E53: =C53+D53 -> 7974 | F53: =E53/$E$86 -> 0.22704365 | G53: 19734 | H53: 2310 | I53: 2042 | J53: 24086 | K53: =J53/$J$86 -> 0.23018846 | L53: 0 | M53: =L53+J53+E53 -> 32060
B54: COLTAUCO | C54: 594 | D54: 207 | E54: =C54+D54 -> 801 | F54: =E54/$E$86 -> 0.022806868 | G54: 2159 | H54: 188 | I54: 146 | J54: 2493 | K54: =J54/$J$86 -> 0.023825452 | L54: 0 | M54: =L54+J54+E54 -> 3294
B55: GRANEROS | C55: 724 | D55: 278 | E55: =C55+D55 -> 1002 | F55: =E55/$E$86 -> 0.028529939 | G55: 2748 | H55: 317 | I55: 222 | J55: 3287 | K55: =J55/$J$86 -> 0.031413663 | L55: 0 | M55: =L55+J55+E55 -> 4289
B56: PICHIDEGUA | C56: 793 | D56: 249 | E56: =C56+D56 -> 1042 | F56: =E56/$E$86 -> 0.029668859 | G56: 2270 | H56: 196 | I56: 155 | J56: 2621 | K56: =J56/$J$86 -> 0.02504874 | L56: 0 | M56: =L56+J56+E56 -> 3663
B57: REQUINOA | C57: 488 | D57: 227 | E57: =C57+D57 -> 715 | F57: =E57/$E$86 -> 0.02035819 | G57: 2313 | H57: 244 | I57: 169 | J57: 2726 | K57: =J57/$J$86 -> 0.026052219 | L57: 0 | M57: =L57+J57+E57 -> 3441
B58: LITUECHE | C58: 252 | D58: 73 | E58: =C58+D58 -> 325 | F58: =E58/$E$86 -> 0.0092537228 | G58: 666 | H58: 59 | I58: 33 | J58: 758 | K58: =J58/$J$86 -> 0.0072441607 | L58: 0 | M58: =L58+J58+E58 -> 1083
B59: PAREDONES | C59: 307 | D59: 108 | E59: =C59+D59 -> 415 | F59: =E59/$E$86 -> 0.011816292 | G59: 824 | H59: 55 | I59: 57 | J59: 936 | K59: =J59/$J$86 -> 0.0089452961 | L59: 0 | M59: =L59+J59+E59 -> 1351
B60: CHEPICA | C60: 630 | D60: 206 | E60: =C60+D60 -> 836 | F60: =E60/$E$86 -> 0.023803422 | G60: 1884 | H60: 143 | I60: 135 | J60: 2162 | K60: =J60/$J$86 -> 0.020662105 | L60: 0 | M60: =L60+J60+E60 -> 2998
B61: PALMILLA | C61: 414 | D61: 130 | E61: =C61+D61 -> 544 | F61: =E61/$E$86 -> 0.015489308 | G61: 1415 | H61: 89 | I61: 112 | J61: 1616 | K61: =J61/$J$86 -> 0.015444015 | L61: 0 | M61: =L61+J61+E61 -> 2160
B62: PLACILLA | C62: 245 | D62: 104 | E62: =C62+D62 -> 349 | F62: =E62/$E$86 -> 0.0099370747 | G62: 1006 | H62: 64 | I62: 77 | J62: 1147 | K62: =J62/$J$86 -> 0.01096181 | L62: 0 | M62: =L62+J62+E62 -> 1496
B63: SANTA CRUZ | C63: 1223 | D63: 425 | E63: =C63+D63 -> 1648 | F63: =E63/$E$86 -> 0.046923493 | G63: 4474 | H63: 387 | I63: 363 | J63: 5224 | K63: =J63/$J$86 -> 0.049925456 | L63: 0 | M63: =L63+J63+E63 -> 6872
B64: CODEGUA | C64: 281 | D64: 132 | E64: =C64+D64 -> 413 | F64: =E64/$E$86 -> 0.011759346 | G64: 1236 | H64: 122 | I64: 113 | J64: 1471 | K64: =J64/$J$86 -> 0.014058259 | L64: 0 | M64: =L64+J64+E64 -> 1884
... B85: LA ESTRELLA | C85: 154 | D85: 45 | E85: =C85+D85 -> 199 | F85: =E85/$E$86 -> 0.0056661257 | G85: 427 | H85: 34 | I85: 15 | J85: 476 | K85: =J85/$J$86 -> 0.0045491036 | L85: 0 | M85: =L85+J85+E85 -> 675
B86: Totales | C86: =SUM(C53:C85) -> 25594 | D86: =SUM(D53:D85) -> 9527 | E86: =C86+D86 -> 35121 | F86: =E86/$E$86 -> 1 | G86: =SUM(G53:G85) -> 88973 | H86: =SUM(H53:H85) -> 8646 | I86: =SUM(I53:I85) -> 7017 | J86: =SUM(J53:J85) -> 104636 | K86: =J86/$J$86 -> 1 | L86: =SUM(L53:L85) -> 0 | M86: =L86+J86+E86 -> 139757
B87: % respecto del total de concesiones | C87: =+C86/M86 -> 0.18313215 | D87: =+D86/M86 -> 0.068168321 | E87: =+E86/M86 -> 0.25130047 | G87: =+G86/M86 -> 0.63662643 | H87: =+H86/M86 -> 0.061864522 | I87: =+I86/M86 -> 0.050208576 | J87: =+J86/M86 -> 0.74869953 | L87: =+L86/M86 -> 0 | M87: =J87+L87+E87 -> 1
B88: Fuente: Elaboración propia sobre la base de información del IPS.
B89: Nota: La información estadística reportada del número de solicitudes concesionadas, en trámite, rechazadas y anuladas varía mes a mes por actualización de cifras.

Sheet VII
A2: Subsecretaría de Previsión Social
A3: Dirección de Estudios Previsionales
B5: Número de Solicitudes de Beneficios de PGU y SPS según tipo de beneficio - VII Región del Maule | M5: Volver Sistema de Pensiones Solidarias
B6: ='Solicitudes Regiones'!$B$6:$R$6 -> Julio de 2008 a junio de 2022
B8: Distribución Regional Solicitudes de PGU y Pilar Solidario - no incluye ex Pasis
B9: COMUNA | C9: TIPO BENEFICIO
C10: PBSV/PGU No Contributivo | D10: PBSI | E10: TOTAL PGU No Contributiva+PBS | F10: % PGU No Contributiva+PBS | G10: PGU Contributivo | H10: APSV | I10: APSI | J10: Total PGU Contributiva+APS | K10: %PGU Contributiva+APS | L10: Nbis | M10: Total PGU+PBS+APS
B11: CUREPTO | C11: 719 | D11: 604 | E11: =C11+D11 -> 1323 | F11: =E11/$E$41 -> 0.020527541 | G11: 1418 | H11: 175 | I11: 121 | J11: 1714 | K11: =J11/$J$41 -> 0.011638329 | L11: 0 | M11: =L11+J11+E11 -> 3037
B12: PELARCO | C12: 442 | D12: 194 | E12: =C12+D12 -> 636 | F12: =E12/$E$41 -> 0.0098681148 | G12: 1021 | H12: 145 | I12: 71 | J12: 1237 | K12: =J12/$J$41 -> 0.0083994242 | L12: 0 | M12: =L12+J12+E12 -> 1873
B13: SAN RAFAEL | C13: 415 | D13: 283 | E13: =C13+D13 -> 698 | F13: =E13/$E$41 -> 0.010830101 | G13: 1004 | H13: 126 | I13: 68 | J13: 1198 | K13: =J13/$J$41 -> 0.0081346081 | L13: 0 | M13: =L13+J13+E13 -> 1896
B14: PELLUHUE | C14: 449 | D14: 293 | E14: =C14+D14 -> 742 | F14: =E14/$E$41 -> 0.011512801 | G14: 742 | H14: 97 | I14: 58 | J14: 897 | K14: =J14/$J$41 -> 0.0060907708 | L14: 0 | M14: =L14+J14+E14 -> 1639
B15: LICANTEN | C15: 339 | D15: 196 | E15: =C15+D15 -> 535 | F15: =E15/$E$41 -> 0.0083010085 | G15: 808 | H15: 78 | I15: 62 | J15: 948 | K15: =J15/$J$41 -> 0.0064370688 | L15: 0 | M15: =L15+J15+E15 -> 1483
B16: ROMERAL | C16: 439 | D16: 241 | E16: =C16+D16 -> 680 | F16: =E16/$E$41 -> 0.010550815 | G16: 1668 | H16: 167 | I16: 105 | J16: 1940 | K16: =J16/$J$41 -> 0.013172905 | L16: 0 | M16: =L16+J16+E16 -> 2620
B17: LONGAVI | C17: 1626 | D17: 960 | E17: =C17+D17 -> 2586 | F17: =E17/$E$41 -> 0.040124127 | G17: 3485 | H17: 421 | I17: 269 | J17: 4175 | K17: =J17/$J$41 -> 0.028348905 | L17: 0 | M17: =L17+J17+E17 -> 6761
B18: YERBAS BUENAS | C18: 838 | D18: 480 | E18: =C18+D18 -> 1318 | F18: =E18/$E$41 -> 0.020449961 | G18: 1988 | H18: 188 | I18: 154 | J18: 2330 | K18: =J18/$J$41 -> 0.015821066 | L18: 0 | M18: =L18+J18+E18 -> 3648
B19: EMPEDRADO | C19: 206 | D19: 224 | E19: =C19+D19 -> 430 | F19: =E19/$E$41 -> 0.0066718386 | G19: 359 | H19: 28 | I19: 40 | J19: 427 | K19: =J19/$J$41 -> 0.002899397 | L19: 0 | M19: =L19+J19+E19 -> 857
B20: SAN CLEMENTE | C20: 1884 | D20: 1063 | E20: =C20+D20 -> 2947 | F20: =E20/$E$41 -> 0.045725369 | G20: 4480 | H20: 528 | I20: 401 | J20: 5409 | K20: =J20/$J$41 -> 0.036727959 | L20: 0 | M20: =L20+J20+E20 -> 8356
B21: CAUQUENES | C21: 2278 | D21: 1289 | E21: =C21+D21 -> 3567 | F21: =E21/$E$41 -> 0.055345229 | G21: 6424 | H21: 879 | I21: 435 | J21: 7738 | K21: =J21/$J$41 -> 0.052542235 | L21: 0 | M21: =L21+J21+E21 -> 11305
B22: MOLINA | C22: 1323 | D22: 663 | E22: =C22+D22 -> 1986 | F22: =E22/$E$41 -> 0.030814585 | G22: 5587 | H22: 741 | I22: 340 | J22: 6668 | K22: =J22/$J$41 -> 0.045276767 | L22: 0 | M22: =L22+J22+E22 -> 8654
... B40: PARRAL | C40: 2007 | D40: 1181 | E40: =C40+D40 -> 3188 | F40: =E40/$E$41 -> 0.049464701 | G40: 5529 | H40: 750 | I40: 464 | J40: 6743 | K40: =J40/$J$41 -> 0.045786029 | L40: 0 | M40: =L40+J40+E40 -> 9931
B41: Totales | C41: =SUM(C11:C40) -> 40610 | D41: =SUM(D11:D40) -> 23840 | E41: =C41+D41 -> 64450 | F41: =E41/$E$41 -> 1 | G41: =SUM(G11:G40) -> 120432 | H41: =SUM(H11:H40) -> 17754 | I41: =SUM(I11:I40) -> 9086 | J41: =SUM(J11:J40) -> 147272 | K41: =J41/$J$41 -> 1 | L41: =SUM(L11:L40) -> 0 | M41: =L41+J41+E41 -> 211722
B42: % respecto del total de solicitudes | C42: =+C41/M41 -> 0.19180813 | D42: =+D41/M41 -> 0.11260049 | E42: =+E41/M41 -> 0.30440861 | G42: =+G41/M41 -> 0.56882138 | H42: =+H41/M41 -> 0.083855244 | I42: =+I41/M41 -> 0.042914766 | J42: =+J41/M41 -> 0.69559139 | L42: =+L41/M41 -> 0 | M42: =J42+L42+E42 -> 1
B44: Número de Concesiones de Beneficios de PGU y SPS según tipo de beneficio - VII Región del Maule
B45: ='Solicitudes Regiones'!$B$6:$R$6 -> Julio de 2008 a junio de 2022
B47: Concesiones de PGU y Pilar Solidario a nivel comunal
B48: COMUNA | C48: TIPO BENEFICIO
C49: PBSV/PGU No Contributivo | D49: PBSI | E49: TOTAL PGU No Contributiva+PBS | F49: % PGU No Contributiva+PBS | G49: PGU Contributivo | H49: APSV | I49: APSI | J49: Total PGU Contributiva+APS | K49: %PGU Contributiva+APS | L49: Nbis | M49: Total PGU+PBS+APS
B50: CUREPTO | C50: 682 | D50: 234 | E50: =C50+D50 -> 916 | F50: =E50/$E$80 -> 0.018643274 | G50: 1275 | H50: 84 | I50: 89 | J50: 1448 | K50: =J50/$J$80 -> 0.011767957 | L50: 0 | M50: =L50+J50+E50 -> 2364
B51: PELARCO | C51: 393 | D51: 104 | E51: =C51+D51 -> 497 | F51: =E51/$E$80 -> 0.010115401 | G51: 916 | H51: 66 | I51: 58 | J51: 1040 | K51: =J51/$J$80 -> 0.0084521236 | L51: 0 | M51: =L51+J51+E51 -> 1537
B52: SAN RAFAEL | C52: 357 | D52: 120 | E52: =C52+D52 -> 477 | F52: =E52/$E$80 -> 0.0097083427 | G52: 887 | H52: 58 | I52: 55 | J52: 1000 | K52: =J52/$J$80 -> 0.0081270419 | L52: 0 | M52: =L52+J52+E52 -> 1477
B53: PELLUHUE | C53: 411 | D53: 136 | E53: =C53+D53 -> 547 | F53: =E53/$E$80 -> 0.011133047 | G53: 609 | H53: 51 | I53: 41 | J53: 701 | K53: =J53/$J$80 -> 0.0056970564 | L53: 0 | M53: =L53+J53+E53 -> 1248
B54: LICANTEN | C54: 309 | D54: 109 | E54: =C54+D54 -> 418 | F54: =E54/$E$80 -> 0.0085075204 | G54: 727 | H54: 40 | I54: 58 | J54: 825 | K54: =J54/$J$80 -> 0.0067048096 | L54: 0 | M54: =L54+J54+E54 -> 1243
B55: ROMERAL | C55: 382 | D55: 132 | E55: =C55+D55 -> 514 | F55: =E55/$E$80 -> 0.010461401 | G55: 1502 | H55: 86 | I55: 89 | J55: 1677 | K55: =J55/$J$80 -> 0.013629049 | L55: 0 | M55: =L55+J55+E55 -> 2191
B56: LONGAVI | C56: 1398 | D56: 485 | E56: =C56+D56 -> 1883 | F56: =E56/$E$80 -> 0.038324548 | G56: 3143 | H56: 135 | I56: 237 | J56: 3515 | K56: =J56/$J$80 -> 0.028566552 | L56: 0 | M56: =L56+J56+E56 -> 5398
B57: YERBAS BUENAS | C57: 735 | D57: 255 | E57: =C57+D57 -> 990 | F57: =E57/$E$80 -> 0.02014939 | G57: 1804 | H57: 89 | I57: 128 | J57: 2021 | K57: =J57/$J$80 -> 0.016424752 | L57: 0 | M57: =L57+J57+E57 -> 3011
B58: EMPEDRADO | C58: 202 | D58: 88 | E58: =C58+D58 -> 290 | F58: =E58/$E$80 -> 0.0059023467 | G58: 332 | H58: 15 | I58: 31 | J58: 378 | K58: =J58/$J$80 -> 0.0030720218 | L58: 0 | M58: =L58+J58+E58 -> 668
B59: SAN CLEMENTE | C59: 1683 | D59: 560 | E59: =C59+D59 -> 2243 | F59: =E59/$E$80 -> 0.045651599 | G59: 4076 | H59: 291 | I59: 303 | J59: 4670 | K59: =J59/$J$80 -> 0.037953286 | L59: 0 | M59: =L59+J59+E59 -> 6913
B60: CAUQUENES | C60: 2068 | D60: 668 | E60: =C60+D60 -> 2736 | F60: =E60/$E$80 -> 0.055685588 | G60: 5601 | H60: 441 | I60: 359 | J60: 6401 | K60: =J60/$J$80 -> 0.052021195 | L60: 0 | M60: =L60+J60+E60 -> 9137
B61: MOLINA | C61: 1204 | D61: 438 | E61: =C61+D61 -> 1642 | F61: =E61/$E$80 -> 0.033419494 | G61: 4920 | H61: 465 | I61: 291 | J61: 5676 | K61: =J61/$J$80 -> 0.04612909 | L61: 0 | M61: =L61+J61+E61 -> 7318
... B79: PARRAL | C79: 1774 | D79: 594 | E79: =C79+D79 -> 2368 | F79: =E79/$E$80 -> 0.048195714 | G79: 4804 | H79: 391 | I79: 382 | J79: 5577 | K79: =J79/$J$80 -> 0.045324513 | L79: 0 | M79: =L79+J79+E79 -> 7945
B80: Totales | C80: =SUM(C50:C79) -> 36230 | D80: =SUM(D50:D79) -> 12903 | E80: =C80+D80 -> 49133 | F80: =E80/$E$80 -> 1 | G80: =SUM(G50:G79) -> 105952 | H80: =SUM(H50:H79) -> 9596 | I80: =SUM(I50:I79) -> 7498 | J80: =SUM(J50:J79) -> 123046 | K80: =J80/$J$80 -> 1 | L80: =SUM(L50:L79) -> 0 | M80: =L80+J80+E80 -> 172179
B81: % respecto del total de concesiones | C81: =+C80/M80 -> 0.21042055 | D81: =+D80/M80 -> 0.074939453 | E81: =+E80/M80 -> 0.28536 | G81: =+G80/M80 -> 0.6153596 | H81: =+H80/M80 -> 0.055732697 | I81: =+I80/M80 -> 0.043547703 | J81: =+J80/M80 -> 0.71464 | L81: =+L80/M80 -> 0 | M81: =J81+L81+E81 -> 1
B82: Fuente: Elaboración propia sobre la base de información del IPS.
B83: Nota: La información estadística reportada del número de solicitudes concesionadas, en trámite, rechazadas y anuladas varía mes a mes por actualización de cifras.

Sheet XVI
A2: Subsecretaría de Previsión Social
A3: Dirección de Estudios Previsionales
B5: Número de Solicitudes de Beneficios de PGU y SPS según tipo de beneficio - XVI Región de Ñuble | M5: Volver Sistema de Pensiones Solidarias
B6: ='Solicitudes Regiones'!$B$6:$R$6 -> Julio de 2008 a junio de 2022
B8: Distribución Regional Solicitudes de PGU y Pilar Solidario - no incluye ex Pasis
B9: COMUNA | C9: TIPO BENEFICIO
C10: PBSV/PGU No Contributivo | D10: PBSI | E10: TOTAL PGU No Contributiva+PBS | F10: % PGU No Contributiva+PBS | G10: PGU Contributivo | H10: APSV | I10: APSI | J10: Total PGU Contributiva+APS | K10: %PGU Contributiva+APS | L10: Nbis | M10: Total PGU+PBS+APS
B11: CHILLAN | C11: 6999 | D11: 7047 | E11: =C11+D11 -> 14046 | F11: =E11/$E$32 -> 0.30007691 | G11: 21312 | H11: 4215 | I11: 2628 | J11: 28155 | K11: =J11/$J$32 -> 0.40007673 | L11: 0 | M11: =L11+J11+E11 -> 42201
B12: BULNES | C12: 995 | D12: 1092 | E12: =C12+D12 -> 2087 | F12: =E12/$E$32 -> 0.044586395 | G12: 2796 | H12: 404 | I12: 272 | J12: 3472 | K12: =J12/$J$32 -> 0.049336403 | L12: 0 | M12: =L12+J12+E12 -> 5559
B13: CHILLAN VIEJO | C13: 841 | D13: 876 | E13: =C13+D13 -> 1717 | F13: =E13/$E$32 -> 0.036681764 | G13: 2205 | H13: 407 | I13: 326 | J13: 2938 | K13: =J13/$J$32 -> 0.041748373 | L13: 0 | M13: =L13+J13+E13 -> 4655
B14: EL CARMEN | C14: 827 | D14: 1196 | E14: =C14+D14 -> 2023 | F14: =E14/$E$32 -> 0.043219108 | G14: 1152 | H14: 95 | I14: 195 | J14: 1442 | K14: =J14/$J$32 -> 0.020490522 | L14: 0 | M14: =L14+J14+E14 -> 3465
B15: PEMUCO | C15: 414 | D15: 666 | E15: =C15+D15 -> 1080 | F15: =E15/$E$32 -> 0.023072979 | G15: 845 | H15: 96 | I15: 130 | J15: 1071 | K15: =J15/$J$32 -> 0.015218689 | L15: 0 | M15: =L15+J15+E15 -> 2151
B16: PINTO | C16: 625 | D16: 788 | E16: =C16+D16 -> 1413 | F16: =E16/$E$32 -> 0.030187147 | G16: 1190 | H16: 140 | I16: 161 | J16: 1491 | K16: =J16/$J$32 -> 0.021186802 | L16: 0 | M16: =L16+J16+E16 -> 2904
B17: QUILLON | C17: 1082 | D17: 880 | E17: =C17+D17 -> 1962 | F17: =E17/$E$32 -> 0.041915912 | G17: 2313 | H17: 310 | I17: 167 | J17: 2790 | K17: =J17/$J$32 -> 0.039645324 | L17: 0 | M17: =L17+J17+E17 -> 4752
B18: SAN IGNACIO | C18: 1035 | D18: 1519 | E18: =C18+D18 -> 2554 | F18: =E18/$E$32 -> 0.054563323 | G18: 1617 | H18: 175 | I18: 312 | J18: 2104 | K18: =J18/$J$32 -> 0.029897405 | L18: 0 | M18: =L18+J18+E18 -> 4658
B19: YUNGAY | C19: 794 | D19: 886 | E19: =C19+D19 -> 1680 | F19: =E19/$E$32 -> 0.035891301 | G19: 2196 | H19: 326 | I19: 186 | J19: 2708 | K19: =J19/$J$32 -> 0.03848012 | L19: 0 | M19: =L19+J19+E19 -> 4388
B20: QUIRIHUE | C20: 559 | D20: 670 | E20: =C20+D20 -> 1229 | F20: =E20/$E$32 -> 0.026256196 | G20: 1579 | H20: 239 | I20: 151 | J20: 1969 | K20: =J20/$J$32 -> 0.027979083 | L20: 0 | M20: =L20+J20+E20 -> 3198
B21: COBQUECURA | C21: 388 | D21: 353 | E21: =C21+D21 -> 741 | F21: =E21/$E$32 -> 0.015830627 | G21: 529 | H21: 51 | I21: 54 | J21: 634 | K21: =J21/$J$32 -> 0.009009009 | L21: 0 | M21: =L21+J21+E21 -> 1375
B22: COELEMU | C22: 869 | D22: 931 | E22: =C22+D22 -> 1800 | F22: =E22/$E$32 -> 0.038454965 | G22: 2232 | H22: 307 | I22: 195 | J22: 2734 | K22: =J22/$J$32 -> 0.038849575 | L22: 0 | M22: =L22+J22+E22 -> 4534
... B31: SAN NICOLAS | C31: 524 | D31: 738 | E31: =C31+D31 -> 1262 | F31: =E31/$E$32 -> 0.026961203 | G31: 1217 | H31: 112 | I31: 190 | J31: 1519 | K31: =J31/$J$32 -> 0.021584676 | L31: 0 | M31: =L31+J31+E31 -> 2781
B32: Totales | C32: =SUM(C11:C31) -> 21764 | D32: =SUM(D11:D31) -> 25044 | E32: =C32+D32 -> 46808 | F32: =E32/$E$32 -> 1 | G32: =SUM(G11:G31) -> 55151 | H32: =SUM(H11:H31) -> 8479 | I32: =SUM(I11:I31) -> 6744 | J32: =SUM(J11:J31) -> 70374 | K32: =J32/$J$32 -> 1 | L32: =SUM(L11:L31) -> 0 | M32: =L32+J32+E32 -> 117182
B33: % respecto del total de solicitudes | C33: =+C32/M32 -> 0.18572818 | D33: =+D32/M32 -> 0.21371883 | E33: =+E32/M32 -> 0.39944701 | G33: =+G32/M32 -> 0.47064396 | H33: =+H32/M32 -> 0.072357529 | I33: =+I32/M32 -> 0.057551501 | J33: =+J32/M32 -> 0.60055299 | L33: =+L32/M32 -> 0 | M33: =J33+L33+E33 -> 1
B35: Número de Concesiones de Beneficios de PGU y SPS según tipo de beneficio - XVI Región de Ñuble
B36: ='Solicitudes Regiones'!$B$6:$R$6 -> Julio de 2008 a junio de 2022
B38: Concesiones de PGU y Pilar Solidario a nivel comunal
B39: COMUNA | C39: TIPO BENEFICIO
C40: PBSV/PGU No Contributivo | D40: PBSI | E40: TOTAL PGU No Contributiva+PBS | F40: % PGU No Contributiva+PBS | G40: PGU Contributivo | H40: APSV | I40: APSI | J40: Total PGU Contributiva+APS | K40: %PGU Contributiva+APS | L40: Nbis | M40: Total PGU+PBS+APS
B41: CHILLAN | C41: 6090 | D41: 3417 | E41: =C41+D41 -> 9507 | F41: =E41/$E$62 -> 0.31216549 | G41: 18101 | H41: 2267 | I41: 2261 | J41: 22629 | K41: =J41/$J$62 -> 0.38390676 | L41: 0 | M41: =L41+J41+E41 -> 32136
B42: BULNES | C42: 872 | D42: 481 | E42: =C42+D42 -> 1353 | F42: =E42/$E$62 -> 0.044426203 | G42: 2386 | H42: 213 | I42: 212 | J42: 2811 | K42: =J42/$J$62 -> 0.047689332 | L42: 0 | M42: =L42+J42+E42 -> 4164
B43: CHILLAN VIEJO | C43: 727 | D43: 421 | E43: =C43+D43 -> 1148 | F43: =E43/$E$62 -> 0.03769496 | G43: 1949 | H43: 241 | I43: 286 | J43: 2476 | K43: =J43/$J$62 -> 0.042005972 | L43: 0 | M43: =L43+J43+E43 -> 3624
B44: EL CARMEN | C44: 784 | D44: 468 | E44: =C44+D44 -> 1252 | F44: =E44/$E$62 -> 0.041109834 | G44: 1066 | H44: 57 | I44: 172 | J44: 1295 | K44: =J44/$J$62 -> 0.021970005 | L44: 0 | M44: =L44+J44+E44 -> 2547
B45: PEMUCO | C45: 367 | D45: 264 | E45: =C45+D45 -> 631 | F45: =E45/$E$62 -> 0.020719094 | G45: 778 | H45: 49 | I45: 114 | J45: 941 | K45: =J45/$J$62 -> 0.015964305 | L45: 0 | M45: =L45+J45+E45 -> 1572
B46: PINTO | C46: 564 | D46: 311 | E46: =C46+D46 -> 875 | F46: =E46/$E$62 -> 0.028730914 | G46: 1048 | H46: 78 | I46: 127 | J46: 1253 | K46: =J46/$J$62 -> 0.021257465 | L46: 0 | M46: =L46+J46+E46 -> 2128
B47: QUILLON | C47: 992 | D47: 367 | E47: =C47+D47 -> 1359 | F47: =E47/$E$62 -> 0.044623215 | G47: 2005 | H47: 174 | I47: 133 | J47: 2312 | K47: =J47/$J$62 -> 0.03922367 | L47: 0 | M47: =L47+J47+E47 -> 3671
B48: SAN IGNACIO | C48: 968 | D48: 597 | E48: =C48+D48 -> 1565 | F48: =E48/$E$62 -> 0.051387293 | G48: 1483 | H48: 118 | I48: 269 | J48: 1870 | K48: =J48/$J$62 -> 0.031725027 | L48: 0 | M48: =L48+J48+E48 -> 3435
B49: YUNGAY | C49: 736 | D49: 330 | E49: =C49+D49 -> 1066 | F49: =E49/$E$62 -> 0.035002463 | G49: 1982 | H49: 212 | I49: 144 | J49: 2338 | K49: =J49/$J$62 -> 0.039664767 | L49: 0 | M49: =L49+J49+E49 -> 3404
B50: QUIRIHUE | C50: 518 | D50: 299 | E50: =C50+D50 -> 817 | F50: =E50/$E$62 -> 0.026826465 | G50: 1416 | H50: 152 | I50: 133 | J50: 1701 | K50: =J50/$J$62 -> 0.028857899 | L50: 0 | M50: =L50+J50+E50 -> 2518
B51: COBQUECURA | C51: 372 | D51: 142 | E51: =C51+D51 -> 514 | F51: =E51/$E$62 -> 0.01687736 | G51: 470 | H51: 31 | I51: 52 | J51: 553 | K51: =J51/$J$62 -> 0.0093817861 | L51: 0 | M51: =L51+J51+E51 -> 1067
B52: COELEMU | C52: 821 | D52: 414 | E52: =C52+D52 -> 1235 | F52: =E52/$E$62 -> 0.040551634 | G52: 2046 | H52: 176 | I52: 170 | J52: 2392 | K52: =J52/$J$62 -> 0.04058089 | L52: 0 | M52: =L52+J52+E52 -> 3627
... B61: SAN NICOLAS | C61: 494 | D61: 266 | E61: =C61+D61 -> 760 | F61: =E61/$E$62 -> 0.024954851 | G61: 1087 | H61: 83 | I61: 157 | J61: 1327 | K61: =J61/$J$62 -> 0.022512894 | L61: 0 | M61: =L61+J61+E61 -> 2087
B62: Totales | C62: =SUM(C41:C61) -> 19608 | D62: =SUM(D41:D61) -> 10847 | E62: =C62+D62 -> 30455 | F62: =E62/$E$62 -> 1 | G62: =SUM(G41:G61) -> 48411 | H62: =SUM(H41:H61) -> 4742 | I62: =SUM(I41:I61) -> 5791 | J62: =SUM(J41:J61) -> 58944 | K62: =J62/$J$62 -> 1 | L62: =SUM(L41:L61) -> 0 | M62: =L62+J62+E62 -> 89399
B63: % respecto del total de concesiones | C63: =+C62/M62 -> 0.21933131 | D63: =+D62/M62 -> 0.12133245 | E63: =+E62/M62 -> 0.34066377 | G63: =+G62/M62 -> 0.54151612 | H63: =+H62/M62 -> 0.053043099 | I63: =+I62/M62 -> 0.064777011 | J63: =+J62/M62 -> 0.65933623 | L63: =+L62/M62 -> 0 | M63: =J63+L63+E63 -> 1
B64: Fuente: Elaboración propia sobre la base de información del IPS.
B65: Nota: La información estadística reportada del número de solicitudes concesionadas, en trámite, rechazadas y anuladas varía mes a mes por actualización de cifras.

Sheet VIII
A2: Subsecretaría de Previsión Social
A3: Dirección de Estudios Previsionales
B5: Número de Solicitudes de Beneficios de PGU y SPS según tipo de beneficio - VIII Región del Bio Bio | M5: Volver Sistema de Pensiones Solidarias
B6: ='Solicitudes Regiones'!$B$6:$R$6 -> Julio de 2008 a junio de 2022
B8: Distribución Regional Solicitudes de PGU y Pilar Solidario - no incluye ex Pasis
B9: COMUNA | C9: TIPO BENEFICIO
C10: PBSV/PGU No Contributivo | D10: PBSI | E10: TOTAL PGU No Contributiva+PBS | F10: % PGU No Contributiva+PBS | G10: PGU Contributivo | H10: APSV | I10: APSI | J10: Total PGU Contributiva+APS | K10: %PGU Contributiva+APS | L10: Nbis | M10: Total PGU+PBS+APS
B11: CHIGUAYANTE | C11: 2502 | D11: 1494 | E11: =C11+D11 -> 3996 | F11: =E11/$E$44 -> 0.041364747 | G11: 8935 | H11: 1753 | I11: 556 | J11: 11244 | K11: =J11/$J$44 -> 0.054327239 | L11: 0 | M11: =L11+J11+E11 -> 15240
B12: LOTA | C12: 2120 | D12: 1293 | E12: =C12+D12 -> 3413 | F12: =E12/$E$44 -> 0.0353298 | G12: 6461 | H12: 1043 | I12: 364 | J12: 7868 | K12: =J12/$J$44 -> 0.038015539 | L12: 0 | M12: =L12+J12+E12 -> 11281
B13: HUALPEN | C13: 2809 | D13: 1602 | E13: =C13+D13 -> 4411 | F13: =E13/$E$44 -> 0.045660635 | G13: 10156 | H13: 2117 | I13: 567 | J13: 12840 | K13: =J13/$J$44 -> 0.062038576 | L13: 0 | M13: =L13+J13+E13 -> 17251
B14: LOS ANGELES | C14: 7173 | D14: 5104 | E14: =C14+D14 -> 12277 | F14: =E14/$E$44 -> 0.12708583 | G14: 20228 | H14: 3510 | I14: 1954 | J14: 25692 | K14: =J14/$J$44 -> 0.12413513 | L14: 0 | M14: =L14+J14+E14 -> 37969
B15: LAJA | C15: 1326 | D15: 1114 | E15: =C15+D15 -> 2440 | F15: =E15/$E$44 -> 0.025257753 | G15: 2740 | H15: 485 | I15: 268 | J15: 3493 | K15: =J15/$J$44 -> 0.016877005 | L15: 0 | M15: =L15+J15+E15 -> 5933
B16: SANTA BARBARA | C16: 697 | D16: 548 | E16: =C16+D16 -> 1245 | F16: =E16/$E$44 -> 0.012887665 | G16: 1526 | H16: 136 | I16: 146 | J16: 1808 | K16: =J16/$J$44 -> 0.00873565 | L16: 0 | M16: =L16+J16+E16 -> 3053
B17: ALTO BIOBIO | C17: 181 | D17: 314 | E17: =C17+D17 -> 495 | F17: =E17/$E$44 -> 0.0051240114 | G17: 314 | H17: 10 | I17: 92 | J17: 416 | K17: =J17/$J$44 -> 0.0020099726 | L17: 0 | M17: =L17+J17+E17 -> 911
B18: CORONEL | C18: 4018 | D18: 2717 | E18: =C18+D18 -> 6735 | F18: =E18/$E$44 -> 0.06971761 | G18: 11746 | H18: 2095 | I18: 779 | J18: 14620 | K18: =J18/$J$44 -> 0.070638939 | L18: 0 | M18: =L18+J18+E18 -> 21355
B19: HUALQUI | C19: 890 | D19: 813 | E19: =C19+D19 -> 1703 | F19: =E19/$E$44 -> 0.01762867 | G19: 2251 | H19: 322 | I19: 203 | J19: 2776 | K19: =J19/$J$44 -> 0.013412701 | L19: 0 | M19: =L19+J19+E19 -> 4479
B20: PENCO | C20: 1585 | D20: 1338 | E20: =C20+D20 -> 2923 | F20: =E20/$E$44 -> 0.030257546 | G20: 5545 | H20: 1004 | I20: 376 | J20: 6925 | K20: =J20/$J$44 -> 0.033459279 | L20: 0 | M20: =L20+J20+E20 -> 9848
B21: SANTA JUANA | C21: 776 | D21: 626 | E21: =C21+D21 -> 1402 | F21: =E21/$E$44 -> 0.014512857 | G21: 1427 | H21: 211 | I21: 115 | J21: 1753 | K21: =J21/$J$44 -> 0.0084699084 | L21: 0 | M21: =L21+J21+E21 -> 3155
B22: TALCAHUANO | C22: 5059 | D22: 3399 | E22: =C22+D22 -> 8458 | F22: =E22/$E$44 -> 0.08755331 | G22: 16798 | H22: 3386 | I22: 1205 | J22: 21389 | K22: =J22/$J$44 -> 0.10334448 | L22: 0 | M22: =L22+J22+E22 -> 29847
... B43: QUILLECO | C43: 549 | D43: 431 | E43: =C43+D43 -> 980 | F43: =E43/$E$44 -> 0.010144507 | G43: 1043 | H43: 179 | I43: 98 | J43: 1320 | K43: =J43/$J$44 -> 0.0063777975 | L43: 0 | M43: =L43+J43+E43 -> 2300
B44: Totales | C44: =SUM(C11:C43) -> 55772 | D44: =SUM(D11:D43) -> 40832 | E44: =C44+D44 -> 96604 | F44: =E44/$E$44 -> 1 | G44: =SUM(G11:G43) -> 164900 | H44: =SUM(H11:H43) -> 29874 | I44: =SUM(I11:I43) -> 12194 | J44: =SUM(J11:J43) -> 206968 | K44: =J44/$J$44 -> 1 | L44: =SUM(L11:L43) -> 0 | M44: =L44+J44+E44 -> 303572
B45: % respecto del total de solicitudes | C45: =+C44/M44 -> 0.18371918 | D45: =+D44/M44 -> 0.13450516 | E45: =+E44/M44 -> 0.31822434 | G45: =+G44/M44 -> 0.54319898 | H45: =+H44/M44 -> 0.098408285 | I45: =+I44/M44 -> 0.040168395 | J45: =+J44/M44 -> 0.68177566 | L45: =+L44/M44 -> 0 | M45: =J45+L45+E45 -> 1
B47: Número de Concesiones de Beneficios de PGU y SPS según tipo de beneficio - VIII Región del Bio Bio
B48: ='Solicitudes Regiones'!$B$6:$R$6 -> Julio de 2008 a junio de 2022
B50: Concesiones de PGU y Pilar Solidario a nivel comunal
B51: COMUNA | C51: TIPO BENEFICIO
C52: PBSV/PGU No Contributivo | D52: PBSI | E52: TOTAL PGU No Contributiva+PBS | F52: % PGU No Contributiva+PBS | G52: PGU Contributivo | H52: APSV | I52: APSI | J52: Total PGU Contributiva+APS | K52: %PGU Contributiva+APS | L52: Nbis | M52: Total PGU+PBS+APS
B53: CHIGUAYANTE | C53: 2151 | D53: 785 | E53: =C53+D53 -> 2936 | F53: =E53/$E$86 -> 0.042920839 | G53: 7444 | H53: 979 | I53: 449 | J53: 8872 | K53: =J53/$J$86 -> 0.053763506 | L53: 0 | M53: =L53+J53+E53 -> 11808
B54: LOTA | C54: 1663 | D54: 556 | E54: =C54+D54 -> 2219 | F54: =E54/$E$86 -> 0.032439149 | G54: 5508 | H54: 518 | I54: 286 | J54: 6312 | K54: =J54/$J$86 -> 0.038250141 | L54: 0 | M54: =L54+J54+E54 -> 8531
B55: HUALPEN | C55: 2417 | D55: 889 | E55: =C55+D55 -> 3306 | F55: =E55/$E$86 -> 0.0483298 | G55: 8621 | H55: 1165 | I55: 436 | J55: 10222 | K55: =J55/$J$86 -> 0.061944382 | L55: 0 | M55: =L55+J55+E55 -> 13528
B56: LOS ANGELES | C56: 6396 | D56: 3084 | E56: =C56+D56 -> 9480 | F56: =E56/$E$86 -> 0.13858636 | G56: 17304 | H56: 1963 | I56: 1734 | J56: 21001 | K56: =J56/$J$86 -> 0.12726413 | L56: 0 | M56: =L56+J56+E56 -> 30481
B57: LAJA | C57: 1155 | D57: 592 | E57: =C57+D57 -> 1747 | F57: =E57/$E$86 -> 0.025539069 | G57: 2285 | H57: 274 | I57: 232 | J57: 2791 | K57: =J57/$J$86 -> 0.016913204 | L57: 0 | M57: =L57+J57+E57 -> 4538
B58: SANTA BARBARA | C58: 632 | D58: 282 | E58: =C58+D58 -> 914 | F58: =E58/$E$86 -> 0.013361596 | G58: 1394 | H58: 83 | I58: 117 | J58: 1594 | K58: =J58/$J$86 -> 0.0096594938 | L58: 0 | M58: =L58+J58+E58 -> 2508
B59: ALTO BIOBIO | C59: 172 | D59: 201 | E59: =C59+D59 -> 373 | F59: =E59/$E$86 -> 0.0054528178 | G59: 299 | H59: 7 | I59: 82 | J59: 388 | K59: =J59/$J$86 -> 0.0023512444 | L59: 0 | M59: =L59+J59+E59 -> 761
B60: CORONEL | C60: 3338 | D60: 1284 | E60: =C60+D60 -> 4622 | F60: =E60/$E$86 -> 0.06756816 | G60: 9957 | H60: 1119 | I60: 656 | J60: 11732 | K60: =J60/$J$86 -> 0.071094844 | L60: 0 | M60: =L60+J60+E60 -> 16354
B61: HUALQUI | C61: 826 | D61: 351 | E61: =C61+D61 -> 1177 | F61: =E61/$E$86 -> 0.017206345 | G61: 1991 | H61: 188 | I61: 173 | J61: 2352 | K61: =J61/$J$86 -> 0.014252904 | L61: 0 | M61: =L61+J61+E61 -> 3529
B62: PENCO | C62: 1393 | D62: 538 | E62: =C62+D62 -> 1931 | F62: =E62/$E$86 -> 0.028228931 | G62: 4747 | H62: 593 | I62: 281 | J62: 5621 | K62: =J62/$J$86 -> 0.034062744 | L62: 0 | M62: =L62+J62+E62 -> 7552
B63: SANTA JUANA | C63: 712 | D63: 220 | E63: =C63+D63 -> 932 | F63: =E63/$E$86 -> 0.013624735 | G63: 1288 | H63: 107 | I63: 99 | J63: 1494 | K63: =J63/$J$86 -> 0.0090535029 | L63: 0 | M63: =L63+J63+E63 -> 2426
B64: TALCAHUANO | C64: 4211 | D64: 1666 | E64: =C64+D64 -> 5877 | F64: =E64/$E$86 -> 0.085914772 | G64: 13179 | H64: 1569 | I64: 948 | J64: 15696 | K64: =J64/$J$86 -> 0.09511632 | L64: 0 | M64: =L64+J64+E64 -> 21573
... B85: QUILLECO | C85: 515 | D85: 240 | E85: =C85+D85 -> 755 | F85: =E85/$E$86 -> 0.011037205 | G85: 962 | H85: 114 | I85: 85 | J85: 1161 | K85: =J85/$J$86 -> 0.0070355535 | L85: 0 | M85: =L85+J85+E85 -> 1916
B86: Totales | C86: =SUM(C53:C85) -> 48304 | D86: =SUM(D53:D85) -> 20101 | E86: =C86+D86 -> 68405 | F86: =E86/$E$86 -> 1 | G86: =SUM(G53:G85) -> 138884 | H86: =SUM(H53:H85) -> 16010 | I86: =SUM(I53:I85) -> 10125 | J86: =SUM(J53:J85) -> 165019 | K86: =J86/$J$86 -> 1 | L86: =SUM(L53:L85) -> 0 | M86: =L86+J86+E86 -> 233424
B87: % respecto del total de concesiones | C87: =+C86/M86 -> 0.20693673 | D87: =+D86/M86 -> 0.086113682 | E87: =+E86/M86 -> 0.29305041 | G87: =+G86/M86 -> 0.59498595 | H87: =+H86/M86 -> 0.068587635 | I87: =+I86/M86 -> 0.043376002 | J87: =+J86/M86 -> 0.70694959 | L87: =+L86/M86 -> 0 | M87: =J87+L87+E87 -> 1
B88: Fuente: Elaboración propia sobre la base de información del IPS.
B89: Nota: La información estadística reportada del número de solicitudes concesionadas, en trámite, rechazadas y anuladas varía mes a mes por actualización de cifras.

Sheet IX
A2: Subsecretaría de Previsión Social
A3: Dirección de Estudios Previsionales
B5: Número de Solicitudes de Beneficios de PGU y SPS según tipo de beneficio - IX Región de la Araucanía | M5: Volver Sistema de Pensiones Solidarias
B6: ='Solicitudes Regiones'!$B$6:$R$6 -> Julio de 2008 a junio de 2022
B8: Distribución Regional Solicitudes de PGU y Pilar Solidario - no incluye ex Pasis
B9: COMUNA | C9: TIPO BENEFICIO
C10: PBSV/PGU No Contributivo | D10: PBSI | E10: TOTAL PGU No Contributiva+PBS | F10: % PGU No Contributiva+PBS | G10: PGU Contributivo | H10: APSV | I10: APSI | J10: Total PGU Contributiva+APS | K10: %PGU Contributiva+APS | L10: Nbis | M10: Total PGU+PBS+APS
B11: CARAHUE | C11: 1905 | D11: 1430 | E11: =C11+D11 -> 3335 | F11: =E11/$E$43 -> 0.045968931 | G11: 2143 | H11: 196 | I11: 206 | J11: 2545 | K11: =J11/$J$43 -> 0.021973183 | L11: 0 | M11: =L11+J11+E11 -> 5880
B12: CURARREHUE | C12: 687 | D12: 265 | E12: =C12+D12 -> 952 | F12: =E12/$E$43 -> 0.013122166 | G12: 501 | H12: 27 | I12: 39 | J12: 567 | K12: =J12/$J$43 -> 0.0048954007 | L12: 0 | M12: =L12+J12+E12 -> 1519
B13: PITRUFQUEN | C13: 1425 | D13: 827 | E13: =C13+D13 -> 2252 | F13: =E13/$E$43 -> 0.031041089 | G13: 2791 | H13: 485 | I13: 224 | J13: 3500 | K13: =J13/$J$43 -> 0.030218523 | L13: 0 | M13: =L13+J13+E13 -> 5752
B14: TEODORO SCHMIDT | C14: 1204 | D14: 679 | E14: =C14+D14 -> 1883 | F14: =E14/$E$43 -> 0.025954872 | G14: 1196 | H14: 118 | I14: 114 | J14: 1428 | K14: =J14/$J$43 -> 0.012329157 | L14: 0 | M14: =L14+J14+E14 -> 3311
B15: VILLARRICA | C15: 2576 | D15: 1297 | E15: =C15+D15 -> 3873 | F15: =E15/$E$43 -> 0.053384609 | G15: 6274 | H15: 870 | I15: 446 | J15: 7590 | K15: =J15/$J$43 -> 0.065531026 | L15: 0 | M15: =L15+J15+E15 -> 11463
B16: COLLIPULLI | C16: 993 | D16: 720 | E16: =C16+D16 -> 1713 | F16: =E16/$E$43 -> 0.023611628 | G16: 2459 | H16: 304 | I16: 217 | J16: 2980 | K16: =J16/$J$43 -> 0.025728914 | L16: 0 | M16: =L16+J16+E16 -> 4693
B17: TRAIGUEN | C17: 1019 | D17: 795 | E17: =C17+D17 -> 1814 | F17: =E17/$E$43 -> 0.025003791 | G17: 2678 | H17: 374 | I17: 160 | J17: 3212 | K17: =J17/$J$43 -> 0.02773197 | L17: 0 | M17: =L17+J17+E17 -> 5026
B18: TEMUCO | C18: 9415 | D18: 4999 | E18: =C18+D18 -> 14414 | F18: =E18/$E$43 -> 0.19867951 | G18: 26652 | H18: 5794 | I18: 1959 | J18: 34405 | K18: =J18/$J$43 -> 0.29704808 | L18: 0 | M18: =L18+J18+E18 -> 48819
B19: CUNCO | C19: 1433 | D19: 730 | E19: =C19+D19 -> 2163 | F19: =E19/$E$43 -> 0.029814332 | G19: 2103 | H19: 251 | I19: 140 | J19: 2494 | K19: =J19/$J$43 -> 0.021532856 | L19: 0 | M19: =L19+J19+E19 -> 4657
B20: FREIRE | C20: 1351 | D20: 727 | E20: =C20+D20 -> 2078 | F20: =E20/$E$43 -> 0.02864271 | G20: 2459 | H20: 268 | I20: 197 | J20: 2924 | K20: =J20/$J$43 -> 0.025245418 | L20: 0 | M20: =L20+J20+E20 -> 5002
B21: GALVARINO | C21: 726 | D21: 722 | E21: =C21+D21 -> 1448 | F21: =E21/$E$43 -> 0.019958924 | G21: 990 | H21: 76 | I21: 118 | J21: 1184 | K21: =J21/$J$43 -> 0.010222495 | L21: 0 | M21: =L21+J21+E21 -> 2632
B22: LAUTARO | C22: 1581 | D22: 1036 | E22: =C22+D22 -> 2617 | F22: =E22/$E$43 -> 0.036072172 | G22: 3470 | H22: 487 | I22: 277 | J22: 4234 | K22: =J22/$J$43 -> 0.036555779 | L22: 0 | M22: =L22+J22+E22 -> 6851
... B42: LONCOCHE | C42: 1106 | D42: 727 | E42: =C42+D42 -> 1833 | F42: =E42/$E$43 -> 0.025265683 | G42: 2684 | H42: 383 | I42: 226 | J42: 3293 | K42: =J42/$J$43 -> 0.028431313 | L42: 0 | M42: =L42+J42+E42 -> 5126
B43: Totales | C43: =SUM(C11:C42) -> 44317 | D43: =SUM(D11:D42) -> 28232 | E43: =C43+D43 -> 72549 | F43: =E43/$E$43 -> 1 | G43: =SUM(G11:G42) -> 93751 | H43: =SUM(H11:H42) -> 14675 | I43: =SUM(I11:I42) -> 7397 | J43: =SUM(J11:J42) -> 115823 | K43: =J43/$J$43 -> 1 | L43: =SUM(L11:L42) -> 0 | M43: =L43+J43+E43 -> 188372
B44: % respecto del total de solicitudes | C44: =+C43/M43 -> 0.2352632 | D44: =+D43/M43 -> 0.14987365 | E44: =+E43/M43 -> 0.38513686 | G44: =+G43/M43 -> 0.49769074 | H44: =+H43/M43 -> 0.077904359 | I44: =+I43/M43 -> 0.039268044 | J44: =+J43/M43 -> 0.61486314 | L44: =+L43/M43 -> 0 | M44: =J44+L44+E44 -> 1
B46: Número de Concesiones de Beneficios de PGU y SPS según tipo de beneficio - IX Región de la Araucanía
B47: ='Solicitudes Regiones'!$B$6:$R$6 -> Julio de 2008 a junio de 2022
B49: Concesiones de PGU y Pilar Solidario a nivel comunal
B50: COMUNA | C50: TIPO BENEFICIO
C51: PBSV/PGU No Contributivo | D51: PBSI | E51: TOTAL PGU No Contributiva+PBS | F51: % PGU No Contributiva+PBS | G51: PGU Contributivo | H51: APSV | I51: APSI | J51: Total PGU Contributiva+APS | K51: %PGU Contributiva+APS | L51: Nbis | M51: Total PGU+PBS+APS
B52: CARAHUE | C52: 1804 | D52: 576 | E52: =C52+D52 -> 2380 | F52: =E52/$E$84 -> 0.044658773 | G52: 1985 | H52: 96 | I52: 178 | J52: 2259 | K52: =J52/$J$84 -> 0.023658414 | L52: 0 | M52: =L52+J52+E52 -> 4639
B53: CURARREHUE | C53: 620 | D53: 118 | E53: =C53+D53 -> 738 | F53: =E53/$E$84 -> 0.013847973 | G53: 462 | H53: 20 | I53: 26 | J53: 508 | K53: =J53/$J$84 -> 0.0053202631 | L53: 0 | M53: =L53+J53+E53 -> 1246
B54: PITRUFQUEN | C54: 1256 | D54: 381 | E54: =C54+D54 -> 1637 | F54: =E54/$E$84 -> 0.03071698 | G54: 2425 | H54: 245 | I54: 187 | J54: 2857 | K54: =J54/$J$84 -> 0.029921243 | L54: 0 | M54: =L54+J54+E54 -> 4494
B55: TEODORO SCHMIDT | C55: 1139 | D55: 318 | E55: =C55+D55 -> 1457 | F55: =E55/$E$84 -> 0.027339425 | G55: 1083 | H55: 63 | I55: 92 | J55: 1238 | K55: =J55/$J$84 -> 0.012965523 | L55: 0 | M55: =L55+J55+E55 -> 2695
B56: VILLARRICA | C56: 2311 | D56: 655 | E56: =C56+D56 -> 2966 | F56: =E56/$E$84 -> 0.055654589 | G56: 5360 | H56: 480 | I56: 374 | J56: 6214 | K56: =J56/$J$84 -> 0.065078966 | L56: 0 | M56: =L56+J56+E56 -> 9180
B57: COLLIPULLI | C57: 885 | D57: 319 | E57: =C57+D57 -> 1204 | F57: =E57/$E$84 -> 0.022592085 | G57: 2237 | H57: 186 | I57: 172 | J57: 2595 | K57: =J57/$J$84 -> 0.027177328 | L57: 0 | M57: =L57+J57+E57 -> 3799
B58: TRAIGUEN | C58: 914 | D58: 360 | E58: =C58+D58 -> 1274 | F58: =E58/$E$84 -> 0.023905579 | G58: 2293 | H58: 168 | I58: 130 | J58: 2591 | K58: =J58/$J$84 -> 0.027135436 | L58: 0 | M58: =L58+J58+E58 -> 3865
B59: TEMUCO | C59: 8272 | D59: 2828 | E59: =C59+D59 -> 11100 | F59: =E59/$E$84 -> 0.20828251 | G59: 22072 | H59: 2940 | I59: 1647 | J59: 26659 | K59: =J59/$J$84 -> 0.27919861 | L59: 0 | M59: =L59+J59+E59 -> 37759
B60: CUNCO | C60: 1314 | D60: 313 | E60: =C60+D60 -> 1627 | F60: =E60/$E$84 -> 0.030529338 | G60: 1900 | H60: 132 | I60: 115 | J60: 2147 | K60: =J60/$J$84 -> 0.022485443 | L60: 0 | M60: =L60+J60+E60 -> 3774
B61: FREIRE | C61: 1243 | D61: 347 | E61: =C61+D61 -> 1590 | F61: =E61/$E$84 -> 0.029835063 | G61: 2219 | H61: 146 | I61: 171 | J61: 2536 | K61: =J61/$J$84 -> 0.026559424 | L61: 0 | M61: =L61+J61+E61 -> 4126
B62: GALVARINO | C62: 693 | D62: 286 | E62: =C62+D62 -> 979 | F62: =E62/$E$84 -> 0.018370142 | G62: 911 | H62: 46 | I62: 101 | J62: 1058 | K62: =J62/$J$84 -> 0.01108039 | L62: 0 | M62: =L62+J62+E62 -> 2037
B63: LAUTARO | C63: 1416 | D63: 475 | E63: =C63+D63 -> 1891 | F63: =E63/$E$84 -> 0.035483084 | G63: 3010 | H63: 282 | I63: 232 | J63: 3524 | K63: =J63/$J$84 -> 0.036906707 | L63: 0 | M63: =L63+J63+E63 -> 5415
... B83: LONCOCHE | C83: 1027 | D83: 318 | E83: =C83+D83 -> 1345 | F83: =E83/$E$84 -> 0.025237836 | G83: 2416 | H83: 241 | I83: 195 | J83: 2852 | K83: =J83/$J$84 -> 0.029868879 | L83: 0 | M83: =L83+J83+E83 -> 4197
B84: Totales | C84: =SUM(C52:C83) -> 40127 | D84: =SUM(D52:D83) -> 13166 | E84: =C84+D84 -> 53293 | F84: =E84/$E$84 -> 1 | G84: =SUM(G52:G83) -> 81511 | H84: =SUM(H52:H83) -> 7759 | I84: =SUM(I52:I83) -> 6214 | J84: =SUM(J52:J83) -> 95484 | K84: =J84/$J$84 -> 1 | L84: =SUM(L52:L83) -> 0 | M84: =L84+J84+E84 -> 148777
B85: % respecto del total de concesiones | C85: =+C84/M84 -> 0.26971239 | D85: =+D84/M84 -> 0.088494861 | E85: =+E84/M84 -> 0.35820725 | G85: =+G84/M84 -> 0.54787366 | H85: =+H84/M84 -> 0.052151878 | I85: =+I84/M84 -> 0.041767209 | J85: =+J84/M84 -> 0.64179275 | L85: =+L84/M84 -> 0 | M85: =J85+L85+E85 -> 1
B86: Fuente: Elaboración propia sobre la base de información del IPS.
B87: Nota: La información estadística reportada del número de solicitudes concesionadas, en trámite, rechazadas y anuladas varía mes a mes por actualización de cifras.

Sheet XIV
A2: Subsecretaría de Previsión Social
A3: Dirección de Estudios Previsionales
B5: Número de Solicitudes de Beneficios de PGU y SPS según tipo de beneficio - XIV Región de Los Rios | M5: Volver Sistema de Pensiones Solidarias
B6: ='Solicitudes Regiones'!$B$6:$R$6 -> Julio de 2008 a junio de 2022
B8: Distribución Regional Solicitudes de PGU y Pilar Solidario - no incluye ex Pasis
B9: COMUNA | C9: TIPO BENEFICIO
C10: PBSV/PGU No Contributivo | D10: PBSI | E10: TOTAL PGU No Contributiva+PBS | F10: % PGU No Contributiva+PBS | G10: PGU Contributivo | H10: APSV | I10: APSI | J10: Total PGU Contributiva+APS | K10: %PGU Contributiva+APS | L10: Nbis | M10: Total PGU+PBS+APS
B11: VALDIVIA | C11: 4992 | D11: 3163 | E11: =C11+D11 -> 8155 | F11: =E11/$E$23 -> 0.30785202 | G11: 17240 | H11: 3537 | I11: 1664 | J11: 22441 | K11: =J11/$J$23 -> 0.41805142 | L11: 0 | M11: =L11+J11+E11 -> 30596
B12: CORRAL | C12: 226 | D12: 159 | E12: =C12+D12 -> 385 | F12: =E12/$E$23 -> 0.014533786 | G12: 613 | H12: 88 | I12: 58 | J12: 759 | K12: =J12/$J$23 -> 0.014139344 | L12: 0 | M12: =L12+J12+E12 -> 1144
B13: LANCO | C13: 832 | D13: 594 | E13: =C13+D13 -> 1426 | F13: =E13/$E$23 -> 0.053831635 | G13: 1923 | H13: 267 | I13: 229 | J13: 2419 | K13: =J13/$J$23 -> 0.045063338 | L13: 0 | M13: =L13+J13+E13 -> 3845
B14: LOS LAGOS | C14: 893 | D14: 612 | E14: =C14+D14 -> 1505 | F14: =E14/$E$23 -> 0.056813892 | G14: 2254 | H14: 301 | I14: 220 | J14: 2775 | K14: =J14/$J$23 -> 0.051695231 | L14: 0 | M14: =L14+J14+E14 -> 4280
B15: MAFIL | C15: 293 | D15: 267 | E15: =C15+D15 -> 560 | F15: =E15/$E$23 -> 0.021140053 | G15: 892 | H15: 122 | I15: 96 | J15: 1110 | K15: =J15/$J$23 -> 0.020678092 | L15: 0 | M15: =L15+J15+E15 -> 1670
B16: SAN JOSE DE LA MARIQUINA | C16: 865 | D16: 704 | E16: =C16+D16 -> 1569 | F16: =E16/$E$23 -> 0.059229898 | G16: 1968 | H16: 299 | I16: 294 | J16: 2561 | K16: =J16/$J$23 -> 0.047708644 | L16: 0 | M16: =L16+J16+E16 -> 4130
B17: PAILLACO | C17: 1082 | D17: 929 | E17: =C17+D17 -> 2011 | F17: =E17/$E$23 -> 0.07591544 | G17: 2578 | H17: 357 | I17: 291 | J17: 3226 | K17: =J17/$J$23 -> 0.06009687 | L17: 0 | M17: =L17+J17+E17 -> 5237
B18: PANGUIPULLI | C18: 1804 | D18: 1199 | E18: =C18+D18 -> 3003 | F18: =E18/$E$23 -> 0.11336353 | G18: 3215 | H18: 411 | I18: 398 | J18: 4024 | K18: =J18/$J$23 -> 0.074962742 | L18: 0 | M18: =L18+J18+E18 -> 7027
B19: LA UNION | C19: 1746 | D19: 1041 | E19: =C19+D19 -> 2787 | F19: =E19/$E$23 -> 0.10520951 | G19: 5142 | H19: 916 | I19: 562 | J19: 6620 | K19: =J19/$J$23 -> 0.1233234 | L19: 0 | M19: =L19+J19+E19 -> 9407
B20: FUTRONO | C20: 725 | D20: 483 | E20: =C20+D20 -> 1208 | F20: =E20/$E$23 -> 0.045602114 | G20: 1326 | H20: 187 | I20: 133 | J20: 1646 | K20: =J20/$J$23 -> 0.030663189 | L20: 0 | M20: =L20+J20+E20 -> 2854
B21: LAGO RANCO | C21: 566 | D21: 394 | E21: =C21+D21 -> 960 | F21: =E21/$E$23 -> 0.036240091 | G21: 956 | H21: 111 | I21: 120 | J21: 1187 | K21: =J21/$J$23 -> 0.022112519 | L21: 0 | M21: =L21+J21+E21 -> 2147
B22: RIO BUENO | C22: 1824 | D22: 1097 | E22: =C22+D22 -> 2921 | F22: =E22/$E$23 -> 0.11026803 | G22: 3934 | H22: 517 | I22: 461 | J22: 4912 | K22: =J22/$J$23 -> 0.091505216 | L22: 0 | M22: =L22+J22+E22 -> 7833
B23: Totales | C23: =SUM(C11:C22) -> 15848 | D23: =SUM(D11:D22) -> 10642 | E23: =C23+D23 -> 26490 | F23: =E23/$E$23 -> 1 | G23: =SUM(G11:G22) -> 42041 | H23: =SUM(H11:H22) -> 7113 | I23: =SUM(I11:I22) -> 4526 | J23: =SUM(J11:J22) -> 53680 | K23: =J23/$J$23 -> 1 | L23: =SUM(L11:L22) -> 0 | M23: =L23+J23+E23 -> 80170
B24: % respecto del total de solicitudes | C24: =+C23/M23 -> 0.19767993 | D24: =+D23/M23 -> 0.13274292 | E24: =+E23/M23 -> 0.33042285 | G24: =+G23/M23 -> 0.52439815 | H24: =+H23/M23 -> 0.088723962 | I24: =+I23/M23 -> 0.056455033 | J24: =+J23/M23 -> 0.66957715 | L24: =+L23/M23 -> 0 | M24: =J24+L24+E24 -> 1
B26: Número de Concesiones de Beneficios de PGU y SPS según tipo de beneficio - XIV Región de Los Rios
B27: ='Solicitudes Regiones'!$B$6:$R$6 -> Julio de 2008 a junio de 2022
B29: Concesiones de PGU y Pilar Solidario a nivel comunal
B30: COMUNA | C30: TIPO BENEFICIO
C31: PBSV/PGU No Contributivo | D31: PBSI | E31: TOTAL PGU No Contributiva+PBS | F31: % PGU No Contributiva+PBS | G31: PGU Contributivo | H31: APSV | I31: APSI | J31: Total PGU Contributiva+APS | K31: %PGU Contributiva+APS | L31: Nbis | M31: Total PGU+PBS+APS
B32: VALDIVIA | C32: 4433 | D32: 2290 | E32: =C32+D32 -> 6723 | F32: =E32/$E$44 -> 0.31382159 | G32: 14460 | H32: 2172 | I32: 1426 | J32: 18058 | K32: =J32/$J$44 -> 0.40759299 | L32: 0 | M32: =L32+J32+E32 -> 24781
B33: CORRAL | C33: 209 | D33: 107 | E33: =C33+D33 -> 316 | F33: =E33/$E$44 -> 0.014750502 | G33: 554 | H33: 52 | I33: 50 | J33: 656 | K33: =J33/$J$44 -> 0.014806789 | L33: 0 | M33: =L33+J33+E33 -> 972
B34: LANCO | C34: 771 | D34: 345 | E34: =C34+D34 -> 1116 | F34: =E34/$E$44 -> 0.052093544 | G34: 1751 | H34: 134 | I34: 196 | J34: 2081 | K34: =J34/$J$44 -> 0.046970928 | L34: 0 | M34: =L34+J34+E34 -> 3197
B35: LOS LAGOS | C35: 821 | D35: 410 | E35: =C35+D35 -> 1231 | F35: =E35/$E$44 -> 0.057461607 | G35: 2025 | H35: 180 | I35: 183 | J35: 2388 | K35: =J35/$J$44 -> 0.053900325 | L35: 0 | M35: =L35+J35+E35 -> 3619
B36: MAFIL | C36: 258 | D36: 146 | E36: =C36+D36 -> 404 | F36: =E36/$E$44 -> 0.018858236 | G36: 814 | H36: 75 | I36: 84 | J36: 973 | K36: =J36/$J$44 -> 0.0219619 | L36: 0 | M36: =L36+J36+E36 -> 1377
B37: SAN JOSE DE LA MARIQUINA | C37: 818 | D37: 435 | E37: =C37+D37 -> 1253 | F37: =E37/$E$44 -> 0.05848854 | G37: 1788 | H37: 166 | I37: 253 | J37: 2207 | K37: =J37/$J$44 -> 0.049814915 | L37: 0 | M37: =L37+J37+E37 -> 3460
B38: PAILLACO | C38: 968 | D38: 529 | E38: =C38+D38 -> 1497 | F38: =E38/$E$44 -> 0.069878168 | G38: 2243 | H38: 185 | I38: 249 | J38: 2677 | K38: =J38/$J$44 -> 0.060423438 | L38: 0 | M38: =L38+J38+E38 -> 4174
B39: PANGUIPULLI | C39: 1660 | D39: 793 | E39: =C39+D39 -> 2453 | F39: =E39/$E$44 -> 0.1145031 | G39: 2734 | H39: 231 | I39: 336 | J39: 3301 | K39: =J39/$J$44 -> 0.074507945 | L39: 0 | M39: =L39+J39+E39 -> 5754
B40: LA UNION | C40: 1573 | D40: 718 | E40: =C40+D40 -> 2291 | F40: =E40/$E$44 -> 0.10694114 | G40: 4458 | H40: 486 | I40: 496 | J40: 5440 | K40: =J40/$J$44 -> 0.12278801 | L40: 0 | M40: =L40+J40+E40 -> 7731
B41: FUTRONO | C41: 651 | D41: 316 | E41: =C41+D41 -> 967 | F41: =E41/$E$44 -> 0.045138403 | G41: 1169 | H41: 101 | I41: 117 | J41: 1387 | K41: =J41/$J$44 -> 0.031306428 | L41: 0 | M41: =L41+J41+E41 -> 2354
B42: LAGO RANCO | C42: 537 | D42: 254 | E42: =C42+D42 -> 791 | F42: =E42/$E$44 -> 0.036922933 | G42: 862 | H42: 60 | I42: 104 | J42: 1026 | K42: =J42/$J$44 -> 0.02315818 | L42: 0 | M42: =L42+J42+E42 -> 1817
B43: RIO BUENO | C43: 1663 | D43: 718 | E43: =C43+D43 -> 2381 | F43: =E43/$E$44 -> 0.11114223 | G43: 3437 | H43: 271 | I43: 402 | J43: 4110 | K43: =J43/$J$44 -> 0.092768147 | L43: 0 | M43: =L43+J43+E43 -> 6491
B44: Totales | C44: =SUM(C32:C43) -> 14362 | D44: =SUM(D32:D43) -> 7061 | E44: =C44+D44 -> 21423 | F44: =E44/$E$44 -> 1 | G44: =SUM(G32:G43) -> 36295 | H44: =SUM(H32:H43) -> 4113 | I44: =SUM(I32:I43) -> 3896 | J44: =SUM(J32:J43) -> 44304 | K44: =J44/$J$44 -> 1 | L44: =SUM(L32:L43) -> 0 | M44: =L44+J44+E44 -> 65727
B45: % respecto del total de concesiones | C45: =+C44/M44 -> 0.2185099 | D45: =+D44/M44 -> 0.10742921 | E45: =+E44/M44 -> 0.32593911 | G45: =+G44/M44 -> 0.55220838 | H45: =+H44/M44 -> 0.062577023 | I45: =+I44/M44 -> 0.059275488 | J45: =+J44/M44 -> 0.67406089 | L45: =+L44/M44 -> 0 | M45: =J45+L45+E45 -> 1
B46: Fuente: Elaboración propia sobre la base de información del IPS.
B47: Nota: La información estadística reportada del número de solicitudes concesionadas, en trámite, rechazadas y anuladas varía mes a mes por actualización de cifras.

Sheet X
A2: Subsecretaría de Previsión Social
A3: Dirección de Estudios Previsionales
B5: Número de Solicitudes de Beneficios de PGU y SPS según tipo de beneficio - X Región de Los Lagos | M5: Volver Sistema de Pensiones Solidarias
B6: ='Solicitudes Regiones'!$B$6:$R$6 -> Julio de 2008 a junio de 2022
B8: Distribución Regional Solicitudes de PGU y Pilar Solidario - no incluye ex Pasis
B9: COMUNA | C9: TIPO BENEFICIO
C10: PBSV/PGU No Contributivo | D10: PBSI | E10: TOTAL PGU No Contributiva+PBS | F10: % PGU No Contributiva+PBS | G10: PGU Contributivo | H10: APSV | I10: APSI | J10: Total PGU Contributiva+APS | K10: %PGU Contributiva+APS | L10: Nbis | M10: Total PGU+PBS+APS
B11: CALBUCO | C11: 1896 | D11: 947 | E11: =C11+D11 -> 2843 | F11: =E11/$E$41 -> 0.055355439 | G11: 2513 | H11: 280 | I11: 236 | J11: 3029 | K11: =J11/$J$41 -> 0.031943053 | L11: 0 | M11: =L11+J11+E11 -> 5872
B12: PUERTO VARAS | C12: 1094 | D12: 576 | E12: =C12+D12 -> 1670 | F12: =E12/$E$41 -> 0.032516209 | G12: 3617 | H12: 643 | I12: 202 | J12: 4462 | K12: =J12/$J$41 -> 0.047055102 | L12: 0 | M12: =L12+J12+E12 -> 6132
B13: QUELLON | C13: 795 | D13: 623 | E13: =C13+D13 -> 1418 | F13: =E13/$E$41 -> 0.027609572 | G13: 1702 | H13: 156 | I13: 218 | J13: 2076 | K13: =J13/$J$41 -> 0.021892961 | L13: 0 | M13: =L13+J13+E13 -> 3494
B14: QUINCHAO | C14: 549 | D14: 377 | E14: =C14+D14 -> 926 | F14: =E14/$E$41 -> 0.018029946 | G14: 669 | H14: 92 | I14: 74 | J14: 835 | K14: =J14/$J$41 -> 0.0088056947 | L14: 0 | M14: =L14+J14+E14 -> 1761
B15: PURRANQUE | C15: 968 | D15: 651 | E15: =C15+D15 -> 1619 | F15: =E15/$E$41 -> 0.031523199 | G15: 2696 | H15: 391 | I15: 270 | J15: 3357 | K15: =J15/$J$41 -> 0.035402056 | L15: 0 | M15: =L15+J15+E15 -> 4976
B16: RIO NEGRO | C16: 670 | D16: 598 | E16: =C16+D16 -> 1268 | F16: =E16/$E$41 -> 0.024688954 | G16: 1554 | H16: 198 | I16: 219 | J16: 1971 | K16: =J16/$J$41 -> 0.020785658 | L16: 0 | M16: =L16+J16+E16 -> 3239
B17: FUTALEUFU | C17: 137 | D17: 42 | E17: =C17+D17 -> 179 | F17: =E17/$E$41 -> 0.0034852704 | G17: 226 | H17: 19 | I17: 8 | J17: 253 | K17: =J17/$J$41 -> 0.0026680728 | L17: 0 | M17: =L17+J17+E17 -> 432
B18: PUERTO MONTT | C18: 6587 | D18: 3763 | E18: =C18+D18 -> 10350 | F18: =E18/$E$41 -> 0.20152262 | G18: 18284 | H18: 3170 | I18: 1771 | J18: 23225 | K18: =J18/$J$41 -> 0.24492486 | L18: 0 | M18: =L18+J18+E18 -> 33575
B19: COCHAMO | C19: 299 | D19: 111 | E19: =C19+D19 -> 410 | F19: =E19/$E$41 -> 0.0079830215 | G19: 324 | H19: 23 | I19: 23 | J19: 370 | K19: =J19/$J$41 -> 0.0039019246 | L19: 0 | M19: =L19+J19+E19 -> 780
B20: MAULLIN | C20: 1217 | D20: 755 | E20: =C20+D20 -> 1972 | F20: =E20/$E$41 -> 0.038396386 | G20: 1198 | H20: 110 | I20: 110 | J20: 1418 | K20: =J20/$J$41 -> 0.014953862 | L20: 0 | M20: =L20+J20+E20 -> 3390
B21: ANCUD | C21: 1530 | D21: 989 | E21: =C21+D21 -> 2519 | F21: =E21/$E$41 -> 0.049046905 | G21: 5085 | H21: 693 | I21: 375 | J21: 6153 | K21: =J21/$J$41 -> 0.064887951 | L21: 0 | M21: =L21+J21+E21 -> 8672
B22: PUQUELDON | C22: 243 | D22: 175 | E22: =C22+D22 -> 418 | F22: =E22/$E$41 -> 0.0081387877 | G22: 375 | H22: 36 | I22: 42 | J22: 453 | K22: =J22/$J$41 -> 0.0047772212 | L22: 0 | M22: =L22+J22+E22 -> 871
... B40: PALENA | C40: 115 | D40: 25 | E40: =C40+D40 -> 140 | F40: =E40/$E$41 -> 0.0027259098 | G40: 247 | H40: 33 | I40: 9 | J40: 289 | K40: =J40/$J$41 -> 0.0030477195 | L40: 0 | M40: =L40+J40+E40 -> 429
B41: Totales | C41: =SUM(C11:C40) -> 31358 | D41: =SUM(D11:D40) -> 20001 | E41: =C41+D41 -> 51359 | F41: =E41/$E$41 -> 1 | G41: =SUM(G11:G40) -> 75546 | H41: =SUM(H11:H40) -> 11768 | I41: =SUM(I11:I40) -> 7511 | J41: =SUM(J11:J40) -> 94825 | K41: =J41/$J$41 -> 1 | L41: =SUM(L11:L40) -> 0 | M41: =L41+J41+E41 -> 146184
B42: % respecto del total de solicitudes | C42: =+C41/M41 -> 0.21451048 | D42: =+D41/M41 -> 0.13682072 | E42: =+E41/M41 -> 0.3513312 | G42: =+G41/M41 -> 0.51678706 | H42: =+H41/M41 -> 0.080501286 | I42: =+I41/M41 -> 0.051380452 | J42: =+J41/M41 -> 0.6486688 | L42: =+L41/M41 -> 0 | M42: =J42+L42+E42 -> 1
B44: Número de Concesiones de Beneficios de PGU y SPS según tipo de beneficio - X Región de Los Lagos
B45: ='Solicitudes Regiones'!$B$6:$R$6 -> Julio de 2008 a junio de 2022
B47: Concesiones de PGU y Pilar Solidario a nivel comunal
B48: COMUNA | C48: TIPO BENEFICIO
C49: PBSV/PGU No Contributivo | D49: PBSI | E49: TOTAL PGU No Contributiva+PBS | F49: % PGU No Contributiva+PBS | G49: PGU Contributivo | H49: APSV | I49: APSI | J49: Total PGU Contributiva+APS | K49: %PGU Contributiva+APS | L49: Nbis | M49: Total PGU+PBS+APS
B50: CALBUCO | C50: 1779 | D50: 445 | E50: =C50+D50 -> 2224 | F50: =E50/$E$80 -> 0.056027207 | G50: 2211 | H50: 130 | I50: 204 | J50: 2545 | K50: =J50/$J$80 -> 0.032264608 | L50: 0 | M50: =L50+J50+E50 -> 4769
B51: PUERTO VARAS | C51: 952 | D51: 300 | E51: =C51+D51 -> 1252 | F51: =E51/$E$80 -> 0.031540496 | G51: 2943 | H51: 370 | I51: 168 | J51: 3481 | K51: =J51/$J$80 -> 0.044130884 | L51: 0 | M51: =L51+J51+E51 -> 4733
B52: QUELLON | C52: 740 | D52: 276 | E52: =C52+D52 -> 1016 | F52: =E52/$E$80 -> 0.025595163 | G52: 1541 | H52: 77 | I52: 193 | J52: 1811 | K52: =J52/$J$80 -> 0.022959216 | L52: 0 | M52: =L52+J52+E52 -> 2827
B53: QUINCHAO | C53: 534 | D53: 150 | E53: =C53+D53 -> 684 | F53: =E53/$E$80 -> 0.017231389 | G53: 567 | H53: 38 | I53: 63 | J53: 668 | K53: =J53/$J$80 -> 0.0084686672 | L53: 0 | M53: =L53+J53+E53 -> 1352
B54: PURRANQUE | C54: 898 | D54: 429 | E54: =C54+D54 -> 1327 | F54: =E54/$E$80 -> 0.033429903 | G54: 2456 | H54: 256 | I54: 226 | J54: 2938 | K54: =J54/$J$80 -> 0.037246923 | L54: 0 | M54: =L54+J54+E54 -> 4265
B55: RIO NEGRO | C55: 619 | D55: 373 | E55: =C55+D55 -> 992 | F55: =E55/$E$80 -> 0.024990553 | G55: 1421 | H55: 137 | I55: 190 | J55: 1748 | K55: =J55/$J$80 -> 0.022160524 | L55: 0 | M55: =L55+J55+E55 -> 2740
B56: FUTALEUFU | C56: 123 | D56: 21 | E56: =C56+D56 -> 144 | F56: =E56/$E$80 -> 0.0036276609 | G56: 191 | H56: 6 | I56: 7 | J56: 204 | K56: =J56/$J$80 -> 0.0025862397 | L56: 0 | M56: =L56+J56+E56 -> 348
B57: PUERTO MONTT | C57: 5875 | D57: 2127 | E57: =C57+D57 -> 8002 | F57: =E57/$E$80 -> 0.2015871 | G57: 15590 | H57: 1841 | I57: 1453 | J57: 18884 | K57: =J57/$J$80 -> 0.23940466 | L57: 0 | M57: =L57+J57+E57 -> 26886
B58: COCHAMO | C58: 280 | D58: 56 | E58: =C58+D58 -> 336 | F58: =E58/$E$80 -> 0.0084645421 | G58: 286 | H58: 11 | I58: 22 | J58: 319 | K58: =J58/$J$80 -> 0.0040441689 | L58: 0 | M58: =L58+J58+E58 -> 655
B59: MAULLIN | C59: 1149 | D59: 319 | E59: =C59+D59 -> 1468 | F59: =E59/$E$80 -> 0.036981988 | G59: 1070 | H59: 63 | I59: 94 | J59: 1227 | K59: =J59/$J$80 -> 0.015555471 | L59: 0 | M59: =L59+J59+E59 -> 2695
B60: ANCUD | C60: 1376 | D60: 514 | E60: =C60+D60 -> 1890 | F60: =E60/$E$80 -> 0.04761305 | G60: 4394 | H60: 370 | I60: 303 | J60: 5067 | K60: =J60/$J$80 -> 0.06423763 | L60: 0 | M60: =L60+J60+E60 -> 6957
B61: PUQUELDON | C61: 237 | D61: 68 | E61: =C61+D61 -> 305 | F61: =E61/$E$80 -> 0.0076835874 | G61: 324 | H61: 13 | I61: 36 | J61: 373 | K61: =J61/$J$80 -> 0.0047287618 | L61: 0 | M61: =L61+J61+E61 -> 678
... B79: PALENA | C79: 107 | D79: 15 | E79: =C79+D79 -> 122 | F79: =E79/$E$80 -> 0.0030734349 | G79: 214 | H79: 19 | I79: 9 | J79: 242 | K79: =J79/$J$80 -> 0.0030679902 | L79: 0 | M79: =L79+J79+E79 -> 364
B80: Totales | C80: =SUM(C50:C79) -> 28514 | D80: =SUM(D50:D79) -> 11181 | E80: =C80+D80 -> 39695 | F80: =E80/$E$80 -> 1 | G80: =SUM(G50:G79) -> 65578 | H80: =SUM(H50:H79) -> 6999 | I80: =SUM(I50:I79) -> 6302 | J80: =SUM(J50:J79) -> 78879 | K80: =J80/$J$80 -> 1 | L80: =SUM(L50:L79) -> 0 | M80: =L80+J80+E80 -> 118574
B81: % respecto del total de concesiones | C81: =+C80/M80 -> 0.2404743 | D81: =+D80/M80 -> 0.094295545 | E81: =+E80/M80 -> 0.33476985 | G81: =+G80/M80 -> 0.55305548 | H81: =+H80/M80 -> 0.059026431 | I81: =+I80/M80 -> 0.053148245 | J81: =+J80/M80 -> 0.66523015 | L81: =+L80/M80 -> 0 | M81: =J81+L81+E81 -> 1
B82: Fuente: Elaboración propia sobre la base de información del IPS.
B83: Nota: La información estadística reportada del número de solicitudes concesionadas, en trámite, rechazadas y anuladas varía mes a mes por actualización de cifras.

Sheet XI
A2: Subsecretaría de Previsión Social
A3: Dirección de Estudios Previsionales
B5: Número de Solicitudes de Beneficios de PGU y SPS según tipo de beneficio - XI Región de Aysen | M5: Volver Sistema de Pensiones Solidarias
B6: ='Solicitudes Regiones'!$B$6:$R$6 -> Julio de 2008 a junio de 2022
B8: Distribución Regional Solicitudes de PGU y Pilar Solidario - no incluye ex Pasis
B9: COMUNA | C9: TIPO BENEFICIO
C10: PBSV/PGU No Contributivo | D10: PBSI | E10: TOTAL PGU No Contributiva+PBS | F10: % PGU No Contributiva+PBS | G10: PGU Contributivo | H10: APSV | I10: APSI | J10: Total PGU Contributiva+APS | K10: %PGU Contributiva+APS | L10: Nbis | M10: Total PGU+PBS+APS
B11: COYHAIQUE | C11: 1472 | D11: 986 | E11: =D11+C11 -> 2458 | F11: =E11/$E$21 -> 0.52905725 | G11: 4872 | H11: 873 | I11: 475 | J11: 6220 | K11: =J11/$J$21 -> 0.57221711 | L11: 0 | M11: =L11+J11+E11 -> 8678
B12: LAGO VERDE | C12: 41 | D12: 9 | E12: =D12+C12 -> 50 | F12: =E12/$E$21 -> 0.010761946 | G12: 103 | H12: 7 | I12: 3 | J12: 113 | K12: =J12/$J$21 -> 0.010395584 | L12: 0 | M12: =L12+J12+E12 -> 163
B13: PUERTO AYSEN | C13: 555 | D13: 333 | E13: =D13+C13 -> 888 | F13: =E13/$E$21 -> 0.19113216 | G13: 2079 | H13: 274 | I13: 160 | J13: 2513 | K13: =J13/$J$21 -> 0.23118675 | L13: 0 | M13: =L13+J13+E13 -> 3401
B14: CISNES | C14: 131 | D14: 65 | E14: =D14+C14 -> 196 | F14: =E14/$E$21 -> 0.042186827 | G14: 424 | H14: 51 | I14: 28 | J14: 503 | K14: =J14/$J$21 -> 0.046274149 | L14: 0 | M14: =L14+J14+E14 -> 699
B15: GUAITECAS | C15: 44 | D15: 24 | E15: =D15+C15 -> 68 | F15: =E15/$E$21 -> 0.014636246 | G15: 83 | H15: 8 | I15: 7 | J15: 98 | K15: =J15/$J$21 -> 0.0090156394 | L15: 0 | M15: =L15+J15+E15 -> 166
B16: COCHRANE | C16: 157 | D16: 57 | E16: =D16+C16 -> 214 | F16: =E16/$E$21 -> 0.046061128 | G16: 271 | H16: 27 | I16: 14 | J16: 312 | K16: =J16/$J$21 -> 0.028702852 | L16: 0 | M16: =L16+J16+E16 -> 526
B17: OHIGGINS | C17: 8 | D17: 5 | E17: =D17+C17 -> 13 | F17: =E17/$E$21 -> 0.0027981059 | G17: 26 | H17: 1 | I17: 1 | J17: 28 | K17: =J17/$J$21 -> 0.002575897 | L17: 0 | M17: =L17+J17+E17 -> 41
B18: TORTEL | C18: 10 | D18: 2 | E18: =D18+C18 -> 12 | F18: =E18/$E$21 -> 0.002582867 | G18: 26 | H18: 4 | I18: 3 | J18: 33 | K18: =J18/$J$21 -> 0.0030358786 | L18: 0 | M18: =L18+J18+E18 -> 45
B19: CHILE CHICO | C19: 446 | D19: 128 | E19: =D19+C19 -> 574 | F19: =E19/$E$21 -> 0.12354714 | G19: 612 | H19: 52 | I19: 50 | J19: 714 | K19: =J19/$J$21 -> 0.065685373 | L19: 0 | M19: =L19+J19+E19 -> 1288
B20: RIO IBAÑEZ | C20: 129 | D20: 44 | E20: =D20+C20 -> 173 | F20: =E20/$E$21 -> 0.037236332 | G20: 290 | H20: 29 | I20: 17 | J20: 336 | K20: =J20/$J$21 -> 0.030910764 | L20: 0 | M20: =L20+J20+E20 -> 509
B21: Totales | C21: =SUM(C11:C20) -> 2993 | D21: =SUM(D11:D20) -> 1653 | E21: =D21+C21 -> 4646 | F21: =E21/$E$21 -> 1 | G21: =SUM(G11:G20) -> 8786 | H21: =SUM(H11:H20) -> 1326 | I21: =SUM(I11:I20) -> 758 | J21: =SUM(J11:J20) -> 10870 | K21: =J21/$J$21 -> 1 | L21: =SUM(L11:L20) -> 0 | M21: =L21+J21+E21 -> 15516
B22: % respecto del total de solicitudes | C22: =+C21/M21 -> 0.19289765 | D22: =+D21/M21 -> 0.10653519 | E22: =+E21/M21 -> 0.29943284 | G22: =+G21/M21 -> 0.56625419 | H22: =+H21/M21 -> 0.08546017 | I22: =+I21/M21 -> 0.048852797 | J22: =+J21/M21 -> 0.70056716 | L22: =+L21/M21 -> 0 | M22: =J22+L22+E22 -> 1
B24: Número de Conceciones de Beneficios de PGU y SPS según tipo de beneficio - XI Región de Aysen
B25: ='Solicitudes Regiones'!$B$6:$R$6 -> Julio de 2008 a junio de 2022
B27: Concesiones de PGU y Pilar Solidario a nivel comunal
B28: COMUNA | C28: TIPO BENEFICIO
C29: PBSV/PGU No Contributivo | D29: PBSI | E29: TOTAL PGU No Contributiva+PBS | F29: % PGU No Contributiva+PBS | G29: PGU Contributivo | H29: APSV | I29: APSI | J29: Total PGU Contributiva+APS | K29: %PGU Contributiva+APS | L29: Nbis | M29: Total PGU+PBS+APS
B30: COYHAIQUE | C30: 1241 | D30: 445 | E30: =C30+D30 -> 1686 | F30: =E30/$E$40 -> 0.49632028 | G30: 4105 | H30: 407 | I30: 393 | J30: 4905 | K30: =J30/$J$40 -> 0.56548305 | L30: 0 | M30: =L30+J30+E30 -> 6591
B31: LAGO VERDE | C31: 40 | D31: 3 | E31: =C31+D31 -> 43 | F31: =E31/$E$40 -> 0.012658228 | G31: 93 | H31: 2 | I31: 3 | J31: 98 | K31: =J31/$J$40 -> 0.011298132 | L31: 0 | M31: =L31+J31+E31 -> 141
B32: PUERTO AYSEN | C32: 489 | D32: 184 | E32: =C32+D32 -> 673 | F32: =E32/$E$40 -> 0.19811598 | G32: 1776 | H32: 109 | I32: 128 | J32: 2013 | K32: =J32/$J$40 -> 0.23207286 | L32: 0 | M32: =L32+J32+E32 -> 2686
B33: CISNES | C33: 115 | D33: 33 | E33: =C33+D33 -> 148 | F33: =E33/$E$40 -> 0.043567854 | G33: 370 | H33: 11 | I33: 20 | J33: 401 | K33: =J33/$J$40 -> 0.046230113 | L33: 0 | M33: =L33+J33+E33 -> 549
B34: GUAITECAS | C34: 43 | D34: 11 | E34: =C34+D34 -> 54 | F34: =E34/$E$40 -> 0.015896379 | G34: 75 | H34: 2 | I34: 7 | J34: 84 | K34: =J34/$J$40 -> 0.0096841134 | L34: 0 | M34: =L34+J34+E34 -> 138
B35: COCHRANE | C35: 143 | D35: 29 | E35: =C35+D35 -> 172 | F35: =E35/$E$40 -> 0.050632911 | G35: 232 | H35: 15 | I35: 7 | J35: 254 | K35: =J35/$J$40 -> 0.029282914 | L35: 0 | M35: =L35+J35+E35 -> 426
B36: OHIGGINS | C36: 8 | D36: 0 | E36: =C36+D36 -> 8 | F36: =E36/$E$40 -> 0.0023550191 | G36: 24 | H36: 0 | I36: 1 | J36: 25 | K36: =J36/$J$40 -> 0.0028821766 | L36: 0 | M36: =L36+J36+E36 -> 33
B37: TORTEL | C37: 10 | D37: 1 | E37: =C37+D37 -> 11 | F37: =E37/$E$40 -> 0.0032381513 | G37: 23 | H37: 0 | I37: 3 | J37: 26 | K37: =J37/$J$40 -> 0.0029974637 | L37: 0 | M37: =L37+J37+E37 -> 37
B38: CHILE CHICO | C38: 409 | D38: 65 | E38: =C38+D38 -> 474 | F38: =E38/$E$40 -> 0.13953488 | G38: 526 | H38: 21 | I38: 35 | J38: 582 | K38: =J38/$J$40 -> 0.067097072 | L38: 0 | M38: =L38+J38+E38 -> 1056
B39: RIO IBAÑEZ | C39: 105 | D39: 23 | E39: =C39+D39 -> 128 | F39: =E39/$E$40 -> 0.037680306 | G39: 264 | H39: 7 | I39: 15 | J39: 286 | K39: =J39/$J$40 -> 0.032972101 | L39: 0 | M39: =L39+J39+E39 -> 414
B40: Totales | C40: =SUM(C30:C39) -> 2603 | D40: =SUM(D30:D39) -> 794 | E40: =C40+D40 -> 3397 | F40: =E40/$E$40 -> 1 | G40: =SUM(G30:G39) -> 7488 | H40: =SUM(H30:H39) -> 574 | I40: =SUM(I30:I39) -> 612 | J40: =SUM(J30:J39) -> 8674 | K40: =J40/$J$40 -> 1 | L40: =SUM(L30:L39) -> 0 | M40: =L40+J40+E40 -> 12071
B41: % respecto del total de concesiones | C41: =+C40/M40 -> 0.21564079 | D41: =+D40/M40 -> 0.065777483 | E41: =+E40/M40 -> 0.28141828 | G41: =+G40/M40 -> 0.62032972 | H41: =+H40/M40 -> 0.047551984 | I41: =+I40/M40 -> 0.050700025 | J41: =+J40/M40 -> 0.71858172 | L41: =+L40/M40 -> 0 | M41: =J41+L41+E41 -> 1
B42: Fuente: Elaboración propia sobre la base de información del IPS.
B43: Nota: La información estadística reportada del número de solicitudes concesionadas, en trámite, rechazadas y anuladas varía mes a mes por actualización de cifras.

Sheet XII
A2: Subsecretaría de Previsión Social
A3: Dirección de Estudios Previsionales
B5: Número de Solicitudes de Beneficios de PGU y SPS según tipo de beneficio - XII Región de Magallanes | M5: Volver Sistema de Pensiones Solidarias
B6: ='Solicitudes Regiones'!$B$6:$R$6 -> Julio de 2008 a junio de 2022
B8: Distribución Regional Solicitudes de PGU y Pilar Solidario - no incluye ex Pasis
B9: COMUNA | C9: TIPO BENEFICIO
C10: PBSV/PGU No Contributivo | D10: PBSI | E10: TOTAL PGU No Contributiva+PBS | F10: % PGU No Contributiva+PBS | G10: PGU Contributivo | H10: APSV | I10: APSI | J10: Total PGU Contributiva+APS | K10: %PGU Contributiva+APS | L10: Nbis | M10: Total PGU+PBS+APS
B11: PUNTA ARENAS | C11: 3514 | D11: 1546 | E11: =C11+D11 -> 5060 | F11: =E11/$E$22 -> 0.72100313 | G11: 13575 | H11: 3255 | I11: 852 | J11: 17682 | K11: =J11/$J$22 -> 0.80935598 | L11: 0 | M11: =L11+J11+E11 -> 22742
B12: LAGUNA BLANCA | C12: 2 | D12: 1 | E12: =C12+D12 -> 3 | G12: 12 | H12: 0 | I12: 1 | J12: 13 | K12: =J12/$J$22 -> 0.00059504737 | L12: 0 | M12: =L12+J12+E12 -> 16
B13: RIO VERDE | C13: 1 | D13: 0 | E13: =C13+D13 -> 1 | F13: =E13/$E$22 -> 0.00014249074 | G13: 9 | H13: 0 | I13: 2 | J13: 11 | K13: =J13/$J$22 -> 0.00050350162 | L13: 0 | M13: =L13+J13+E13 -> 12
B14: SAN GREGORIO | C14: 6 | D14: 0 | E14: =C14+D14 -> 6 | F14: =E14/$E$22 -> 0.00085494443 | G14: 23 | H14: 2 | I14: 1 | J14: 26 | K14: =J14/$J$22 -> 0.0011900947 | L14: 0 | M14: =L14+J14+E14 -> 32
B15: CABO DE HORNOS | C15: 18 | D15: 9 | E15: =C15+D15 -> 27 | G15: 77 | H15: 14 | I15: 8 | J15: 99 | K15: =J15/$J$22 -> 0.0045315146 | L15: 0 | M15: =L15+J15+E15 -> 126
B16: LA ANTARTICA | C16: 0 | D16: 0 | E16: =C16+D16 -> 0 | F16: =E16/$E$22 -> 0 | G16: 4 | H16: 0 | I16: 0 | J16: 4 | K16: =J16/$J$22 -> 0.0001830915 | L16: 0 | M16: =L16+J16+E16 -> 4
B17: PORVENIR | C17: 166 | D17: 65 | E17: =C17+D17 -> 231 | F17: =E17/$E$22 -> 0.032915361 | G17: 625 | H17: 108 | I17: 38 | J17: 771 | K17: =J17/$J$22 -> 0.035290887 | L17: 0 | M17: =L17+J17+E17 -> 1002
B18: PRIMAVERA | C18: 9 | D18: 5 | E18: =C18+D18 -> 14 | F18: =E18/$E$22 -> 0.0019948703 | G18: 39 | H18: 8 | I18: 2 | J18: 49 | K18: =J18/$J$22 -> 0.0022428709 | L18: 0 | M18: =L18+J18+E18 -> 63
B19: TIMAUKEL | C19: 1 | D19: 0 | E19: =C19+D19 -> 1 | F19: =E19/$E$22 -> 0.00014249074 | G19: 0 | H19: 0 | I19: 0 | J19: 0 | K19: =J19/$J$22 -> 0 | L19: 0 | M19: =L19+J19+E19 -> 1
B20: NATALES | C20: 1240 | D20: 433 | E20: =C20+D20 -> 1673 | F20: =E20/$E$22 -> 0.238387 | G20: 2642 | H20: 410 | I20: 136 | J20: 3188 | K20: =J20/$J$22 -> 0.14592393 | L20: 0 | M20: =L20+J20+E20 -> 4861
B21: TORRES DEL PAINE | C21: 2 | D21: 0 | E21: =C21+D21 -> 2 | G21: 2 | H21: 2 | I21: 0 | J21: 4 | K21: =J21/$J$22 -> 0.0001830915 | L21: 0 | M21: =L21+J21+E21 -> 6
B22: Totales | C22: =SUM(C11:C21) -> 4959 | D22: =SUM(D11:D21) -> 2059 | E22: =C22+D22 -> 7018 | F22: =E22/$E$22 -> 1 | G22: =SUM(G11:G21) -> 17008 | H22: =SUM(H11:H21) -> 3799 | I22: =SUM(I11:I21) -> 1040 | J22: =SUM(J11:J21) -> 21847 | K22: =J22/$J$22 -> 1 | L22: =SUM(L11:L21) -> 0 | M22: =SUM(M11:M21) -> 28865
B23: % respecto del total de solicitudes | C23: =+C22/M22 -> 0.17179976 | D23: =+D22/M22 -> 0.071332063 | E23: =+E22/M22 -> 0.24313182 | G23: =+G22/M22 -> 0.58922571 | H23: =+H22/M22 -> 0.13161268 | I23: =+I22/M22 -> 0.036029794 | J23: =+J22/M22 -> 0.75686818 | L23: =+L22/M22 -> 0 | M23: =J23+L23+E23 -> 1
B25: Número de Concesiones de Beneficios de PGU y SPS según tipo de beneficio - XII Región de Magallanes
B26: ='Solicitudes Regiones'!$B$6:$R$6 -> Julio de 2008 a junio de 2022
B28: Concesiones de PGU y Pilar Solidario a nivel comunal
B29: COMUNA | C29: TIPO BENEFICIO
C30: PBSV/PGU No Contributivo | D30: PBSI | E30: TOTAL PGU No Contributiva+PBS | F30: % PGU No Contributiva+PBS | G30: PGU Contributivo | H30: APSV | I30: APSI | J30: Total PGU Contributiva+APS | K30: %PGU Contributiva+APS | L30: Nbis | M30: Total PGU+PBS+APS
B31: PUNTA ARENAS | C31: 2988 | D31: 1031 | E31: =C31+D31 -> 4019 | F31: =E31/$E$42 -> 0.71793498 | G31: 10859 | H31: 1683 | I31: 712 | J31: 13254 | K31: =J31/$J$42 -> 0.79833755 | L31: 0 | M31: =L31+J31+E31 -> 17273
B32: LAGUNA BLANCA | C32: 2 | D32: 0 | E32: =C32+D32 -> 2 | G32: 10 | H32: 0 | I32: 1 | J32: 11 | K32: =J32/$J$42 -> 0.00066257077 | L32: 0 | M32: =L32+J32+E32 -> 13
B33: RIO VERDE | C33: 1 | D33: 0 | E33: =C33+D33 -> 1 | F33: =E33/$E$42 -> 0.00017863523 | G33: 7 | H33: 0 | I33: 1 | J33: 8 | K33: =J33/$J$42 -> 0.00048186965 | L33: 0 | M33: =L33+J33+E33 -> 9
B34: SAN GREGORIO | C34: 5 | D34: 0 | E34: =C34+D34 -> 5 | F34: =E34/$E$42 -> 0.00089317613 | G34: 20 | H34: 1 | I34: 0 | J34: 21 | K34: =J34/$J$42 -> 0.0012649078 | L34: 0 | M34: =L34+J34+E34 -> 26
B35: CABO DE HORNOS | C35: 15 | D35: 7 | E35: =C35+D35 -> 22 | G35: 64 | H35: 2 | I35: 4 | J35: 70 | K35: =J35/$J$42 -> 0.0042163595 | L35: 0 | M35: =L35+J35+E35 -> 92
B36: LA ANTARTICA | C36: 0 | D36: 0 | E36: =C36+D36 -> 0 | F36: =E36/$E$42 -> 0 | G36: 4 | H36: 0 | I36: 0 | J36: 4 | K36: =J36/$J$42 -> 0.00024093483 | L36: 0 | M36: =L36+J36+E36 -> 4
B37: PORVENIR | C37: 146 | D37: 39 | E37: =C37+D37 -> 185 | F37: =E37/$E$42 -> 0.033047517 | G37: 551 | H37: 44 | I37: 29 | J37: 624 | K37: =J37/$J$42 -> 0.037585833 | L37: 0 | M37: =L37+J37+E37 -> 809
B38: PRIMAVERA | C38: 4 | D38: 5 | E38: =C38+D38 -> 9 | F38: =E38/$E$42 -> 0.001607717 | G38: 36 | H38: 3 | I38: 1 | J38: 40 | K38: =J38/$J$42 -> 0.0024093483 | L38: 0 | M38: =L38+J38+E38 -> 49
B39: TIMAUKEL | C39: 1 | D39: 0 | E39: =C39+D39 -> 1 | F39: =E39/$E$42 -> 0.00017863523 | G39: 0 | H39: 0 | I39: 0 | J39: 0 | K39: =J39/$J$42 -> 0 | L39: 0 | M39: =L39+J39+E39 -> 1
B40: NATALES | C40: 1088 | D40: 265 | E40: =C40+D40 -> 1353 | F40: =E40/$E$42 -> 0.24169346 | G40: 2271 | H40: 191 | I40: 105 | J40: 2567 | K40: =J40/$J$42 -> 0.15461993 | L40: 0 | M40: =L40+J40+E40 -> 3920
B41: TORRES DEL PAINE | C41: 1 | D41: 0 | E41: =C41+D41 -> 1 | G41: 2 | H41: 1 | I41: 0 | J41: 3 | K41: =J41/$J$42 -> 0.00018070112 | L41: 0 | M41: =L41+J41+E41 -> 4
B42: Totales | C42: =SUM(C31:C41) -> 4251 | D42: =SUM(D31:D41) -> 1347 | E42: =C42+D42 -> 5598 | F42: =E42/$E$42 -> 1 | G42: =SUM(G31:G41) -> 13824 | H42: =SUM(H31:H41) -> 1925 | I42: =SUM(I31:I41) -> 853 | J42: =SUM(J31:J41) -> 16602 | K42: =J42/$J$42 -> 1 | L42: =SUM(L31:L41) -> 0 | M42: =SUM(M31:M41) -> 22200
B43: % respecto del total de concesiones | C43: =+C42/M42 -> 0.19148649 | D43: =+D42/M42 -> 0.060675676 | E43: =+E42/M42 -> 0.25216216 | G43: =+G42/M42 -> 0.6227027 | H43: =+H42/M42 -> 0.086711712 | I43: =+I42/M42 -> 0.038423423 | J43: =+J42/M42 -> 0.74783784 | L43: =+L42/M42 -> 0 | M43: =J43+L43+E43 -> 1
B44: Fuente: Elaboración propia sobre la base de información del IPS.
B45: Nota: La información estadística reportada del número de solicitudes concesionadas, en trámite, rechazadas y anuladas varía mes a mes por actualización de cifras.

Sheet XIII
A2: Subsecretaría de Previsión Social
A3: Dirección de Estudios Previsionales
B5: Número de Solicitudes de Beneficios de PGU y SPS según tipo de beneficio - XIII Región Metropolitana | M5: Volver Sistema de Pensiones Solidarias
B6: ='Solicitudes Regiones'!$B$6:$R$6 -> Julio de 2008 a junio de 2022
B8: Distribución Regional Solicitudes de PGU y Pilar Solidario - no incluye ex Pasis
B9: COMUNA | C9: TIPO BENEFICIO
C10: PBSV/PGU No Contributivo | D10: PBSI | E10: TOTAL PGU No Contributiva+PBS | F10: % PGU No Contributiva+PBS | G10: PGU Contributivo | H10: APSV | I10: APSI | J10: Total PGU Contributiva+APS | K10: %PGU Contributiva+APS | L10: Nbis | M10: Total PGU+PBS+APS
B11: SANTIAGO | C11: 18133 | D11: 2122 | E11: =C11+D11 -> 20255 | F11: =E11/$E$63 -> 0.068198424 | G11: 33551 | H11: 5648 | I11: 1338 | J11: 40537 | K11: =J11/$J$63 -> 0.048633623 | L11: 0 | M11: =L11+J11+E11 -> 60792
B12: CERRILLOS | C12: 2626 | D12: 1533 | E12: =C12+D12 -> 4159 | F12: =E12/$E$63 -> 0.01400332 | G12: 8414 | H12: 1913 | I12: 481 | J12: 10808 | K12: =J12/$J$63 -> 0.012966727 | L12: 0 | M12: =L12+J12+E12 -> 14967
B13: EL BOSQUE | C13: 6358 | D13: 3185 | E13: =C13+D13 -> 9543 | F13: =E13/$E$63 -> 0.032131205 | G13: 17830 | H13: 3288 | I13: 1156 | J13: 22274 | K13: =J13/$J$63 -> 0.026722878 | L13: 0 | M13: =L13+J13+E13 -> 31817
B14: HUECHURABA | C14: 2810 | D14: 1476 | E14: =C14+D14 -> 4286 | F14: =E14/$E$63 -> 0.014430928 | G14: 7821 | H14: 1642 | I14: 509 | J14: 9972 | K14: =J14/$J$63 -> 0.011963749 | L14: 0 | M14: =L14+J14+E14 -> 14258
B15: INDEPENDENCIA | C15: 2860 | D15: 895 | E15: =C15+D15 -> 3755 | F15: =E15/$E$63 -> 0.012643055 | G15: 10033 | H15: 1810 | I15: 434 | J15: 12277 | K15: =J15/$J$63 -> 0.014729136 | L15: 0 | M15: =L15+J15+E15 -> 16032
B16: LA CISTERNA | C16: 3578 | D16: 1184 | E16: =C16+D16 -> 4762 | F16: =E16/$E$63 -> 0.016033616 | G16: 10345 | H16: 2035 | I16: 480 | J16: 12860 | K16: =J16/$J$63 -> 0.015428581 | L16: 0 | M16: =L16+J16+E16 -> 17622
B17: LA PINTANA | C17: 6066 | D17: 3783 | E17: =C17+D17 -> 9849 | F17: =E17/$E$63 -> 0.033161505 | G17: 17051 | H17: 2711 | I17: 1358 | J17: 21120 | K17: =J17/$J$63 -> 0.025338385 | L17: 0 | M17: =L17+J17+E17 -> 30969
B18: LAS CONDES | C18: 4972 | D18: 1030 | E18: =C18+D18 -> 6002 | F18: =E18/$E$63 -> 0.020208686 | G18: 20310 | H18: 5421 | I18: 533 | J18: 26264 | K18: =J18/$J$63 -> 0.031509817 | L18: 0 | M18: =L18+J18+E18 -> 32266
B19: LO BARNECHEA | C19: 1124 | D19: 446 | E19: =C19+D19 -> 1570 | F19: =E19/$E$63 -> 0.0052861775 | G19: 4080 | H19: 615 | I19: 190 | J19: 4885 | K19: =J19/$J$63 -> 0.0058607013 | L19: 0 | M19: =L19+J19+E19 -> 6455
B20: LO PRADO | C20: 4092 | D20: 1671 | E20: =C20+D20 -> 5763 | F20: =E20/$E$63 -> 0.019403975 | G20: 12999 | H20: 2400 | I20: 682 | J20: 16081 | K20: =J20/$J$63 -> 0.019292925 | L20: 0 | M20: =L20+J20+E20 -> 21844
B21: MACUL | C21: 3872 | D21: 1146 | E21: =C21+D21 -> 5018 | F21: =E21/$E$63 -> 0.016895566 | G21: 14431 | H21: 2860 | I21: 561 | J21: 17852 | K21: =J21/$J$63 -> 0.021417654 | L21: 0 | M21: =L21+J21+E21 -> 22870
B22: PEDRO AGUIRRE CERDA | C22: 4642 | D22: 2131 | E22: =C22+D22 -> 6773 | F22: =E22/$E$63 -> 0.022804637 | G22: 14632 | H22: 2514 | I22: 801 | J22: 17947 | K22: =J22/$J$63 -> 0.021531629 | L22: 0 | M22: =L22+J22+E22 -> 24720
... B62: LA FLORIDA | C62: 12102 | D62: 3533 | E62: =C62+D62 -> 15635 | F62: =E62/$E$63 -> 0.05264292 | G62: 41163 | H62: 9674 | I62: 1700 | J62: 52537 | K62: =J62/$J$63 -> 0.063030432 | L62: 0 | M62: =L62+J62+E62 -> 68172
B63: Totales | C63: =SUM(C11:C62) -> 209608 | D63: =SUM(D11:D62) -> 87393 | E63: =C63+D63 -> 297001 | F63: =E63/$E$63 -> 1 | G63: =SUM(G11:G62) -> 670086 | H63: =SUM(H11:H62) -> 127416 | I63: =SUM(I11:I62) -> 36016 | J63: =SUM(J11:J62) -> 833518 | K63: =J63/$J$63 -> 1 | L63: =SUM(L11:L62) -> 0 | M63: =L63+J63+E63 -> 1130519
B64: % respecto del total de solicitudes | C64: =+C63/M63 -> 0.18540865 | D64: =+D63/M63 -> 0.077303433 | E64: =+E63/M63 -> 0.26271208 | G64: =+G63/M63 -> 0.59272423 | H64: =+H63/M63 -> 0.11270576 | I64: =+I63/M63 -> 0.031857934 | J64: =+J63/M63 -> 0.73728792 | L64: =+L63/M63 -> 0 | M64: =J64+L64+E64 -> 1
B66: Número de Concesiones de Beneficios de PGU y SPS según tipo de beneficio - XIII Región Metropolitana
B67: ='Solicitudes Regiones'!$B$6:$R$6 -> Julio de 2008 a junio de 2022
B69: Concesiones de PGU y Pilar Solidario a nivel comunal
B70: COMUNA | C70: TIPO BENEFICIO
C71: PBSV/PGU No Contributivo | D71: PBSI | E71: TOTAL PGU No Contributiva+PBS | F71: % PGU No Contributiva+PBS | G71: PGU Contributivo | H71: APSV | I71: APSI | J71: Total PGU Contributiva+APS | K71: %PGU Contributiva+APS | L71: Nbis | M71: Total PGU+PBS+APS
B72: SANTIAGO | C72: 16064 | D72: 1335 | E72: =C72+D72 -> 17399 | F72: =E72/$E$124 -> 0.073657161 | G72: 26544 | H72: 2903 | I72: 1123 | J72: 30570 | K72: =J72/$J$124 -> 0.045914896 | L72: 0 | M72: =L72+J72+E72 -> 47969
B73: CERRILLOS | C73: 2249 | D73: 937 | E73: =C73+D73 -> 3186 | F73: =E73/$E$124 -> 0.013487655 | G73: 7320 | H73: 977 | I73: 383 | J73: 8680 | K73: =J73/$J$124 -> 0.013037007 | L73: 0 | M73: =L73+J73+E73 -> 11866
B74: EL BOSQUE | C74: 5600 | D74: 1937 | E74: =C74+D74 -> 7537 | F74: =E74/$E$124 -> 0.031907237 | G74: 15854 | H74: 1800 | I74: 1000 | J74: 18654 | K74: =J74/$J$124 -> 0.028017549 | L74: 0 | M74: =L74+J74+E74 -> 26191
B75: HUECHURABA | C75: 2337 | D75: 878 | E75: =C75+D75 -> 3215 | F75: =E75/$E$124 -> 0.013610424 | G75: 6744 | H75: 794 | I75: 431 | J75: 7969 | K75: =J75/$J$124 -> 0.011969114 | L75: 0 | M75: =L75+J75+E75 -> 11184
B76: INDEPENDENCIA | C76: 2471 | D76: 590 | E76: =C76+D76 -> 3061 | F76: =E76/$E$124 -> 0.012958479 | G76: 8536 | H76: 961 | I76: 373 | J76: 9870 | K76: =J76/$J$124 -> 0.014824338 | L76: 0 | M76: =L76+J76+E76 -> 12931
B77: LA CISTERNA | C77: 3160 | D77: 710 | E77: =C77+D77 -> 3870 | F77: =E77/$E$124 -> 0.01638331 | G77: 8855 | H77: 1158 | I77: 401 | J77: 10414 | K77: =J77/$J$124 -> 0.015641404 | L77: 0 | M77: =L77+J77+E77 -> 14284
B78: LA PINTANA | C78: 5548 | D78: 2378 | E78: =C78+D78 -> 7926 | F78: =E78/$E$124 -> 0.033554035 | G78: 15668 | H78: 1676 | I78: 1162 | J78: 18506 | K78: =J78/$J$124 -> 0.027795259 | L78: 0 | M78: =L78+J78+E78 -> 26432
B79: LAS CONDES | C79: 3574 | D79: 771 | E79: =C79+D79 -> 4345 | F79: =E79/$E$124 -> 0.018394182 | G79: 12622 | H79: 1897 | I79: 425 | J79: 14944 | K79: =J79/$J$124 -> 0.02244528 | L79: 0 | M79: =L79+J79+E79 -> 19289
B80: LO BARNECHEA | C80: 921 | D80: 283 | E80: =C80+D80 -> 1204 | F80: =E80/$E$124 -> 0.0050970298 | G80: 3262 | H80: 308 | I80: 152 | J80: 3722 | K80: =J80/$J$124 -> 0.0055902925 | L80: 0 | M80: =L80+J80+E80 -> 4926
B81: LO PRADO | C81: 3652 | D81: 1015 | E81: =C81+D81 -> 4667 | F81: =E81/$E$124 -> 0.019757341 | G81: 11561 | H81: 1216 | I81: 546 | J81: 13323 | K81: =J81/$J$124 -> 0.020010604 | L81: 0 | M81: =L81+J81+E81 -> 17990
B82: MACUL | C82: 3363 | D82: 745 | E82: =C82+D82 -> 4108 | F82: =E82/$E$124 -> 0.017390863 | G82: 11876 | H82: 1582 | I82: 482 | J82: 13940 | K82: =J82/$J$124 -> 0.020937313 | L82: 0 | M82: =L82+J82+E82 -> 18048
B83: PEDRO AGUIRRE CERDA | C83: 4147 | D83: 1252 | E83: =C83+D83 -> 5399 | F83: =E83/$E$124 -> 0.022856199 | G83: 13132 | H83: 1326 | I83: 649 | J83: 15107 | K83: =J83/$J$124 -> 0.022690099 | L83: 0 | M83: =L83+J83+E83 -> 20506
... B123: LA FLORIDA | C123: 10178 | D123: 2345 | E123: =C123+D123 -> 12523 | F123: =E123/$E$124 -> 0.053015037 | G123: 33305 | H123: 4675 | I123: 1385 | J123: 39365 | K123: =J123/$J$124 -> 0.059124628 | L123: 0 | M123: =L123+J123+E123 -> 51888
B124: Totales | C124: =SUM(C72:C123) -> 182402 | D124: =SUM(D72:D123) -> 53814 | E124: =C124+D124 -> 236216 | F124: =E124/$E$124 -> 1 | G124: =SUM(G72:G123) -> 568144 | H124: =SUM(H72:H123) -> 67863 | I124: =SUM(I72:I123) -> 29790 | J124: =SUM(J72:J123) -> 665797 | K124: =J124/$J$124 -> 1 | L124: =SUM(L72:L123) -> 0 | M124: =L124+J124+E124 -> 902013
B125: % respecto del total de concesiones | C125: =+C124/M124 -> 0.2022166 | D125: =+D124/M124 -> 0.059659894 | E125: =+E124/M124 -> 0.26187649 | G125: =+G124/M124 -> 0.62986232 | H125: =+H124/M124 -> 0.075235058 | I125: =+I124/M124 -> 0.033026132 | J125: =+J124/M124 -> 0.73812351 | L125: =+L124/M124 -> 0 | M125: =J125+L125+E125 -> 1
B126: Fuente: Elaboración propia sobre la base de información del IPS.
B127: Nota: La información estadística reportada del número de solicitudes concesionadas, en trámite, rechazadas y anuladas varía mes a mes por actualización de cifras.

Sheet Índice BxH
A2: Subsecretaría de Previsión Social
A3: Dirección de Estudios Previsionales
B5: Estadísticas Bono por Hijo (BxH) | N5: Volver a Índice
B7: Introducción
B8: A continuación se entregan los principales cuadros sobre Bono por Hijo que contiene el Informe Estadístico Mensual del Pilar Solidario del mes de junio 2022, incluyendo información de Solicitudes, Concesiones y Rechazos de Bono por hijo a nivel nacional, desde su implementación a la fecha, y las concesiones a nivel regional.
B10: Índice
B11: Concesiones de Bono por Hijo a nivel nacional, por mes, desde Agosto 2009 a junio 2022
B12: Solicitudes, Rechazos y concesiones a nivel nacional, por mes, desde Agosto 2009 a junio 2022
B13: Concesiones de Bono por Hijo a nivel regional en el mes de junio 2022

Sheet Concesiones Mensuales BxH
A2: Subsecretaría de Previsión Social
A3: Dirección de Estudios Previsionales
B5: Número de concesiones de Bono por Hijo, según tipo de pago y mes | L5: Volver a Bono por Hijo
B6: Agosto 2009 a junio 2022
B8: Mes | C8: NÚMERO DE CONCESIONES DE BONO POR HIJO REALIZADAS CADA MES
C9: Pago Mensual Con PGU no Contributiva | E9: Pago Mensual Con PGU Contributiva /APS | G9: Pago Único | I9: TOTAL
C10: Nº Beneficiarias | D10: Nº de Hijos | E10: Nº Beneficiarias | F10: Nº de Hijos | G10: Nº Beneficiarias | H10: Nº de Hijos | I10: Nº Beneficiarias | J10: Nº de Hijos (causantes)
B11: Ago-dic 2009 | I11: 23671 | J11: 102602
B12: 2010 | I12: 90591 | J12: 283345
B13: 2011 | I13: 105822 | J13: 430659
B14: 2012 | I14: 54727 | J14: 214792
B15: 41275 | C15: 1344 | D15: 5074 | E15: 84 | F15: 433 | G15: 1525 | H15: 5846 | I15: 2953 | J15: 11353
B16: 41306 | C16: 1353 | D16: 5003 | E16: 87 | F16: 397 | G16: 1589 | H16: 5817 | I16: 3029 | J16: 11217
B17: 41334 | C17: 1556 | D17: 5790 | E17: 83 | F17: 353 | G17: 1708 | H17: 5791 | I17: 3347 | J17: 11934
B18: 41365 | C18: 1076 | D18: 4086 | E18: 69 | F18: 271 | G18: 1727 | H18: 5901 | I18: 2872 | J18: 10258
B19: 41395 | C19: 920 | D19: 3380 | E19: 38 | F19: 168 | G19: 1182 | H19: 4056 | I19: 2140 | J19: 7604
B20: 41426 | C20: 911 | D20: 3309 | E20: 125 | F20: 648 | G20: 1778 | H20: 6154 | I20: 2814 | J20: 10111
B21: 41456 | C21: 1073 | D21: 3717 | E21: 75 | F21: 297 | G21: 1520 | H21: 5115 | I21: 2668 | J21: 9129
B22: 41487 | C22: 1037 | D22: 3504 | E22: 284 | F22: 1590 | G22: 2172 | H22: 6454 | I22: 3493 | J22: 11548
B23: 41518 | C23: 2257 | D23: 8307 | E23: 45 | F23: 183 | G23: 1509 | H23: 5003 | I23: 3811 | J23: 13493
B24: 41548 | C24: 2716 | D24: 10131 | E24: 147 | F24: 685 | G24: 1865 | H24: 6227 | I24: 4728 | J24: 17043
B25: 41579 | C25: 1624 | D25: 5781 | E25: 79 | F25: 348 | G25: 1639 | H25: 5415 | I25: 3342 | J25: 11544
B26: 41609 | C26: 1527 | D26: 5675 | E26: 77 | F26: 312 | G26: 1584 | H26: 4895 | I26: 3188 | J26: 10882
B27: 2013 | C27: 17394 | D27: 63757 | E27: 1193 | F27: 5685 | G27: 19798 | H27: 66674 | I27: =SUM(I15:I26) -> 38385 | J27: =SUM(J15:J26) -> 136116
B28: 41640 | C28: 1680 | D28: 6027 | E28: 52 | F28: 220 | G28: 1280 | H28: 4011 | I28: 3012 | J28: 10258
B29: 41671 | C29: 1550 | D29: 5590 | E29: 76 | F29: 318 | G29: 1520 | H29: 4945 | I29: 3146 | J29: 10853
B30: 41699 | C30: 1367 | D30: 4922 | E30: 99 | F30: 470 | G30: 1354 | H30: 4290 | I30: 2820 | J30: 9682
B31: 41730 | C31: 1713 | D31: 6039 | E31: 117 | F31: 534 | G31: 1841 | H31: 6029 | I31: 3671 | J31: 12602
B32: 41760 | C32: 1767 | D32: 6174 | E32: 124 | F32: 523 | G32: 1514 | H32: 4663 | I32: 3405 | J32: 11360
B33: 41791 | C33: 1613 | D33: 5821 | E33: 120 | F33: 517 | G33: 1715 | H33: 5301 | I33: 3448 | J33: 11639
B34: 41821 | C34: 1419 | D34: 4978 | E34: 88 | F34: 412 | G34: 1625 | H34: 5129 | I34: 3132 | J34: 10519
B35: 41852 | C35: 1494 | D35: 5380 | E35: 98 | F35: 469 | G35: 2110 | H35: 6696 | I35: =C35+E35+G35 -> 3702 | J35: =D35+F35+H35 -> 12545
B36: 41883 | C36: 2074 | D36: 6815 | E36: 153 | F36: 619 | G36: 1891 | H36: 5544 | I36: =C36+E36+G36 -> 4118 | J36: =D36+F36+H36 -> 12978
B37: 41913 | C37: 1793 | D37: 6196 | E37: 99 | F37: 453 | G37: 2822 | H37: 9121 | I37: =C37+E37+G37 -> 4714 | J37: =D37+F37+H37 -> 15770
B38: 41944 | C38: 1417 | D38: 5025 | E38: 119 | F38: 521 | G38: 2963 | H38: 9093 | I38: =C38+E38+G38 -> 4499 | J38: =D38+F38+H38 -> 14639
B39: 41974 | C39: 2023 | D39: 7131 | E39: 157 | F39: 606 | G39: 2407 | H39: 7565 | I39: =C39+E39+G39 -> 4587 | J39: =D39+F39+H39 -> 15302
B40: 2014 | C40: =SUM(C28:C39) -> 19910 | D40: =SUM(D28:D39) -> 70098 | E40: =SUM(E28:E39) -> 1302 | F40: =SUM(F28:F39) -> 5662 | G40: =SUM(G28:G39) -> 23042 | H40: =SUM(H28:H39) -> 72387 | I40: =SUM(I28:I39) -> 44254 | J40: =SUM(J28:J39) -> 148147
B41: 42005 | C41: 1303 | D41: 4627 | E41: 90 | F41: 407 | G41: 2299 | H41: 7138 | I41: =C41+E41+G41 -> 3692 | J41: =D41+F41+H41 -> 12172
B42: 42036 | C42: 1126 | D42: 4105 | E42: 68 | F42: 319 | G42: 1895 | H42: 5828 | I42: =C42+E42+G42 -> 3089 | J42: =D42+F42+H42 -> 10252
B43: 42064 | C43: 1509 | D43: 5148 | E43: 142 | F43: 601 | G43: 2308 | H43: 7031 | I43: =C43+E43+G43 -> 3959 | J43: =D43+F43+H43 -> 12780
B44: 42095 | C44: 1305 | D44: 4297 | E44: 154 | F44: 670 | G44: 2740 | H44: 8147 | I44: =C44+E44+G44 -> 4199 | J44: =D44+F44+H44 -> 13114
B45: 42125 | C45: 1328 | D45: 4634 | E45: 162 | F45: 698 | G45: 2387 | H45: 7056 | I45: =C45+E45+G45 -> 3877 | J45: =D45+F45+H45 -> 12388
B46: 42156 | C46: 1079 | D46: 3931 | E46: 121 | F46: 595 | G46: 2940 | H46: 8577 | I46: =C46+E46+G46 -> 4140 | J46: =D46+F46+H46 -> 13103
B47: 42186 | C47: 1562 | D47: 5243 | E47: 193 | F47: 896 | G47: 1660 | H47: 4806 | I47: =C47+E47+G47 -> 3415 | J47: =D47+F47+H47 -> 10945
B48: 42217 | C48: 1389 | D48: 4383 | E48: 321 | F48: 1453 | G48: 4348 | H48: 12994 | I48: =C48+E48+G48 -> 6058 | J48: =D48+F48+H48 -> 18830
B49: 42248 | C49: 2017 | D49: 7335 | E49: 176 | F49: 801 | G49: 2843 | H49: 8849 | I49: =C49+E49+G49 -> 5036 | J49: =D49+F49+H49 -> 16985
B50: 42278 | C50: 1395 | D50: 4572 | E50: 175 | F50: 799 | G50: 2605 | H50: 7454 | I50: =C50+E50+G50 -> 4175 | J50: =D50+F50+H50 -> 12825
B51: 42309 | C51: 1495 | D51: 5282 | E51: 166 | F51: 712 | G51: 3733 | H51: 10856 | I51: =C51+E51+G51 -> 5394 | J51: =D51+F51+H51 -> 16850
B52: 42339 | C52: 1645 | D52: 5189 | E52: 200 | F52: 809 | G52: 2771 | H52: 8572 | I52: =C52+E52+G52 -> 4616 | J52: =D52+F52+H52 -> 14570
B53: 2015 | C53: =SUM(C41:C52) -> 17153 | D53: =SUM(D41:D52) -> 58746 | E53: =SUM(E41:E52) -> 1968 | F53: =SUM(F41:F52) -> 8760 | G53: =SUM(G41:G52) -> 32529 | H53: =SUM(H41:H52) -> 97308 | I53: =SUM(I41:I52) -> 51650 | J53: =SUM(J41:J52) -> 164814
B54: 42370 | C54: 1402 | D54: 4801 | E54: 157 | F54: 645 | G54: 2531 | H54: 7419 | I54: =C54+E54+G54 -> 4090 | J54: =D54+F54+H54 -> 12865
B55: 42401 | C55: 964 | D55: 3139 | E55: 156 | F55: 644 | G55: 2723 | H55: 8130 | I55: =C55+E55+G55 -> 3843 | J55: =D55+F55+H55 -> 11913
B56: 42430 | C56: 1710 | D56: 5724 | E56: 238 | F56: 993 | G56: 3197 | H56: 9196 | I56: =C56+E56+G56 -> 5145 | J56: =D56+F56+H56 -> 15913
B57: 42461 | C57: 1579 | D57: 5412 | E57: 196 | F57: 787 | G57: 2640 | H57: 7635 | I57: =C57+E57+G57 -> 4415 | J57: =D57+F57+H57 -> 13834
B58: 42491 | C58: 1550 | D58: 5486 | E58: 180 | F58: 760 | G58: 2933 | H58: 8633 | I58: =C58+E58+G58 -> 4663 | J58: =D58+F58+H58 -> 14879
B59: 42522 | C59: 1015 | D59: 3452 | E59: 121 | F59: 555 | G59: 2658 | H59: 7478 | I59: =C59+E59+G59 -> 3794 | J59: =D59+F59+H59 -> 11485
B60: 42552 | C60: 1746 | D60: 6028 | E60: 157 | F60: 657 | G60: 2535 | H60: 7430 | I60: =C60+E60+G60 -> 4438 | J60: =D60+F60+H60 -> 14115
B61: 42583 | C61: 1390 | D61: 4511 | E61: 153 | F61: 578 | G61: 3151 | H61: 9173 | I61: =C61+E61+G61 -> 4694 | J61: =D61+F61+H61 -> 14262
B62: 42614 | C62: 1402 | D62: 4329 | E62: 196 | F62: 823 | G62: 2981 | H62: 8807 | I62: =C62+E62+G62 -> 4579 | J62: =D62+F62+H62 -> 13959
B63: 42644 | C63: 1480 | D63: 5044 | E63: 136 | F63: 536 | G63: 2791 | H63: 8111 | I63: =C63+E63+G63 -> 4407 | J63: =D63+F63+H63 -> 13691
B64: 42675 | C64: 1497 | D64: 5099 | E64: 128 | F64: 483 | G64: 2064 | H64: 6110 | I64: =C64+E64+G64 -> 3689 | J64: =D64+F64+H64 -> 11692
B65: 42705 | C65: 1565 | D65: 5550 | E65: 94 | F65: 399 | G65: 3636 | H65: 11125 | I65: =C65+E65+G65 -> 5295 | J65: =D65+F65+H65 -> 17074
B66: 2016 | C66: =SUM(C54:C65) -> 17300 | D66: =SUM(D54:D65) -> 58575 | E66: =SUM(E54:E65) -> 1912 | F66: =SUM(F54:F65) -> 7860 | G66: =SUM(G54:G65) -> 33840 | H66: =SUM(H54:H65) -> 99247 | I66: =SUM(I54:I65) -> 53052 | J66: =SUM(J54:J65) -> 165682
B67: 42736 | C67: 1578 | D67: 5100 | E67: 122 | F67: 478 | G67: 3277 | H67: 9466 | I67: =C67+E67+G67 -> 4977 | J67: =D67+F67+H67 -> 15044
B68: 42767 | C68: 1309 | D68: 4472 | E68: 118 | F68: 502 | G68: 3001 | H68: 8506 | I68: =C68+E68+G68 -> 4428 | J68: =D68+F68+H68 -> 13480
B69: 42795 | C69: 1433 | D69: 4492 | E69: 123 | F69: 484 | G69: 2598 | H69: 7750 | I69: =C69+E69+G69 -> 4154 | J69: =D69+F69+H69 -> 12726
B70: 42826 | C70: 1610 | D70: 5252 | E70: 163 | F70: 704 | G70: 2935 | H70: 8131 | I70: =C70+E70+G70 -> 4708 | J70: =D70+F70+H70 -> 14087
B71: 42856 | C71: 1418 | D71: 4341 | E71: 177 | F71: 637 | G71: 3318 | H71: 8846 | I71: =C71+E71+G71 -> 4913 | J71: =D71+F71+H71 -> 13824
B72: 42887 | C72: 1230 | D72: 4069 | E72: 108 | F72: 460 | G72: 2707 | H72: 8139 | I72: =C72+E72+G72 -> 4045 | J72: =D72+F72+H72 -> 12668
B73: 42917 | C73: 1191 | D73: 4093 | E73: 118 | F73: 524 | G73: 3460 | H73: 9428 | I73: =C73+E73+G73 -> 4769 | J73: =D73+F73+H73 -> 14045
B74: 42948 | C74: 1646 | D74: 5129 | E74: 226 | F74: 888 | G74: 3406 | H74: 9871 | I74: =C74+E74+G74 -> 5278 | J74: =D74+F74+H74 -> 15888
B75: 42979 | C75: 1788 | D75: 5884 | E75: 227 | F75: 1042 | G75: 1959 | H75: 5773 | I75: =C75+E75+G75 -> 3974 | J75: =D75+F75+H75 -> 12699
B76: 43009 | C76: 1600 | D76: 5166 | E76: 160 | F76: 678 | G76: 5186 | H76: 14719 | I76: =C76+E76+G76 -> 6946 | J76: =D76+F76+H76 -> 20563
B77: 43040 | C77: 1751 | D77: 5849 | E77: 177 | F77: 742 | G77: 3371 | H77: 9775 | I77: =C77+E77+G77 -> 5299 | J77: =D77+F77+H77 -> 16366
B78: 43070 | C78: 1618 | D78: 5288 | E78: 188 | F78: 708 | G78: 3152 | H78: 9366 | I78: =C78+E78+G78 -> 4958 | J78: =D78+F78+H78 -> 15362
B79: 2017 | C79: =SUM(C67:C78) -> 18172 | D79: =SUM(D67:D78) -> 59135 | E79: =SUM(E67:E78) -> 1907 | F79: =SUM(F67:F78) -> 7847 | G79: =SUM(G67:G78) -> 38370 | H79: =SUM(H67:H78) -> 109770 | I79: =SUM(I67:I78) -> 58449 | J79: =SUM(J67:J78) -> 176752
B80: 43101 | C80: 1487 | D80: 4777 | E80: 142 | F80: 567 | G80: 3378 | H80: 9267 | I80: =C80+E80+G80 -> 5007 | J80: =D80+F80+H80 -> 14611
B81: 43132 | C81: 1165 | D81: 3878 | E81: 171 | F81: 740 | G81: 4024 | H81: 10885 | I81: =C81+E81+G81 -> 5360 | J81: =D81+F81+H81 -> 15503
B82: 43160 | C82: 2460 | D82: 7692 | E82: 296 | F82: 1104 | G82: 3447 | H82: 9794 | I82: =C82+E82+G82 -> 6203 | J82: =D82+F82+H82 -> 18590
B83: 43191 | C83: 1488 | D83: 4979 | E83: 166 | F83: 699 | G83: 3596 | H83: 10022 | I83: =C83+E83+G83 -> 5250 | J83: =D83+F83+H83 -> 15700
B84: 43221 | C84: 1705 | D84: 5530 | E84: 178 | F84: 714 | G84: 3536 | H84: 9898 | I84: =C84+E84+G84 -> 5419 | J84: =D84+F84+H84 -> 16142
B85: 43252 | C85: 1717 | D85: 5500 | E85: 211 | F85: 885 | G85: 3371 | H85: 9458 | I85: =C85+E85+G85 -> 5299 | J85: =D85+F85+H85 -> 15843
B86: 43282 | C86: 1574 | D86: 4981 | E86: 176 | F86: 714 | G86: 3523 | H86: 9997 | I86: =C86+E86+G86 -> 5273 | J86: =D86+F86+H86 -> 15692
B87: 43313 | C87: 1786 | D87: 5797 | E87: 215 | F87: 865 | G87: 3741 | H87: 10742 | I87: =C87+E87+G87 -> 5742 | J87: =D87+F87+H87 -> 17404
B88: 43344 | C88: 1829 | D88: 5996 | E88: 210 | F88: 796 | G88: 4016 | H88: 11063 | I88: =C88+E88+G88 -> 6055 | J88: =D88+F88+H88 -> 17855
B89: 43374 | C89: 1908 | D89: 5933 | E89: 221 | F89: 853 | G89: 3862 | H89: 11406 | I89: =C89+E89+G89 -> 5991 | J89: =D89+F89+H89 -> 18192
B90: 43405 | C90: 1951 | D90: 6310 | E90: 210 | F90: 846 | G90: 4235 | H90: 12050 | I90: 6396 | J90: 19206
B91: 43435 | C91: 1864 | D91: 6097 | E91: 206 | F91: 773 | G91: 3733 | H91: 11050 | I91: 5803 | J91: 17920
B92: 2018 | C92: =SUM(C80:C91) -> 20934 | D92: =SUM(D80:D91) -> 67470 | E92: =SUM(E80:E91) -> 2402 | F92: =SUM(F80:F91) -> 9556 | G92: =SUM(G80:G91) -> 44462 | H92: =SUM(H80:H91) -> 125632 | I92: =SUM(I80:I91) -> 67798 | J92: =SUM(J80:J91) -> 202658
B93: 43466 | C93: 1644 | D93: 5240 | E93: 136 | F93: 473 | G93: 3602 | H93: 10442 | I93: 5382 | J93: 16155
B94: 43497 | C94: 1660 | D94: 5440 | E94: 195 | F94: 810 | G94: 3859 | H94: 11121 | I94: 5714 | J94: 17371
B95: 43525 | C95: 1447 | D95: 4690 | E95: 166 | F95: 800 | G95: 3536 | H95: 10073 | I95: 5149 | J95: 15563
B96: 43556 | C96: 1532 | D96: 5027 | E96: 191 | F96: 822 | G96: 4048 | H96: 11053 | I96: 5771 | J96: 16902
B97: 43586 | C97: 1595 | D97: 4923 | E97: 179 | F97: 655 | G97: 3277 | H97: 9461 | I97: 5051 | J97: 15039
B98: 43617 | C98: 1566 | D98: 4922 | E98: 128 | F98: 485 | G98: 3773 | H98: 10296 | I98: 5467 | J98: 15703
B99: 43647 | C99: 1268 | D99: 4145 | E99: 119 | F99: 491 | G99: 4075 | H99: 11015 | I99: 5462 | J99: 15651
B100: 43678 | C100: 1754 | D100: 5263 | E100: 194 | F100: 769 | G100: 3280 | H100: 9481 | I100: 5228 | J100: 15513
B101: 43709 | C101: 1699 | D101: 5345 | E101: 173 | F101: 649 | G101: 3976 | H101: 10889 | I101: 5848 | J101: 16883
B102: 43739 | C102: 1702 | D102: 5319 | E102: 176 | F102: 664 | G102: 4777 | H102: 13052 | I102: 6655 | J102: 19035
B103: 43770 | C103: 1481 | D103: 4688 | E103: 133 | F103: 524 | G103: 2191 | H103: 6559 | I103: 3805 | J103: 11771
...

Sheet Solicitudes y Rechazos BxH
A2: Subsecretaría de Previsión Social
A3: Dirección de Estudios Previsionales
B5: Número de solicitudes y concesiones de Bono por Hijo, según mes | G5: Volver a Bono por Hijo
B6: Agosto 2009 a junio 2022
B8: Solicitudes y Concesiones de Bono por Hijo, por mes
B9: Mes | C9: Número de Solicitudes Concedidas | D9: Número de Solicitudes Rechazadas | E9: Total Solicitudes
B10: Ago-dic 2009 | C10: 23671 | D10: S/I | E10: =C10 -> 23671
B11: Total 2010 | C11: 90591 | D11: S/I | E11: =C11 -> 90591
B12: Total 2011 | C12: 105822 | D12: S/I | E12: =C12 -> 105822
B13: Total 2012 | C13: 54727 | D13: S/I | E13: =C13 -> 54727
B14: Total 2013 | C14: 38385 | D14: S/I | E14: =C14 -> 38385
B15: 41640 | C15: 3012 | D15: 385 | E15: 3397
B16: 41671 | C16: 3146 | D16: 307 | E16: 3453
B17: 41699 | C17: 2820 | D17: 401 | E17: 3221
B18: 41730 | C18: 3671 | D18: 837 | E18: 4508
B19: 41760 | C19: 3405 | D19: 637 | E19: 4042
B20: 41791 | C20: 3448 | D20: 551 | E20: 3999
B21: 41821 | C21: 3132 | D21: 431 | E21: 3563
B22: 41852 | C22: 3702 | D22: 437 | E22: 4139
B23: 41883 | C23: 4118 | D23: 391 | E23: 4509
B24: 41913 | C24: 4714 | D24: 491 | E24: 5205
B25: 41944 | C25: 4499 | D25: 402 | E25: 4901
B26: 41974 | C26: 4587 | D26: 501 | E26: 5088
B27: Total 2014 | C27: =SUM(C15:C26) -> 44254 | D27: =SUM(D15:D26) -> 5771 | E27: =SUM(E15:E26) -> 50025
B28: 42005 | C28: 3692 | D28: 452 | E28: =C28+D28 -> 4144
B29: 42036 | C29: 3089 | D29: 314 | E29: =C29+D29 -> 3403
B30: 42064 | C30: 3959 | D30: 437 | E30: =C30+D30 -> 4396
B31: 42095 | C31: 4199 | D31: 418 | E31: =C31+D31 -> 4617
B32: 42125 | C32: 3877 | D32: 527 | E32: =C32+D32 -> 4404
B33: 42156 | C33: 4140 | D33: 642 | E33: =C33+D33 -> 4782
B34: 42186 | C34: 3415 | D34: 391 | E34: =C34+D34 -> 3806
B35: 42217 | C35: 6058 | D35: 393 | E35: =C35+D35 -> 6451
B36: 42248 | C36: 5036 | D36: 579 | E36: =C36+D36 -> 5615
B37: 42278 | C37: 4175 | D37: 552 | E37: =C37+D37 -> 4727
B38: 42309 | C38: 5394 | D38: 555 | E38: =C38+D38 -> 5949
B39: 42339 | C39: 4616 | D39: 704 | E39: =C39+D39 -> 5320
B40: Total 2015 | C40: =SUM(C28:C39) -> 51650 | D40: =SUM(D28:D39) -> 5964 | E40: =SUM(E28:E39) -> 57614
B41: 42370 | C41: 4090 | D41: 834 | E41: =C41+D41 -> 4924
B42: 42401 | C42: 3843 | D42: 401 | E42: =C42+D42 -> 4244
B43: 42430 | C43: 5145 | D43: 878 | E43: =C43+D43 -> 6023
B44: 42461 | C44: 4415 | D44: 636 | E44: =C44+D44 -> 5051
B45: 42491 | C45: 4663 | D45: 700 | E45: =C45+D45 -> 5363
B46: 42522 | C46: 3794 | D46: 507 | E46: =C46+D46 -> 4301
B47: 42552 | C47: 4438 | D47: 635 | E47: =C47+D47 -> 5073
B48: 42583 | C48: 4694 | D48: 856 | E48: =C48+D48 -> 5550
B49: 42614 | C49: 4579 | D49: 914 | E49: =C49+D49 -> 5493
B50: 42644 | C50: 4407 | D50: 866 | E50: =C50+D50 -> 5273
B51: 42675 | C51: 3689 | D51: 1064 | E51: =C51+D51 -> 4753
B52: 42705 | C52: 5295 | D52: 451 | E52: =C52+D52 -> 5746
B53: Total 2016 | C53: =SUM(C41:C52) -> 53052 | D53: =SUM(D41:D52) -> 8742 | E53: =SUM(E41:E52) -> 61794
B54: 42736 | C54: 4977 | D54: 661 | E54: =C54+D54 -> 5638
B55: 42767 | C55: 4428 | D55: 663 | E55: =C55+D55 -> 5091
B56: 42795 | C56: 4154 | D56: 749 | E56: =C56+D56 -> 4903
B57: 42826 | C57: 4708 | D57: 760 | E57: =C57+D57 -> 5468
B58: 42856 | C58: 4913 | D58: 812 | E58: =C58+D58 -> 5725
B59: 42887 | C59: 4045 | D59: 1056 | E59: =C59+D59 -> 5101
B60: 42917 | C60: 4769 | D60: 753 | E60: =C60+D60 -> 5522
B61: 42948 | C61: 5278 | D61: 817 | E61: =C61+D61 -> 6095
B62: 42979 | C62: 3974 | D62: 593 | E62: =C62+D62 -> 4567
B63: 43009 | C63: 6946 | D63: 1191 | E63: =C63+D63 -> 8137
B64: 43040 | C64: 5299 | D64: 833 | E64: =C64+D64 -> 6132
B65: 43070 | C65: 4958 | D65: 795 | E65: =C65+D65 -> 5753
B66: Total 2017 | C66: =SUM(C54:C65) -> 58449 | D66: =SUM(D54:D65) -> 9683 | E66: =SUM(E54:E65) -> 68132
B67: 43101 | C67: 5007 | D67: 965 | E67: =C67+D67 -> 5972
B68: 43132 | C68: 5360 | D68: 944 | E68: =C68+D68 -> 6304
B69: 43160 | C69: 6203 | D69: 1124 | E69: 7327
B70: 43191 | C70: 5250 | D70: 775 | E70: =+C70+D70 -> 6025
B71: 43221 | C71: 5419 | D71: 628 | E71: =+C71+D71 -> 6047
B72: 43252 | C72: 5299 | D72: 848 | E72: =+C72+D72 -> 6147
B73: 43282 | C73: 5273 | D73: 633 | E73: =+C73+D73 -> 5906
B74: 43313 | C74: 5742 | D74: 364 | E74: =+C74+D74 -> 6106
B75: 43344 | C75: 6055 | D75: 488 | E75: =+C75+D75 -> 6543
B76: 43374 | C76: 5991 | D76: 513 | E76: =+C76+D76 -> 6504
B77: 43405 | C77: 6396 | D77: 416 | E77: 6812
B78: 43435 | C78: 5803 | D78: 345 | E78: 6148
B79: Total 2018 | C79: =SUM(C67:C78) -> 67798 | D79: =SUM(D67:D78) -> 8043 | E79: =SUM(E67:E78) -> 75841
B80: 43466 | C80: 5382 | D80: 271 | E80: 5653
B81: 43497 | C81: 5714 | D81: 250 | E81: 5964
B82: 43525 | C82: 5149 | D82: 433 | E82: 5582
B83: 43556 | C83: 5771 | D83: 547 | E83: 6318
B84: 43586 | C84: 5051 | D84: 312 | E84: 5363
B85: 43617 | C85: 5467 | D85: 166 | E85: 5633
B86: 43647 | C86: 5462 | D86: 423 | E86: 5885
B87: 43678 | C87: 5228 | D87: 334 | E87: 5562
B88: 43709 | C88: 5848 | D88: 349 | E88: 6197
B89: 43739 | C89: 6655 | D89: 526 | E89: 7181
B90: 43770 | C90: 3805 | D90: 128 | E90: 3933
B91: 43800 | C91: 6358 | D91: 299 | E91: 6657
B92: Total 2019 | C92: =SUM(C80:C91) -> 65890 | D92: =SUM(D80:D91) -> 4038 | E92: =SUM(E80:E91) -> 69928
B93: 43831 | C93: 6973 | D93: 334 | E93: =SUM(C93:D93) -> 7307
B94: 43862 | C94: 6865 | D94: 510 | E94: =SUM(C94:D94) -> 7375
B95: 43891 | C95: 6450 | D95: 524 | E95: =SUM(C95:D95) -> 6974
B96: 43922 | C96: 3120 | D96: 427 | E96: =SUM(C96:D96) -> 3547
B97: 43952 | C97: 3668 | D97: 336 | E97: =SUM(C97:D97) -> 4004
B98: 43983 | C98: 4010 | D98: 620 | E98: =SUM(C98:D98) -> 4630
B99: 44013 | C99: 3699 | D99: 751 | E99: =SUM(C99:D99) -> 4450
B100: 44044 | C100: 5600 | D100: 304 | E100: =SUM(C100:D100) -> 5904
B101: 44075 | C101: 6256 | D101: 329 | E101: =SUM(C101:D101) -> 6585
B102: 44105 | C102: 6677 | D102: 356 | E102: =SUM(C102:D102) -> 7033
B103: 44136 | C103: 7271 | D103: 364 | E103: =SUM(C103:D103) -> 7635
...

Sheet Concesiones Mensuales Regional
A2: Subsecretaría de Previsión Social
A3: Dirección de Estudios Previsionales
B5: Número de concesiones de Bono por Hijo según región y origen de la solicitud | K5: Volver a Bono por Hijo
B6: junio 2022
B8: Región | E8: IPS | G8: AFP y Cías. de Seguros | I8: Total
E9: PGU No Contributiva | F9: PGU Contributiva | G9: PGU Contributiva | H9: Cuota Única
B10: Arica y Parinacota | C10: XV | D10: Nº Beneficiarios | E10: 11 | F10: 1 | G10: 2 | H10: 77 | I10: =SUM(E10:H10) -> 91
D11: Nº de Causantes (hijos) | E11: 30 | F11: 7 | G11: 7 | H11: 207 | I11: =SUM(E11:H11) -> 251
B12: Tarapacá | C12: I | D12: Nº Beneficiarios | E12: 13 | F12: 3 | G12: 5 | H12: 102 | I12: =SUM(E12:H12) -> 123
D13: Nº de Causantes (hijos) | E13: 32 | F13: 12 | G13: 26 | H13: 284 | I13: =SUM(E13:H13) -> 354
B14: Antofagasta | C14: II | D14: Nº Beneficiarios | E14: 42 | F14: 1 | G14: 5 | H14: 176 | I14: =SUM(E14:H14) -> 224
D15: Nº de Causantes (hijos) | E15: 154 | F15: 5 | G15: 17 | H15: 496 | I15: =SUM(E15:H15) -> 672
B16: Atacama | C16: III | D16: Nº Beneficiarios | E16: 23 | F16: 1 | G16: 1 | H16: 131 | I16: =SUM(E16:H16) -> 156
D17: Nº de Causantes (hijos) | E17: 82 | F17: 3 | G17: 4 | H17: 379 | I17: =SUM(E17:H17) -> 468
B18: Coquimbo | C18: IV | D18: Nº Beneficiarios | E18: 78 | F18: 9 | G18: 10 | H18: 309 | I18: =SUM(E18:H18) -> 406
D19: Nº de Causantes (hijos) | E19: 253 | F19: 42 | G19: 52 | H19: 871 | I19: =SUM(E19:H19) -> 1218
B20: Valparaíso | C20: V | D20: Nº Beneficiarios | E20: 190 | F20: 15 | G20: 28 | H20: 820 | I20: =SUM(E20:H20) -> 1053
D21: Nº de Causantes (hijos) | E21: 545 | F21: 60 | G21: 93 | H21: 2160 | I21: =SUM(E21:H21) -> 2858
B22: B.O'Higgins | C22: VI | D22: Nº Beneficiarios | E22: 74 | F22: 4 | G22: 9 | H22: 402 | I22: =SUM(E22:H22) -> 489
D23: Nº de Causantes (hijos) | E23: 201 | F23: 23 | G23: 23 | H23: 1136 | I23: =SUM(E23:H23) -> 1383
B24: Maule | C24: VII | D24: Nº Beneficiarios | E24: 106 | F24: 12 | G24: 20 | H24: 449 | I24: =SUM(E24:H24) -> 587
D25: Nº de Causantes (hijos) | E25: 351 | F25: 46 | G25: 84 | H25: 1217 | I25: =SUM(E25:H25) -> 1698
B26: Bío Bío | C26: VIII | D26: Nº Beneficiarios | E26: 184 | F26: 16 | G26: 36 | H26: 552 | I26: =SUM(E26:H26) -> 788
D27: Nº de Causantes (hijos) | E27: 589 | F27: 66 | G27: 142 | H27: 1487 | I27: =SUM(E27:H27) -> 2284
B28: Ñuble | C28: XVI | D28: Nº Beneficiarios | E28: 63 | F28: 5 | G28: 9 | H28: 157 | I28: =SUM(E28:H28) -> 234
D29: Nº de Causantes (hijos) | E29: 198 | F29: 24 | G29: 33 | H29: 448 | I29: =SUM(E29:H29) -> 703
B30: Araucanía | C30: IX | D30: Nº Beneficiarios | E30: 141 | F30: 6 | G30: 19 | H30: 304 | I30: =SUM(E30:H30) -> 470
D31: Nº de Causantes (hijos) | E31: 463 | F31: 20 | G31: 70 | H31: 824 | I31: =SUM(E31:H31) -> 1377
B32: Los Ríos | C32: XIV | D32: Nº Beneficiarios | E32: 49 | F32: 5 | G32: 8 | H32: 159 | I32: =SUM(E32:H32) -> 221
D33: Nº de Causantes (hijos) | E33: 136 | F33: 15 | G33: 30 | H33: 419 | I33: =SUM(E33:H33) -> 600
B34: Los Lagos | C34: X | D34: Nº Beneficiarios | E34: 98 | F34: 7 | G34: 15 | H34: 286 | I34: =SUM(E34:H34) -> 406
D35: Nº de Causantes (hijos) | E35: 294 | F35: 31 | G35: 68 | H35: 761 | I35: =SUM(E35:H35) -> 1154
B36: Aysén | C36: XI | D36: Nº Beneficiarios | E36: 10 | F36: 0 | G36: 1 | H36: 38 | I36: =SUM(E36:H36) -> 49
D37: Nº de Causantes (hijos) | E37: 32 | F37: 0 | G37: 3 | H37: 108 | I37: =SUM(E37:H37) -> 143
B38: Magallanes | C38: XII | D38: Nº Beneficiarios | E38: 12 | F38: 1 | G38: 1 | H38: 83 | I38: =SUM(E38:H38) -> 97
D39: Nº de Causantes (hijos) | E39: 29 | F39: 3 | G39: 3 | H39: 183 | I39: =SUM(E39:H39) -> 218
B40: Metropolitana | C40: XIII | D40: Nº Beneficiarios | E40: 555 | F40: 40 | G40: 77 | H40: 2635 | I40: =SUM(E40:H40) -> 3307
D41: Nº de Causantes (hijos) | E41: 1682 | F41: 168 | G41: 271 | H41: 6888 | I41: =SUM(E41:H41) -> 9009
B42: TOTAL | D42: Nº Beneficiarios | E42: =E10+E12+E14+E16+E18+E20+E22+E24+E26+E28+E30+E32+E34+E36+E38+E40 -> 1649 | F42: =F10+F12+F14+F16+F18+F20+F22+F24+F26+F28+F30+F32+F34+F36+F38+F40 -> 126 | G42: =G10+G12+G14+G16+G18+G20+G22+G24+G26+G28+G30+G32+G34+G36+G38+G40 -> 246 | H42: =H10+H12+H14+H16+H18+H20+H22+H24+H26+H28+H30+H32+H34+H36+H38+H40 -> 6680 | I42: =SUM(E42:H42) -> 8701
D43: Nº de Causantes (hijos) | E43: =E11+E13+E15+E17+E19+E21+E23+E25+E27+E29+E31+E33+E35+E37+E39+E41 -> 5071 | F43: =F11+F13+F15+F17+F19+F21+F23+F25+F27+F29+F31+F33+F35+F37+F39+F41 -> 525 | G43: =G11+G13+G15+G17+G19+G21+G23+G25+G27+G29+G31+G33+G35+G37+G39+G41 -> 926 | H43: =H11+H13+H15+H17+H19+H21+H23+H25+H27+H29+H31+H33+H35+H37+H39+H41 -> 17868 | I43: =SUM(E43:H43) -> 24390
B44: Fuente: IPS

Sheet Índice STJ
A2: Subsecretaría de Previsión Social
A3: Dirección de Estudios Previsionales
B5: Estadísticas Subsidio Previsional a los Trabajadores Jóvenes (STJ) | N5: Volver a Índice
B7: Introducción
B8: A continuación se entregan los principales cuadros sobre el Subsidio Previsional a los Trabajadores Jóvenes del Informe Estadístico Mensual del Pilar Solidario a junio 2022
B9: Se entrega información de los subsidios a la contratación y a la cotización.
B11: Índice
B12: Solicitudes del Subsidio a la Contratación por parte del empleador, por mes, desde octubre 2008 a junio 2022
B13: Solicitudes de subsidio a la contratación, según estado de la solicitud, por mes, desde enero 2012 a junio 2022
B14: Solicitudes del Subsidio a la cotización según sexo, por mes, julio 2011 a junio 2022
B15: Solicitudes del subsidio a la cotización, según estado de las solicitudes, sexo, por mes, desde julio 2011 a junio 2022
B16: Subsidios pagados según tipo de subsidio, por mes, desde abril 2009 a junio 2022

Sheet Contratación Solicitudes
A2: Subsecretaría de Previsión Social
A3: Dirección de Estudios Previsionales
B5: Número de solicitudes del Subsidio a la Contratación por parte del empleador, según sexo y mes | H5: Volver a Subsidio Previsional a los Trabajadores Jóvenes
B6: Octubre de 2008 a junio 2022
B8: MES | C8: TOTAL SOLICITUDES CADA MES (Subsidio a la Contratación)
C9: Total Solicitudes | D9: Total Trabajadores | F9: Total
D10: Mujeres | E10: Hombres
B11: Oct. a Dic. 2008 | C11: 333
B12: 2009 | C12: 2105
B13: 2010 | C13: 1759
B14: 2011 | C14: 1026
B15: 2012 | C15: 807 | F15: =4799+6387+5277+4788+3887+4506+3139+8888+9643+3804+9793+10267 -> 75178
B16: 41275 | C16: 58 | F16: 10513
B17: 41306 | C17: 55 | F17: 8811
B18: 41334 | C18: 64 | F18: 11072
B19: 41365 | C19: 66 | F19: 9568
B20: 41395 | C20: 60 | F20: 9423
B21: 41426 | C21: 54 | F21: 10541
B22: 41456 | C22: 58 | F22: 10315
B23: 41487 | C23: 58 | F23: 9741
B24: 41518 | C24: 50 | F24: 9232
B25: 41548 | C25: 48 | F25: 9928
B26: 41579 | C26: 28 | F26: 6195
B27: 41609 | C27: 55 | F27: 8859
B28: 2013 | C28: =SUM(C16:C27) -> 654 | F28: =SUM(F16:F27) -> 114198
B29: 41640 | C29: 57 | F29: 10003
B30: 41671 | C30: 36 | F30: 8116
B31: 41699 | C31: 43 | F31: 3794
B32: 41730 | C32: 44 | F32: 5833
B33: 41760 | C33: 47 | F33: 3916
B34: 41791 | C34: 48 | F34: 3251
B35: 41821 | C35: 47 | F35: 3190
B36: 41852 | C36: 44 | F36: 3136
B37: 41883 | C37: 41 | F37: 2928
B38: 41913 | C38: 34 | F38: 2732
B39: 41944 | C39: 25 | F39: 3936
B40: 41974 | C40: 47 | F40: 3018
B41: 2014 | C41: =SUM(C29:C40) -> 513 | F41: =SUM(F29:F40) -> 53853
B42: 42005 | C42: 40 | F42: 2343
B43: 42036 | C43: 37 | F43: 2758
B44: 42064 | C44: 39 | F44: 2319
B45: 42095 | C45: 33 | F45: 1250
B46: 42125 | C46: 31 | F46: 1952
B47: 42156 | C47: 38 | F47: 1536
B48: 42186 | C48: 33 | F48: 2640
B49: 42217 | C49: 37 | F49: 1723
B50: 42248 | C50: 40 | F50: 2602
B51: 42278 | C51: 39 | F51: 2691
B52: 42309 | C52: 37 | F52: 2518
B53: 42339 | C53: 33 | F53: 2358
B54: 2015 | C54: =SUM(C42:C53) -> 437 | F54: =SUM(F42:F53) -> 26690
B55: 42370 | C55: 33 | F55: 3308
B56: 42401 | C56: 33 | F56: 2327
B57: 42430 | C57: 40 | F57: 2621
B58: 42461 | C58: 39 | F58: 2495
B59: 42491 | C59: 40 | D59: 1000 | E59: 1038 | F59: =D59+E59 -> 2038
B60: 42522 | C60: 37 | D60: S/I | E60: S/I | F60: 1960
B61: 42552 | C61: 46 | D61: 1739 | E61: 1498 | F61: =D61+E61 -> 3237
B62: 42583 | C62: 47 | D62: 1262 | E62: 1077 | F62: =D62+E62 -> 2339
B63: 42614 | C63: 38 | D63: 1119 | E63: 1309 | F63: =D63+E63 -> 2428
B64: 42644 | C64: 36 | D64: 943 | E64: 705 | F64: =D64+E64 -> 1648
B65: 42675 | C65: 42 | D65: 2225 | E65: 1770 | F65: =D65+E65 -> 3995
B66: 42705 | C66: 50 | D66: 3021 | E66: 2296 | F66: =D66+E66 -> 5317
B67: 2016 | C67: =SUM(C55:C66) -> 481 | F67: =SUM(F55:F66) -> 33713
B68: 42736 | C68: 40 | D68: 2335 | E68: 1830 | F68: =D68+E68 -> 4165
B69: 42767 | C69: 32 | D69: 2075 | E69: 1511 | F69: =D69+E69 -> 3586
B70: 42795 | C70: 37 | D70: 922 | E70: 763 | F70: =D70+E70 -> 1685
B71: 42826 | C71: 27 | D71: 464 | E71: 377 | F71: =D71+E71 -> 841
B72: 42856 | C72: 36 | D72: 870 | E72: 555 | F72: =D72+E72 -> 1425
B73: 42887 | C73: 38 | D73: 479 | E73: 437 | F73: =D73+E73 -> 916
B74: 42917 | C74: 31 | D74: 544 | E74: 385 | F74: =D74+E74 -> 929
B75: 42948 | C75: 34 | D75: 715 | E75: 414 | F75: =D75+E75 -> 1129
B76: 42979 | C76: 36 | D76: 680 | E76: 537 | F76: =D76+E76 -> 1217
B77: 43009 | C77: 33 | D77: 503 | E77: 374 | F77: =D77+E77 -> 877
B78: 43040 | C78: 40 | D78: 676 | E78: 640 | F78: =D78+E78 -> 1316
B79: 43070 | C79: 56 | D79: 742 | E79: 697 | F79: =D79+E79 -> 1439
B80: 2017 | C80: =SUM(C68:C79) -> 440 | D80: =SUM(D68:D79) -> 11005 | E80: =SUM(E68:E79) -> 8520 | F80: =SUM(F68:F79) -> 19525
B81: 43101 | C81: 46 | D81: 1310 | E81: 1294 | F81: =D81+E81 -> 2604
B82: 43132 | C82: 61 | D82: 1107 | E82: 809 | F82: =D82+E82 -> 1916
B83: 43160 | C83: 44 | D83: 861 | E83: 608 | F83: =D83+E83 -> 1469
B84: 43191 | C84: 39 | D84: 653 | E84: 498 | F84: =D84+E84 -> 1151
B85: 43221 | C85: 40 | D85: 965 | E85: 663 | F85: =D85+E85 -> 1628
B86: 43252 | C86: 55 | D86: 836 | E86: 774 | F86: =D86+E86 -> 1610
B87: 43282 | C87: 54 | D87: 1124 | E87: 980 | F87: =D87+E87 -> 2104
B88: 43313 | C88: 74 | D88: 1725 | E88: 1398 | F88: =D88+E88 -> 3123
B89: 43344 | C89: 50 | D89: 1229 | E89: 1067 | F89: =D89+E89 -> 2296
B90: 43374 | C90: 31 | D90: 1359 | E90: 477 | F90: =D90+E90 -> 1836
B91: 43405 | C91: 21 | D91: 1224 | E91: 699 | F91: =D91+E91 -> 1923
B92: 43435 | C92: 63 | D92: 1322 | E92: 1102 | F92: 2424
B93: 2018 | C93: =SUM(C81:C92) -> 578 | D93: =SUM(D81:D92) -> 13715 | E93: =SUM(E81:E92) -> 10369 | F93: =SUM(F81:F92) -> 24084
B94: 43466 | C94: 46 | D94: 1409 | E94: 848 | F94: 2257
B95: 43497 | C95: 47 | D95: 543 | E95: 395 | F95: 938
B96: 43525 | C96: 42 | D96: 524 | E96: 314 | F96: 838
B97: 43556 | C97: 49 | D97: 627 | E97: 551 | F97: 1178
B98: 43586 | C98: 71 | D98: 1402 | E98: 1306 | F98: 2708
B99: 43617 | C99: 68 | D99: 1687 | E99: 1029 | F99: 2716
B100: 43647 | C100: 73 | D100: 1201 | E100: 953 | F100: 2154
B101: 43678 | C101: 72 | D101: 1090 | E101: 1128 | F101: 2218
B102: 43709 | C102: 81 | D102: 620 | E102: 590 | F102: 1210
B103: 43739 | C103: 33 | D103: 599 | E103: 438 | F103: 1037
...

Sheet Contratación Trámite
A2: Subsecretaría de Previsión Social
A3: Dirección de Estudios Previsionales
B5: Número de solicitudes de subsidio a la contratación, según estado de la solicitud y mes | H5: Volver a Subsidio Previsional a los Trabajadores Jóvenes
B6: Enero 2012 a junio 2022
B8: MES | C8: ESTADO DE LAS SOLICITUDES (Subsidio a la Contratación)
C9: CONCEDIDAS | D9: RECHAZADAS | E9: EN TRÁMITE | F9: TOTAL
B10: 2012 | C10: 114 | D10: 539 | E10: 154 | F10: =SUM(C10:E10) -> 807
B11: 41275 | C11: 8 | D11: 38 | E11: 12 | F11: =SUM(C11:E11) -> 58
B12: 41306 | C12: 5 | D12: 35 | E12: 15 | F12: =SUM(C12:E12) -> 55
B13: 41334 | C13: 10 | D13: 42 | E13: 12 | F13: =SUM(C13:E13) -> 64
B14: 41365 | C14: 10 | D14: 41 | E14: 15 | F14: =SUM(C14:E14) -> 66
B15: 41395 | C15: 6 | D15: 43 | E15: 11 | F15: =SUM(C15:E15) -> 60
B16: 41426 | C16: 6 | D16: 34 | E16: 14 | F16: =SUM(C16:E16) -> 54
B17: 41456 | C17: 4 | D17: 42 | E17: 12 | F17: =SUM(C17:E17) -> 58
B18: 41487 | C18: 7 | D18: 39 | E18: 12 | F18: =SUM(C18:E18) -> 58
B19: 41518 | C19: 5 | D19: 33 | E19: 12 | F19: =SUM(C19:E19) -> 50
B20: 41548 | C20: 3 | D20: 28 | E20: 17 | F20: =SUM(C20:E20) -> 48
B21: 41579 | C21: 3 | D21: 18 | E21: 7 | F21: =SUM(C21:E21) -> 28
B22: 41609 | C22: 7 | D22: 37 | E22: 11 | F22: =SUM(C22:E22) -> 55
B23: 2013 | C23: =SUM(C11:C22) -> 74 | D23: =SUM(D11:D22) -> 430 | E23: =SUM(E11:E22) -> 150 | F23: =SUM(F11:F22) -> 654
B24: 41640 | C24: 7 | D24: 32 | E24: 18 | F24: =SUM(C24:E24) -> 57
B25: 41671 | C25: 3 | D25: 24 | E25: 9 | F25: =C25+D25+E25 -> 36
B26: 41699 | C26: 7 | D26: 21 | E26: 15 | F26: =C26+D26+E26 -> 43
B27: 41730 | C27: 9 | D27: 25 | E27: 10 | F27: =C27+D27+E27 -> 44
B28: 41760 | C28: 7 | D28: 29 | E28: 11 | F28: =C28+D28+E28 -> 47
B29: 41791 | C29: 0 | D29: 31 | E29: 17 | F29: =C29+D29+E29 -> 48
B30: 41821 | C30: 3 | D30: 29 | E30: 15 | F30: =C30+D30+E30 -> 47
B31: 41852 | C31: 5 | D31: 30 | E31: 9 | F31: =C31+D31+E31 -> 44
B32: 41883 | C32: 2 | D32: 39 | F32: =C32+D32+E32 -> 41
B33: 41913 | C33: 5 | D33: 29 | F33: =C33+D33+E33 -> 34
B34: 41944 | C34: 1 | D34: 20 | E34: 4 | F34: =C34+D34+E34 -> 25
B35: 41974 | C35: 4 | D35: 38 | E35: 5 | F35: =C35+D35+E35 -> 47
B36: 2014 | C36: =SUM(C24:C35) -> 53 | D36: =SUM(D24:D35) -> 347 | E36: =SUM(E24:E35) -> 113 | F36: =C36+D36+E36 -> 513
B37: 42005 | C37: 2 | D37: 26 | E37: 12 | F37: =C37+D37+E37 -> 40
B38: 42036 | C38: 1 | D38: 21 | E38: 15 | F38: =C38+D38+E38 -> 37
B39: 42064 | C39: 7 | D39: 24 | E39: 8 | F39: =C39+D39+E39 -> 39
B40: 42095 | C40: 7 | D40: 21 | E40: 5 | F40: =C40+D40+E40 -> 33
B41: 42125 | D41: 18 | E41: 13 | F41: =C41+D41+E41 -> 31
B42: 42156 | C42: 5 | D42: 22 | E42: 11 | F42: =C42+D42+E42 -> 38
B43: 42186 | C43: 1 | D43: 22 | E43: 10 | F43: =C43+D43+E43 -> 33
B44: 42217 | C44: 4 | D44: 27 | E44: 6 | F44: =C44+D44+E44 -> 37
B45: 42248 | C45: 1 | D45: 32 | E45: 7 | F45: =C45+D45+E45 -> 40
B46: 42278 | C46: 9 | D46: 21 | E46: 9 | F46: =C46+D46+E46 -> 39
B47: 42309 | C47: 7 | D47: 26 | E47: 4 | F47: =C47+D47+E47 -> 37
B48: 42339 | C48: 6 | D48: 21 | E48: 6 | F48: =C48+D48+E48 -> 33
B49: 2015 | C49: =SUM(C37:C48) -> 50 | D49: =SUM(D37:D48) -> 281 | E49: =SUM(E37:E48) -> 106 | F49: =SUM(F37:F48) -> 437
B50: 42370 | C50: 4 | D50: 19 | E50: 10 | F50: =C50+D50+E50 -> 33
B51: 42401 | C51: 17 | D51: 16 | E51: 0 | F51: =C51+D51+E51 -> 33
B52: 42430 | C52: 14 | D52: 13 | E52: 13 | F52: =C52+D52+E52 -> 40
B53: 42461 | C53: 8 | D53: 19 | E53: 12 | F53: =C53+D53+E53 -> 39
B54: 42491 | C54: 7 | D54: 21 | E54: 12 | F54: =C54+D54+E54 -> 40
B55: 42522 | C55: 7 | D55: 19 | E55: 11 | F55: =C55+D55+E55 -> 37
B56: 42552 | C56: 18 | D56: 16 | E56: 12 | F56: =C56+D56+E56 -> 46
B57: 42583 | C57: 12 | D57: 18 | E57: 17 | F57: =C57+D57+E57 -> 47
B58: 42614 | C58: 6 | D58: 19 | E58: 13 | F58: =C58+D58+E58 -> 38
B59: 42644 | C59: 10 | D59: 15 | E59: 11 | F59: =C59+D59+E59 -> 36
B60: 42675 | C60: 14 | D60: 16 | E60: 12 | F60: =C60+D60+E60 -> 42
B61: 42705 | C61: 14 | D61: 16 | E61: 20 | F61: =C61+D61+E61 -> 50
B62: 2016 | C62: =SUM(C50:C61) -> 131 | D62: =SUM(D50:D61) -> 207 | E62: =SUM(E50:E61) -> 143 | F62: =SUM(F50:F61) -> 481
B63: 42736 | C63: 8 | D63: 17 | E63: 15 | F63: =C63+D63+E63 -> 40
B64: 42767 | C64: 9 | D64: 11 | E64: 12 | F64: =C64+D64+E64 -> 32
B65: 42795 | C65: 9 | D65: 13 | E65: 15 | F65: =C65+D65+E65 -> 37
B66: 42826 | C66: 3 | D66: 17 | E66: 7 | F66: =C66+D66+E66 -> 27
B67: 42856 | C67: 8 | D67: 18 | E67: 10 | F67: =C67+D67+E67 -> 36
B68: 42887 | C68: 12 | D68: 19 | E68: 7 | F68: =C68+D68+E68 -> 38
B69: 42917 | C69: 8 | D69: 12 | E69: 11 | F69: =C69+D69+E69 -> 31
B70: 42948 | C70: 10 | D70: 13 | E70: 11 | F70: =C70+D70+E70 -> 34
B71: 42979 | C71: 10 | D71: 9 | E71: 17 | F71: =C71+D71+E71 -> 36
B72: 43009 | C72: 6 | D72: 14 | E72: 13 | F72: =C72+D72+E72 -> 33
B73: 43040 | C73: 5 | D73: 23 | E73: 12 | F73: =C73+D73+E73 -> 40
B74: 43070 | C74: 19 | D74: 22 | E74: 15 | F74: =C74+D74+E74 -> 56
B75: 2017 | C75: =SUM(C63:C74) -> 107 | D75: =SUM(D63:D74) -> 188 | E75: =SUM(E63:E74) -> 145 | F75: =C75+D75+E75 -> 440
B76: 43101 | C76: 13 | D76: 23 | E76: 10 | F76: =C76+D76+E76 -> 46
B77: 43132 | C77: 16 | D77: 22 | E77: 23 | F77: =C77+D77+E77 -> 61
B78: 43160 | C78: 14 | D78: 19 | E78: 11 | F78: =C78+D78+E78 -> 44
B79: 43191 | C79: 10 | D79: 18 | E79: 11 | F79: =C79+D79+E79 -> 39
B80: 43221 | C80: 22 | D80: 9 | E80: 9 | F80: =C80+D80+E80 -> 40
B81: 43252 | C81: 27 | D81: 18 | E81: 10 | F81: =C81+D81+E81 -> 55
B82: 43282 | C82: 15 | D82: 20 | E82: 19 | F82: =C82+D82+E82 -> 54
B83: 43313 | C83: 17 | D83: 40 | E83: 17 | F83: =C83+D83+E83 -> 74
B84: 43344 | C84: 16 | D84: 31 | E84: 3 | F84: =C84+D84+E84 -> 50
B85: 43374 | C85: 4 | D85: 22 | E85: 5 | F85: =C85+D85+E85 -> 31
B86: 43405 | C86: 3 | D86: 16 | E86: 2 | F86: =C86+D86+E86 -> 21
B87: 43435 | C87: 21 | D87: 40 | E87: 2 | F87: =C87+D87+E87 -> 63
B88: 2018 | C88: =SUM(C76:C87) -> 178 | D88: =SUM(D76:D87) -> 278 | E88: =SUM(E76:E87) -> 122 | F88: =SUM(F76:F87) -> 578
B89: 43466 | C89: 19 | D89: 25 | E89: 2 | F89: =C89+D89+E89 -> 46
B90: 43497 | C90: 15 | D90: 30 | E90: 2 | F90: 47
B91: 43525 | C91: 9 | D91: 30 | E91: 3 | F91: 42
B92: 43556 | C92: 8 | D92: 39 | E92: 2 | F92: 49
B93: 43586 | C93: 27 | D93: 34 | E93: 10 | F93: =C93+D93+E93 -> 71
B94: 43617 | C94: 22 | D94: 41 | E94: 5 | F94: =C94+D94+E94 -> 68
B95: 43647 | C95: 25 | D95: 40 | E95: 8 | F95: =C95+D95+E95 -> 73
B96: 43678 | C96: 17 | D96: 50 | E96: 5 | F96: =C96+D96+E96 -> 72
B97: 43709 | C97: 19 | D97: 54 | E97: 8 | F97: =C97+D97+E97 -> 81
B98: 43739 | C98: 7 | D98: 24 | E98: 2 | F98: 33
B99: 43770 | C99: 16 | D99: 57 | E99: 5 | F99: 78
B100: 43800 | C100: 1 | D100: 72 | E100: 4 | F100: =C100+D100+E100 -> 77
B101: 2019 | C101: =SUM(C89:C100) -> 185 | D101: =SUM(D89:D100) -> 496 | E101: =SUM(E89:E100) -> 56 | F101: =C101+D101+E101 -> 737
B102: 43831 | C102: 5 | D102: 54 | E102: 24 | F102: =C102+D102+E102 -> 83
B103: 43862 | C103: 7 | D103: 70 | E103: 14 | F103: =C103+D103+E103 -> 91
...

Sheet Cotización Solicitudes
A2: Subsecretaría de Previsión Social
A3: Dirección de Estudios Previsionales
B5: Número de solicitudes del Subsidio a la cotización según sexo y mes | G5: Volver a Subsidio Previsional a los Trabajadores Jóvenes
B6: Julio 2011 a junio 2022
B8: MES | C8: TOTAL SOLICITUDES CADA MES (Subsidio a la Cotización)
C9: Mujeres | D9: Hombres | E9: TOTAL
B10: Jul. a Dic. 2011 | E10: =105378+4602+2837+2889+4557+2387 -> 122650
B11: 2012 | E11: 32605
B12: 41275 | E12: 2532
B13: 41306 | E13: 2439
B14: 41334 | E14: 2431
B15: 41365 | E15: 1851
B16: 41395 | E16: 2369
B17: 41426 | E17: 2281
B18: 41456 | E18: 2297
B19: 41487 | E19: 1478
B20: 41518 | E20: 1310
B21: 41548 | E21: 1141
B22: 41579 | E22: 925
B23: 41609 | E23: 2271
B24: 2013 | E24: =SUM(E12:E23) -> 23325
B25: 41640 | E25: 2624
B26: 41671 | E26: 1598
B27: 41699 | E27: 1914
B28: 41730 | E28: 1065
B29: 41760 | E29: 1919
B30: 41791 | E30: 1580
B31: 41821 | E31: 1542
B32: 41852 | E32: 1606
B33: 41883 | E33: 2676
B34: 41913 | E34: 2626
B35: 41944 | E35: 2422
B36: 41974 | E36: 1349
B37: 2014 | E37: =SUM(E25:E36) -> 22921
B38: 42005 | E38: 2382
B39: 42036 | E39: 3962
B40: 42064 | E40: 2652
B41: 42095 | E41: 3302
B42: 42125 | E42: 1564
B43: 42156 | E43: 2459
B44: 42186 | E44: 1307
B45: 42217 | E45: 2005
B46: 42248 | E46: 1605
B47: 42278 | E47: 5170
B48: 42309 | E48: 2737
B49: 42339 | E49: 1802
B50: 2015 | E50: =SUM(E38:E49) -> 30947
B51: 42370 | E51: 3979
B52: 42401 | E52: 4366
B53: 42430 | E53: 2056
B54: 42461 | E54: 2454
B55: 42491 | C55: 1021 | D55: 834 | E55: =C55+D55 -> 1855
B56: 42522 | C56: 983 | D56: 924 | E56: =C56+D56 -> 1907
B57: 42552 | C57: 1011 | D57: 872 | E57: =C57+D57 -> 1883
B58: 42583 | C58: 2375 | D58: 1728 | E58: =C58+D58 -> 4103
B59: 42614 | C59: 993 | D59: 820 | E59: =C59+D59 -> 1813
B60: 42644 | C60: 783 | D60: 848 | E60: =C60+D60 -> 1631
B61: 42675 | C61: 497 | D61: 326 | E61: =C61+D61 -> 823
B62: 42705 | C62: 1219 | D62: 923 | E62: =C62+D62 -> 2142
B63: 2016 | E63: =SUM(E51:E62) -> 29012
B64: 42736 | C64: 1817 | D64: 1272 | E64: =C64+D64 -> 3089
B65: 42767 | C65: 1645 | D65: 1289 | E65: =C65+D65 -> 2934
B66: 42795 | C66: 1362 | D66: 1006 | E66: =C66+D66 -> 2368
B67: 42826 | C67: 718 | D67: 604 | E67: =C67+D67 -> 1322
B68: 42856 | C68: 762 | D68: 531 | E68: =C68+D68 -> 1293
B69: 42887 | C69: 919 | D69: 611 | E69: =C69+D69 -> 1530
B70: 42917 | C70: 956 | D70: 639 | E70: =C70+D70 -> 1595
B71: 42948 | C71: 751 | D71: 503 | E71: =C71+D71 -> 1254
B72: 42979 | C72: 863 | D72: 564 | E72: =C72+D72 -> 1427
B73: 43009 | C73: 352 | D73: 264 | E73: =C73+D73 -> 616
B74: 43040 | C74: 561 | D74: 386 | E74: =C74+D74 -> 947
B75: 43070 | C75: 660 | D75: 615 | E75: =C75+D75 -> 1275
B76: 2017 | C76: =SUM(C64:C75) -> 11366 | D76: =SUM(D64:D75) -> 8284 | E76: =SUM(E64:E75) -> 19650
B77: 43101 | C77: 777 | D77: 678 | E77: =C77+D77 -> 1455
B78: 43132 | C78: 979 | D78: 837 | E78: =C78+D78 -> 1816
B79: 43160 | C79: 1375 | D79: 894 | E79: =C79+D79 -> 2269
B80: 43191 | C80: 1043 | D80: 596 | E80: =C80+D80 -> 1639
B81: 43221 | C81: 760 | D81: 451 | E81: =C81+D81 -> 1211
B82: 43252 | C82: 1059 | D82: 680 | E82: =C82+D82 -> 1739
B83: 43282 | C83: 968 | D83: 597 | E83: =C83+D83 -> 1565
B84: 43313 | C84: 1231 | D84: 879 | E84: =C84+D84 -> 2110
B85: 43344 | C85: 1614 | D85: 1116 | E85: =C85+D85 -> 2730
B86: 43374 | C86: 1026 | D86: 810 | E86: =C86+D86 -> 1836
B87: 43405 | C87: 655 | D87: 330 | E87: =C87+D87 -> 985
B88: 43435 | C88: 1554 | D88: 766 | E88: 2320
B89: A dic-18 | C89: =SUM(C77:C88) -> 13041 | D89: =SUM(D77:D88) -> 8634 | E89: =SUM(E77:E88) -> 21675
B90: 43466 | C90: 1711 | D90: 1024 | E90: 2735
B91: 43497 | C91: 1618 | D91: 809 | E91: 2427
B92: 43525 | C92: 467 | D92: 342 | E92: 809
B93: 43556 | C93: 1080 | D93: 564 | E93: 1644
B94: 43586 | C94: 1085 | D94: 663 | E94: 1748
B95: 43617 | C95: 2004 | D95: 1413 | E95: 3417
B96: 43647 | C96: 2427 | D96: 1403 | E96: 3830
B97: 43678 | C97: 2118 | D97: 1197 | E97: 3315
B98: 43709 | C98: 1382 | D98: 1016 | E98: 2398
B99: 43739 | C99: 948 | D99: 627 | E99: 1575
B100: 43770 | C100: 949 | D100: 527 | E100: 1476
B101: 43800 | C101: 506 | D101: 423 | E101: 929
B102: 2019 | C102: =SUM(C90:C101) -> 16295 | D102: =SUM(D90:D101) -> 10008 | E102: =SUM(E90:E101) -> 26303
B103: 43831 | C103: 1297 | D103: 758 | E103: =SUM(C103:D103) -> 2055
...

Sheet Cotización Trámite
A2: Subsecretaría de Previsión Social
A3: Dirección de Estudios Previsionales
B5: Número mensual de solicitudes del subsidio a la cotización, según estado de las solicitudes, sexo y mes | N5: Volver a Subsidio Previsional a los Trabajadores Jóvenes
B6: Julio 2011 a junio 2022
B8: PERIODO | C8: ESTADO DE LAS SOLICITUDES (Subsidio a la Cotización)
C9: CONCEDIDAS | F9: RECHAZADAS | I9: EN TRÁMITE | L9: TOTAL
C10: Mujeres | D10: Hombres | E10: Total | F10: Mujeres | G10: Hombres | H10: Total | I10: Mujeres | J10: Hombres | K10: Total
B11: Jul. a Dic. 2011 | E11: =104069+4050+2362+2539+4084+2107 -> 119211 | H11: =1303+54+38+22+19+21 -> 1457 | K11: =6+498+437+328+454+259 -> 1982 | L11: =E11+H11+K11 -> 122650
B12: 2012 | E12: 24495 | H12: 248 | K12: 7862 | L12: =E12+H12+K12 -> 32605
B13: 41275 | E13: 1593 | H13: 15 | K13: 924 | L13: =E13+H13+K13 -> 2532
B14: 41306 | E14: 1468 | H14: 22 | K14: 949 | L14: =E14+H14+K14 -> 2439
B15: 41334 | E15: 1784 | H15: 16 | K15: 631 | L15: =E15+H15+K15 -> 2431
B16: 41365 | E16: 1305 | H16: 44 | K16: 502 | L16: =E16+H16+K16 -> 1851
B17: 41395 | E17: 1777 | H17: 10 | K17: 582 | L17: =E17+H17+K17 -> 2369
B18: 41426 | E18: 1540 | H18: 16 | K18: 725 | L18: =E18+H18+K18 -> 2281
B19: 41456 | E19: 1026 | H19: 10 | K19: 1261 | L19: =E19+H19+K19 -> 2297
B20: 41487 | E20: 610 | H20: 14 | K20: 854 | L20: =E20+H20+K20 -> 1478
B21: 41518 | E21: 816 | H21: 1 | K21: 493 | L21: =E21+H21+K21 -> 1310
B22: 41548 | E22: 485 | H22: 2 | K22: 654 | L22: =E22+H22+K22 -> 1141
B23: 41579 | E23: 480 | H23: 2 | K23: 443 | L23: =E23+H23+K23 -> 925
B24: 41609 | E24: 1157 | H24: 6 | K24: 1108 | L24: =E24+H24+K24 -> 2271
B25: 2013 | E25: =SUM(E13:E24) -> 14041 | H25: =SUM(H13:H24) -> 158 | K25: =SUM(K13:K24) -> 9126 | L25: =SUM(L13:L24) -> 23325
B26: 41640 | E26: 1358 | H26: 5 | K26: 1261 | L26: =E26+H26+K26 -> 2624
B27: 41671 | E27: 746 | H27: 4 | K27: 848 | L27: =E27+H27+K27 -> 1598
B28: 41699 | E28: 1052 | H28: 10 | K28: 852 | L28: =E28+H28+K28 -> 1914
B29: 41730 | E29: 549 | H29: 4 | K29: 512 | L29: =E29+H29+K29 -> 1065
B30: 41760 | E30: 773 | H30: 9 | K30: 1137 | L30: =E30+H30+K30 -> 1919
B31: 41791 | E31: 660 | H31: 15 | K31: 905 | L31: =E31+H31+K31 -> 1580
B32: 41821 | E32: 881 | H32: 15 | K32: 646 | L32: =E32+H32+K32 -> 1542
B33: 41852 | E33: 825 | H33: 28 | K33: 753 | L33: =E33+H33+K33 -> 1606
B34: 41883 | E34: 1489 | H34: 41 | K34: 1146 | L34: =E34+H34+K34 -> 2676
B35: 41913 | E35: 1667 | H35: 132 | K35: 827 | L35: =E35+H35+K35 -> 2626
B36: 41944 | E36: 1332 | H36: 22 | K36: 1068 | L36: =E36+H36+K36 -> 2422
B37: 41974 | E37: 500 | H37: 14 | K37: 835 | L37: =E37+H37+K37 -> 1349
B38: 2014 | E38: =SUM(E26:E37) -> 11832 | H38: =SUM(H26:H37) -> 299 | K38: =SUM(K26:K37) -> 10790 | L38: =SUM(L26:L37) -> 22921
B39: 42005 | E39: 38 | H39: 896 | K39: 1448 | L39: =E39+H39+K39 -> 2382
B40: 42036 | E40: 1411 | H40: 90 | K40: 2461 | L40: =E40+H40+K40 -> 3962
B41: 42064 | E41: 1147 | H41: 78 | K41: 1427 | L41: =E41+H41+K41 -> 2652
B42: 42095 | E42: 1650 | H42: 172 | K42: 1480 | L42: =E42+H42+K42 -> 3302
B43: 42125 | E43: 1272 | H43: 123 | K43: 169 | L43: =E43+H43+K43 -> 1564
B44: 42156 | E44: 1877 | H44: 135 | K44: 447 | L44: =E44+H44+K44 -> 2459
B45: 42186 | E45: 1030 | H45: 110 | K45: 167 | L45: =E45+H45+K45 -> 1307
B46: 42217 | E46: 1674 | H46: 113 | K46: 218 | L46: =E46+H46+K46 -> 2005
B47: 42248 | E47: 1313 | H47: 136 | K47: 156 | L47: =E47+H47+K47 -> 1605
B48: 42278 | E48: 5045 | H48: 104 | K48: 21 | L48: =E48+H48+K48 -> 5170
B49: 42309 | E49: 1924 | H49: 764 | K49: 49 | L49: =E49+H49+K49 -> 2737
B50: 42339 | E50: 1346 | H50: 239 | K50: 217 | L50: =E50+H50+K50 -> 1802
B51: 2015 | E51: =SUM(E39:E50) -> 19727 | H51: =SUM(H39:H50) -> 2960 | K51: =SUM(K39:K50) -> 8260 | L51: =SUM(L39:L50) -> 30947
B52: 42370 | E52: 3773 | H52: 149 | K52: 57 | L52: =E52+H52+K52 -> 3979
B53: 42401 | E53: 4253 | H53: 113 | K53: 0 | L53: =E53+H53+K53 -> 4366
B54: 42430 | E54: 2016 | H54: 25 | K54: 15 | L54: =E54+H54+K54 -> 2056
B55: 42461 | E55: 2405 | H55: 33 | K55: 16 | L55: =E55+H55+K55 -> 2454
B56: 42491 | C56: 996 | D56: 817 | E56: =C56+D56 -> 1813 | F56: 17 | G56: 17 | H56: =F56+G56 -> 34 | I56: 8 | J56: 0 | K56: =I56+J56 -> 8 | L56: =E56+H56+K56 -> 1855
B57: 42522 | C57: 957 | D57: 898 | E57: =C57+D57 -> 1855 | F57: 15 | G57: 21 | H57: =F57+G57 -> 36 | I57: 11 | J57: 5 | K57: =I57+J57 -> 16 | L57: =E57+H57+K57 -> 1907
B58: 42552 | C58: 977 | D58: 835 | E58: =C58+D58 -> 1812 | F58: 24 | G58: 24 | H58: =F58+G58 -> 48 | I58: 10 | J58: 13 | K58: =I58+J58 -> 23 | L58: =E58+H58+K58 -> 1883
B59: 42583 | C59: 2266 | D59: 1640 | E59: =C59+D59 -> 3906 | F59: 90 | G59: 73 | H59: =F59+G59 -> 163 | I59: 19 | J59: 15 | K59: =I59+J59 -> 34 | L59: =E59+H59+K59 -> 4103
B60: 42614 | C60: 948 | D60: 779 | E60: =C60+D60 -> 1727 | F60: 42 | G60: 41 | H60: =F60+G60 -> 83 | I60: 3 | J60: 0 | K60: =I60+J60 -> 3 | L60: =E60+H60+K60 -> 1813
B61: 42644 | C61: 770 | D61: 832 | E61: =C61+D61 -> 1602 | F61: 13 | G61: 16 | H61: =F61+G61 -> 29 | I61: 0 | J61: 0 | K61: =I61+J61 -> 0 | L61: =E61+H61+K61 -> 1631
B62: 42675 | C62: 484 | D62: 317 | E62: =C62+D62 -> 801 | F62: 12 | G62: 9 | H62: =F62+G62 -> 21 | I62: 0 | J62: 0 | K62: =I62+J62 -> 0 | L62: =E62+H62+K62 -> 822
B63: 42705 | C63: 1057 | D63: 797 | E63: =C63+D63 -> 1854 | F63: 156 | G63: 126 | H63: =F63+G63 -> 282 | I63: 6 | J63: 0 | K63: =I63+J63 -> 6 | L63: =E63+H63+K63 -> 2142
B64: 2016 | E64: =SUM(E52:E63) -> 27817 | H64: =SUM(H52:H63) -> 1016 | K64: =SUM(K52:K63) -> 178 | L64: =SUM(L52:L63) -> 29011
B65: 42736 | C65: 1709 | D65: 1188 | E65: =C65+D65 -> 2897 | F65: 87 | G65: 62 | H65: =F65+G65 -> 149 | I65: 21 | J65: 22 | K65: =I65+J65 -> 43 | L65: =E65+H65+K65 -> 3089
B66: 42767 | C66: 1599 | D66: 1237 | E66: =C66+D66 -> 2836 | F66: 35 | G66: 42 | H66: =F66+G66 -> 77 | I66: 11 | J66: 10 | K66: =I66+J66 -> 21 | L66: =E66+H66+K66 -> 2934
B67: 42795 | C67: 1281 | D67: 949 | E67: =C67+D67 -> 2230 | F67: 63 | G67: 47 | H67: =F67+G67 -> 110 | I67: 18 | J67: 10 | K67: =I67+J67 -> 28 | L67: =E67+H67+K67 -> 2368
B68: 42826 | C68: 694 | D68: 578 | E68: =C68+D68 -> 1272 | F68: 16 | G68: 19 | H68: =F68+G68 -> 35 | I68: 8 | J68: 7 | K68: =I68+J68 -> 15 | L68: =E68+H68+K68 -> 1322
B69: 42856 | C69: 698 | D69: 493 | E69: =C69+D69 -> 1191 | F69: 13 | G69: 3 | H69: =F69+G69 -> 16 | I69: 45 | J69: 41 | K69: =I69+J69 -> 86 | L69: =E69+H69+K69 -> 1293
B70: 42887 | C70: 891 | D70: 581 | E70: =C70+D70 -> 1472 | F70: 18 | G70: 18 | H70: =F70+G70 -> 36 | I70: 10 | J70: 12 | K70: =I70+J70 -> 22 | L70: =E70+H70+K70 -> 1530
B71: 42917 | C71: 857 | D71: 571 | E71: =C71+D71 -> 1428 | F71: 15 | G71: 14 | H71: =F71+G71 -> 29 | I71: 84 | J71: 54 | K71: =I71+J71 -> 138 | L71: =E71+H71+K71 -> 1595
B72: 42948 | C72: 697 | D72: 460 | E72: =C72+D72 -> 1157 | F72: 11 | G72: 9 | H72: =F72+G72 -> 20 | I72: 43 | J72: 34 | K72: =I72+J72 -> 77 | L72: =E72+H72+K72 -> 1254
B73: 42979 | C73: 850 | D73: 547 | E73: =C73+D73 -> 1397 | F73: 1 | G73: 3 | H73: =F73+G73 -> 4 | I73: 12 | J73: 14 | K73: =I73+J73 -> 26 | L73: =E73+H73+K73 -> 1427
B74: 43009 | C74: 305 | D74: 234 | E74: =C74+D74 -> 539 | F74: 11 | G74: 11 | H74: =F74+G74 -> 22 | I74: 36 | J74: 19 | K74: =I74+J74 -> 55 | L74: =E74+H74+K74 -> 616
B75: 43040 | C75: 524 | D75: 369 | E75: =C75+D75 -> 893 | F75: 15 | G75: 6 | H75: =F75+G75 -> 21 | I75: 22 | J75: 11 | K75: =I75+J75 -> 33 | L75: =E75+H75+K75 -> 947
B76: 43070 | C76: 638 | D76: 595 | E76: =C76+D76 -> 1233 | F76: 17 | G76: 15 | H76: =F76+G76 -> 32 | I76: 5 | J76: 5 | K76: =I76+J76 -> 10 | L76: =E76+H76+K76 -> 1275
B77: 2017 | E77: =SUM(E65:E76) -> 18545 | H77: =SUM(H65:H76) -> 551 | K77: =SUM(K65:K76) -> 554 | L77: =SUM(L65:L76) -> 19650
B78: 43101 | C78: 755 | D78: 663 | E78: =C78+D78 -> 1418 | F78: 14 | G78: 12 | H78: =F78+G78 -> 26 | I78: 8 | J78: 3 | K78: =I78+J78 -> 11 | L78: =E78+H78+K78 -> 1455
B79: 43132 | C79: 908 | D79: 778 | E79: =C79+D79 -> 1686 | F79: 16 | G79: 9 | H79: =F79+G79 -> 25 | I79: 55 | J79: 50 | K79: =I79+J79 -> 105 | L79: =E79+H79+K79 -> 1816
B80: 43160 | C80: 1306 | D80: 853 | E80: =C80+D80 -> 2159 | F80: 34 | G80: 26 | H80: =F80+G80 -> 60 | I80: 35 | J80: 15 | K80: =I80+J80 -> 50 | L80: =E80+H80+K80 -> 2269
B81: 43191 | C81: 1004 | D81: 564 | E81: =C81+D81 -> 1568 | F81: 19 | G81: 14 | H81: =F81+G81 -> 33 | I81: 20 | J81: 18 | K81: =I81+J81 -> 38 | L81: =E81+H81+K81 -> 1639
B82: 43221 | C82: 717 | D82: 410 | E82: =C82+D82 -> 1127 | F82: 17 | G82: 15 | H82: =F82+G82 -> 32 | I82: 26 | J82: 26 | K82: =I82+J82 -> 52 | L82: =E82+H82+K82 -> 1211
B83: 43252 | C83: 1018 | D83: 658 | E83: =C83+D83 -> 1676 | F83: 18 | G83: 12 | H83: =F83+G83 -> 30 | I83: 23 | J83: 10 | K83: =I83+J83 -> 33 | L83: =E83+H83+K83 -> 1739
B84: 43282 | C84: 845 | D84: 604 | E84: =C84+D84 -> 1449 | F84: 17 | G84: 33 | H84: =F84+G84 -> 50 | I84: 35 | J84: 31 | K84: =I84+J84 -> 66 | L84: =E84+H84+K84 -> 1565
B85: 43313 | C85: 1178 | D85: 821 | E85: =C85+D85 -> 1999 | F85: 20 | G85: 30 | H85: =F85+G85 -> 50 | I85: 33 | J85: 28 | K85: =I85+J85 -> 61 | L85: =E85+H85+K85 -> 2110
B86: 43344 | C86: 1529 | D86: 1059 | E86: =C86+D86 -> 2588 | F86: 40 | G86: 42 | H86: =F86+G86 -> 82 | I86: 45 | J86: 15 | K86: =I86+J86 -> 60 | L86: =E86+H86+K86 -> 2730
B87: 43374 | C87: 978 | D87: 757 | E87: =C87+D87 -> 1735 | F87: 21 | G87: 40 | H87: =F87+G87 -> 61 | I87: 27 | J87: 13 | K87: =I87+J87 -> 40 | L87: =E87+H87+K87 -> 1836
B88: 43405 | C88: 583 | D88: 278 | E88: =C88+D88 -> 861 | F88: 9 | G88: 8 | H88: =F88+G88 -> 17 | I88: 63 | J88: 44 | K88: =I88+J88 -> 107 | L88: =E88+H88+K88 -> 985
B89: 43435 | C89: 1471 | D89: 707 | E89: 2178 | F89: 34 | G89: 21 | H89: 55 | I89: 49 | J89: 38 | K89: 87 | L89: =E89+H89+K89 -> 2320
B90: 2018 | E90: =SUM(E78:E89) -> 20444 | H90: =SUM(H78:H89) -> 521 | K90: =SUM(K78:K89) -> 710 | L90: =SUM(L78:L89) -> 21675
B91: 43466 | C91: 1585 | D91: 954 | E91: 2539 | F91: 44 | G91: 43 | H91: 87 | I91: 82 | J91: 27 | K91: 109 | L91: =E91+H91+K91 -> 2735
B92: 43497 | C92: 1537 | D92: 762 | E92: 2299 | F92: 27 | G92: 19 | H92: 46 | I92: 54 | J92: 28 | K92: 82 | L92: =E92+H92+K92 -> 2427
B93: 43525 | C93: 454 | D93: 329 | E93: 783 | F93: 8 | G93: 7 | H93: 15 | I93: 5 | J93: 6 | K93: 11 | L93: =E93+H93+K93 -> 809
B94: 43556 | C94: 988 | D94: 507 | E94: 1495 | F94: 20 | G94: 11 | H94: 31 | I94: 72 | J94: 46 | K94: 118 | L94: =E94+H94+K94 -> 1644
B95: 43586 | C95: 995 | D95: 602 | E95: 1597 | F95: 30 | G95: 28 | H95: 58 | I95: 60 | J95: 33 | K95: 93 | L95: =E95+H95+K95 -> 1748
B96: 43617 | C96: 1868 | D96: 1297 | E96: 3165 | F96: 86 | G96: 86 | H96: 172 | I96: 50 | J96: 30 | K96: 80 | L96: =E96+H96+K96 -> 3417
B97: 43647 | C97: 2276 | D97: 1274 | E97: 3550 | F97: 43 | G97: 59 | H97: 102 | I97: 108 | J97: 70 | K97: 178 | L97: =E97+H97+K97 -> 3830
B98: 43678 | C98: 1983 | D98: 1098 | E98: 3081 | F98: 57 | G98: 62 | H98: 119 | I98: 78 | J98: 37 | K98: 115 | L98: =E98+H98+K98 -> 3315
B99: 43709 | C99: 1341 | D99: 990 | E99: 2331 | F99: 18 | G99: 11 | H99: 29 | I99: 23 | J99: 15 | K99: 38 | L99: =E99+H99+K99 -> 2398
B100: 43739 | C100: 866 | D100: 575 | E100: 1441 | F100: 51 | G100: 40 | H100: 91 | I100: 31 | J100: 12 | K100: 43 | L100: =E100+H100+K100 -> 1575
B101: 43770 | C101: 902 | D101: 489 | E101: 1391 | F101: 23 | G101: 20 | H101: 43 | I101: 24 | J101: 18 | K101: 42 | L101: =E101+H101+K101 -> 1476
B102: 43800 | C102: 491 | D102: 410 | E102: 901 | F102: 12 | G102: 12 | H102: 24 | I102: 3 | J102: 1 | K102: 4 | L102: =E102+H102+K102 -> 929
B103: 2019 | E103: =SUM(E91:E102) -> 24573 | H103: =SUM(H91:H102) -> 817 | K103: =SUM(K91:K102) -> 913 | L103: =SUM(L91:L102) -> 26303
...

Sheet Subsidios Pagados
A2: Subsecretaría de Previsión Social
A3: Dirección de Estudios Previsionales
B5: Número de subsidios pagados según tipo de subsidio | J5: Volver a Subsidio Previsional a los Trabajadores Jóvenes
B6: Marzo 2009 a junio 2022
B8: Mes | C8: Subsidio a la Contratación | E8: Subsidio a la Cotización
C9: Número de subsidios pagados | D9: Número de empleadores que recibieron pago en el mes | E9: Número de subsidios pagados | F9: Número de trabajadores que recibieron pago en el mes
F10: Hombre | G10: Mujer | H10: Total Trabajadores
B11: 39873 | C11: 10625 | D11: 174 | E11: -
B12: 39904 | C12: 6095 | D12: 194 | E12: -
B13: 39934 | C13: 7497 | D13: 290 | E13: -
B14: 39965 | C14: 8878 | D14: 241 | E14: -
B15: 39995 | C15: 13580 | D15: 349 | E15: -
B16: 40026 | C16: 9451 | D16: 290 | E16: -
B17: 40057 | C17: 16175 | D17: 423 | E17: -
B18: 40087 | C18: 21738 | D18: 442 | E18: -
B19: 40118 | C19: 20687 | D19: 464 | E19: -
B20: 40148 | C20: 19925 | D20: 464 | E20: -
B21: 40179 | C21: 14517 | D21: 460 | E21: -
B22: 40210 | C22: 21073 | D22: 461 | E22: -
... B40: 40756 | C40: 810 | D40: 59 | E40: -
B41: 40787 | C41: 476 | D41: 65 | E41: 1634 | H41: 1620
B42: 40817 | C42: 1568 | D42: 75 | E42: 5036 | H42: 4518
B43: 40848 | C43: 906 | D43: 39 | E43: 12015 | H43: 10939
B44: 40878 | C44: 1270 | D44: 71 | E44: 22261 | H44: 21512
B45: 40909 | C45: 1221 | D45: 65 | E45: 24129 | H45: 20099
B46: 40940 | C46: 902 | D46: 58 | E46: 22063 | H46: 19781
B47: 40969 | C47: 2605 | D47: 58 | E47: 36966 | H47: 28773
B48: 41000 | C48: 982 | D48: 44 | E48: 16479 | H48: 16232
B49: 41030 | C49: 3220 | D49: 72 | E49: 28814 | H49: 23849
B50: 41061 | C50: 1267 | D50: 49 | E50: 25375 | H50: 22057
B51: 41091 | C51: 1000 | D51: 53 | E51: 23209 | H51: 21672
B52: 41122 | C52: 1130 | D52: 58 | E52: 21429 | H52: 20285
... B96: 42461 | C96: 285 | D96: 18 | E96: 5659 | H96: 5480
B97: 42491 | C97: 288 | D97: 16 | E97: 6651 | F97: 3426 | G97: 2372 | H97: =F97+G97 -> 5798
B98: jun-16* | C98: 21 | D98: 15 | E98: 5426 | F98: 2014 | G98: 2742 | H98: =F98+G98 -> 4756
B99: 42552 | C99: 9 | D99: 9 | E99: 3253 | F99: 1416 | G99: 1620 | H99: =F99+G99 -> 3036
B100: 42583 | C100: 13 | D100: 10 | E100: 3343 | F100: 1336 | G100: 1688 | H100: =F100+G100 -> 3024
B101: 42614 | C101: 16 | D101: 11 | E101: 3298 | F101: 1358 | G101: 1715 | H101: =F101+G101 -> 3073
B102: 42644 | C102: 28 | D102: 12 | E102: 3465 | F102: 1455 | G102: 1819 | H102: =F102+G102 -> 3274
B103: 42675 | C103: 38 | D103: 13 | E103: 3225 | F103: 1369 | G103: 1699 | H103: =F103+G103 -> 3068
B104: 42705 | C104: 48 | D104: 20 | E104: 2951 | F104: 1273 | G104: 1530 | H104: =F104+G104 -> 2803
B105: 42736 | C105: 28 | D105: 16 | E105: 4231 | F105: 1377 | G105: 2288 | H105: =F105+G105 -> 3665
B106: 42767 | C106: 40 | D106: 21 | E106: 2725 | F106: 1152 | G106: 1411 | H106: =F106+G106 -> 2563
B107: 42795 | C107: 51 | D107: 19 | E107: 2482 | F107: 1042 | G107: 1321 | H107: =F107+G107 -> 2363
B108: 42826 | C108: 52 | D108: 16 | E108: 2908 | F108: 1301 | G108: 1304 | H108: =F108+G108 -> 2605
B109: 42856 | C109: 33 | D109: 11 | E109: 2762 | F109: 1203 | G109: 1396 | H109: =F109+G109 -> 2599
B110: jun-17** | C110: 4096 | D110: 40 | E110: 176735 | F110: 21206 | G110: 29918 | H110: =F110+G110 -> 51124
B111: 42917 | C111: 6517 | D111: 46 | E111: 93102 | F111: 16060 | G111: 22383 | H111: =F111+G111 -> 38443
B112: 42948 | C112: 7909 | D112: 49 | E112: 2314 | F112: 1181 | G112: 999 | H112: =F112+G112 -> 2180
B113: 42979 | C113: 2045 | D113: 33 | E113: 37486 | F113: 9638 | G113: 14569 | H113: =F113+G113 -> 24207
B114: 43009 | C114: 1138 | D114: 31 | E114: 33256 | F114: 9130 | G114: 15883 | H114: =F114+G114 -> 25013
B115: 43040 | C115: 989 | D115: 32 | E115: 26590 | F115: 8080 | G115: 12842 | H115: =F115+G115 -> 20922
B116: 43070 | C116: 1027 | D116: 26 | E116: 18586 | F116: 7147 | G116: 10315 | H116: =F116+G116 -> 17462
B117: 43101 | C117: 1354 | D117: 30 | E117: 18570 | F117: 7039 | G117: 10476 | H117: =F117+G117 -> 17515
B118: 43132 | C118: 1044 | D118: 26 | E118: 12624 | F118: 7245 | G118: 4546 | H118: =F118+G118 -> 11791
B119: 43160 | C119: 923 | D119: 42 | E119: 19233 | F119: 7306 | G119: 10727 | H119: =F119+G119 -> 18033
B120: 43191 | C120: 1496 | D120: 53 | E120: 27469 | F120: 12706 | G120: 9262 | H120: =F120+G120 -> 21968
B121: 43221 | C121: 1099 | D121: 44 | E121: 19923 | F121: 7814 | G121: 11003 | H121: =F121+G121 -> 18817
B122: 43252 | C122: 2919 | D122: 53 | E122: 33135 | F122: 8927 | G122: 12977 | H122: =F122+G122 -> 21904
... B127: 43405 | C127: 684 | D127: 59 | E127: 22023 | F127: 10985 | G127: 7542 | H127: =F127+G127 -> 18527
B128: 43435 | C128: 1306 | D128: 51 | E128: 25922 | F128: 12754 | G128: 8814 | H128: 21568
B129: 43466 | C129: 800 | D129: 51 | E129: 28255 | F129: 13972 | G129: 9596 | H129: 23568
B130: 43497 | C130: 819 | D130: 47 | E130: 24473 | F130: 12346 | G130: 8362 | H130: 20708
B131: 43525 | C131: 1105 | D131: 42 | E131: 20396 | F131: 11217 | G131: 7436 | H131: 18653
B132: 43556 | C132: 1016 | D132: 35 | E132: 17319 | F132: 9829 | G132: 6577 | H132: 16406
B133: 43586 | C133: 1094 | D133: 44 | E133: 26936 | F133: 8619 | G133: 12910 | H133: 21529
B134: 43617 | C134: 962 | D134: 41 | E134: 17186 | F134: 6205 | G134: 9829 | H134: 16034
B135: 43647 | C135: 1148 | D135: 41 | E135: 17113 | F135: 9788 | G135: 6179 | H135: 15967
B136: 43678 | C136: 896 | D136: 34 | E136: 17644 | F136: 10151 | G136: 6422 | H136: 16573
B137: 43709 | C137: 926 | D137: 31 | E137: 17905 | F137: 10281 | G137: 6541 | H137: 16573
B138: 43739 | C138: 1371 | D138: 30 | E138: 18586 | F138: 6769 | G138: 10563 | H138: 17332
B139: 43770 | C139: 1269 | D139: 37 | E139: 18254 | F139: 10266 | G139: 6534 | H139: 16800
... B142: 43862 | C142: 698 | D142: 37 | E142: 18087 | F142: 6398 | G142: 10470 | H142: 16868
B143: mar-20*** | C143: 335 | D143: 11 | E143: 2479 | F143: 833 | G143: 1333 | H143: 2166
B144: abr-20*** | C144: 1807 | D144: 46 | E144: 35380 | F144: 8953 | G144: 13726 | H144: =SUM(F144:G144) -> 22679
B145: 43952 | C145: 812 | D145: 43 | E145: 19198 | F145: 7081 | G145: 10993 | H145: =SUM(F145:G145) -> 18074
B146: 43983 | C146: 717 | D146: 40 | E146: 21037 | F146: 6751 | G146: 10650 | H146: =SUM(F146:G146) -> 17401
B147: jul-20**** | C147: 403 | D147: 40 | E147: 15217 | F147: 5506 | G147: 8781 | H147: =SUM(F147:G147) -> 14287
B148: 44044 | C148: 226 | D148: 29 | E148: 16560 | F148: 9684 | G148: 6022 | H148: =SUM(F148:G148) -> 15706
B149: 44075 | C149: 130 | D149: 26 | E149: 17807 | F149: 6374 | G149: 10337 | H149: =SUM(F149:G149) -> 16711
B150: 44105 | C150: 85 | D150: 26 | E150: 19642 | F150: 7053 | G150: 11284 | H150: =SUM(F150:G150) -> 18337
B151: 44136 | C151: 64 | D151: 27 | E151: 20331 | F151: 7299 | G151: 11518 | H151: =SUM(F151:G151) -> 18817
B152: 44166 | C152: 61 | D152: 28 | E152: 22733 | F152: 8214 | G152: 12811 | H152: =SUM(F152:G152) -> 21025
B153: 44197 | C153: 61 | D153: 23 | E153: 24914 | F153: 8732 | G153: 14109 | H153: =SUM(F153:G153) -> 22841
B154: 44228 | C154: 52 | D154: 18 | E154: 25495 | F154: 8692 | G154: 14503 | H154: =SUM(F154:G154) -> 23195
B155: 44256 | C155: 89 | D155: 22 | E155: 26451 | F155: 9196 | G155: 14960 | H155: =SUM(F155:G155) -> 24156
B156: 44287 | C156: 35 | D156: 19 | E156: 27062 | F156: 9299 | G156: 15603 | H156: =SUM(F156:G156) -> 24902
