Workbook

Sheet datos
A2: Mes | B2: Septiembre de 2018

Sheet Índice
B1: Subsecretaría de Previsión Social Dirección de Estudios Previsionales
B5: Informe Estadístico Mensual del Pilar Solidario
B7: Introducción
B8: El presente archivo contiene los principales cuadros del Informe Estadístico Mensual del Pilar Solidario del mes de noviembre de 2018. Correspondiente a:
B10: Estadísticas del Sistema de Pensiones Solidarias
B11: Estadísticas del Bono por Hijo (BxH)
B12: Estadísticas del Subsidio Previsional a los Trabajadores Jóvenes (STJ)

Sheet Índice Pensiones Solidarias
A2: Subsecretaría de Previsión Social
A3: Dirección de Estudios Previsionales
B5: Sistema de Pensiones Solidarias | N5: Volver a Índice
B7: Introducción
B8: El presente archivo contiene los principales cuadros sobre el Sistema de Pensiones Solidarias del Informe Estadístico Mensual del Pilar Solidario del mes de noviembre de 2018. Los cuadros entregan información de los beneficios solicitados y concedidos mensualmente a nivel nacional, desde julio de 2008 a noviembre de 2018, asi como también la información de las solicitudes y concesiones a nivel regional y comunal acumulado a noviembre de 2018.
B11: Este archivo contiene información al 26 de diciembre de 2018
B13: Nacional
B14: Solicitudes recibidas en el Sistema de Pensiones Solidarias, según mes, desde julio 2008 a noviembre 2018
B15: Concesiones en el Sistema de Pensiones Solidarias, por mes, desde julio 2008 a noviembre 2018
B17: Regional
B18: Solicitudes recibidas en el Sistema de Pensiones Solidarias acumuladas desde julio 2008 a noviembre 2018, según región
B19: Concesiones en el Sistema de Pensiones Solidarias acumuladas desde julio 2008 a noviembre 2018, según región
B21: Solicitudes y Concesiones en el Sistema de Pensiones Solidarias acumulado a noviembre 2018 por región y comuna:
B22: XV Arica y Parinacota
B23: I Tarapaca
... B36: XIII Metropolitana

Sheet Solicitudes Nacional
A2: Subsecretaría de Previsión Social
A3: Dirección de Estudios Previsionales
B5: Número de solicitudes mensuales recibidas en el Sistema de Pensiones Solidarias, según tipo de beneficio, sexo y origen de tramitación del beneficio | Q5: Volver Sistema de Pensiones Solidarias
B6: Julio de 2008 a noviembre 2018
B8: TOTAL SOLICITUDES (no incluye ex Pasis)
B9: PERIODO | C9: TOTAL PBS Y APS | J9: SEXO | L9: ORIGEN DE TRAMITACIÓN DEL BENEFICIO
C10: PBSV | D10: PBSI | E10: TOTAL PBS | F10: APSV | G10: APSI | H10: TOTAL APS | I10: Total PBS + APS | J10: Femenino | K10: Masculino | L10: En IPS | M10: En AFP | N10: En Cías. de Seguro | O10: En Municipio
B11: Jul a Dic 2008 | C11: 84792 | D11: 37698 | E11: 122490 | F11: 13034 | G11: 6193 | H11: 19227 | I11: 141717 | J11: 109234 | K11: 32483 | L11: 97794 | M11: 1045 | N11: 0 | O11: 42878
B12: Total 2009 | C12: 59115 | D12: 35112 | E12: 94227 | F12: 297997 | G12: 11591 | H12: 309588 | I12: 403815 | J12: 255764 | K12: 148051 | L12: 299252 | M12: 30351 | N12: 0 | O12: 74212
B13: Total 2010 | C13: 40711 | D13: 24962 | E13: 65673 | F13: 168085 | G13: 11927 | H13: 180012 | I13: 245685 | J13: 152794 | K13: 92891 | L13: 148053 | M13: 32913 | N13: 5334 | O13: 59385
B14: Total 2011 | C14: 37244 | D14: 20916 | E14: 58160 | F14: 126024 | G14: 10364 | H14: 136388 | I14: 194548 | J14: 123196 | K14: 71352 | L14: 114198 | M14: 25995 | N14: 11385 | O14: 42970
B15: Total 2012 | C15: 33804 | D15: 18951 | E15: 52755 | F15: 130283 | G15: 8215 | H15: 138498 | I15: 191253 | J15: 118199 | K15: 73054 | L15: 125927 | M15: 24052 | N15: 9227 | O15: 32047
B16: Total 2013 | C16: 32881 | D16: 16868 | E16: 49749 | F16: 77015 | G16: 7300 | H16: 84315 | I16: 134064 | J16: 82123 | K16: 51941 | L16: 83744 | M16: 22684 | N16: 6357 | O16: 21279
B17: Total 2014 | C17: 39418 | D17: 17578 | E17: 56996 | F17: 88526 | G17: 6051 | H17: 94577 | I17: 151573 | J17: 92874 | K17: 58699 | L17: 94154 | M17: 27039 | N17: 6541 | O17: 23839
B18: Total 2015 | C18: 31090 | D18: 18492 | E18: 49582 | F18: 88831 | G18: 2497 | H18: 91328 | I18: 140910 | J18: 86207 | K18: 54703 | L18: 84082 | M18: 29599 | N18: 5383 | O18: 21846
B19: Total 2016 | C19: 27207 | D19: 18101 | E19: 45309 | F19: 84734 | G19: 2588 | H19: 87321 | I19: 132630 | J19: 82317 | K19: 50313 | L19: 78143 | M19: 29026 | N19: 4512 | O19: 20949
B20: Enero'17 | C20: 2774 | D20: 1509 | E20: 4283 | F20: 7639 | G20: 271 | H20: 7910 | I20: 12193 | J20: 7573 | K20: 4620 | L20: 7252 | M20: 2606 | N20: 384 | O20: 1951
B21: Febrero | C21: 2017 | D21: 1346 | E21: 3363 | F21: 7226 | G21: 208 | H21: 7434 | I21: 10797 | J21: 6584 | K21: 4213 | L21: 6608 | M21: 2309 | N21: 328 | O21: 1552
B22: Marzo | C22: 2559 | D22: 1723 | E22: 4282 | F22: 8941 | G22: 224 | H22: 9165 | I22: 13447 | J22: 8246 | K22: 5201 | L22: 8053 | M22: 3052 | N22: 374 | O22: 1968
... B45: TOTAL | C45: 439850 | D45: 242451 | E45: 682302 | F45: 1286601 | G45: 75978 | H45: 1362578 | I45: 2044880 | J45: 1288326 | K45: 756554 | L45: 1306357 | M45: 297344 | N45: 57666 | O45: 383513
B46: Fuente: Elaboración propia sobre la base de información del IPS.
B47: Nota: La información estadística reportada del número de solicitudes concesionadas, en trámite, rechazadas y anuladas varía mes a mes por actualización de cifras.

Sheet Concesiones Nacional
A2: Subsecretaría de Previsión Social
A3: Dirección de Estudios Previsionales
B5: Número de beneficios concedidos mensuales en el Sistema de Pensiones Solidarias, según tipo de beneficio, sexo y origen de tramitación del beneficio | Q5: Volver Sistema de Pensiones Solidarias
B6: ='Solicitudes Nacional'!B6:O6 -> Julio de 2008 a noviembre 2018
B8: TOTAL CONCEDIDAS (no incluye ex Pasis)
B9: MES | C9: TOTAL PBS Y APS | J9: SEXO | L9: ORIGEN DE TRAMITACIÓN DEL BENEFICIO
C10: PBSV | D10: PBSI | E10: TOTAL PBS | F10: APSV | G10: APSI | H10: TOTAL APS | I10: Total PBS+APS | J10: Femenino | K10: Masculino | L10: En IPS | M10: En AFP | N10: En Cías. de Seguro | O10: En Municipio
B11: Jul a Dic 2008 | C11: 83926 | D11: 21763 | E11: =C11+D11 -> 105689 | F11: 9666 | G11: 1628 | H11: =F11+G11 -> 11294 | I11: =E11+H11 -> 116983 | J11: 89933 | K11: 27050 | L11: 79515 | M11: 1004 | N11: 0 | O11: 36464
B12: Total 2009 | C12: 57791 | D12: 20961 | E12: =C12+D12 -> 78752 | F12: 277006 | G12: 9792 | H12: =F12+G12 -> 286798 | I12: =E12+H12 -> 365550 | J12: 224962 | K12: 140588 | L12: 272721 | M12: 26657 | N12: 0 | O12: 66172
B13: Total 2010 | C13: 36098 | D13: 13242 | E13: =C13+D13 -> 49340 | F13: 137903 | G13: 9911 | H13: =F13+G13 -> 147814 | I13: =E13+H13 -> 197154 | J13: 119654 | K13: 77500 | L13: 120953 | M13: 25691 | N13: 3837 | O13: 46673
B14: Total 2011 | C14: 29811 | D14: 10346 | E14: =C14+D14 -> 40157 | F14: 90244 | G14: 8697 | H14: =F14+G14 -> 98941 | I14: =E14+H14 -> 139098 | J14: 84677 | K14: 54421 | L14: 81301 | M14: 19165 | N14: 8017 | O14: 30615
B15: Total 2012 | C15: 29013 | D15: 9891 | E15: =C15+D15 -> 38904 | F15: 113336 | G15: 7011 | H15: =F15+G15 -> 120347 | I15: =E15+H15 -> 159251 | J15: 95235 | K15: 64016 | L15: 105746 | M15: 20843 | N15: 7849 | O15: 24813
B16: Total 2013 | C16: 29558 | D16: 8904 | E16: =C16+D16 -> 38462 | F16: 65551 | G16: 6049 | H16: =F16+G16 -> 71600 | I16: =E16+H16 -> 110062 | J16: 65774 | K16: 44288 | L16: 68652 | M16: 19386 | N16: 5326 | O16: 16698
B17: Total 2014 | C17: 32593 | D17: 9996 | E17: =C17+D17 -> 42589 | F17: 70042 | G17: 5270 | H17: =F17+G17 -> 75312 | I17: =E17+H17 -> 117901 | J17: 70002 | K17: 47899 | L17: 72048 | M17: 22546 | N17: 5133 | O17: 18174
B18: Total 2015 | C18: 26414 | D18: 11689 | E18: =C18+D18 -> 38103 | F18: 71155 | G18: 2081 | H18: =F18+G18 -> 73236 | I18: =E18+H18 -> 111339 | J18: 66002 | K18: 45337 | L18: 65219 | M18: 24953 | N18: 4306 | O18: 16861
B19: Total 2016 | C19: 21821 | D19: 11783 | E19: =C19+D19 -> 33604 | F19: 65463 | G19: 2218 | H19: =F19+G19 -> 67681 | I19: =E19+H19 -> 101285 | J19: 60888 | K19: 40397 | L19: 58604 | M19: 23647 | N19: 3436 | O19: 15598
B20: Enero'17 | C20: 2359 | D20: 1001 | E20: =C20+D20 -> 3360 | F20: 6051 | G20: 225 | H20: =F20+G20 -> 6276 | I20: =E20+H20 -> 9636 | J20: 5835 | K20: 3801 | L20: 5658 | M20: 2161 | N20: 306 | O20: 1511
B21: Febrero | C21: 1593 | D21: 871 | E21: =C21+D21 -> 2464 | F21: 5680 | G21: 183 | H21: =F21+G21 -> 5863 | I21: =E21+H21 -> 8327 | J21: 4926 | K21: 3401 | L21: 5032 | M21: 1876 | N21: 256 | O21: 1163
B22: Marzo | C22: 2053 | D22: 1109 | E22: =C22+D22 -> 3162 | F22: 6997 | G22: 195 | H22: =F22+G22 -> 7192 | I22: =E22+H22 -> 10354 | J22: 6086 | K22: 4268 | L22: 6093 | M22: 2512 | N22: 284 | O22: 1465
... B31: Diciembre | C31: 1861 | D31: 911 | E31: =C31+D31 -> 2772 | F31: 6844 | G31: 255 | H31: =F31+G31 -> 7099 | I31: =E31+H31 -> 9871 | J31: 5611 | K31: 4260 | L31: 5556 | M31: 2496 | N31: 285 | O31: 1534
B32: Total 2017 | C32: =SUM(C20:C31) -> 22733 | D32: =SUM(D20:D31) -> 11892 | E32: =SUM(E20:E31) -> 34625 | F32: =SUM(F20:F31) -> 79713 | G32: =SUM(G20:G31) -> 2803 | H32: =SUM(H20:H31) -> 82516 | I32: =SUM(I20:I31) -> 117141 | J32: =SUM(J20:J31) -> 68139 | ... O32: =SUM(O20:O31) -> 17432
B33: enero'18 | C33: 2138 | D33: 923 | E33: =C33+D33 -> 3061 | F33: 10031 | G33: 361 | H33: =F33+G33 -> 10392 | I33: =E33+H33 -> 13453 | J33: 7982 | K33: 5471 | L33: 8209 | M33: 3281 | N33: 332 | O33: 1631
B34: febrero'18 | C34: 1786 | D34: 744 | E34: =C34+D34 -> 2530 | F34: 9930 | G34: 711 | H34: =F34+G34 -> 10641 | I34: =E34+H34 -> 13171 | J34: 7961 | K34: 5210 | L34: 8431 | M34: 3021 | N34: 284 | O34: 1435
B35: marzo'18 | C35: 1959 | D35: 914 | E35: =C35+D35 -> 2873 | F35: 9164 | G35: 889 | H35: =F35+G35 -> 10053 | I35: =E35+H35 -> 12926 | J35: 7526 | K35: 5400 | L35: 7448 | M35: 3439 | N35: 378 | O35: 1661
B36: abril'18 | C36: 1934 | D36: 949 | E36: 2883 | F36: 8562 | G36: 796 | H36: 9358 | I36: 12241 | J36: 6904 | K36: 5337 | L36: 6489 | M36: 3580 | N36: 439 | O36: 1733
B37: mayo'18 | C37: 1938 | D37: 906 | E37: 2844 | F37: 9897 | G37: 520 | H37: 10417 | I37: 13261 | J37: 7062 | K37: 6199 | L37: 7260 | M37: 3821 | N37: 448 | O37: 1732
B38: junio'18 | C38: 1777 | D38: 826 | E38: 2603 | F38: 8539 | G38: 489 | H38: 9028 | I38: 11631 | J38: 6492 | K38: 5139 | L38: 6373 | M38: 3320 | N38: 369 | O38: 1569
B39: julio'18 | C39: 1979 | D39: 761 | E39: 2740 | F39: 9055 | G39: 435 | H39: 9490 | I39: 12230 | J39: 6939 | K39: 5291 | L39: 6726 | M39: 3515 | N39: 386 | O39: 1603
B40: agosto'18 | C40: 2188 | D40: 590 | E40: 2778 | F40: 9628 | G40: 379 | H40: 10007 | I40: 12785 | J40: 7451 | K40: 5334 | L40: 7526 | M40: 3198 | N40: 383 | O40: 1678
B41: septiembre'18 | C41: 1919 | D41: 489 | E41: 2408 | F41: 7667 | G41: 298 | H41: 7965 | I41: 10373 | J41: 6209 | K41: 4164 | L41: 6069 | M41: 2733 | N41: 286 | O41: 1285
B42: octubre '18 | C42: 2429 | D42: 457 | E42: 2886 | F42: 10341 | G42: 362 | H42: 10703 | I42: 13589 | J42: 8012 | K42: 5577 | L42: 7642 | M42: 3842 | N42: 384 | O42: 1721
B43: noviembre '18 | C43: 2116 | D43: 109 | E43: 2225 | F43: 7070 | G43: 27 | H43: 7097 | I43: 9322 | J43: 5506 | K43: 3816 | L43: 5412 | M43: 2490 | N43: 345 | O43: 1075
B44: Total a nov-18 | C44: 22163 | D44: 7668 | E44: 29831 | F44: 99884 | G44: 5267 | H44: 105151 | I44: 134982 | J44: 78044 | K44: 56938 | L44: 77585 | M44: 36240 | N44: 4034 | O44: 17123
B45: TOTAL | C45: 391921 | D45: 138135 | E45: 530056 | F45: 1079963 | G45: 60727 | H45: 1140690 | I45: 1670746 | J45: 1023310 | K45: 647436 | L45: 1069998 | M45: 248637 | N45: 45488 | O45: 306623
B46: Fuente: Elaboración propia sobre la base de información del IPS.
B47: Nota: La información estadística reportada del número de solicitudes concesionadas, en trámite, rechazadas y anuladas varía mes a mes por actualización de cifras.
B48: El número de pensiones concesionadas no coincide con el número de pensiones pagadas por las siguientes razones: • El total acumulado de concesiones de la Reforma Previsional incluye personas fallecidas: El número de personas fallecidas durante el mes de septiembre con PBS correspondió a 1.088. El número aproximado de personas fallecidas con PBS durante el periodo jul-08 a sep-18 correspondió a 147.308. • Existen personas a quienes se les ha extinguido o suspendido el beneficio. • El mes de concedida la pensión no necesariamente coincide con el primer mes de pago.

Sheet Solicitudes Regiones
A2: Subsecretaría de Previsión Social
A3: Dirección de Estudios Previsionales
B5: Número de solicitudes del Sistema de Pensiones Solidarias según región, tipo de beneficio, sexo y origen de tramitación del beneficio | R5: Volver Sistema de Pensiones Solidarias
B6: Acumuladas de julio de 2008 a noviembre de 2018
B8: TOTAL SOLICITUDES (no incluye ex Pasis)
B9: REGIÓN | C9: TOTAL PBS Y APS | I9: TOTAL | K9: SEXO | M9: ORIGEN DE TRAMITACIÓN DEL BENEFICIO
C10: PBSV | D10: PBSI | E10: TOTAL PBS | F10: APSV | G10: APSI | H10: TOTAL APS | I10: Total PBS+APS | J10: % de Solicitudes PBS+APS | K10: Femenino | L10: Masculino | M10: En IPS | N10: En AFP | O10: En Cías. de Seguro | P10: En Municipio
B11: ARICA Y PARINACOTA | C11: 5225 | D11: 2236 | E11: =C11+D11 -> 7461 | F11: 16459 | G11: 824 | H11: =F11+G11 -> 17283 | I11: =+C11+D11+F11+G11 -> 24744 | J11: =I11/$I$27 -> 0.012100466 | K11: 15012 | L11: 9732 | M11: 15179 | N11: 4244 | O11: 687 | P11: 4634
B12: TARAPACA | C12: 5275 | D12: 3922 | E12: =C12+D12 -> 9197 | F12: 17518 | G12: 1503 | H12: =F12+G12 -> 19021 | I12: =+C12+D12+F12+G12 -> 28218 | J12: =I12/$I$27 -> 0.013799343 | K12: 17702 | L12: 10516 | M12: 16801 | N12: 3727 | O12: 998 | P12: 6692
B13: ANTOFAGASTA | C13: 10311 | D13: 4662 | E13: =C13+D13 -> 14973 | F13: 30304 | G13: 1569 | H13: =F13+G13 -> 31873 | I13: =+C13+D13+F13+G13 -> 46846 | J13: =I13/$I$27 -> 0.022908924 | K13: 31311 | L13: 15535 | M13: 33487 | N13: 6131 | O13: 631 | P13: 6597
B14: ATACAMA | C14: 6690 | D14: 3217 | E14: =C14+D14 -> 9907 | F14: 19891 | G14: 1055 | H14: =F14+G14 -> 20946 | I14: =+C14+D14+F14+G14 -> 30853 | J14: =I14/$I$27 -> 0.015087927 | K14: 19239 | L14: 11614 | M14: 19191 | N14: 4792 | O14: 903 | P14: 5967
B15: COQUIMBO | C15: 19336 | D15: 8632 | E15: =C15+D15 -> 27968 | F15: 58722 | G15: 2852 | H15: =F15+G15 -> 61574 | I15: =+C15+D15+F15+G15 -> 89542 | J15: =I15/$I$27 -> 0.043788389 | K15: 55886 | L15: 33656 | M15: 68181 | N15: 10715 | O15: 1288 | P15: 9358
B16: VALPARAISO | C16: 48571 | D16: 23417 | E16: =C16+D16 -> 71988 | F16: 161098 | G16: 9027 | H16: =F16+G16 -> 170125 | I16: =+C16+D16+F16+G16 -> 242113 | J16: =I16/$I$27 -> 0.11839961 | K16: 153965 | L16: 88148 | M16: 158442 | N16: 40145 | O16: 6033 | P16: 37493
B17: L. G. B. OHIGGINS | C17: 23169 | D17: 13727 | E17: =C17+D17 -> 36896 | F17: 75671 | G17: 5117 | H17: =F17+G17 -> 80788 | I17: =+C17+D17+F17+G17 -> 117684 | J17: =I17/$I$27 -> 0.057550565 | K17: 71396 | L17: 46288 | M17: 70812 | N17: 14809 | O17: 2871 | P17: 29192
B18: MAULE | C18: 31694 | D18: 18403 | E18: =C18+D18 -> 50097 | F18: 88010 | G18: 5768 | H18: =F18+G18 -> 93778 | I18: =+C18+D18+F18+G18 -> 143875 | J18: =I18/$I$27 -> 0.070358652 | K18: 85175 | L18: 58700 | M18: 90534 | N18: 21093 | O18: 3478 | P18: 28770
B19: ÑUBLE | C19: 16164 | D19: 20013 | E19: =C19+D19 -> 36177 | F19: 41180 | G19: 4447 | H19: =F19+G19 -> 45627 | I19: =+C19+D19+F19+G19 -> 81804 | J19: =I19/$I$27 -> 0.040004303 | K19: 50708 | L19: 31096 | M19: 48776 | N19: 10596 | O19: 1465 | P19: 20967
B20: BIO-BIO | C20: 42204 | D20: 31552 | E20: =C20+D20 -> 73756 | F20: 121298 | G20: 7506 | H20: =F20+G20 -> 128804 | I20: =+C20+D20+F20+G20 -> 202560 | J20: =I20/$I$27 -> 0.099057157 | K20: 128761 | L20: 73799 | M20: 119986 | N20: 26745 | O20: 5694 | P20: 50135
B21: LA ARAUCANIA | C21: 33851 | D21: 21970 | E21: =C21+D21 -> 55821 | F21: 69096 | G21: 4825 | H21: =F21+G21 -> 73921 | I21: =+C21+D21+F21+G21 -> 129742 | J21: =I21/$I$27 -> 0.063447244 | K21: 79355 | L21: 50387 | M21: 89308 | N21: 18263 | O21: 3198 | P21: 18973
B22: LOS RIOS | C22: 12118 | D22: 8209 | E22: =C22+D22 -> 20327 | F22: 31385 | G22: 3042 | H22: =F22+G22 -> 34427 | I22: =+C22+D22+F22+G22 -> 54754 | J22: =I22/$I$27 -> 0.026776143 | K22: 33658 | L22: 21096 | M22: 39644 | N22: 8808 | O22: 1756 | P22: 4546
... B26: METROPOLITANA | C26: 154956 | D26: 65061 | E26: =C26+D26 -> 220017 | F26: 483125 | G26: 22496 | H26: =F26+G26 -> 505621 | I26: =+C26+D26+F26+G26 -> 725638 | J26: =I26/$I$27 -> 0.35485603 | K26: 470710 | L26: 254928 | M26: 446942 | N26: 104972 | O26: 24852 | P26: 148872
B27: Totales | C27: =SUM(C11:C26) -> 439850 | D27: =SUM(D11:D26) -> 242451 | E27: =C27+D27 -> 682301 | F27: =SUM(F11:F26) -> 1286601 | G27: =SUM(G11:G26) -> 75978 | H27: =F27+G27 -> 1362579 | I27: =SUM(I11:I26) -> 2044880 | J27: =I27/$I$27 -> 1 | K27: =SUM(K11:K26) -> 1288326 | L27: =SUM(L11:L26) -> 756554 | M27: =SUM(M11:M26) -> 1306206 | N27: =SUM(N11:N26) -> 297344 | O27: =SUM(O11:O26) -> 57666 | P27: =SUM(P11:P26) -> 383664
B28: Participación sobre el total | C28: =+C27/$I$27 -> 0.2150982 | D28: =+D27/$I$27 -> 0.1185649 | F28: =+F27/$I$27 -> 0.62918166 | G28: =+G27/$I$27 -> 0.037155236 | I28: =C28+D28+F28+G28 -> 1 | K28: =+K27/$I$27 -> 0.63002523 | L28: =+L27/$I$27 -> 0.36997477 | M28: =+M27/$I$27 -> 0.63876902 | N28: =+N27/$I$27 -> 0.14540902 | O28: =+O27/$I$27 -> 0.028200188 | P28: =+P27/$I$27 -> 0.18762177
B29: Fuente: Elaboración propia sobre la base de información del IPS.
B30: Nota: La información estadística reportada del número de solicitudes concesionadas, en trámite, rechazadas y anuladas varía mes a mes por actualización de cifras.

Sheet Concesiones Regiones
A2: Subsecretaría de Previsión Social
A3: Dirección de Estudios Previsionales
B5: Número de concesiones del Sistema de Pensiones Solidarias según región, tipo de beneficio, sexo y origen de tramitación del beneficio | R5: Volver Sistema de Pensiones Solidarias
B6: ='Solicitudes Regiones'!B6:P6 -> Acumuladas de julio de 2008 a noviembre de 2018
B8: TOTAL CONCEDIDAS (no incluye ex Pasis)
B9: REGIÓN | C9: TOTAL PBS Y APS | I9: TOTAL | K9: SEXO | M9: ORIGEN DE TRAMITACIÓN DEL BENEFICIO
C10: PBSV | D10: PBSI | E10: TOTAL PBS | F10: APSV | G10: APSI | H10: TOTAL APS | I10: Total PBS+APS | J10: % de Concesiones PBS+APS | K10: Femenino | L10: Masculino | M10: En IPS | N10: En AFP | O10: En Cías. de Seguro | P10: En Municipio
B11: ARICA Y PARINACOTA | C11: 4820 | D11: 1583 | E11: =C11+D11 -> 6403 | F11: 14143 | G11: 659 | H11: =G11+F11 -> 14802 | I11: =+C11+D11+F11+G11 -> 21205 | J11: =I11/$I$27 -> 0.012691935 | K11: 12670 | L11: 8535 | M11: 13041 | N11: 3594 | O11: 555 | P11: 4015
B12: TARAPACA | C12: 4564 | D12: 2341 | E12: =C12+D12 -> 6905 | F12: 13958 | G12: 1145 | H12: =G12+F12 -> 15103 | I12: =+C12+D12+F12+G12 -> 22008 | J12: =I12/$I$27 -> 0.013172559 | K12: 13451 | L12: 8557 | M12: 13226 | N12: 3047 | O12: 749 | P12: 4986
B13: ANTOFAGASTA | C13: 8433 | D13: 2976 | E13: =C13+D13 -> 11409 | F13: 23904 | G13: 1188 | H13: =G13+F13 -> 25092 | I13: =+C13+D13+F13+G13 -> 36501 | J13: =I13/$I$27 -> 0.021847127 | K13: 23816 | L13: 12685 | M13: 26000 | N13: 4655 | O13: 485 | P13: 5361
B14: ATACAMA | C14: 5785 | D14: 2148 | E14: =C14+D14 -> 7933 | F14: 16518 | G14: 822 | H14: =G14+F14 -> 17340 | I14: =+C14+D14+F14+G14 -> 25273 | J14: =I14/$I$27 -> 0.015126776 | K14: 15395 | L14: 9878 | M14: 15532 | N14: 3955 | O14: 681 | P14: 5105
B15: COQUIMBO | C15: 16884 | D15: 5382 | E15: =C15+D15 -> 22266 | F15: 49083 | G15: 2385 | H15: =G15+F15 -> 51468 | I15: =+C15+D15+F15+G15 -> 73734 | J15: =I15/$I$27 -> 0.044132382 | K15: 44589 | L15: 29145 | M15: 56323 | N15: 8872 | O15: 940 | P15: 7597
B16: VALPARAISO | C16: 42821 | D16: 14899 | E16: =C16+D16 -> 57720 | F16: 132002 | G16: 7125 | H16: =G16+F16 -> 139127 | I16: =+C16+D16+F16+G16 -> 196847 | J16: =I16/$I$27 -> 0.11781982 | K16: 122314 | L16: 74533 | M16: 127967 | N16: 32853 | O16: 4709 | P16: 31313
B17: L. G. B. OHIGGINS | C17: 20179 | D17: 7182 | E17: =C17+D17 -> 27361 | F17: 63641 | G17: 4071 | H17: =G17+F17 -> 67712 | I17: =+C17+D17+F17+G17 -> 95073 | J17: =I17/$I$27 -> 0.05690452 | K17: 55323 | L17: 39750 | M17: 57512 | N17: 12214 | O17: 2274 | P17: 23071
B18: MAULE | C18: 28798 | D18: 9859 | E18: =C18+D18 -> 38657 | F18: 76060 | G18: 4520 | H18: =G18+F18 -> 80580 | I18: =+C18+D18+F18+G18 -> 119237 | J18: =I18/$I$27 -> 0.071367521 | K18: 68295 | L18: 50942 | M18: 75696 | N18: 18184 | O18: 2758 | P18: 22598
B19: ÑUBLE | C19: 14798 | D19: 8734 | E19: =C19+D19 -> 23532 | F19: 35979 | G19: 3774 | H19: =G19+F19 -> 39753 | I19: =+C19+D19+F19+G19 -> 63285 | J19: =I19/$I$27 -> 0.037878289 | K19: 36638 | L19: 26647 | M19: 38962 | N19: 9353 | O19: 1234 | P19: 13736
B20: BIO-BIO | C20: 37285 | D20: 15399 | E20: =C20+D20 -> 52684 | F20: 101452 | G20: 5944 | H20: =G20+F20 -> 107396 | I20: =+C20+D20+F20+G20 -> 160080 | J20: =I20/$I$27 -> 0.095813487 | K20: 96950 | L20: 63130 | M20: 96593 | N20: 21947 | O20: 4380 | P20: 37160
B21: LA ARAUCANIA | C21: 31152 | D21: 10312 | E21: =C21+D21 -> 41464 | F21: 59160 | G21: 3959 | H21: =G21+F21 -> 63119 | I21: =+C21+D21+F21+G21 -> 104583 | J21: =I21/$I$27 -> 0.062596589 | K21: 61002 | L21: 43581 | M21: 72027 | N21: 15795 | O21: 2418 | P21: 14336
B22: LOS RIOS | C22: 11186 | D22: 5636 | E22: =C22+D22 -> 16822 | F22: 26792 | G22: 2561 | H22: =G22+F22 -> 29353 | I22: =+C22+D22+F22+G22 -> 46175 | J22: =I22/$I$27 -> 0.027637355 | K22: 27623 | L22: 18552 | M22: 33363 | N22: 7595 | O22: 1392 | P22: 3823
... B26: METROPOLITANA | C26: 137371 | D26: 41620 | E26: =C26+D26 -> 178991 | F26: 405555 | G26: 17806 | H26: =G26+F26 -> 423361 | I26: =+C26+D26+F26+G26 -> 602352 | J26: =I26/$I$27 -> 0.36052877 | K26: 384702 | L26: 217650 | M26: 371008 | N26: 87517 | O26: 19866 | P26: 123960
B27: Totales | C27: =SUM(C11:C26) -> 391921 | D27: =SUM(D11:D26) -> 138135 | E27: =C27+D27 -> 530056 | F27: =SUM(F11:F26) -> 1079963 | G27: =SUM(G11:G26) -> 60727 | H27: =G27+F27 -> 1140690 | I27: =SUM(I11:I26) -> 1670746 | J27: =I27/$I$27 -> 1 | K27: =SUM(K11:K26) -> 1023310 | L27: =SUM(L11:L26) -> 647436 | M27: =SUM(M11:M26) -> 1069845 | N27: =SUM(N11:N26) -> 248637 | O27: =SUM(O11:O26) -> 45488 | P27: =SUM(P11:P26) -> 306746
B28: Participación sobre el total | C28: =+C27/$I$27 -> 0.23457845 | D28: =+D27/$I$27 -> 0.082678636 | F28: =+F27/$I$27 -> 0.64639568 | G28: =+G27/$I$27 -> 0.036347237 | I28: =C28+D28+F28+G28 -> 1 | K28: =+K27/$I$27 -> 0.61248688 | L28: =+L27/$I$27 -> 0.38751312 | M28: =+M27/$I$27 -> 0.6403397 | N28: =+N27/$I$27 -> 0.14881795 | O28: =+O27/$I$27 -> 0.027226161 | P28: =+P27/$I$27 -> 0.18359822
B29: Fuente: Elaboración propia sobre la base de información del IPS.
B30: Nota: La información estadística reportada del número de solicitudes concesionadas, en trámite, rechazadas y anuladas varía mes a mes por actualización de cifras.

Sheet XV
A2: Subsecretaría de Previsión Social
A3: Dirección de Estudios Previsionales
B5: Número de Solicitudes de Beneficios del Pilar Solidario según tipo de beneficio - XV Región de Arica y Parinacota | M5: Volver Sistema de Pensiones Solidadias
B6: ='Solicitudes Regiones'!$B$6:$P$6 -> Acumuladas de julio de 2008 a noviembre de 2018
B8: Distribución Regional Solicitudes del Pilar Solidario - no incluye ex Pasis
B9: COMUNA | C9: TOTAL PBS Y APS
C10: PBSV | D10: PBSI | E10: Total PBS | F10: % PBS | G10: APSV | H10: APSI | I10: Total APS | J10: %APS | K10: Total PBS+APS
B11: ARICA | C11: 5092 | D11: 2177 | E11: =C11+D11 -> 7269 | F11: =E11/$E$15 -> 0.97426618 | G11: 16311 | H11: 822 | I11: =G11+H11 -> 17133 | J11: =I11/$I$15 -> 0.99132095 | K11: =E11+I11 -> 24402
B12: CAMARONES | C12: 24 | D12: 9 | E12: =C12+D12 -> 33 | F12: =E12/$E$15 -> 0.0044229996 | G12: 38 | H12: 1 | I12: =G12+H12 -> 39 | J12: =I12/$I$15 -> 0.0022565527 | K12: =E12+I12 -> 72
B13: PUTRE | C13: 74 | D13: 32 | E13: =C13+D13 -> 106 | F13: =E13/$E$15 -> 0.014207211 | G13: 98 | H13: 1 | I13: =G13+H13 -> 99 | J13: =I13/$I$15 -> 0.0057281722 | K13: =E13+I13 -> 205
B14: GENERAL LAGOS | C14: 35 | D14: 18 | E14: =C14+D14 -> 53 | F14: =E14/$E$15 -> 0.0071036054 | G14: 12 | H14: 0 | I14: =G14+H14 -> 12 | J14: =I14/$I$15 -> 0.0006943239 | K14: =E14+I14 -> 65
B15: Totales | C15: =SUM(C11:C14) -> 5225 | D15: =SUM(D11:D14) -> 2236 | E15: =C15+D15 -> 7461 | F15: =E15/$E$15 -> 1 | G15: =SUM(G11:G14) -> 16459 | H15: =SUM(H11:H14) -> 824 | I15: =G15+H15 -> 17283 | J15: =I15/$I$15 -> 1 | K15: =E15+I15 -> 24744
B16: % respecto del total de solicitudes | C16: =+C15/$K$15 -> 0.2111623 | D16: =+D15/$K$15 -> 0.090365341 | E16: =+E15/$K$15 -> 0.30152764 | G16: =+G15/$K$15 -> 0.66517135 | H16: =+H15/$K$15 -> 0.033301002 | I16: =+I15/$K$15 -> 0.69847236 | K16: =E16+I16 -> 1
B19: Número de Concesiones de Beneficios del Pilar Solidario según tipo de beneficio - XV Región de Arica y Parinacota
B20: ='Solicitudes Regiones'!$B$6:$P$6 -> Acumuladas de julio de 2008 a noviembre de 2018
B22: Concesiones del Pilar Solidario a nivel comunal
B23: COMUNA | C23: TOTAL PBS Y APS
C24: PBSV | D24: PBSI | E24: Total PBS | F24: % PBS | G24: APSV | H24: APSI | I24: Total APS | J24: %APS | K24: Total PBS+APS
B25: ARICA | C25: 4699 | D25: 1559 | E25: 5994 | F25: =E25/$E$29 -> 0.93612369 | G25: 14015 | H25: 657 | I25: =G25+H25 -> 14672 | J25: =I25/$I$29 -> 0.9912174 | K25: =E25+I25 -> 20666
B26: CAMARONES | C26: 21 | D26: 3 | E26: 23 | F26: =E26/$E$29 -> 0.0035920662 | G26: 34 | H26: 1 | I26: =G26+H26 -> 35 | J26: =I26/$I$29 -> 0.0023645453 | K26: =E26+I26 -> 58
B27: PUTRE | C27: 69 | D27: 14 | E27: 82 | F27: =E27/$E$29 -> 0.012806497 | G27: 82 | H27: 1 | I27: =G27+H27 -> 83 | J27: =I27/$I$29 -> 0.0056073504 | K27: =E27+I27 -> 165
B28: GENERAL LAGOS | C28: 31 | D28: 7 | E28: 37 | F28: =E28/$E$29 -> 0.0057785413 | G28: 12 | H28: 0 | I28: =G28+H28 -> 12 | J28: =I28/$I$29 -> 0.00081070126 | K28: =E28+I28 -> 49
B29: Totales | C29: =SUM(C25:C28) -> 4820 | D29: =SUM(D25:D28) -> 1583 | E29: =C29+D29 -> 6403 | F29: =E29/$E$29 -> 1 | G29: =SUM(G25:G28) -> 14143 | H29: =SUM(H25:H28) -> 659 | I29: =G29+H29 -> 14802 | J29: =I29/$I$29 -> 1 | K29: =E29+I29 -> 21205
B30: % respecto del total de concesiones | C30: =+C29/$K$29 -> 0.22730488 | D30: =+D29/$K$29 -> 0.074652205 | E30: =+E29/$K$29 -> 0.30195709 | G30: =+G29/$K$29 -> 0.66696534 | H30: =+H29/$K$29 -> 0.031077576 | I30: =+I29/$K$29 -> 0.69804291 | K30: =E30+I30 -> 1
B31: Fuente: Elaboración propia sobre la base de información del IPS.
B32: Nota: La información estadística reportada del número de solicitudes concesionadas, en trámite, rechazadas y anuladas varía mes a mes por actualización de cifras.

Sheet I
A2: Subsecretaría de Previsión Social
A3: Dirección de Estudios Previsionales
B5: Número de Solicitudes de Beneficios del Pilar Solidario según tipo de beneficio - I Región de Tarapacá | M5: Volver Sistema de Pensiones Solidadias
B6: ='Solicitudes Regiones'!$B$6:$P$6 -> Acumuladas de julio de 2008 a noviembre de 2018
B8: Distribución Regional Solicitudes del Pilar Solidario - no incluye ex Pasis
B9: COMUNA | C9: TOTAL PBS Y APS
C10: PBSV | D10: PBSI | E10: Total PBS | F10: % PBS | G10: APSV | H10: APSI | I10: Total APS | J10: %APS | K10: Total PBS+APS
B11: IQUIQUE | C11: 3632 | D11: 2298 | E11: =C11+D11 -> 5930 | F11: =E11/$E$18 -> 0.64477547 | G11: 12628 | H11: 921 | I11: =G11+H11 -> 13549 | J11: =I11/$I$18 -> 0.71231796 | K11: =E11+I11 -> 19479
B12: ALTO HOSPICIO | C12: 1046 | D12: 1240 | E12: =C12+D12 -> 2286 | F12: =E12/$E$18 -> 0.24855931 | G12: 3488 | H12: 462 | I12: =G12+H12 -> 3950 | J12: =I12/$I$18 -> 0.20766521 | K12: =E12+I12 -> 6236
B13: POZO ALMONTE | C13: 253 | D13: 155 | E13: =C13+D13 -> 408 | F13: =E13/$E$18 -> 0.044362292 | G13: 701 | H13: 64 | I13: =G13+H13 -> 765 | J13: =I13/$I$18 -> 0.040218706 | K13: =E13+I13 -> 1173
B14: CAMIÑA | C14: 54 | D14: 40 | E14: =C14+D14 -> 94 | F14: =E14/$E$18 -> 0.010220724 | G14: 55 | H14: 9 | I14: =G14+H14 -> 64 | J14: =I14/$I$18 -> 0.0033647022 | K14: =E14+I14 -> 158
B15: COLCHANE | C15: 54 | D15: 34 | E15: =C15+D15 -> 88 | F15: =E15/$E$18 -> 0.0095683375 | G15: 33 | H15: 5 | I15: =G15+H15 -> 38 | J15: =I15/$I$18 -> 0.0019977919 | K15: =E15+I15 -> 126
B16: HUARA | C16: 90 | D16: 82 | E16: =C16+D16 -> 172 | F16: =E16/$E$18 -> 0.018701751 | G16: 207 | H16: 19 | I16: =G16+H16 -> 226 | J16: =I16/$I$18 -> 0.011881605 | K16: =E16+I16 -> 398
B17: PICA | C17: 146 | D17: 73 | E17: =C17+D17 -> 219 | F17: =E17/$E$18 -> 0.023812113 | G17: 406 | H17: 23 | I17: =G17+H17 -> 429 | J17: =I17/$I$18 -> 0.022554019 | K17: =E17+I17 -> 648
B18: Totales | C18: =SUM(C11:C17) -> 5275 | D18: =SUM(D11:D17) -> 3922 | E18: =C18+D18 -> 9197 | F18: =E18/$E$18 -> 1 | G18: =SUM(G11:G17) -> 17518 | H18: =SUM(H11:H17) -> 1503 | I18: =G18+H18 -> 19021 | J18: =I18/$I$18 -> 1 | K18: =SUM(K11:K17) -> 28218
B19: % respecto del total de solicitudes | C19: =+C18/$K$18 -> 0.18693742 | D19: =+D18/$K$18 -> 0.1389893 | E19: =C19+D19 -> 0.32592671 | G19: =+G18/$K$18 -> 0.62080941 | H19: =+H18/$K$18 -> 0.053263874 | I19: =H19+G19 -> 0.67407329 | K19: =E19+I19 -> 1
B21: Número de Concesiones de Beneficios del Pilar Solidario según tipo de beneficio - I Región de Tarapacá
B22: ='Solicitudes Regiones'!$B$6:$P$6 -> Acumuladas de julio de 2008 a noviembre de 2018
B24: Concesiones del Pilar Solidario a nivel comunal
B25: COMUNA | C25: TOTAL PBS Y APS
C26: PBSV | D26: PBSI | E26: Total PBS | F26: % PBS | G26: APSV | H26: APSI | I26: Total APS | J26: %APS | K26: Total PBS+APS
B27: IQUIQUE | C27: 3093 | D27: 1383 | E27: =C27+D27 -> 4476 | F27: =E27/$E$18 -> 0.48668044 | G27: 9914 | H27: 688 | I27: =G27+H27 -> 10602 | J27: =I27/$I$18 -> 0.55738394 | K27: =E27+I27 -> 15078
B28: ALTO HOSPICIO | C28: 951 | D28: 759 | E28: =C28+D28 -> 1710 | F28: =E28/$E$18 -> 0.18593019 | G28: 2914 | H28: 361 | I28: =G28+H28 -> 3275 | J28: =I28/$I$18 -> 0.17217812 | K28: =E28+I28 -> 4985
B29: POZO ALMONTE | C29: 210 | D29: 77 | E29: =C29+D29 -> 287 | F29: =E29/$E$18 -> 0.031205828 | G29: 554 | H29: 49 | I29: =G29+H29 -> 603 | J29: =I29/$I$18 -> 0.031701803 | K29: =E29+I29 -> 890
B30: CAMIÑA | C30: 53 | D30: 21 | E30: =C30+D30 -> 74 | F30: =E30/$E$18 -> 0.008046102 | G30: 51 | H30: 7 | I30: =G30+H30 -> 58 | J30: =I30/$I$18 -> 0.0030492613 | K30: =E30+I30 -> 132
B31: COLCHANE | C31: 50 | D31: 16 | E31: =C31+D31 -> 66 | F31: =E31/$E$18 -> 0.0071762531 | G31: 29 | H31: 5 | I31: =G31+H31 -> 34 | J31: =I31/$I$18 -> 0.001787498 | K31: =E31+I31 -> 100
B32: HUARA | C32: 82 | D32: 42 | E32: =C32+D32 -> 124 | F32: =E32/$E$18 -> 0.013482657 | G32: 168 | H32: 19 | I32: =G32+H32 -> 187 | J32: =I32/$I$18 -> 0.0098312392 | K32: =E32+I32 -> 311
B33: PICA | C33: 125 | D33: 43 | E33: =C33+D33 -> 168 | F33: =E33/$E$18 -> 0.018266826 | G33: 328 | H33: 16 | I33: =G33+H33 -> 344 | J33: =I33/$I$18 -> 0.018085274 | K33: =E33+I33 -> 512
B34: Totales | C34: =SUM(C27:C33) -> 4564 | D34: =SUM(D27:D33) -> 2341 | E34: =C34+D34 -> 6905 | F34: =E34/$E$18 -> 0.7507883 | G34: =SUM(G27:G33) -> 13958 | H34: =SUM(H27:H33) -> 1145 | I34: =G34+H34 -> 15103 | J34: =I34/$I$18 -> 0.79401714 | K34: =SUM(K27:K33) -> 22008
B35: % respecto del total de concesiones | C35: =+C34/$K$34 -> 0.20737913 | D35: =+D34/$K$34 -> 0.10637041 | E35: =C35+D35 -> 0.31374955 | G35: =+G34/$K$34 -> 0.63422392 | H35: =+H34/$K$34 -> 0.052026536 | I35: =G35+H35 -> 0.68625045 | K35: =E35+I35 -> 1
B36: Fuente: Elaboración propia sobre la base de información del IPS.
B37: Nota: La información estadística reportada del número de solicitudes concesionadas, en trámite, rechazadas y anuladas varía mes a mes por actualización de cifras.

Sheet II
A2: Subsecretaría de Previsión Social
A3: Dirección de Estudios Previsionales
B5: Número de Solicitudes de Beneficios del Pilar Solidario según tipo de beneficio - II Región de Antofagasta | M5: Volver Sistema de Pensiones Solidadias
B6: ='Solicitudes Regiones'!$B$6:$P$6 -> Acumuladas de julio de 2008 a noviembre de 2018
B8: Distribución Regional Solicitudes del Pilar Solidario - no incluye ex Pasis
B9: COMUNA | C9: TOTAL PBS Y APS
C10: PBSV | D10: PBSI | E10: Total PBS | F10: % PBS | G10: APSV | H10: APSI | I10: Total APS | J10: %APS | K10: Total PBS+APS
B11: ANTOFAGASTA | C11: 6338 | D11: 3007 | E11: =C11+D11 -> 9345 | F11: =E11/$E$20 -> 0.62412342 | G11: 19757 | H11: 1081 | I11: =G11+H11 -> 20838 | J11: =I11/$I$20 -> 0.6537822 | K11: =E11+I11 -> 30183
B12: MEJILLONES | C12: 183 | D12: 70 | E12: =C12+D12 -> 253 | F12: =E12/$E$20 -> 0.016897081 | G12: 560 | H12: 25 | I12: =G12+H12 -> 585 | J12: =I12/$I$20 -> 0.018354093 | K12: =E12+I12 -> 838
B13: SIERRA GORDA | C13: 22 | D13: 5 | E13: =C13+D13 -> 27 | F13: =E13/$E$20 -> 0.0018032458 | G13: 39 | H13: 2 | I13: =G13+H13 -> 41 | J13: =I13/$I$20 -> 0.0012863552 | K13: =E13+I13 -> 68
B14: TALTAL | C14: 287 | D14: 217 | E14: =C14+D14 -> 504 | F14: =E14/$E$20 -> 0.033660589 | G14: 962 | H14: 47 | I14: =G14+H14 -> 1009 | J14: =I14/$I$20 -> 0.031656888 | K14: =E14+I14 -> 1513
B15: CALAMA | C15: 2544 | D15: 879 | E15: =C15+D15 -> 3423 | F15: =E15/$E$20 -> 0.2286115 | G15: 6327 | H15: 290 | I15: =G15+H15 -> 6617 | J15: =I15/$I$20 -> 0.20760518 | K15: =E15+I15 -> 10040
B16: OLLAGUE | C16: 15 | D16: 1 | E16: =C16+D16 -> 16 | F16: =E16/$E$20 -> 0.0010685901 | G16: 13 | H16: 0 | I16: =G16+H16 -> 13 | J16: =I16/$I$20 -> 0.00040786873 | K16: =E16+I16 -> 29
B17: SAN PEDRO DE ATACAMA | C17: 150 | D17: 41 | E17: =C17+D17 -> 191 | F17: =E17/$E$20 -> 0.012756295 | G17: 270 | H17: 10 | I17: =G17+H17 -> 280 | J17: =I17/$I$20 -> 0.0087848649 | K17: =E17+I17 -> 471
B18: TOCOPILLA | C18: 702 | D18: 422 | E18: =C18+D18 -> 1124 | F18: =E18/$E$20 -> 0.075068457 | G18: 2195 | H18: 107 | I18: =G18+H18 -> 2302 | J18: =I18/$I$20 -> 0.07222414 | K18: =E18+I18 -> 3426
B19: MARIA ELENA | C19: 70 | D19: 20 | E19: =C19+D19 -> 90 | F19: =E19/$E$20 -> 0.0060108195 | G19: 181 | H19: 7 | I19: =G19+H19 -> 188 | J19: =I19/$I$20 -> 0.0058984093 | K19: =E19+I19 -> 278
B20: Totales | C20: =SUM(C11:C19) -> 10311 | D20: =SUM(D11:D19) -> 4662 | E20: =C20+D20 -> 14973 | F20: =E20/$E$20 -> 1 | G20: =SUM(G11:G19) -> 30304 | H20: =SUM(H11:H19) -> 1569 | I20: =G20+H20 -> 31873 | J20: =I20/$I$20 -> 1 | K20: =E20+I20 -> 46846
B21: % respecto del total de solicitudes | C21: =+C20/$K$20 -> 0.22010417 | D21: =+D20/$K$20 -> 0.099517568 | E21: =C21+D21 -> 0.31962174 | G21: =+G20/$K$20 -> 0.64688554 | H21: =+H20/$K$20 -> 0.033492721 | I21: =G21+H21 -> 0.68037826 | K21: =E21+I21 -> 1
B23: Número de Concesiones de Beneficios del Pilar Solidario según tipo de beneficio - II Región de Antofagasta
B24: ='Solicitudes Regiones'!$B$6:$P$6 -> Acumuladas de julio de 2008 a noviembre de 2018
B26: Concesiones del Pilar Solidario a nivel comunal
B27: COMUNA | C27: TOTAL PBS Y APS
C28: PBSV | D28: PBSI | E28: Total PBS | F28: % PBS | G28: APSV | H28: APSI | I28: Total APS | J28: %APS | K28: Total PBS+APS
B29: ANTOFAGASTA | C29: 5196 | D29: 1914 | E29: =D29+C29 -> 7110 | F29: =E29/$E$38 -> 0.62319222 | G29: 15520 | H29: 830 | I29: =G29+H29 -> 16350 | J29: =I29/$I$38 -> 0.6516021 | K29: =E29+I29 -> 23460
B30: MEJILLONES | C30: 139 | D30: 43 | E30: =D30+C30 -> 182 | F30: =E30/$E$38 -> 0.015952318 | G30: 427 | H30: 20 | I30: =G30+H30 -> 447 | J30: =I30/$I$38 -> 0.017814443 | K30: =E30+I30 -> 629
B31: SIERRA GORDA | C31: 19 | D31: 2 | E31: =D31+C31 -> 21 | F31: =E31/$E$38 -> 0.0018406521 | G31: 29 | H31: 1 | I31: =G31+H31 -> 30 | J31: =I31/$I$38 -> 0.0011956002 | K31: =E31+I31 -> 51
B32: TALTAL | C32: 221 | D32: 110 | E32: =D32+C32 -> 331 | F32: =E32/$E$38 -> 0.029012183 | G32: 746 | H32: 31 | I32: =G32+H32 -> 777 | J32: =I32/$I$38 -> 0.030966045 | K32: =E32+I32 -> 1108
B33: CALAMA | C33: 2072 | D33: 635 | E33: =D33+C33 -> 2707 | F33: =E33/$E$38 -> 0.23726882 | G33: 5022 | H33: 214 | I33: =G33+H33 -> 5236 | J33: =I33/$I$38 -> 0.20867209 | K33: =E33+I33 -> 7943
B34: OLLAGUE | C34: 14 | D34: 1 | E34: =D34+C34 -> 15 | F34: =E34/$E$38 -> 0.0013147515 | G34: 13 | H34: 0 | I34: =G34+H34 -> 13 | J34: =I34/$I$38 -> 0.00051809342 | K34: =E34+I34 -> 28
B35: SAN PEDRO DE ATACAMA | C35: 132 | D35: 26 | E35: =D35+C35 -> 158 | F35: =E35/$E$38 -> 0.013848716 | G35: 225 | H35: 7 | I35: =G35+H35 -> 232 | J35: =I35/$I$38 -> 0.0092459748 | K35: =E35+I35 -> 390
B36: TOCOPILLA | C36: 590 | D36: 232 | E36: =D36+C36 -> 822 | F36: =E36/$E$38 -> 0.072048383 | G36: 1786 | H36: 80 | I36: =G36+H36 -> 1866 | J36: =I36/$I$38 -> 0.074366332 | K36: =E36+I36 -> 2688
B37: MARIA ELENA | C37: 50 | D37: 13 | E37: =D37+C37 -> 63 | F37: =E37/$E$38 -> 0.0055219564 | G37: 136 | H37: 5 | I37: =G37+H37 -> 141 | J37: =I37/$I$38 -> 0.0056193209 | K37: =E37+I37 -> 204
B38: Totales | C38: =SUM(C29:C37) -> 8433 | D38: =SUM(D29:D37) -> 2976 | E38: =D38+C38 -> 11409 | F38: =E38/$E$38 -> 1 | G38: =SUM(G29:G37) -> 23904 | H38: =SUM(H29:H37) -> 1188 | I38: =G38+H38 -> 25092 | J38: =I38/$I$38 -> 1 | K38: =SUM(K29:K37) -> 36501
B39: % respecto del total de concesiones | C39: =+C38/$K$38 -> 0.23103477 | D39: =+D38/$K$38 -> 0.081532013 | E39: =C39+D39 -> 0.31256678 | G39: =+G38/$K$38 -> 0.65488617 | H39: =+H38/$K$38 -> 0.032547054 | I39: =G39+H39 -> 0.68743322 | K39: =E39+I39 -> 1
B40: Fuente: Elaboración propia sobre la base de información del IPS.
B41: Nota: La información estadística reportada del número de solicitudes concesionadas, en trámite, rechazadas y anuladas varía mes a mes por actualización de cifras.
B131: Copiar extraccion TODOS desde casilla A140, luego formatear numeros con punto sindecimales

Sheet III
A2: Subsecretaría de Previsión Social
A3: Dirección de Estudios Previsionales
B5: Número de Solicitudes de Beneficios del Pilar Solidario según tipo de beneficio - III Región de Atacama | M5: Volver Sistema de Pensiones Solidadias
B6: ='Solicitudes Regiones'!$B$6:$P$6 -> Acumuladas de julio de 2008 a noviembre de 2018
B8: Distribución Regional Solicitudes del Pilar Solidario - no incluye ex Pasis
B9: COMUNA | C9: TOTAL PBS Y APS
C10: PBSV | D10: PBSI | E10: Total PBS | F10: % PBS | G10: APSV | H10: APSI | I10: Total APS | J10: %APS | K10: Total PBS+APS
B11: COPIAPO | C11: 3148 | D11: 1475 | E11: =C11+D11 -> 4623 | F11: =E11/$E$20 -> 0.46663975 | G11: 9604 | H11: 557 | I11: =G11+H11 -> 10161 | J11: =I11/$I$20 -> 0.48510455 | K11: =E11+I11 -> 14784
B12: CALDERA | C12: 362 | D12: 181 | E12: =C12+D12 -> 543 | F12: =E12/$E$20 -> 0.05480973 | G12: 1101 | H12: 68 | I12: =G12+H12 -> 1169 | J12: =I12/$I$20 -> 0.055810179 | K12: =E12+I12 -> 1712
B13: TIERRA AMARILLA | C13: 228 | D13: 158 | E13: =C13+D13 -> 386 | F13: =E13/$E$20 -> 0.03896235 | G13: 733 | H13: 51 | I13: =G13+H13 -> 784 | J13: =I13/$I$20 -> 0.037429581 | K13: =E13+I13 -> 1170
B14: CHAÑARAL | C14: 427 | D14: 187 | E14: =C14+D14 -> 614 | F14: =E14/$E$20 -> 0.06197638 | G14: 1106 | H14: 67 | I14: =G14+H14 -> 1173 | J14: =I14/$I$20 -> 0.056001146 | K14: =E14+I14 -> 1787
B15: DIEGO DE ALMAGRO | C15: 267 | D15: 188 | E15: =C15+D15 -> 455 | F15: =E15/$E$20 -> 0.045927122 | G15: 653 | H15: 36 | I15: =G15+H15 -> 689 | J15: =I15/$I$20 -> 0.032894109 | K15: =E15+I15 -> 1144
B16: VALLENAR | C16: 1614 | D16: 746 | E16: =C16+D16 -> 2360 | F16: =E16/$E$20 -> 0.2382154 | G16: 4903 | H16: 204 | I16: =G16+H16 -> 5107 | J16: =I16/$I$20 -> 0.24381744 | K16: =E16+I16 -> 7467
B17: ALTO DEL CARMEN | C17: 172 | D17: 95 | E17: =C17+D17 -> 267 | F17: =E17/$E$20 -> 0.026950641 | G17: 474 | H17: 17 | I17: =G17+H17 -> 491 | J17: =I17/$I$20 -> 0.02344123 | K17: =E17+I17 -> 758
B18: FREIRINA | C18: 192 | D18: 88 | E18: =C18+D18 -> 280 | F18: =E18/$E$20 -> 0.028262844 | G18: 559 | H18: 25 | I18: =G18+H18 -> 584 | J18: =I18/$I$20 -> 0.027881218 | K18: =E18+I18 -> 864
B19: HUASCO | C19: 280 | D19: 99 | E19: =C19+D19 -> 379 | F19: =E19/$E$20 -> 0.038255779 | G19: 758 | H19: 30 | I19: =G19+H19 -> 788 | J19: =I19/$I$20 -> 0.037620548 | K19: =E19+I19 -> 1167
B20: Totales | C20: =SUM(C11:C19) -> 6690 | D20: =SUM(D11:D19) -> 3217 | E20: =C20+D20 -> 9907 | F20: =E20/$E$20 -> 1 | G20: =SUM(G11:G19) -> 19891 | H20: =SUM(H11:H19) -> 1055 | I20: =G20+H20 -> 20946 | J20: =I20/$I$20 -> 1 | K20: =E20+I20 -> 30853
B21: % respecto del total de solicitudes | C21: =+C20/$K$20 -> 0.21683467 | D21: =+D20/$K$20 -> 0.10426863 | E21: =C21+D21 -> 0.3211033 | G21: =+G20/$K$20 -> 0.6447023 | H21: =+H20/$K$20 -> 0.034194406 | I21: =G21+H21 -> 0.6788967 | K21: =E21+I21 -> 1
B23: Número de concesiones de Beneficios del Pilar Solidario según tipo de beneficio - III Región de Atacama
B24: ='Solicitudes Regiones'!$B$6:$P$6 -> Acumuladas de julio de 2008 a noviembre de 2018
B26: Concesiones del Pilar Solidario a nivel comunal
B27: COMUNA | C27: TOTAL PBS Y APS
C28: PBSV | D28: PBSI | E28: Total PBS | F28: % PBS | G28: APSV | H28: APSI | I28: Total APS | J28: %APS | K28: Total PBS+APS
B29: COPIAPO | C29: 2730 | D29: 1001 | E29: =C29+D29 -> 3731 | F29: =E29/$E$38 -> 0.47031388 | G29: 7858 | H29: 447 | I29: =G29+H29 -> 8305 | J29: =I29/$I$38 -> 0.4789504 | K29: =E29+I29 -> 12036
B30: CALDERA | C30: 316 | D30: 120 | E30: =C30+D30 -> 436 | F30: =E30/$E$38 -> 0.054960292 | G30: 889 | H30: 52 | I30: =G30+H30 -> 941 | J30: =I30/$I$38 -> 0.054267589 | K30: =E30+I30 -> 1377
B31: TIERRA AMARILLA | C31: 201 | D31: 100 | E31: =C31+D31 -> 301 | F31: =E31/$E$38 -> 0.037942771 | G31: 625 | H31: 38 | I31: =G31+H31 -> 663 | J31: =I31/$I$38 -> 0.038235294 | K31: =E31+I31 -> 964
B32: CHAÑARAL | C32: 364 | D32: 123 | E32: =C32+D32 -> 487 | F32: =E32/$E$38 -> 0.061389134 | G32: 910 | H32: 34 | I32: =G32+H32 -> 944 | J32: =I32/$I$38 -> 0.0544406 | K32: =E32+I32 -> 1431
B33: DIEGO DE ALMAGRO | C33: 205 | D33: 107 | E33: =C33+D33 -> 312 | F33: =E33/$E$38 -> 0.039329384 | G33: 541 | H33: 20 | I33: =G33+H33 -> 561 | J33: =I33/$I$38 -> 0.032352941 | K33: =E33+I33 -> 873
B34: VALLENAR | C34: 1411 | D34: 496 | E34: =C34+D34 -> 1907 | F34: =E34/$E$38 -> 0.24038825 | G34: 4141 | H34: 170 | I34: =G34+H34 -> 4311 | J34: =I34/$I$38 -> 0.24861592 | K34: =E34+I34 -> 6218
B35: ALTO DEL CARMEN | C35: 161 | D35: 60 | E35: =C35+D35 -> 221 | F35: =E35/$E$38 -> 0.027858313 | G35: 407 | H35: 16 | I35: =G35+H35 -> 423 | J35: =I35/$I$38 -> 0.024394464 | K35: =E35+I35 -> 644
B36: FREIRINA | C36: 164 | D36: 71 | E36: =C36+D36 -> 235 | F36: =E36/$E$38 -> 0.029623093 | G36: 486 | H36: 15 | I36: =G36+H36 -> 501 | J36: =I36/$I$38 -> 0.028892734 | K36: =E36+I36 -> 736
B37: HUASCO | C37: 233 | D37: 70 | E37: =C37+D37 -> 303 | F37: =E37/$E$38 -> 0.038194882 | G37: 661 | H37: 30 | I37: =G37+H37 -> 691 | J37: =I37/$I$38 -> 0.039850058 | K37: =E37+I37 -> 994
B38: Totales | C38: =SUM(C29:C37) -> 5785 | D38: =SUM(D29:D37) -> 2148 | E38: =C38+D38 -> 7933 | F38: =E38/$E$38 -> 1 | G38: =SUM(G29:G37) -> 16518 | H38: =SUM(H29:H37) -> 822 | I38: =G38+H38 -> 17340 | J38: =I38/$I$38 -> 1 | K38: =E38+I38 -> 25273
B39: % respecto del total de concesiones | C39: =+C38/$K$38 -> 0.22890041 | D39: =+D38/$K$38 -> 0.084991889 | E39: =C39+D39 -> 0.3138923 | G39: =+G38/$K$38 -> 0.65358288 | H39: =+H38/$K$38 -> 0.032524829 | I39: =G39+H39 -> 0.6861077 | K39: =E39+I39 -> 1
B40: Fuente: Elaboración propia sobre la base de información del IPS.
B41: Nota: La información estadística reportada del número de solicitudes concesionadas, en trámite, rechazadas y anuladas varía mes a mes por actualización de cifras.
B131: Copiar extraccion TODOS desde casilla A140, luego formatear numeros con punto sindecimales

Sheet IV
A2: Subsecretaría de Previsión Social
A3: Dirección de Estudios Previsionales
B5: Número de Solicitudes de Beneficios del Pilar Solidario según tipo de beneficio - IV Región de Coquimbo | M5: Volver Sistema de Pensiones Solidadias
B6: ='Solicitudes Regiones'!$B$6:$P$6 -> Acumuladas de julio de 2008 a noviembre de 2018
B8: Distribución Regional Solicitudes del Pilar Solidario - no incluye ex Pasis
B9: COMUNA | C9: TOTAL PBS Y APS
C10: PBSV | D10: PBSI | E10: Total PBS | F10: % PBS | G10: APSV | H10: APSI | I10: Total APS | J10: %APS | K10: Total PBS+APS
B11: LA SERENA | C11: 4490 | D11: 2075 | E11: =C11+D11 -> 6565 | F11: =E11/$E$26 -> 0.23473255 | G11: 15108 | H11: 660 | I11: =G11+H11 -> 15768 | J11: =I11/$I$26 -> 0.25608211 | K11: =E11+I11 -> 22333
B12: COQUIMBO | C12: 5074 | D12: 2157 | E12: =C12+D12 -> 7231 | F12: =E12/$E$26 -> 0.25854548 | G12: 16881 | H12: 787 | I12: =G12+H12 -> 17668 | J12: =I12/$I$26 -> 0.28693929 | K12: =E12+I12 -> 24899
B13: ANDACOLLO | C13: 323 | D13: 183 | E13: =C13+D13 -> 506 | F13: =E13/$E$26 -> 0.018092105 | G13: 1206 | H13: 43 | I13: =G13+H13 -> 1249 | J13: =I13/$I$26 -> 0.020284536 | K13: =E13+I13 -> 1755
B14: LA HIGUERA | C14: 136 | D14: 50 | E14: =C14+D14 -> 186 | F14: =E14/$E$26 -> 0.0066504577 | G14: 302 | H14: 13 | I14: =G14+H14 -> 315 | J14: =I14/$I$26 -> 0.0051157956 | K14: =E14+I14 -> 501
B15: PAIHUANO | C15: 117 | D15: 43 | E15: =C15+D15 -> 160 | F15: =E15/$E$26 -> 0.0057208238 | G15: 455 | H15: 14 | I15: =G15+H15 -> 469 | J15: =I15/$I$26 -> 0.0076168513 | K15: =E15+I15 -> 629
B16: VICUÑA | C16: 550 | D16: 279 | E16: =C16+D16 -> 829 | F16: =E16/$E$26 -> 0.029641018 | G16: 2439 | H16: 115 | I16: =G16+H16 -> 2554 | J16: =I16/$I$26 -> 0.041478546 | K16: =E16+I16 -> 3383
B17: ILLAPEL | C17: 1124 | D17: 479 | E17: =C17+D17 -> 1603 | F17: =E17/$E$26 -> 0.057315503 | G17: 3249 | H17: 159 | I17: =G17+H17 -> 3408 | J17: =I17/$I$26 -> 0.055348037 | K17: =E17+I17 -> 5011
B18: CANELA | C18: 418 | D18: 192 | E18: =C18+D18 -> 610 | F18: =E18/$E$26 -> 0.021810641 | G18: 747 | H18: 48 | I18: =G18+H18 -> 795 | J18: =I18/$I$26 -> 0.012911294 | K18: =E18+I18 -> 1405
B19: LOS VILOS | C19: 630 | D19: 288 | E19: =C19+D19 -> 918 | F19: =E19/$E$26 -> 0.032823227 | G19: 1780 | H19: 102 | I19: =G19+H19 -> 1882 | J19: =I19/$I$26 -> 0.030564849 | K19: =E19+I19 -> 2800
B20: SALAMANCA | C20: 955 | D20: 416 | E20: =C20+D20 -> 1371 | F20: =E20/$E$26 -> 0.049020309 | G20: 2660 | H20: 100 | I20: =G20+H20 -> 2760 | J20: =I20/$I$26 -> 0.044824114 | K20: =E20+I20 -> 4131
B21: OVALLE | C21: 3499 | D21: 1351 | E21: =C21+D21 -> 4850 | F21: =E21/$E$26 -> 0.17341247 | G21: 8706 | H21: 502 | I21: =G21+H21 -> 9208 | J21: =I21/$I$26 -> 0.14954364 | K21: =E21+I21 -> 14058
B22: COMBARBALA | C22: 505 | D22: 291 | E22: =C22+D22 -> 796 | F22: =E22/$E$26 -> 0.028461098 | G22: 1599 | H22: 64 | I22: =G22+H22 -> 1663 | J22: =I22/$I$26 -> 0.027008153 | K22: =E22+I22 -> 2459
... B25: RIO HURTADO | C25: 208 | D25: 63 | E25: =C25+D25 -> 271 | F25: =E25/$E$26 -> 0.0096896453 | G25: 364 | H25: 14 | I25: =G25+H25 -> 378 | J25: =I25/$I$26 -> 0.0061389548 | K25: =E25+I25 -> 649
B26: Totales | C26: =SUM(C11:C25) -> 19336 | D26: =SUM(D11:D25) -> 8632 | E26: =C26+D26 -> 27968 | F26: =E26/$E$26 -> 1 | G26: =SUM(G11:G25) -> 58722 | H26: =SUM(H11:H25) -> 2852 | I26: =G26+H26 -> 61574 | J26: =I26/$I$26 -> 1 | K26: =E26+I26 -> 89542
B27: % respecto del total de solicitudes | C27: =+C26/$K$26 -> 0.21594336 | D27: =+D26/$K$26 -> 0.096401689 | E27: =C27+D27 -> 0.31234504 | G27: =+G26/$K$26 -> 0.65580398 | H27: =+H26/$K$26 -> 0.031850975 | I27: =G27+H27 -> 0.68765496 | K27: =E27+I27 -> 1
B29: Número de Concesiones de Beneficios del Pilar Solidario según tipo de beneficio - IV Región de Coquimbo
B30: ='Solicitudes Regiones'!$B$6:$P$6 -> Acumuladas de julio de 2008 a noviembre de 2018
B32: Concesiones del Pilar Solidario a nivel comunal
B33: COMUNA | C33: TOTAL PBS Y APS
C34: PBSV | D34: PBSI | E34: Total PBS | F34: % PBS | G34: APSV | H34: APSI | I34: Total APS | J34: %APS | K34: Total PBS+APS
B35: LA SERENA | C35: 3797 | D35: 1414 | E35: =C35+D35 -> 5211 | F35: =E35/$E$50 -> 0.23403395 | G35: 11887 | H35: 550 | I35: =G35+H35 -> 12437 | J35: =I35/$I$50 -> 0.24164529 | K35: =E35+I35 -> 17648
B36: COQUIMBO | C36: 4332 | D36: 1394 | E36: =C36+D36 -> 5726 | F36: =E36/$E$50 -> 0.25716339 | G36: 13789 | H36: 686 | I36: =G36+H36 -> 14475 | J36: =I36/$I$50 -> 0.28124271 | K36: =E36+I36 -> 20201
B37: ANDACOLLO | C37: 284 | D37: 94 | E37: =C37+D37 -> 378 | F37: =E37/$E$50 -> 0.016976556 | G37: 1079 | H37: 38 | I37: =G37+H37 -> 1117 | J37: =I37/$I$50 -> 0.021702806 | K37: =E37+I37 -> 1495
B38: LA HIGUERA | C38: 127 | D38: 32 | E38: =C38+D38 -> 159 | F38: =E38/$E$50 -> 0.0071409324 | G38: 262 | H38: 12 | I38: =G38+H38 -> 274 | J38: =I38/$I$50 -> 0.0053236963 | K38: =E38+I38 -> 433
B39: PAIHUANO | C39: 104 | D39: 27 | E39: =C39+D39 -> 131 | F39: =E39/$E$50 -> 0.0058834097 | G39: 389 | H39: 11 | I39: =G39+H39 -> 400 | J39: =I39/$I$50 -> 0.0077718194 | K39: =E39+I39 -> 531
B40: VICUÑA | C40: 484 | D40: 166 | E40: =C40+D40 -> 650 | F40: =E40/$E$50 -> 0.029192491 | G40: 2122 | H40: 99 | I40: =G40+H40 -> 2221 | J40: =I40/$I$50 -> 0.043153027 | K40: =E40+I40 -> 2871
B41: ILLAPEL | C41: 985 | D41: 270 | E41: =C41+D41 -> 1255 | F41: =E41/$E$50 -> 0.056363963 | G41: 2785 | H41: 127 | I41: =G41+H41 -> 2912 | J41: =I41/$I$50 -> 0.056578845 | K41: =E41+I41 -> 4167
B42: CANELA | C42: 395 | D42: 102 | E42: =C42+D42 -> 497 | F42: =E42/$E$50 -> 0.022321028 | G42: 673 | H42: 43 | I42: =G42+H42 -> 716 | J42: =I42/$I$50 -> 0.013911557 | K42: =E42+I42 -> 1213
B43: LOS VILOS | C43: 554 | D43: 168 | E43: =C43+D43 -> 722 | F43: =E43/$E$50 -> 0.032426121 | G43: 1549 | H43: 83 | I43: =G43+H43 -> 1632 | J43: =I43/$I$50 -> 0.031709023 | K43: =E43+I43 -> 2354
B44: SALAMANCA | C44: 862 | D44: 246 | E44: =C44+D44 -> 1108 | F44: =E44/$E$50 -> 0.049761969 | G44: 2311 | H44: 79 | I44: =G44+H44 -> 2390 | J44: =I44/$I$50 -> 0.046436621 | K44: =E44+I44 -> 3498
B45: OVALLE | C45: 3139 | D45: 888 | E45: =C45+D45 -> 4027 | F45: =E45/$E$50 -> 0.18085871 | G45: 7543 | H45: 406 | I45: =G45+H45 -> 7949 | J45: =I45/$I$50 -> 0.15444548 | K45: =E45+I45 -> 11976
B46: COMBARBALA | C46: 466 | D46: 143 | E46: =C46+D46 -> 609 | F46: =E46/$E$50 -> 0.027351118 | G46: 1462 | H46: 57 | I46: =G46+H46 -> 1519 | J46: =I46/$I$50 -> 0.029513484 | K46: =E46+I46 -> 2128
... B49: RIO HURTADO | C49: 198 | D49: 40 | E49: =C49+D49 -> 238 | F49: =E49/$E$50 -> 0.010688943 | G49: 347 | H49: 14 | I49: =G49+H49 -> 361 | J49: =I49/$I$50 -> 0.007014067 | K49: =E49+I49 -> 599
B50: Totales | C50: =SUM(C35:C49) -> 16884 | D50: =SUM(D35:D49) -> 5382 | E50: =C50+D50 -> 22266 | F50: =E50/$E$50 -> 1 | G50: =SUM(G35:G49) -> 49083 | H50: =SUM(H35:H49) -> 2385 | I50: =G50+H50 -> 51468 | J50: =I50/$I$50 -> 1 | K50: =E50+I50 -> 73734
B51: % respecto del total de concesiones | C51: =+C50/$K$50 -> 0.22898527 | D51: =+D50/$K$50 -> 0.072992107 | E51: =C51+D51 -> 0.30197738 | G51: =+G50/$K$50 -> 0.66567662 | H51: =+H50/$K$50 -> 0.032346 | I51: =G51+H51 -> 0.69802262 | K51: =E51+I51 -> 1
B52: Fuente: Elaboración propia sobre la base de información del IPS.
B53: Nota: La información estadística reportada del número de solicitudes concesionadas, en trámite, rechazadas y anuladas varía mes a mes por actualización de cifras.
B143: Copiar extraccion TODOS desde casilla A140, luego formatear numeros con punto sindecimales

Sheet V
A2: Subsecretaría de Previsión Social
A3: Dirección de Estudios Previsionales
B5: Número de Solicitudes de Beneficios del Pilar Solidario según tipo de beneficio - V Región de Vaparaíso | M5: Volver Sistema de Pensiones Solidadias
B6: ='Solicitudes Regiones'!$B$6:$P$6 -> Acumuladas de julio de 2008 a noviembre de 2018
B8: Distribución Regional Solicitudes del Pilar Solidario - no incluye ex Pasis
B9: COMUNA | C9: TOTAL PBS Y APS
C10: PBSV | D10: PBSI | E10: Total PBS | F10: % PBS | G10: APSV | H10: APSI | I10: Total APS | J10: %APS | K10: Total PBS+APS
B11: VALPARAISO | C11: 8511 | D11: 4650 | E11: =C11+D11 -> 13161 | F11: =E11/$E$49 -> 0.18282214 | G11: 27619 | H11: 1800 | I11: =G11+H11 -> 29419 | J11: =I11/$I$49 -> 0.17292579 | K11: =E11+I11 -> 42580
B12: CONCON | C12: 905 | D12: 398 | E12: =C12+D12 -> 1303 | F12: =E12/$E$49 -> 0.018100239 | G12: 2352 | H12: 129 | I12: =G12+H12 -> 2481 | J12: =I12/$I$49 -> 0.014583395 | K12: =E12+I12 -> 3784
B13: PUCHUNCAVI | C13: 670 | D13: 220 | E13: =C13+D13 -> 890 | F13: =E13/$E$49 -> 0.012363172 | G13: 1572 | H13: 60 | I13: =G13+H13 -> 1632 | J13: =I13/$I$49 -> 0.0095929464 | K13: =E13+I13 -> 2522
B14: VIÑA DEL MAR | C14: 7925 | D14: 3016 | E14: =C14+D14 -> 10941 | F14: =E14/$E$49 -> 0.15198366 | G14: 28200 | H14: 1275 | I14: =G14+H14 -> 29475 | J14: =I14/$I$49 -> 0.17325496 | K14: =E14+I14 -> 40416
B15: ISLA DE PASCUA | C15: 95 | D15: 59 | E15: =C15+D15 -> 154 | F15: =E15/$E$49 -> 0.0021392454 | G15: 216 | H15: 27 | I15: =G15+H15 -> 243 | J15: =I15/$I$49 -> 0.0014283615 | K15: =E15+I15 -> 397
B16: LOS ANDES | C16: 1544 | D16: 695 | E16: =C16+D16 -> 2239 | F16: =E16/$E$49 -> 0.031102406 | G16: 6125 | H16: 315 | I16: =G16+H16 -> 6440 | J16: =I16/$I$49 -> 0.037854519 | K16: =E16+I16 -> 8679
B17: RINCONADA | C17: 156 | D17: 73 | E17: =C17+D17 -> 229 | F17: =E17/$E$49 -> 0.0031810857 | G17: 772 | H17: 45 | I17: =G17+H17 -> 817 | J17: =I17/$I$49 -> 0.0048023512 | K17: =E17+I17 -> 1046
B18: SAN ESTEBAN | C18: 417 | D18: 221 | E18: =C18+D18 -> 638 | F18: =E18/$E$49 -> 0.0088625882 | G18: 1602 | H18: 77 | I18: =G18+H18 -> 1679 | J18: =I18/$I$49 -> 0.0098692138 | K18: =E18+I18 -> 2317
B19: PAPUDO | C19: 174 | D19: 93 | E19: =C19+D19 -> 267 | F19: =E19/$E$49 -> 0.0037089515 | G19: 435 | H19: 44 | I19: =G19+H19 -> 479 | J19: =I19/$I$49 -> 0.0028155768 | K19: =E19+I19 -> 746
B20: LA CALERA | C20: 1759 | D20: 855 | E20: =C20+D20 -> 2614 | F20: =E20/$E$49 -> 0.036311607 | G20: 5349 | H20: 381 | I20: =G20+H20 -> 5730 | J20: =I20/$I$49 -> 0.033681117 | K20: =E20+I20 -> 8344
B21: HIJUELAS | C21: 615 | D21: 380 | E21: =C21+D21 -> 995 | F21: =E21/$E$49 -> 0.013821748 | G21: 1586 | H21: 138 | I21: =G21+H21 -> 1724 | J21: =I21/$I$49 -> 0.010133725 | K21: =E21+I21 -> 2719
B22: LA CRUZ | C22: 363 | D22: 155 | E22: =C22+D22 -> 518 | F22: =E22/$E$49 -> 0.0071956437 | G22: 1297 | H22: 93 | I22: =G22+H22 -> 1390 | J22: =I22/$I$49 -> 0.0081704629 | K22: =E22+I22 -> 1908
... B48: VILLA ALEMANA | C48: 2634 | D48: 1500 | E48: =C48+D48 -> 4134 | F48: =E48/$E$49 -> 0.057426238 | G48: 8734 | H48: 484 | I48: =G48+H48 -> 9218 | J48: =I48/$I$49 -> 0.054183688 | K48: =E48+I48 -> 13352
B49: Totales | C49: =SUM(C11:C48) -> 48571 | D49: =SUM(D11:D48) -> 23417 | E49: =C49+D49 -> 71988 | F49: =E49/$E$49 -> 1 | G49: =SUM(G11:G48) -> 161098 | H49: =SUM(H11:H48) -> 9027 | I49: =G49+H49 -> 170125 | J49: =I49/$I$49 -> 1 | K49: =E49+I49 -> 242113
B50: % respecto del total de solicitudes | C50: =+C49/$K$49 -> 0.20061294 | D50: =+D49/$K$49 -> 0.0967193 | E50: =C50+D50 -> 0.29733224 | G50: =+G49/$K$49 -> 0.66538352 | H50: =+H49/$K$49 -> 0.037284243 | I50: =G50+H50 -> 0.70266776 | K50: =E50+I50 -> 1
B52: Número de Concesiones de Beneficios del Pilar Solidario según tipo de beneficio - V Región de Vaparaíso
B53: ='Solicitudes Regiones'!$B$6:$P$6 -> Acumuladas de julio de 2008 a noviembre de 2018
B55: Concesiones del Pilar Solidario a nivel comunal
B56: COMUNA | C56: TOTAL PBS Y APS
C57: PBSV | D57: PBSI | E57: Total PBS | F57: % PBS | G57: APSV | H57: APSI | I57: Total APS | J57: %APS | K57: Total PBS+APS
B58: VALPARAISO | C58: 7682 | D58: 3272 | E58: =C58+D58 -> 10954 | F58: =E58/$E$96 -> 0.18977824 | G58: 22601 | H58: 1493 | I58: =G58+H58 -> 24094 | J58: =I58/$I$96 -> 0.1731799 | K58: =E58+I58 -> 35048
B59: CONCON | C59: 758 | D59: 261 | E59: =C59+D59 -> 1019 | F59: =E59/$E$96 -> 0.017654193 | G59: 1910 | H59: 105 | I59: =G59+H59 -> 2015 | J59: =I59/$I$96 -> 0.01448317 | K59: =E59+I59 -> 3034
B60: PUCHUNCAVI | C60: 552 | D60: 123 | E60: =C60+D60 -> 675 | F60: =E60/$E$96 -> 0.011694387 | G60: 1256 | H60: 53 | I60: =G60+H60 -> 1309 | J60: =I60/$I$96 -> 0.0094086698 | K60: =E60+I60 -> 1984
B61: VIÑA DEL MAR | C61: 7055 | D61: 2201 | E61: =C61+D61 -> 9256 | F61: =E61/$E$96 -> 0.16036036 | G61: 22477 | H61: 1052 | I61: =G61+H61 -> 23529 | J61: =I61/$I$96 -> 0.16911886 | K61: =E61+I61 -> 32785
B62: ISLA DE PASCUA | C62: 89 | D62: 41 | E62: =C62+D62 -> 130 | F62: =E62/$E$96 -> 0.0022522523 | G62: 184 | H62: 22 | I62: =G62+H62 -> 206 | J62: =I62/$I$96 -> 0.0014806616 | K62: =E62+I62 -> 336
B63: LOS ANDES | C63: 1262 | D63: 364 | E63: =C63+D63 -> 1626 | F63: =E63/$E$96 -> 0.028170478 | G63: 4914 | H63: 257 | I63: =G63+H63 -> 5171 | J63: =I63/$I$96 -> 0.03716748 | K63: =E63+I63 -> 6797
B64: RINCONADA | C64: 143 | D64: 39 | E64: =C64+D64 -> 182 | F64: =E64/$E$96 -> 0.0031531532 | G64: 678 | H64: 40 | I64: =G64+H64 -> 718 | J64: =I64/$I$96 -> 0.0051607524 | K64: =E64+I64 -> 900
B65: SAN ESTEBAN | C65: 329 | D65: 98 | E65: =C65+D65 -> 427 | F65: =E65/$E$96 -> 0.0073977824 | G65: 1311 | H65: 61 | I65: =G65+H65 -> 1372 | J65: =I65/$I$96 -> 0.0098614935 | K65: =E65+I65 -> 1799
B66: PAPUDO | C66: 160 | D66: 59 | E66: =C66+D66 -> 219 | F66: =E66/$E$96 -> 0.0037941788 | G66: 378 | H66: 30 | I66: =G66+H66 -> 408 | J66: =I66/$I$96 -> 0.0029325724 | K66: =E66+I66 -> 627
B67: LA CALERA | C67: 1587 | D67: 538 | E67: =C67+D67 -> 2125 | F67: =E67/$E$96 -> 0.036815662 | G67: 4490 | H67: 300 | I67: =G67+H67 -> 4790 | J67: =I67/$I$96 -> 0.034428975 | K67: =E67+I67 -> 6915
B68: HIJUELAS | C68: 546 | D68: 207 | E68: =C68+D68 -> 753 | F68: =E68/$E$96 -> 0.013045738 | G68: 1328 | H68: 114 | I68: =G68+H68 -> 1442 | J68: =I68/$I$96 -> 0.010364631 | K68: =E68+I68 -> 2195
B69: LA CRUZ | C69: 326 | D69: 97 | E69: =C69+D69 -> 423 | F69: =E69/$E$96 -> 0.0073284823 | G69: 1109 | H69: 59 | I69: =G69+H69 -> 1168 | J69: =I69/$I$96 -> 0.0083952073 | K69: =E69+I69 -> 1591
... B95: VILLA ALEMANA | C95: 2344 | D95: 922 | E95: =C95+D95 -> 3266 | F95: =E95/$E$96 -> 0.056583507 | G95: 7226 | H95: 403 | I95: =G95+H95 -> 7629 | J95: =I95/$I$96 -> 0.054834791 | K95: =E95+I95 -> 10895
B96: Totales | C96: =SUM(C58:C95) -> 42821 | D96: =SUM(D58:D95) -> 14899 | E96: =C96+D96 -> 57720 | F96: =E96/$E$96 -> 1 | G96: =SUM(G58:G95) -> 132002 | H96: =SUM(H58:H95) -> 7125 | I96: =G96+H96 -> 139127 | J96: =I96/$I$96 -> 1 | K96: =E96+I96 -> 196847
B97: % respecto del total de concesiones | C97: =+C96/$K$96 -> 0.21753443 | D97: =+D96/$K$96 -> 0.075688225 | E97: =C97+D97 -> 0.29322266 | G97: =+G96/$K$96 -> 0.67058172 | H97: =+H96/$K$96 -> 0.036195624 | I97: =G97+H97 -> 0.70677734 | K97: =E97+I97 -> 1
B98: Fuente: Elaboración propia sobre la base de información del IPS.
B99: Nota: La información estadística reportada del número de solicitudes concesionadas, en trámite, rechazadas y anuladas varía mes a mes por actualización de cifras.
B141: Copiar extraccion TODOS desde casilla A140, luego formatear numeros con punto sindecimales

Sheet VI
A2: Subsecretaría de Previsión Social
A3: Dirección de Estudios Previsionales
B5: Número de Solicitudes de Beneficios del Pilar Solidario según tipo de beneficio - VI Región de L.G.B. O'Higgins | M5: Volver Sistema de Pensiones Solidadias
B6: ='Solicitudes Regiones'!$B$6:$P$6 -> Acumuladas de julio de 2008 a noviembre de 2018
B8: Distribución Regional Solicitudes del Pilar Solidario - no incluye ex Pasis
B9: COMUNA | C9: TOTAL PBS Y APS
C10: PBSV | D10: PBSI | E10: Total PBS | F10: % PBS | G10: APSV | H10: APSI | I10: Total APS | J10: %APS | K10: Total PBS+APS
B11: RANCAGUA | C11: 5350 | D11: 2815 | E11: =C11+D11 -> 8165 | F11: =E11/$E$44 -> 0.2212977 | G11: 17062 | H11: 1454 | I11: =G11+H11 -> 18516 | J11: =I11/$I$44 -> 0.22919245 | K11: =E11+I11 -> 26681
B12: COLTAUCO | C12: 564 | D12: 289 | E12: =C12+D12 -> 853 | F12: =E12/$E$44 -> 0.023119037 | G12: 1793 | H12: 109 | I12: =G12+H12 -> 1902 | J12: =I12/$I$44 -> 0.0235431 | K12: =E12+I12 -> 2755
B13: GRANEROS | C13: 745 | D13: 323 | E13: =C13+D13 -> 1068 | F13: =E13/$E$44 -> 0.028946227 | G13: 2324 | H13: 152 | I13: =G13+H13 -> 2476 | J13: =I13/$I$44 -> 0.030648116 | K13: =E13+I13 -> 3544
B14: PICHIDEGUA | C14: 662 | D14: 407 | E14: =C14+D14 -> 1069 | F14: =E14/$E$44 -> 0.02897333 | G14: 1914 | H14: 119 | I14: =G14+H14 -> 2033 | J14: =I14/$I$44 -> 0.025164628 | K14: =E14+I14 -> 3102
B15: REQUINOA | C15: 488 | D15: 287 | E15: =C15+D15 -> 775 | F15: =E15/$E$44 -> 0.021004987 | G15: 2007 | H15: 128 | I15: =G15+H15 -> 2135 | J15: =I15/$I$44 -> 0.026427192 | K15: =E15+I15 -> 2910
B16: LITUECHE | C16: 212 | D16: 146 | E16: =C16+D16 -> 358 | F16: =E16/$E$44 -> 0.0097029488 | G16: 492 | H16: 29 | I16: =G16+H16 -> 521 | J16: =I16/$I$44 -> 0.0064489776 | K16: =E16+I16 -> 879
B17: PAREDONES | C17: 253 | D17: 189 | E17: =C17+D17 -> 442 | F17: =E17/$E$44 -> 0.011979618 | G17: 667 | H17: 43 | I17: =G17+H17 -> 710 | J17: =I17/$I$44 -> 0.0087884339 | K17: =E17+I17 -> 1152
B18: CHEPICA | C18: 527 | D18: 388 | E18: =C18+D18 -> 915 | F18: =E18/$E$44 -> 0.024799436 | G18: 1648 | H18: 100 | I18: =G18+H18 -> 1748 | J18: =I18/$I$44 -> 0.021636877 | K18: =E18+I18 -> 2663
B19: PALMILLA | C19: 381 | D19: 213 | E19: =C19+D19 -> 594 | F19: =E19/$E$44 -> 0.016099306 | G19: 1205 | H19: 84 | I19: =G19+H19 -> 1289 | J19: =I19/$I$44 -> 0.01595534 | K19: =E19+I19 -> 1883
B20: PLACILLA | C20: 223 | D20: 191 | E20: =C20+D20 -> 414 | F20: =E20/$E$44 -> 0.011220729 | G20: 847 | H20: 64 | I20: =G20+H20 -> 911 | J20: =I20/$I$44 -> 0.011276427 | K20: =E20+I20 -> 1325
B21: SANTA CRUZ | C21: 1057 | D21: 657 | E21: =C21+D21 -> 1714 | F21: =E21/$E$44 -> 0.0464549 | G21: 3911 | H21: 259 | I21: =G21+H21 -> 4170 | J21: =I21/$I$44 -> 0.051616577 | K21: =E21+I21 -> 5884
B22: CODEGUA | C22: 252 | D22: 201 | E22: =C22+D22 -> 453 | F22: =E22/$E$44 -> 0.012277754 | G22: 951 | H22: 91 | I22: =G22+H22 -> 1042 | J22: =I22/$I$44 -> 0.012897955 | K22: =E22+I22 -> 1495
... B43: LA ESTRELLA | C43: 126 | D43: 89 | E43: =C43+D43 -> 215 | F43: =E43/$E$44 -> 0.0058271899 | G43: 361 | H43: 13 | I43: =G43+H43 -> 374 | J43: =I43/$I$44 -> 0.0046294004 | K43: =E43+I43 -> 589
B44: Totales | C44: =SUM(C11:C43) -> 23169 | D44: =SUM(D11:D43) -> 13727 | E44: =C44+D44 -> 36896 | F44: =E44/$E$44 -> 1 | G44: =SUM(G11:G43) -> 75671 | H44: =SUM(H11:H43) -> 5117 | I44: =G44+H44 -> 80788 | J44: =I44/$I$44 -> 1 | K44: =E44+I44 -> 117684
B45: % respecto del total de solicitudes | C45: =+C44/$K$44 -> 0.19687468 | D45: =+D44/$K$44 -> 0.11664287 | E45: =C45+D45 -> 0.31351756 | G45: =+G44/$K$44 -> 0.6430016 | H45: =+H44/$K$44 -> 0.043480847 | I45: =G45+H45 -> 0.68648244 | K45: =E45+I45 -> 1
B47: Número de Concesiones de Beneficios del Pilar Solidario según tipo de beneficio - VI Región de L.G.B. O'Higgins
B48: ='Solicitudes Regiones'!$B$6:$P$6 -> Acumuladas de julio de 2008 a noviembre de 2018
B50: Concesiones del Pilar Solidario a nivel comunal
B51: COMUNA | C51: TOTAL PBS Y APS
C52: PBSV | D52: PBSI | E52: Total PBS | F52: % PBS | G52: APSV | H52: APSI | I52: Total APS | J52: %APS | K52: Total PBS+APS
B53: RANCAGUA | C53: 4512 | D53: 1762 | E53: =C53+D53 -> 6274 | F53: =E53/$E$86 -> 0.22930448 | G53: 13576 | H53: 1198 | I53: =G53+H53 -> 14774 | J53: =I53/$I$86 -> 0.2181888 | K53: =E53+I53 -> 21048
B54: COLTAUCO | C54: 494 | D54: 151 | E54: =C54+D54 -> 645 | F54: =E54/$E$86 -> 0.0235737 | G54: 1575 | H54: 81 | I54: =G54+H54 -> 1656 | J54: =I54/$I$86 -> 0.024456522 | K54: =E54+I54 -> 2301
B55: GRANEROS | C55: 628 | D55: 212 | E55: =C55+D55 -> 840 | F55: =E55/$E$86 -> 0.030700632 | G55: 1934 | H55: 119 | I55: =G55+H55 -> 2053 | J55: =I55/$I$86 -> 0.030319589 | K55: =E55+I55 -> 2893
B56: PICHIDEGUA | C56: 593 | D56: 186 | E56: =C56+D56 -> 779 | F56: =E56/$E$86 -> 0.028471182 | G56: 1666 | H56: 100 | I56: =G56+H56 -> 1766 | J56: =I56/$I$86 -> 0.026081049 | K56: =E56+I56 -> 2545
B57: REQUINOA | C57: 409 | D57: 167 | E57: =C57+D57 -> 576 | F57: =E57/$E$86 -> 0.021051862 | G57: 1608 | H57: 89 | I57: =G57+H57 -> 1697 | J57: =I57/$I$86 -> 0.025062027 | K57: =E57+I57 -> 2273
B58: LITUECHE | C58: 191 | D58: 56 | E58: =C58+D58 -> 247 | F58: =E58/$E$86 -> 0.0090274478 | G58: 441 | H58: 18 | I58: =G58+H58 -> 459 | J58: =I58/$I$86 -> 0.0067787098 | K58: =E58+I58 -> 706
B59: PAREDONES | C59: 241 | D59: 81 | E59: =C59+D59 -> 322 | F59: =E59/$E$86 -> 0.011768576 | G59: 611 | H59: 38 | I59: =G59+H59 -> 649 | J59: =I59/$I$86 -> 0.0095847117 | K59: =E59+I59 -> 971
B60: CHEPICA | C60: 471 | D60: 165 | E60: =C60+D60 -> 636 | F60: =E60/$E$86 -> 0.023244764 | G60: 1407 | H60: 86 | I60: =G60+H60 -> 1493 | J60: =I60/$I$86 -> 0.022049267 | K60: =E60+I60 -> 2129
B61: PALMILLA | C61: 307 | D61: 98 | E61: =C61+D61 -> 405 | F61: =E61/$E$86 -> 0.014802091 | G61: 1010 | H61: 66 | I61: =G61+H61 -> 1076 | J61: =I61/$I$86 -> 0.015890832 | K61: =E61+I61 -> 1481
B62: PLACILLA | C62: 208 | D62: 77 | E62: =C62+D62 -> 285 | F62: =E62/$E$86 -> 0.010416286 | G62: 739 | H62: 48 | I62: =G62+H62 -> 787 | J62: =I62/$I$86 -> 0.011622755 | K62: =E62+I62 -> 1072
B63: SANTA CRUZ | C63: 933 | D63: 319 | E63: =C63+D63 -> 1252 | F63: =E63/$E$86 -> 0.045758561 | G63: 3369 | H63: 208 | I63: =G63+H63 -> 3577 | J63: =I63/$I$86 -> 0.052826678 | K63: =E63+I63 -> 4829
B64: CODEGUA | C64: 219 | D64: 96 | E64: =C64+D64 -> 315 | F64: =E64/$E$86 -> 0.011512737 | G64: 834 | H64: 73 | I64: =G64+H64 -> 907 | J64: =I64/$I$86 -> 0.013394967 | K64: =E64+I64 -> 1222
... B85: LA ESTRELLA | C85: 118 | D85: 36 | E85: =C85+D85 -> 154 | F85: =E85/$E$86 -> 0.0056284493 | G85: 321 | H85: 11 | I85: =G85+H85 -> 332 | J85: =I85/$I$86 -> 0.0049031191 | K85: =E85+I85 -> 486
B86: Totales | C86: =SUM(C53:C85) -> 20179 | D86: =SUM(D53:D85) -> 7182 | E86: =C86+D86 -> 27361 | F86: =E86/$E$86 -> 1 | G86: =SUM(G53:G85) -> 63641 | H86: =SUM(H53:H85) -> 4071 | I86: =G86+H86 -> 67712 | J86: =I86/$I$86 -> 1 | K86: =E86+I86 -> 95073
B87: % respecto del total de concesiones | C87: =+C86/$K$86 -> 0.21224743 | D87: =+D86/$K$86 -> 0.075541952 | E87: =C87+D87 -> 0.28778938 | G87: =+G86/$K$86 -> 0.66939089 | H87: =+H86/$K$86 -> 0.042819728 | I87: =G87+H87 -> 0.71221062 | K87: =E87+I87 -> 1
B88: Fuente: Elaboración propia sobre la base de información del IPS.
B89: Nota: La información estadística reportada del número de solicitudes concesionadas, en trámite, rechazadas y anuladas varía mes a mes por actualización de cifras.

Sheet VII
A2: Subsecretaría de Previsión Social
A3: Dirección de Estudios Previsionales
B5: Número de Solicitudes de Beneficios del Pilar Solidario según tipo de beneficio - VII Región del Maule | M5: Volver Sistema de Pensiones Solidadias
B6: ='Solicitudes Regiones'!$B$6:$P$6 -> Acumuladas de julio de 2008 a noviembre de 2018
B8: Distribución Regional Solicitudes del Pilar Solidario - no incluye ex Pasis
B9: COMUNA | C9: TOTAL PBS Y APS
C10: PBSV | D10: PBSI | E10: Total PBS | F10: % PBS | G10: APSV | H10: APSI | I10: Total APS | J10: %APS | K10: Total PBS+APS
B11: CUREPTO | C11: 535 | D11: 518 | E11: =C11+D11 -> 1053 | F11: =E11/$E$41 -> 0.021019223 | G11: 1054 | H11: 88 | I11: =G11+H11 -> 1142 | J11: =I11/$I$41 -> 0.012177696 | K11: =E11+I11 -> 2195
B12: PELARCO | C12: 341 | D12: 145 | E12: =C12+D12 -> 486 | F12: =E12/$E$41 -> 0.0097011797 | G12: 769 | H12: 51 | I12: =G12+H12 -> 820 | J12: =I12/$I$41 -> 0.0087440551 | K12: =E12+I12 -> 1306
B13: SAN RAFAEL | C13: 337 | D13: 235 | E13: =C13+D13 -> 572 | F13: =E13/$E$41 -> 0.011417849 | G13: 734 | H13: 52 | I13: =G13+H13 -> 786 | J13: =I13/$I$41 -> 0.0083814967 | K13: =E13+I13 -> 1358
B14: PELLUHUE | C14: 329 | D14: 240 | E14: =C14+D14 -> 569 | F14: =E14/$E$41 -> 0.011357966 | G14: 466 | H14: 42 | I14: =G14+H14 -> 508 | J14: =I14/$I$41 -> 0.0054170488 | K14: =E14+I14 -> 1077
B15: LICANTEN | C15: 246 | D15: 153 | E15: =C15+D15 -> 399 | F15: =E15/$E$41 -> 0.0079645488 | G15: 568 | H15: 44 | I15: =G15+H15 -> 612 | J15: =I15/$I$41 -> 0.0065260509 | K15: =E15+I15 -> 1011
B16: ROMERAL | C16: 335 | D16: 171 | E16: =C16+D16 -> 506 | F16: =E16/$E$41 -> 0.010100405 | G16: 1175 | H16: 60 | I16: =G16+H16 -> 1235 | J16: =I16/$I$41 -> 0.0131694 | K16: =E16+I16 -> 1741
B17: LONGAVI | C17: 1252 | D17: 731 | E17: =C17+D17 -> 1983 | F17: =E17/$E$41 -> 0.039583209 | G17: 2651 | H17: 188 | I17: =G17+H17 -> 2839 | J17: =I17/$I$41 -> 0.030273625 | K17: =E17+I17 -> 4822
B18: YERBAS BUENAS | C18: 653 | D18: 348 | E18: =C18+D18 -> 1001 | F18: =E18/$E$41 -> 0.019981236 | G18: 1441 | H18: 115 | I18: =G18+H18 -> 1556 | J18: =I18/$I$41 -> 0.016592378 | K18: =E18+I18 -> 2557
B19: EMPEDRADO | C19: 158 | D19: 200 | E19: =C19+D19 -> 358 | F19: =E19/$E$41 -> 0.0071461365 | G19: 273 | H19: 31 | I19: =G19+H19 -> 304 | J19: =I19/$I$41 -> 0.0032416985 | K19: =E19+I19 -> 662
B20: SAN CLEMENTE | C20: 1461 | D20: 870 | E20: =C20+D20 -> 2331 | F20: =E20/$E$41 -> 0.046529732 | G20: 3299 | H20: 278 | I20: =G20+H20 -> 3577 | J20: =I20/$I$41 -> 0.038143275 | K20: =E20+I20 -> 5908
B21: CAUQUENES | C21: 1864 | D21: 964 | E21: =C21+D21 -> 2828 | F21: =E21/$E$41 -> 0.056450486 | G21: 5020 | H21: 273 | I21: =G21+H21 -> 5293 | J21: =I21/$I$41 -> 0.056441809 | K21: =E21+I21 -> 8121
B22: MOLINA | C22: 1057 | D22: 509 | E22: =C22+D22 -> 1566 | F22: =E22/$E$41 -> 0.031259357 | G22: 4195 | H22: 202 | I22: =G22+H22 -> 4397 | J22: =I22/$I$41 -> 0.04688733 | K22: =E22+I22 -> 5963
... B40: PARRAL | C40: 1526 | D40: 949 | E40: =C40+D40 -> 2475 | F40: =E40/$E$41 -> 0.049404156 | G40: 4119 | H40: 291 | I40: =G40+H40 -> 4410 | J40: =I40/$I$41 -> 0.047025955 | K40: =E40+I40 -> 6885
B41: Totales | C41: =SUM(C11:C40) -> 31694 | D41: =SUM(D11:D40) -> 18403 | E41: =C41+D41 -> 50097 | F41: =E41/$E$41 -> 1 | G41: =SUM(G11:G40) -> 88010 | H41: =SUM(H11:H40) -> 5768 | I41: =G41+H41 -> 93778 | J41: =I41/$I$41 -> 1 | K41: =E41+I41 -> 143875
B42: % respecto del total de solicitudes | C42: =+C41/$K$41 -> 0.22028844 | D42: =+D41/$K$41 -> 0.12790964 | E42: =C42+D42 -> 0.34819809 | G42: =+G41/$K$41 -> 0.61171156 | H42: =+H41/$K$41 -> 0.040090356 | I42: =G42+H42 -> 0.65180191 | K42: =E42+I42 -> 1
B44: Número de Concesiones de Beneficios del Pilar Solidario según tipo de beneficio - VII Región del Maule
B45: ='Solicitudes Regiones'!$B$6:$P$6 -> Acumuladas de julio de 2008 a noviembre de 2018
B47: Concesiones del Pilar Solidario a nivel comunal
B48: COMUNA | C48: TOTAL PBS Y APS
C49: PBSV | D49: PBSI | E49: Total PBS | F49: % PBS | G49: APSV | H49: APSI | I49: Total APS | J49: %APS | K49: Total PBS+APS
B50: CUREPTO | C50: 515 | D50: 189 | E50: 890 | F50: =E50/$E$80 -> 0.023022997 | G50: 943 | H50: 62 | I50: =G50+H50 -> 1005 | J50: =I50/$I$80 -> 0.012472077 | K50: =E50+I50 -> 1895
B51: PELARCO | C51: 304 | D51: 77 | E51: 613 | F51: =E51/$E$80 -> 0.015857413 | G51: 658 | H51: 40 | I51: =G51+H51 -> 698 | J51: =I51/$I$80 -> 0.0086621991 | K51: =E51+I51 -> 1311
B52: SAN RAFAEL | C52: 288 | D52: 90 | E52: 587 | F52: =E52/$E$80 -> 0.015184831 | G52: 632 | H52: 39 | I52: =G52+H52 -> 671 | J52: =I52/$I$80 -> 0.0083271283 | K52: =E52+I52 -> 1258
B53: PELLUHUE | C53: 306 | D53: 108 | E53: 370 | F53: =E53/$E$80 -> 0.0095713584 | G53: 398 | H53: 26 | I53: =G53+H53 -> 424 | J53: =I53/$I$80 -> 0.0052618516 | K53: =E53+I53 -> 794
B54: LICANTEN | C54: 228 | D54: 78 | E54: 499 | F54: =E54/$E$80 -> 0.0129084 | G54: 513 | H54: 42 | I54: =G54+H54 -> 555 | J54: =I54/$I$80 -> 0.0068875652 | K54: =E54+I54 -> 1054
B55: ROMERAL | C55: 301 | D55: 102 | E55: 980 | F55: =E55/$E$80 -> 0.025351165 | G55: 1051 | H55: 51 | I55: =G55+H55 -> 1102 | J55: =I55/$I$80 -> 0.01367585 | K55: =E55+I55 -> 2082
B56: LONGAVI | C56: 1103 | D56: 359 | E56: 2130 | F56: =E56/$E$80 -> 0.055099982 | G56: 2269 | H56: 162 | I56: =G56+H56 -> 2431 | J56: =I56/$I$80 -> 0.030168776 | K56: =E56+I56 -> 4561
B57: YERBAS BUENAS | C57: 587 | D57: 189 | E57: 1177 | F57: =E57/$E$80 -> 0.030447267 | G57: 1272 | H57: 93 | I57: =G57+H57 -> 1365 | J57: =I57/$I$80 -> 0.016939687 | K57: =E57+I57 -> 2542
B58: EMPEDRADO | C58: 154 | D58: 79 | E58: 234 | F58: =E58/$E$80 -> 0.0060532374 | G58: 249 | H58: 26 | I58: =G58+H58 -> 275 | J58: =I58/$I$80 -> 0.0034127575 | K58: =E58+I58 -> 509
B59: SAN CLEMENTE | C59: 1313 | D59: 464 | E59: 2712 | F59: =E59/$E$80 -> 0.07015547 | G59: 2920 | H59: 190 | I59: =G59+H59 -> 3110 | J59: =I59/$I$80 -> 0.038595185 | K59: =E59+I59 -> 5822
B60: CAUQUENES | C60: 1718 | D60: 478 | E60: 4099 | F60: =E60/$E$80 -> 0.10603513 | G60: 4316 | H60: 209 | I60: =G60+H60 -> 4525 | J60: =I60/$I$80 -> 0.056155374 | K60: =E60+I60 -> 8624
B61: MOLINA | C61: 972 | D61: 322 | E61: 3373 | F61: =E61/$E$80 -> 0.087254572 | G61: 3631 | H61: 165 | I61: =G61+H61 -> 3796 | J61: =I61/$I$80 -> 0.047108464 | K61: =E61+I61 -> 7169
... B79: PARRAL | C79: 1383 | D79: 470 | E79: 3309 | F79: =E79/$E$80 -> 0.085598986 | G79: 3523 | H79: 230 | I79: =G79+H79 -> 3753 | J79: =I79/$I$80 -> 0.046574832 | K79: =E79+I79 -> 7062
B80: Totales | C80: =SUM(C50:C79) -> 28798 | D80: =SUM(D50:D79) -> 9859 | E80: =C80+D80 -> 38657 | F80: =E80/$E$80 -> 1 | G80: =SUM(G50:G79) -> 76060 | H80: =SUM(H50:H79) -> 4520 | I80: =G80+H80 -> 80580 | J80: =I80/$I$80 -> 1 | K80: =E80+I80 -> 119237
B81: % respecto del total de concesiones | C81: =+C80/$K$80 -> 0.24151899 | D81: =+D80/$K$80 -> 0.082684066 | E81: =C81+D81 -> 0.32420306 | G81: =+G80/$K$80 -> 0.63788925 | H81: =+H80/$K$80 -> 0.037907696 | I81: =G81+H81 -> 0.67579694 | K81: =E81+I81 -> 1
B82: Fuente: Elaboración propia sobre la base de información del IPS.
B83: Nota: La información estadística reportada del número de solicitudes concesionadas, en trámite, rechazadas y anuladas varía mes a mes por actualización de cifras.

Sheet XVI
A2: Subsecretaría de Previsión Social
A3: Dirección de Estudios Previsionales
B5: Número de Solicitudes de Beneficios del Pilar Solidario según tipo de beneficio - XVI Región de Ñuble | M5: Volver Sistema de Pensiones Solidadias
B6: ='Solicitudes Regiones'!$B$6:$P$6 -> Acumuladas de julio de 2008 a noviembre de 2018
B8: Distribución Regional Solicitudes del Pilar Solidario - no incluye ex Pasis
B9: COMUNA | C9: TOTAL PBS Y APS
C10: PBSV | D10: PBSI | E10: Total PBS | F10: % PBS | G10: APSV | H10: APSI | I10: Total APS | J10: %APS | K10: Total PBS+APS
B11: CHILLAN | C11: 5295 | D11: 5519 | E11: =C11+D11 -> 10814 | F11: =E11/$E$32 -> 0.2989192 | G11: 15884 | H11: 1682 | I11: =G11+H11 -> 17566 | J11: =I11/$I$32 -> 0.38499134 | K11: =E11+I11 -> 28380
B12: BULNES | C12: 730 | D12: 856 | E12: =C12+D12 -> 1586 | F12: =E12/$E$32 -> 0.043840009 | G12: 2159 | H12: 169 | I12: =G12+H12 -> 2328 | J12: =I12/$I$32 -> 0.051022421 | K12: =E12+I12 -> 3914
B13: CHILLAN VIEJO | C13: 633 | D13: 667 | E13: =C13+D13 -> 1300 | F13: =E13/$E$32 -> 0.035934433 | G13: 1609 | H13: 202 | I13: =G13+H13 -> 1811 | J13: =I13/$I$32 -> 0.039691411 | K13: =E13+I13 -> 3111
B14: EL CARMEN | C14: 625 | D14: 985 | E14: =C14+D14 -> 1610 | F14: =E14/$E$32 -> 0.044503414 | G14: 838 | H14: 149 | I14: =G14+H14 -> 987 | J14: =I14/$I$32 -> 0.021631928 | K14: =E14+I14 -> 2597
B15: PEMUCO | C15: 277 | D15: 560 | E15: =C15+D15 -> 837 | F15: =E15/$E$32 -> 0.023136247 | G15: 647 | H15: 88 | I15: =G15+H15 -> 735 | J15: =I15/$I$32 -> 0.016108883 | K15: =E15+I15 -> 1572
B16: PINTO | C16: 467 | D16: 593 | E16: =C16+D16 -> 1060 | F16: =E16/$E$32 -> 0.029300384 | G16: 844 | H16: 101 | I16: =G16+H16 -> 945 | J16: =I16/$I$32 -> 0.020711421 | K16: =E16+I16 -> 2005
B17: QUILLON | C17: 819 | D17: 687 | E17: =C17+D17 -> 1506 | F17: =E17/$E$32 -> 0.041628659 | G17: 1623 | H17: 105 | I17: =G17+H17 -> 1728 | J17: =I17/$I$32 -> 0.037872312 | K17: =E17+I17 -> 3234
B18: SAN IGNACIO | C18: 706 | D18: 1153 | E18: =C18+D18 -> 1859 | F18: =E18/$E$32 -> 0.05138624 | G18: 1171 | H18: 216 | I18: =G18+H18 -> 1387 | J18: =I18/$I$32 -> 0.030398667 | K18: =E18+I18 -> 3246
B19: YUNGAY | C19: 584 | D19: 686 | E19: =C19+D19 -> 1270 | F19: =E19/$E$32 -> 0.035105177 | G19: 1698 | H19: 130 | I19: =G19+H19 -> 1828 | J19: =I19/$I$32 -> 0.040063997 | K19: =E19+I19 -> 3098
B20: QUIRIHUE | C20: 438 | D20: 549 | E20: =C20+D20 -> 987 | F20: =E20/$E$32 -> 0.027282528 | G20: 1223 | H20: 96 | I20: =G20+H20 -> 1319 | J20: =I20/$I$32 -> 0.028908322 | K20: =E20+I20 -> 2306
B21: COBQUECURA | C21: 298 | D21: 314 | E21: =C21+D21 -> 612 | F21: =E21/$E$32 -> 0.016916826 | G21: 355 | H21: 43 | I21: =G21+H21 -> 398 | J21: =I21/$I$32 -> 0.0087229053 | K21: =E21+I21 -> 1010
B22: COELEMU | C22: 637 | D22: 799 | E22: =C22+D22 -> 1436 | F22: =E22/$E$32 -> 0.039693728 | G22: 1825 | H22: 133 | I22: =G22+H22 -> 1958 | J22: =I22/$I$32 -> 0.042913187 | K22: =E22+I22 -> 3394
... B31: SAN NICOLAS | C31: 380 | D31: 598 | E31: =C31+D31 -> 978 | F31: =E31/$E$32 -> 0.027033751 | G31: 843 | H31: 137 | I31: =G31+H31 -> 980 | J31: =I31/$I$32 -> 0.021478511 | K31: =E31+I31 -> 1958
B32: Totales | C32: =SUM(C11:C31) -> 16164 | D32: =SUM(D11:D31) -> 20013 | E32: =C32+D32 -> 36177 | F32: =E32/$E$32 -> 1 | G32: =SUM(G11:G31) -> 41180 | H32: =SUM(H11:H31) -> 4447 | I32: =G32+H32 -> 45627 | J32: =I32/$I$32 -> 1 | K32: =E32+I32 -> 81804
B33: % respecto del total de solicitudes | C33: =+C32/$K$32 -> 0.19759425 | D33: =+D32/$K$32 -> 0.24464574 | E33: =C33+D33 -> 0.44223999 | G33: =+G32/$K$32 -> 0.50339837 | H33: =+H32/$K$32 -> 0.054361645 | I33: =G33+H33 -> 0.55776001 | K33: =E33+I33 -> 1
B35: Número de Concesiones de Beneficios del Pilar Solidario según tipo de beneficio - XVI Región de Ñuble
B36: ='Solicitudes Regiones'!$B$6:$P$6 -> Acumuladas de julio de 2008 a noviembre de 2018
B38: Concesiones del Pilar Solidario a nivel comunal
B39: COMUNA | C39: TOTAL PBS Y APS
C40: PBSV | D40: PBSI | E40: Total PBS | F40: % PBS | G40: APSV | H40: APSI | I40: Total APS | J40: %APS | K40: Total PBS+APS
B41: CHILLAN | C41: 4669 | D41: 2717 | E41: 890 | F41: =E41/$E$62 -> 0.03782084 | G41: 13324 | H41: 1416 | I41: =G41+H41 -> 14740 | J41: =I41/$I$62 -> 0.37078963 | K41: =E41+I41 -> 15630
B42: BULNES | C42: 658 | D42: 373 | E42: 613 | F42: =E42/$E$62 -> 0.026049635 | G42: 1829 | H42: 124 | I42: =G42+H42 -> 1953 | J42: =I42/$I$62 -> 0.049128368 | K42: =E42+I42 -> 2566
B43: CHILLAN VIEJO | C43: 562 | D43: 330 | E43: 587 | F43: =E43/$E$62 -> 0.024944756 | G43: 1408 | H43: 174 | I43: =G43+H43 -> 1582 | J43: =I43/$I$62 -> 0.039795739 | K43: =E43+I43 -> 2169
B44: EL CARMEN | C44: 603 | D44: 384 | E44: 370 | F44: =E44/$E$62 -> 0.01572327 | G44: 790 | H44: 134 | I44: =G44+H44 -> 924 | J44: =I44/$I$62 -> 0.023243529 | K44: =E44+I44 -> 1294
B45: PEMUCO | C45: 247 | D45: 211 | E45: 499 | F45: =E45/$E$62 -> 0.021205167 | G45: 581 | H45: 79 | I45: =G45+H45 -> 660 | J45: =I45/$I$62 -> 0.016602521 | K45: =E45+I45 -> 1159
B46: PINTO | C46: 428 | D46: 244 | E46: 980 | F46: =E46/$E$62 -> 0.041645419 | G46: 770 | H46: 82 | I46: =G46+H46 -> 852 | J46: =I46/$I$62 -> 0.021432345 | K46: =E46+I46 -> 1832
B47: QUILLON | C47: 767 | D47: 303 | E47: 2130 | F47: =E47/$E$62 -> 0.090515043 | G47: 1442 | H47: 83 | I47: =G47+H47 -> 1525 | J47: =I47/$I$62 -> 0.038361885 | K47: =E47+I47 -> 3655
B48: SAN IGNACIO | C48: 679 | D48: 462 | E48: 1177 | F48: =E48/$E$62 -> 0.050016998 | G48: 1081 | H48: 192 | I48: =G48+H48 -> 1273 | J48: =I48/$I$62 -> 0.03202274 | K48: =E48+I48 -> 2450
B49: YUNGAY | C49: 553 | D49: 267 | E49: 234 | F49: =E49/$E$62 -> 0.0099439062 | G49: 1564 | H49: 95 | I49: =G49+H49 -> 1659 | J49: =I49/$I$62 -> 0.041732699 | K49: =E49+I49 -> 1893
B50: QUIRIHUE | C50: 410 | D50: 243 | E50: 2712 | F50: =E50/$E$62 -> 0.11524732 | G50: 1128 | H50: 85 | I50: =G50+H50 -> 1213 | J50: =I50/$I$62 -> 0.03051342 | K50: =E50+I50 -> 3925
B51: COBQUECURA | C51: 289 | D51: 125 | E51: 4099 | F51: =E51/$E$62 -> 0.17418834 | G51: 338 | H51: 42 | I51: =G51+H51 -> 380 | J51: =I51/$I$62 -> 0.009559027 | K51: =E51+I51 -> 4479
B52: COELEMU | C52: 611 | D52: 352 | E52: 3373 | F52: =E52/$E$62 -> 0.14333673 | G52: 1654 | H52: 111 | I52: =G52+H52 -> 1765 | J52: =I52/$I$62 -> 0.044399165 | K52: =E52+I52 -> 5138
... B61: SAN NICOLAS | C61: 364 | D61: 221 | E61: 645 | F61: =E61/$E$62 -> 0.027409485 | G61: 793 | H61: 115 | I61: =G61+H61 -> 908 | J61: =I61/$I$62 -> 0.022841043 | K61: =E61+I61 -> 1553
B62: Totales | C62: =SUM(C41:C61) -> 14798 | D62: =SUM(D41:D61) -> 8734 | E62: =C62+D62 -> 23532 | F62: =E62/$E$62 -> 1 | G62: =SUM(G41:G61) -> 35979 | H62: =SUM(H41:H61) -> 3774 | I62: =G62+H62 -> 39753 | J62: =I62/$I$62 -> 1 | K62: =E62+I62 -> 63285
B63: % respecto del total de concesiones | C63: =+C62/$K$62 -> 0.23383108 | D63: =+D62/$K$62 -> 0.13801059 | E63: =C63+D63 -> 0.37184167 | G63: =+G62/$K$62 -> 0.56852335 | H63: =+H62/$K$62 -> 0.059634985 | I63: =G63+H63 -> 0.62815833 | K63: =E63+I63 -> 1
B64: Fuente: Elaboración propia sobre la base de información del IPS.
B65: Nota: La información estadística reportada del número de solicitudes concesionadas, en trámite, rechazadas y anuladas varía mes a mes por actualización de cifras.

Sheet VIII
A2: Subsecretaría de Previsión Social
A3: Dirección de Estudios Previsionales
B5: Número de Solicitudes de Beneficios del Pilar Solidario según tipo de beneficio - VIII Región del Bio Bio | M5: Volver Sistema de Pensiones Solidadias
B6: ='Solicitudes Regiones'!$B$6:$P$6 -> Acumuladas de julio de 2008 a noviembre de 2018
B8: Distribución Regional Solicitudes del Pilar Solidario - no incluye ex Pasis
B9: COMUNA | C9: TOTAL PBS Y APS
C10: PBSV | D10: PBSI | E10: Total PBS | F10: % PBS | G10: APSV | H10: APSI | I10: Total APS | J10: %APS | K10: Total PBS+APS
B11: CHIGUAYANTE | C11: 1954 | D11: 1163 | E11: =C11+D11 -> 3117 | F11: =E11/$E$44 -> 0.042260969 | G11: 6428 | H11: 346 | I11: =G11+H11 -> 6774 | J11: =I11/$I$44 -> 0.052591534 | K11: =E11+I11 -> 9891
B12: LOTA | C12: 1593 | D12: 1030 | E12: =C12+D12 -> 2623 | F12: =E12/$E$44 -> 0.035563208 | G12: 5186 | H12: 208 | I12: =G12+H12 -> 5394 | J12: =I12/$I$44 -> 0.041877581 | K12: =E12+I12 -> 8017
B13: HUALPEN | C13: 2166 | D13: 1219 | E13: =C13+D13 -> 3385 | F13: =E13/$E$44 -> 0.045894571 | G13: 7989 | H13: 340 | I13: =G13+H13 -> 8329 | J13: =I13/$I$44 -> 0.064664141 | K13: =E13+I13 -> 11714
B14: LOS ANGELES | C14: 5438 | D14: 3725 | E14: =C14+D14 -> 9163 | F14: =E14/$E$44 -> 0.12423396 | G14: 14565 | H14: 1114 | I14: =G14+H14 -> 15679 | J14: =I14/$I$44 -> 0.12172759 | K14: =E14+I14 -> 24842
B15: LAJA | C15: 988 | D15: 904 | E15: =C15+D15 -> 1892 | F15: =E15/$E$44 -> 0.02565215 | G15: 2017 | H15: 192 | I15: =G15+H15 -> 2209 | J15: =I15/$I$44 -> 0.017150089 | K15: =E15+I15 -> 4101
B16: SANTA BARBARA | C16: 527 | D16: 434 | E16: =C16+D16 -> 961 | F16: =E16/$E$44 -> 0.013029448 | G16: 1126 | H16: 96 | I16: =G16+H16 -> 1222 | J16: =I16/$I$44 -> 0.009487283 | K16: =E16+I16 -> 2183
B17: ALTO BIOBIO | C17: 131 | D17: 203 | E17: =C17+D17 -> 334 | F17: =E17/$E$44 -> 0.0045284451 | G17: 215 | H17: 59 | I17: =G17+H17 -> 274 | J17: =I17/$I$44 -> 0.0021272631 | K17: =E17+I17 -> 608
B18: CORONEL | C18: 3015 | D18: 2071 | E18: =C18+D18 -> 5086 | F18: =E18/$E$44 -> 0.068957102 | G18: 8633 | H18: 451 | I18: =G18+H18 -> 9084 | J18: =I18/$I$44 -> 0.07052576 | K18: =E18+I18 -> 14170
B19: HUALQUI | C19: 667 | D19: 590 | E19: =C19+D19 -> 1257 | F19: =E19/$E$44 -> 0.017042681 | G19: 1664 | H19: 117 | I19: =G19+H19 -> 1781 | J19: =I19/$I$44 -> 0.01382721 | K19: =E19+I19 -> 3038
B20: PENCO | C20: 1167 | D20: 1071 | E20: =C20+D20 -> 2238 | F20: =E20/$E$44 -> 0.030343294 | G20: 4290 | H20: 231 | I20: =G20+H20 -> 4521 | J20: =I20/$I$44 -> 0.035099842 | K20: =E20+I20 -> 6759
B21: SANTA JUANA | C21: 610 | D21: 516 | E21: =C21+D21 -> 1126 | F21: =E21/$E$44 -> 0.015266555 | G21: 1101 | H21: 71 | I21: =G21+H21 -> 1172 | J21: =I21/$I$44 -> 0.0090990963 | K21: =E21+I21 -> 2298
B22: TALCAHUANO | C22: 3845 | D22: 2548 | E22: =C22+D22 -> 6393 | F22: =E22/$E$44 -> 0.086677694 | G22: 11861 | H22: 761 | I22: =G22+H22 -> 12622 | J22: =I22/$I$44 -> 0.097993851 | K22: =E22+I22 -> 19015
... B43: QUILLECO | C43: 448 | D43: 344 | E43: =C43+D43 -> 792 | F43: =E43/$E$44 -> 0.010738109 | G43: 875 | H43: 70 | I43: =G43+H43 -> 945 | J43: =I43/$I$44 -> 0.0073367287 | K43: =E43+I43 -> 1737
B44: Totales | C44: =SUM(C11:C43) -> 42204 | D44: =SUM(D11:D43) -> 31552 | E44: =C44+D44 -> 73756 | F44: =E44/$E$44 -> 1 | G44: =SUM(G11:G43) -> 121298 | H44: =SUM(H11:H43) -> 7506 | I44: =G44+H44 -> 128804 | J44: =I44/$I$44 -> 1 | K44: =E44+I44 -> 202560
B45: % respecto del total de solicitudes | C45: =+C44/$K$44 -> 0.20835308 | D45: =+D44/$K$44 -> 0.15576619 | E45: =C45+D45 -> 0.36411927 | G45: =+G44/$K$44 -> 0.59882504 | H45: =+H44/$K$44 -> 0.037055687 | I45: =G45+H45 -> 0.63588073 | K45: =E45+I45 -> 1
B47: Número de Concesiones de Beneficios del Pilar Solidario según tipo de beneficio - VIII Región del Bio Bio
B48: ='Solicitudes Regiones'!$B$6:$P$6 -> Acumuladas de julio de 2008 a noviembre de 2018
B50: Concesiones del Pilar Solidario a nivel comunal
B51: COMUNA | C51: TOTAL PBS Y APS
C52: PBSV | D52: PBSI | E52: Total PBS | F52: % PBS | G52: APSV | H52: APSI | I52: Total APS | J52: %APS | K52: Total PBS+APS
B53: CHIGUAYANTE | C53: 1699 | D53: 614 | E53: =C53+D53 -> 2313 | F53: =E53/$E$86 -> 0.043903272 | G53: 5351 | H53: 258 | I53: =G53+H53 -> 5609 | J53: =I53/$I$86 -> 0.052227271 | K53: =E53+I53 -> 7922
B54: LOTA | C54: 1294 | D54: 425 | E54: =C54+D54 -> 1719 | F54: =E54/$E$86 -> 0.032628502 | G54: 4323 | H54: 149 | I54: =G54+H54 -> 4472 | J54: =I54/$I$86 -> 0.041640285 | K54: =E54+I54 -> 6191
B55: HUALPEN | C55: 1915 | D55: 694 | E55: =C55+D55 -> 2609 | F55: =E55/$E$86 -> 0.049521676 | G55: 6727 | H55: 233 | I55: =G55+H55 -> 6960 | J55: =I55/$I$86 -> 0.064806883 | K55: =E55+I55 -> 9569
B56: LOS ANGELES | C56: 4933 | D56: 2247 | E56: =C56+D56 -> 7180 | F56: =E56/$E$86 -> 0.13628426 | G56: 12316 | H56: 977 | I56: =G56+H56 -> 13293 | J56: =I56/$I$86 -> 0.12377556 | K56: =E56+I56 -> 20473
B57: LAJA | C57: 871 | D57: 482 | E57: =C57+D57 -> 1353 | F57: =E57/$E$86 -> 0.025681421 | G57: 1721 | H57: 167 | I57: =G57+H57 -> 1888 | J57: =I57/$I$86 -> 0.017579798 | K57: =E57+I57 -> 3241
B58: SANTA BARBARA | C58: 481 | D58: 214 | E58: =C58+D58 -> 695 | F58: =E58/$E$86 -> 0.013191861 | G58: 1030 | H58: 77 | I58: =G58+H58 -> 1107 | J58: =I58/$I$86 -> 0.010307646 | K58: =E58+I58 -> 1802
B59: ALTO BIOBIO | C59: 128 | D59: 126 | E59: =C59+D59 -> 254 | F59: =E59/$E$86 -> 0.0048211981 | G59: 209 | H59: 52 | I59: =G59+H59 -> 261 | J59: =I59/$I$86 -> 0.0024302581 | K59: =E59+I59 -> 515
B60: CORONEL | C60: 2589 | D60: 984 | E60: =C60+D60 -> 3573 | F60: =E60/$E$86 -> 0.067819452 | G60: 7109 | H60: 370 | I60: =G60+H60 -> 7479 | J60: =I60/$I$86 -> 0.069639465 | K60: =E60+I60 -> 11052
B61: HUALQUI | C61: 621 | D61: 261 | E61: =C61+D61 -> 882 | F61: =E61/$E$86 -> 0.016741326 | G61: 1458 | H61: 96 | I61: =G61+H61 -> 1554 | J61: =I61/$I$86 -> 0.014469813 | K61: =E61+I61 -> 2436
B62: PENCO | C62: 1058 | D62: 411 | E62: =C62+D62 -> 1469 | F62: =E62/$E$86 -> 0.027883228 | G62: 3608 | H62: 157 | I62: =G62+H62 -> 3765 | J62: =I62/$I$86 -> 0.035057172 | K62: =E62+I62 -> 5234
B63: SANTA JUANA | C63: 562 | D63: 172 | E63: =C63+D63 -> 734 | F63: =E63/$E$86 -> 0.013932124 | G63: 959 | H63: 57 | I63: =G63+H63 -> 1016 | J63: =I63/$I$86 -> 0.0094603151 | K63: =E63+I63 -> 1750
B64: TALCAHUANO | C64: 3295 | D64: 1283 | E64: =C64+D64 -> 4578 | F64: =E64/$E$86 -> 0.086895452 | G64: 9293 | H64: 561 | I64: =G64+H64 -> 9854 | J64: =I64/$I$86 -> 0.091753883 | K64: =E64+I64 -> 14432
... B85: QUILLECO | C85: 428 | D85: 191 | E85: =C85+D85 -> 619 | F85: =E85/$E$86 -> 0.011749298 | G85: 780 | H85: 60 | I85: =G85+H85 -> 840 | J85: =I85/$I$86 -> 0.0078215204 | K85: =E85+I85 -> 1459
B86: Totales | C86: =SUM(C53:C85) -> 37285 | D86: =SUM(D53:D85) -> 15399 | E86: =C86+D86 -> 52684 | F86: =E86/$E$86 -> 1 | G86: =SUM(G53:G85) -> 101452 | H86: =SUM(H53:H85) -> 5944 | I86: =G86+H86 -> 107396 | J86: =I86/$I$86 -> 1 | K86: =E86+I86 -> 160080
B87: % respecto del total de concesiones | C87: =+C86/$K$86 -> 0.23291479 | D87: =+D86/$K$86 -> 0.096195652 | E87: =C87+D87 -> 0.32911044 | G87: =+G86/$K$86 -> 0.63375812 | H87: =+H86/$K$86 -> 0.037131434 | I87: =G87+H87 -> 0.67088956 | K87: =E87+I87 -> 1
B88: Fuente: Elaboración propia sobre la base de información del IPS.
B89: Nota: La información estadística reportada del número de solicitudes concesionadas, en trámite, rechazadas y anuladas varía mes a mes por actualización de cifras.

Sheet IX
A2: Subsecretaría de Previsión Social
A3: Dirección de Estudios Previsionales
B5: Número de Solicitudes de Beneficios del Pilar Solidario según tipo de beneficio - IX Región de la Araucanía | M5: Volver Sistema de Pensiones Solidadias
B6: ='Solicitudes Regiones'!$B$6:$P$6 -> Acumuladas de julio de 2008 a noviembre de 2018
B8: Distribución Regional Solicitudes del Pilar Solidario - no incluye ex Pasis
B9: COMUNA | C9: TOTAL PBS Y APS
C10: PBSV | D10: PBSI | E10: Total PBS | F10: % PBS | G10: APSV | H10: APSI | I10: Total APS | J10: %APS | K10: Total PBS+APS
B11: CARAHUE | C11: 1464 | D11: 1187 | E11: =C11+D11 -> 2651 | F11: =E11/$E$43 -> 0.047491088 | G11: 1619 | H11: 146 | I11: =G11+H11 -> 1765 | J11: =I11/$I$43 -> 0.023876841 | K11: =E11+I11 -> 4416
B12: CURARREHUE | C12: 528 | D12: 226 | E12: =C12+D12 -> 754 | F12: =E12/$E$43 -> 0.013507461 | G12: 336 | H12: 28 | I12: =G12+H12 -> 364 | J12: =I12/$I$43 -> 0.0049241758 | K12: =E12+I12 -> 1118
B13: PITRUFQUEN | C13: 1146 | D13: 632 | E13: =C13+D13 -> 1778 | F13: =E13/$E$43 -> 0.031851812 | G13: 2118 | H13: 134 | I13: =G13+H13 -> 2252 | J13: =I13/$I$43 -> 0.030464956 | K13: =E13+I13 -> 4030
B14: TEODORO SCHMIDT | C14: 888 | D14: 515 | E14: =C14+D14 -> 1403 | F14: =E14/$E$43 -> 0.02513391 | G14: 856 | H14: 74 | I14: =G14+H14 -> 930 | J14: =I14/$I$43 -> 0.012580999 | K14: =E14+I14 -> 2333
B15: VILLARRICA | C15: 1923 | D15: 982 | E15: =C15+D15 -> 2905 | F15: =E15/$E$43 -> 0.052041346 | G15: 4435 | H15: 276 | I15: =G15+H15 -> 4711 | J15: =I15/$I$43 -> 0.063730198 | K15: =E15+I15 -> 7616
B16: COLLIPULLI | C16: 722 | D16: 597 | E16: =C16+D16 -> 1319 | F16: =E16/$E$43 -> 0.0236291 | G16: 1865 | H16: 147 | I16: =G16+H16 -> 2012 | J16: =I16/$I$43 -> 0.027218247 | K16: =E16+I16 -> 3331
B17: TRAIGUEN | C17: 809 | D17: 631 | E17: =C17+D17 -> 1440 | F17: =E17/$E$43 -> 0.025796743 | G17: 2159 | H17: 117 | I17: =G17+H17 -> 2276 | J17: =I17/$I$43 -> 0.030789627 | K17: =E17+I17 -> 3716
B18: TEMUCO | C18: 7302 | D18: 3738 | E18: =C18+D18 -> 11040 | F18: =E18/$E$43 -> 0.19777503 | G18: 19495 | H18: 1196 | I18: =G18+H18 -> 20691 | J18: =I18/$I$43 -> 0.27990693 | K18: =E18+I18 -> 31731
B19: CUNCO | C19: 1102 | D19: 599 | E19: =C19+D19 -> 1701 | F19: =E19/$E$43 -> 0.030472403 | G19: 1608 | H19: 96 | I19: =G19+H19 -> 1704 | J19: =I19/$I$43 -> 0.023051636 | K19: =E19+I19 -> 3405
B20: FREIRE | C20: 1025 | D20: 581 | E20: =C20+D20 -> 1606 | F20: =E20/$E$43 -> 0.028770534 | G20: 1757 | H20: 126 | I20: =G20+H20 -> 1883 | J20: =I20/$I$43 -> 0.02547314 | K20: =E20+I20 -> 3489
B21: GALVARINO | C21: 561 | D21: 589 | E21: =C21+D21 -> 1150 | F21: =E21/$E$43 -> 0.020601566 | G21: 712 | H21: 84 | I21: =G21+H21 -> 796 | J21: =I21/$I$43 -> 0.010768253 | K21: =E21+I21 -> 1946
B22: LAUTARO | C22: 1185 | D22: 800 | E22: =C22+D22 -> 1985 | F22: =E22/$E$43 -> 0.035560094 | G22: 2548 | H22: 182 | I22: =G22+H22 -> 2730 | J22: =I22/$I$43 -> 0.036931319 | K22: =E22+I22 -> 4715
... B42: LONCOCHE | C42: 852 | D42: 549 | E42: =C42+D42 -> 1401 | F42: =E42/$E$43 -> 0.025098081 | G42: 2027 | H42: 145 | I42: =G42+H42 -> 2172 | J42: =I42/$I$43 -> 0.029382719 | K42: =E42+I42 -> 3573
B43: Totales | C43: =SUM(C11:C42) -> 33851 | D43: =SUM(D11:D42) -> 21970 | E43: =C43+D43 -> 55821 | F43: =E43/$E$43 -> 1 | G43: =SUM(G11:G42) -> 69096 | H43: =SUM(H11:H42) -> 4825 | I43: =G43+H43 -> 73921 | J43: =I43/$I$43 -> 1 | K43: =E43+I43 -> 129742
B44: % respecto del total de solicitudes | C44: =+C43/$K$43 -> 0.26091011 | D44: =+D43/$K$43 -> 0.16933607 | E44: =C44+D44 -> 0.43024618 | G44: =+G43/$K$43 -> 0.53256463 | H44: =+H43/$K$43 -> 0.037189191 | I44: =G44+H44 -> 0.56975382 | K44: =E44+I44 -> 1
B46: Número de Concesiones de Beneficios del Pilar Solidario según tipo de beneficio - IX Región de la Araucanía
B47: ='Solicitudes Regiones'!$B$6:$P$6 -> Acumuladas de julio de 2008 a noviembre de 2018
B49: Concesiones del Pilar Solidario a nivel comunal
B50: COMUNA | C50: TOTAL PBS Y APS
C51: PBSV | D51: PBSI | E51: Total PBS | F51: % PBS | G51: APSV | H51: APSI | I51: Total APS | J51: %APS | K51: Total PBS+APS
B52: CARAHUE | C52: 1392 | D52: 459 | E52: =C52+D52 -> 1851 | F52: =E52/$E$84 -> 0.044641134 | G52: 1464 | H52: 125 | I52: =H52+G52 -> 1589 | J52: =I52/$I$84 -> 0.02517467 | K52: =E52+I52 -> 3440
B53: CURARREHUE | C53: 492 | D53: 104 | E53: =C53+D53 -> 596 | F53: =E53/$E$84 -> 0.014373915 | G53: 316 | H53: 20 | I53: =H53+G53 -> 336 | J53: =I53/$I$84 -> 0.0053232783 | K53: =E53+I53 -> 932
B54: PITRUFQUEN | C54: 1041 | D54: 288 | E54: =C54+D54 -> 1329 | F54: =E54/$E$84 -> 0.0320519 | G54: 1795 | H54: 102 | I54: =H54+G54 -> 1897 | J54: =I54/$I$84 -> 0.030054342 | K54: =E54+I54 -> 3226
B55: TEODORO SCHMIDT | C55: 856 | D55: 250 | E55: =C55+D55 -> 1106 | F55: =E55/$E$84 -> 0.026673741 | G55: 761 | H55: 63 | I55: =H55+G55 -> 824 | J55: =I55/$I$84 -> 0.013054706 | K55: =E55+I55 -> 1930
B56: VILLARRICA | C56: 1769 | D56: 501 | E56: =C56+D56 -> 2270 | F56: =E56/$E$84 -> 0.054746286 | G56: 3814 | H56: 230 | I56: =H56+G56 -> 4044 | J56: =I56/$I$84 -> 0.064069456 | K56: =E56+I56 -> 6314
B57: COLLIPULLI | C57: 658 | D57: 263 | E57: =C57+D57 -> 921 | F57: =E57/$E$84 -> 0.022212039 | G57: 1684 | H57: 108 | I57: =H57+G57 -> 1792 | J57: =I57/$I$84 -> 0.028390817 | K57: =E57+I57 -> 2713
B58: TRAIGUEN | C58: 732 | D58: 283 | E58: =C58+D58 -> 1015 | F58: =E58/$E$84 -> 0.024479066 | G58: 1798 | H58: 95 | I58: =H58+G58 -> 1893 | J58: =I58/$I$84 -> 0.029990969 | K58: =E58+I58 -> 2908
B59: TEMUCO | C59: 6532 | D59: 2155 | E59: =C59+D59 -> 8687 | F59: =E59/$E$84 -> 0.20950704 | G59: 15843 | H59: 972 | I59: =H59+G59 -> 16815 | J59: =I59/$I$84 -> 0.26640156 | K59: =E59+I59 -> 25502
B60: CUNCO | C60: 1033 | D60: 263 | E60: =C60+D60 -> 1296 | F60: =E60/$E$84 -> 0.031256029 | G60: 1414 | H60: 78 | I60: =H60+G60 -> 1492 | J60: =I60/$I$84 -> 0.02363789 | K60: =E60+I60 -> 2788
B61: FREIRE | C61: 948 | D61: 280 | E61: =C61+D61 -> 1228 | F61: =E61/$E$84 -> 0.029616052 | G61: 1562 | H61: 104 | I61: =H61+G61 -> 1666 | J61: =I61/$I$84 -> 0.026394588 | K61: =E61+I61 -> 2894
B62: GALVARINO | C62: 540 | D62: 233 | E62: =C62+D62 -> 773 | F62: =E62/$E$84 -> 0.018642678 | G62: 662 | H62: 70 | I62: =H62+G62 -> 732 | J62: =I62/$I$84 -> 0.011597142 | K62: =E62+I62 -> 1505
B63: LAUTARO | C63: 1100 | D63: 355 | E63: =C63+D63 -> 1455 | F63: =E63/$E$84 -> 0.035090681 | G63: 2183 | H63: 148 | I63: =H63+G63 -> 2331 | J63: =I63/$I$84 -> 0.036930243 | K63: =E63+I63 -> 3786
... B83: LONCOCHE | C83: 809 | D83: 245 | E83: =C83+D83 -> 1054 | F83: =E83/$E$84 -> 0.025419641 | G83: 1817 | H83: 122 | I83: =H83+G83 -> 1939 | J83: =I83/$I$84 -> 0.030719752 | K83: =E83+I83 -> 2993
B84: Totales | C84: =SUM(C52:C83) -> 31152 | D84: =SUM(D52:D83) -> 10312 | E84: =C84+D84 -> 41464 | F84: =E84/$E$84 -> 1 | G84: =SUM(G52:G83) -> 59160 | H84: =SUM(H52:H83) -> 3959 | I84: =H84+G84 -> 63119 | J84: =I84/$I$84 -> 1 | K84: =E84+I84 -> 104583
B85: % respecto del total de concesiones | C85: =+C84/$K$84 -> 0.29786868 | D85: =+D84/$K$84 -> 0.098601111 | E85: =C85+D85 -> 0.39646979 | G85: =+G84/$K$84 -> 0.56567511 | H85: =+H84/$K$84 -> 0.037855101 | I85: =G85+H85 -> 0.60353021 | K85: =E85+I85 -> 1
B86: Fuente: Elaboración propia sobre la base de información del IPS.
B87: Nota: La información estadística reportada del número de solicitudes concesionadas, en trámite, rechazadas y anuladas varía mes a mes por actualización de cifras.

Sheet XIV
A2: Subsecretaría de Previsión Social
A3: Dirección de Estudios Previsionales
B5: Número de Solicitudes de Beneficios del Pilar Solidario según tipo de beneficio - XIV Región de Los Rios | M5: Volver Sistema de Pensiones Solidadias
B6: ='Solicitudes Regiones'!$B$6:$P$6 -> Acumuladas de julio de 2008 a noviembre de 2018
B8: Distribución Regional Solicitudes del Pilar Solidario - no incluye ex Pasis
B9: COMUNA | C9: TOTAL PBS Y APS
C10: PBSV | D10: PBSI | E10: Total PBS | F10: % PBS | G10: APSV | H10: APSI | I10: Total APS | J10: %APS | K10: Total PBS+APS
B11: VALDIVIA | C11: 3796 | D11: 2389 | E11: =C11+D11 -> 6185 | F11: =E11/$E$23 -> 0.3042751 | G11: 12597 | H11: 1010 | I11: =G11+H11 -> 13607 | J11: =I11/$I$23 -> 0.39524211 | K11: =E11+I11 -> 19792
B12: CORRAL | C12: 158 | D12: 131 | E12: =C12+D12 -> 289 | F12: =E12/$E$23 -> 0.014217543 | G12: 477 | H12: 41 | I12: =G12+H12 -> 518 | J12: =I12/$I$23 -> 0.01504633 | K12: =E12+I12 -> 807
B13: LANCO | C13: 633 | D13: 455 | E13: =C13+D13 -> 1088 | F13: =E13/$E$23 -> 0.053524868 | G13: 1437 | H13: 163 | I13: =G13+H13 -> 1600 | J13: =I13/$I$23 -> 0.04647515 | K13: =E13+I13 -> 2688
B14: LOS LAGOS | C14: 676 | D14: 495 | E14: =C14+D14 -> 1171 | F14: =E14/$E$23 -> 0.057608107 | G14: 1688 | H14: 156 | I14: =G14+H14 -> 1844 | J14: =I14/$I$23 -> 0.053562611 | K14: =E14+I14 -> 3015
B15: MAFIL | C15: 233 | D15: 211 | E15: =C15+D15 -> 444 | F15: =E15/$E$23 -> 0.021842869 | G15: 675 | H15: 67 | I15: =G15+H15 -> 742 | J15: =I15/$I$23 -> 0.021552851 | K15: =E15+I15 -> 1186
B16: SAN JOSE DE LA MARIQUINA | C16: 685 | D16: 543 | E16: =C16+D16 -> 1228 | F16: =E16/$E$23 -> 0.06041226 | G16: 1474 | H16: 215 | I16: =G16+H16 -> 1689 | J16: =I16/$I$23 -> 0.049060331 | K16: =E16+I16 -> 2917
B17: PAILLACO | C17: 803 | D17: 686 | E17: =C17+D17 -> 1489 | F17: =E17/$E$23 -> 0.073252324 | G17: 2012 | H17: 192 | I17: =G17+H17 -> 2204 | J17: =I17/$I$23 -> 0.06401952 | K17: =E17+I17 -> 3693
B18: PANGUIPULLI | C18: 1369 | D18: 960 | E18: =C18+D18 -> 2329 | F18: =E18/$E$23 -> 0.11457667 | G18: 2301 | H18: 303 | I18: =G18+H18 -> 2604 | J18: =I18/$I$23 -> 0.075638307 | K18: =E18+I18 -> 4933
B19: LA UNION | C19: 1379 | D19: 820 | E19: =C19+D19 -> 2199 | F19: =E19/$E$23 -> 0.10818124 | G19: 4120 | H19: 377 | I19: =G19+H19 -> 4497 | J19: =I19/$I$23 -> 0.13062422 | K19: =E19+I19 -> 6696
B20: FUTRONO | C20: 554 | D20: 359 | E20: =C20+D20 -> 913 | F20: =E20/$E$23 -> 0.044915629 | G20: 932 | H20: 97 | I20: =G20+H20 -> 1029 | J20: =I20/$I$23 -> 0.029889331 | K20: =E20+I20 -> 1942
B21: LAGO RANCO | C21: 424 | D21: 312 | E21: =C21+D21 -> 736 | F21: =E21/$E$23 -> 0.036207999 | G21: 659 | H21: 90 | I21: =G21+H21 -> 749 | J21: =I21/$I$23 -> 0.02175618 | K21: =E21+I21 -> 1485
B22: RIO BUENO | C22: 1408 | D22: 848 | E22: =C22+D22 -> 2256 | F22: =E22/$E$23 -> 0.11098539 | G22: 3013 | H22: 331 | I22: =G22+H22 -> 3344 | J22: =I22/$I$23 -> 0.097133064 | K22: =E22+I22 -> 5600
B23: Totales | C23: =SUM(C11:C22) -> 12118 | D23: =SUM(D11:D22) -> 8209 | E23: =C23+D23 -> 20327 | F23: =E23/$E$23 -> 1 | G23: =SUM(G11:G22) -> 31385 | H23: =SUM(H11:H22) -> 3042 | I23: =G23+H23 -> 34427 | J23: =I23/$I$23 -> 1 | K23: =E23+I23 -> 54754
B24: % respecto del total de solicitudes | C24: =+C23/$K$23 -> 0.22131716 | D24: =+D23/$K$23 -> 0.14992512 | E24: =C24+D24 -> 0.37124228 | G24: =+G23/$K$23 -> 0.57320013 | H24: =+H23/$K$23 -> 0.055557585 | I24: =G24+H24 -> 0.62875772 | K24: =E24+I24 -> 1
B26: Número de Concesiones de Beneficios del Pilar Solidario según tipo de beneficio - XIV Región de Los Rios
B27: ='Solicitudes Regiones'!$B$6:$P$6 -> Acumuladas de julio de 2008 a noviembre de 2018
B29: Concesiones del Pilar Solidario a nivel comunal
B30: COMUNA | C30: TOTAL PBS Y APS
C31: PBSV | D31: PBSI | E31: Total PBS | F31: % PBS | G31: APSV | H31: APSI | I31: Total APS | J31: %APS | K31: Total PBS+APS
B32: VALDIVIA | C32: 3474 | D32: 1795 | E32: =C32+D32 -> 5269 | F32: =E32/$E$44 -> 0.31322078 | G32: 10692 | H32: 841 | I32: =G32+H32 -> 11533 | J32: =I32/$I$44 -> 0.39290703 | K32: =E32+I32 -> 16802
B33: CORRAL | C33: 146 | D33: 85 | E33: =C33+D33 -> 231 | F33: =E33/$E$44 -> 0.013732018 | G33: 419 | H33: 33 | I33: =G33+H33 -> 452 | J33: =I33/$I$44 -> 0.015398767 | K33: =E33+I33 -> 683
B34: LANCO | C34: 594 | D34: 273 | E34: =C34+D34 -> 867 | F34: =E34/$E$44 -> 0.05153965 | G34: 1250 | H34: 138 | I34: =G34+H34 -> 1388 | J34: =I34/$I$44 -> 0.047286478 | K34: =E34+I34 -> 2255
B35: LOS LAGOS | C35: 637 | D35: 345 | E35: =C35+D35 -> 982 | F35: =E35/$E$44 -> 0.058375936 | G35: 1508 | H35: 127 | I35: =G35+H35 -> 1635 | J35: =I35/$I$44 -> 0.055701291 | K35: =E35+I35 -> 2617
B36: MAFIL | C36: 207 | D36: 113 | E36: =C36+D36 -> 320 | F36: =E36/$E$44 -> 0.019022708 | G36: 605 | H36: 59 | I36: =G36+H36 -> 664 | J36: =I36/$I$44 -> 0.022621197 | K36: =E36+I36 -> 984
B37: SAN JOSE DE LA MARIQUINA | C37: 655 | D37: 351 | E37: =C37+D37 -> 1006 | F37: =E37/$E$44 -> 0.059802639 | G37: 1311 | H37: 181 | I37: =G37+H37 -> 1492 | J37: =I37/$I$44 -> 0.050829557 | K37: =E37+I37 -> 2498
B38: PAILLACO | C38: 732 | D38: 424 | E38: =C38+D38 -> 1156 | F38: =E38/$E$44 -> 0.068719534 | G38: 1682 | H38: 157 | I38: =G38+H38 -> 1839 | J38: =I38/$I$44 -> 0.062651177 | K38: =E38+I38 -> 2995
B39: PANGUIPULLI | C39: 1275 | D39: 643 | E39: =C39+D39 -> 1918 | F39: =E39/$E$44 -> 0.11401736 | G39: 1937 | H39: 254 | I39: =G39+H39 -> 2191 | J39: =I39/$I$44 -> 0.074643137 | K39: =E39+I39 -> 4109
B40: LA UNION | C40: 1259 | D40: 584 | E40: =C40+D40 -> 1843 | F40: =E40/$E$44 -> 0.10955891 | G40: 3432 | H40: 325 | I40: =G40+H40 -> 3757 | J40: =I40/$I$44 -> 0.12799373 | K40: =E40+I40 -> 5600
B41: FUTRONO | C41: 504 | D41: 244 | E41: =C41+D41 -> 748 | F41: =E41/$E$44 -> 0.044465581 | G41: 795 | H41: 83 | I41: =G41+H41 -> 878 | J41: =I41/$I$44 -> 0.029911764 | K41: =E41+I41 -> 1626
B42: LAGO RANCO | C42: 407 | D42: 201 | E42: =C42+D42 -> 608 | F42: =E42/$E$44 -> 0.036143146 | G42: 578 | H42: 80 | I42: =G42+H42 -> 658 | J42: =I42/$I$44 -> 0.022416789 | K42: =E42+I42 -> 1266
B43: RIO BUENO | C43: 1296 | D43: 578 | E43: =C43+D43 -> 1874 | F43: =E43/$E$44 -> 0.11140174 | G43: 2583 | H43: 283 | I43: =G43+H43 -> 2866 | J43: =I43/$I$44 -> 0.097639083 | K43: =E43+I43 -> 4740
B44: Totales | C44: =SUM(C32:C43) -> 11186 | D44: =SUM(D32:D43) -> 5636 | E44: =C44+D44 -> 16822 | F44: =E44/$E$44 -> 1 | G44: =SUM(G32:G43) -> 26792 | H44: =SUM(H32:H43) -> 2561 | I44: =G44+H44 -> 29353 | J44: =I44/$I$44 -> 1 | K44: =E44+I44 -> 46175
B45: % respecto del total de concesiones | C45: =+C44/$K$44 -> 0.2422523 | D45: =+D44/$K$44 -> 0.12205739 | E45: =C45+D45 -> 0.36430969 | G45: =+G44/$K$44 -> 0.5802274 | H45: =+H44/$K$44 -> 0.055462913 | I45: =G45+H45 -> 0.63569031 | K45: =E45+I45 -> 1
B46: Fuente: Elaboración propia sobre la base de información del IPS.
B47: Nota: La información estadística reportada del número de solicitudes concesionadas, en trámite, rechazadas y anuladas varía mes a mes por actualización de cifras.

Sheet X
A2: Subsecretaría de Previsión Social
A3: Dirección de Estudios Previsionales
B5: Número de Solicitudes de Beneficios del Pilar Solidario según tipo de beneficio - X Región de Los Lagos | M5: Volver Sistema de Pensiones Solidadias
B6: ='Solicitudes Regiones'!$B$6:$P$6 -> Acumuladas de julio de 2008 a noviembre de 2018
B8: Distribución Regional Solicitudes del Pilar Solidario - no incluye ex Pasis
B9: COMUNA | C9: TOTAL PBS Y APS
C10: PBSV | D10: PBSI | E10: Total PBS | F10: % PBS | G10: APSV | H10: APSI | I10: Total APS | J10: %APS | K10: Total PBS+APS
B11: CALBUCO | C11: 1462 | D11: 755 | E11: =C11+D11 -> 2217 | F11: =E11/$E$41 -> 0.05714654 | G11: 1668 | H11: 157 | I11: =G11+H11 -> 1825 | J11: =I11/$I$41 -> 0.031026334 | K11: =E11+I11 -> 4042
B12: PUERTO VARAS | C12: 798 | D12: 425 | E12: =C12+D12 -> 1223 | F12: =E12/$E$41 -> 0.031524681 | G12: 2476 | H12: 124 | I12: =G12+H12 -> 2600 | J12: =I12/$I$41 -> 0.044201901 | K12: =E12+I12 -> 3823
B13: QUELLON | C13: 619 | D13: 415 | E13: =C13+D13 -> 1034 | F13: =E13/$E$41 -> 0.026652919 | G13: 1122 | H13: 129 | I13: =G13+H13 -> 1251 | J13: =I13/$I$41 -> 0.021267915 | K13: =E13+I13 -> 2285
B14: QUINCHAO | C14: 439 | D14: 293 | E14: =C14+D14 -> 732 | F14: =E14/$E$41 -> 0.018868411 | G14: 484 | H14: 48 | I14: =G14+H14 -> 532 | J14: =I14/$I$41 -> 0.0090443889 | K14: =E14+I14 -> 1264
B15: PURRANQUE | C15: 749 | D15: 502 | E15: =C15+D15 -> 1251 | F15: =E15/$E$41 -> 0.032246424 | G15: 2179 | H15: 178 | I15: =G15+H15 -> 2357 | J15: =I15/$I$41 -> 0.040070723 | K15: =E15+I15 -> 3608
B16: RIO NEGRO | C16: 509 | D16: 463 | E16: =C16+D16 -> 972 | F16: =E16/$E$41 -> 0.025054775 | G16: 1139 | H16: 158 | I16: =G16+H16 -> 1297 | J16: =I16/$I$41 -> 0.022049948 | K16: =E16+I16 -> 2269
B17: FUTALEUFU | C17: 103 | D17: 33 | E17: =C17+D17 -> 136 | F17: =E17/$E$41 -> 0.0035056064 | G17: 153 | H17: 4 | I17: =G17+H17 -> 157 | J17: =I17/$I$41 -> 0.0026691148 | K17: =E17+I17 -> 293
B18: PUERTO MONTT | C18: 5072 | D18: 2760 | E18: =C18+D18 -> 7832 | F18: =E18/$E$41 -> 0.20188169 | G18: 12511 | H18: 1079 | I18: =G18+H18 -> 13590 | J18: =I18/$I$41 -> 0.23103993 | K18: =E18+I18 -> 21422
B19: COCHAMO | C19: 220 | D19: 79 | E19: =C19+D19 -> 299 | F19: =E19/$E$41 -> 0.0077071788 | G19: 205 | H19: 19 | I19: =G19+H19 -> 224 | J19: =I19/$I$41 -> 0.0038081638 | K19: =E19+I19 -> 523
B20: MAULLIN | C20: 938 | D20: 603 | E20: =C20+D20 -> 1541 | F20: =E20/$E$41 -> 0.039721614 | G20: 827 | H20: 83 | I20: =G20+H20 -> 910 | J20: =I20/$I$41 -> 0.015470665 | K20: =E20+I20 -> 2451
B21: ANCUD | C21: 1162 | D21: 722 | E21: =C21+D21 -> 1884 | F21: =E21/$E$41 -> 0.048562959 | G21: 3772 | H21: 243 | I21: =G21+H21 -> 4015 | J21: =I21/$I$41 -> 0.068257935 | K21: =E21+I21 -> 5899
B22: PUQUELDON | C22: 193 | D22: 143 | E22: =C22+D22 -> 336 | F22: =E22/$E$41 -> 0.0086609099 | G22: 267 | H22: 31 | I22: =G22+H22 -> 298 | J22: =I22/$I$41 -> 0.0050662178 | K22: =E22+I22 -> 634
... B40: PALENA | C40: 89 | D40: 21 | E40: =C40+D40 -> 110 | F40: =E40/$E$41 -> 0.0028354169 | G40: 177 | H40: 5 | I40: =G40+H40 -> 182 | J40: =I40/$I$41 -> 0.003094133 | K40: =E40+I40 -> 292
B41: Totales | C41: =SUM(C11:C40) -> 24027 | D41: =SUM(D11:D40) -> 14768 | E41: =C41+D41 -> 38795 | F41: =E41/$E$41 -> 1 | G41: =SUM(G11:G40) -> 53998 | H41: =SUM(H11:H40) -> 4823 | I41: =G41+H41 -> 58821 | J41: =I41/$I$41 -> 1 | K41: =E41+I41 -> 97616
B42: % respecto del total de solicitudes | C42: =+C41/$K$41 -> 0.24613793 | D42: =+D41/$K$41 -> 0.15128667 | E42: =C42+D42 -> 0.3974246 | G42: =+G41/$K$41 -> 0.55316751 | H42: =+H41/$K$41 -> 0.049407884 | I42: =G42+H42 -> 0.6025754 | K42: =E42+I42 -> 1
B44: Número de Concesiones de Beneficios del Pilar Solidario según tipo de beneficio - X Región de Los Lagos
B45: ='Solicitudes Regiones'!$B$6:$P$6 -> Acumuladas de julio de 2008 a noviembre de 2018
B47: Concesiones del Pilar Solidario a nivel comunal
B48: COMUNA | C48: TOTAL PBS Y APS
C49: PBSV | D49: PBSI | E49: Total PBS | F49: % PBS | G49: APSV | H49: APSI | I49: Total APS | J49: %APS | K49: Total PBS+APS
B50: CALBUCO | C50: 1395 | D50: 368 | E50: =C50+D50 -> 1763 | F50: =E50/$E$80 -> 0.057348253 | G50: 1440 | H50: 135 | I50: =G50+H50 -> 1575 | J50: =I50/$I$80 -> 0.031144948 | K50: =E50+I50 -> 3338
B51: PUERTO VARAS | C51: 712 | D51: 231 | E51: =C51+D51 -> 943 | F51: =E51/$E$80 -> 0.030674647 | G51: 2111 | H51: 103 | I51: =G51+H51 -> 2214 | J51: =I51/$I$80 -> 0.043780898 | K51: =E51+I51 -> 3157
B52: QUELLON | C52: 578 | D52: 187 | E52: =C52+D52 -> 765 | F52: =E52/$E$80 -> 0.024884523 | G52: 996 | H52: 111 | I52: =G52+H52 -> 1107 | J52: =I52/$I$80 -> 0.021890449 | K52: =E52+I52 -> 1872
B53: QUINCHAO | C53: 426 | D53: 117 | E53: =C53+D53 -> 543 | F53: =E53/$E$80 -> 0.017663132 | G53: 415 | H53: 41 | I53: =G53+H53 -> 456 | J53: =I53/$I$80 -> 0.0090172039 | K53: =E53+I53 -> 999
B54: PURRANQUE | C54: 704 | D54: 348 | E54: =C54+D54 -> 1052 | F54: =E54/$E$80 -> 0.034220285 | G54: 1973 | H54: 147 | I54: =G54+H54 -> 2120 | J54: =I54/$I$80 -> 0.041922088 | K54: =E54+I54 -> 3172
B55: RIO NEGRO | C55: 480 | D55: 294 | E55: =C55+D55 -> 774 | F55: =E55/$E$80 -> 0.025177282 | G55: 1049 | H55: 136 | I55: =G55+H55 -> 1185 | J55: =I55/$I$80 -> 0.023432865 | K55: =E55+I55 -> 1959
B56: FUTALEUFU | C56: 102 | D56: 15 | E56: =C56+D56 -> 117 | F56: =E56/$E$80 -> 0.0038058682 | G56: 137 | H56: 4 | I56: =G56+H56 -> 141 | J56: =I56/$I$80 -> 0.0027882144 | K56: =E56+I56 -> 258
B57: PUERTO MONTT | C57: 4636 | D57: 1601 | E57: =C57+D57 -> 6237 | F57: =E57/$E$80 -> 0.20288205 | G57: 10546 | H57: 842 | I57: =G57+H57 -> 11388 | J57: =I57/$I$80 -> 0.2251928 | K57: =E57+I57 -> 17625
B58: COCHAMO | C58: 211 | D58: 45 | E58: =C58+D58 -> 256 | F58: =E58/$E$80 -> 0.0083273697 | G58: 182 | H58: 18 | I58: =G58+H58 -> 200 | J58: =I58/$I$80 -> 0.003954914 | K58: =E58+I58 -> 456
B59: MAULLIN | C59: 901 | D59: 258 | E59: =C59+D59 -> 1159 | F59: =E59/$E$80 -> 0.037700865 | G59: 756 | H59: 67 | I59: =G59+H59 -> 823 | J59: =I59/$I$80 -> 0.016274471 | K59: =E59+I59 -> 1982
B60: ANCUD | C60: 1071 | D60: 353 | E60: =C60+D60 -> 1424 | F60: =E60/$E$80 -> 0.046320994 | G60: 3244 | H60: 186 | I60: =G60+H60 -> 3430 | J60: =I60/$I$80 -> 0.067826775 | K60: =E60+I60 -> 4854
B61: PUQUELDON | C61: 190 | D61: 54 | E61: =C61+D61 -> 244 | F61: =E61/$E$80 -> 0.0079370243 | G61: 232 | H61: 26 | I61: =G61+H61 -> 258 | J61: =I61/$I$80 -> 0.005101839 | K61: =E61+I61 -> 502
... B79: PALENA | C79: 84 | D79: 11 | E79: =C79+D79 -> 95 | F79: =E79/$E$80 -> 0.0030902349 | G79: 147 | H79: 5 | I79: =G79+H79 -> 152 | J79: =I79/$I$80 -> 0.0030057346 | K79: =E79+I79 -> 247
B80: Totales | C80: =SUM(C50:C79) -> 22258 | D80: =SUM(D50:D79) -> 8484 | E80: =C80+D80 -> 30742 | F80: =E80/$E$80 -> 1 | G80: =SUM(G50:G79) -> 46673 | H80: =SUM(H50:H79) -> 3897 | I80: =G80+H80 -> 50570 | J80: =I80/$I$80 -> 1 | K80: =E80+I80 -> 81312
B81: % respecto del total de concesiones | C81: =+C80/$K$80 -> 0.27373573 | D81: =+D80/$K$80 -> 0.10433884 | E81: =C81+D81 -> 0.37807458 | G81: =+G80/$K$80 -> 0.57399892 | H81: =+H80/$K$80 -> 0.047926505 | I81: =G81+H81 -> 0.62192542 | K81: =E81+I81 -> 1
B82: Fuente: Elaboración propia sobre la base de información del IPS.
B83: Nota: La información estadística reportada del número de solicitudes concesionadas, en trámite, rechazadas y anuladas varía mes a mes por actualización de cifras.

Sheet XI
A2: Subsecretaría de Previsión Social
A3: Dirección de Estudios Previsionales
B5: Número de Solicitudes de Beneficios del Pilar Solidario según tipo de beneficio - XI Región de Aysen | M5: Volver Sistema de Pensiones Solidadias
B6: ='Solicitudes Regiones'!$B$6:$P$6 -> Acumuladas de julio de 2008 a noviembre de 2018
B8: Distribución Regional Solicitudes del Pilar Solidario - no incluye ex Pasis
B9: COMUNA | C9: TOTAL PBS Y APS
C10: PBSV | D10: PBSI | E10: Total PBS | F10: % PBS | G10: APSV | H10: APSI | I10: Total APS | J10: %APS | K10: Total PBS+APS
B11: COYHAIQUE | C11: 1150 | D11: 689 | E11: =D11+C11 -> 1839 | F11: =E11/$E$21 -> 0.52303754 | G11: 3523 | H11: 306 | I11: =G11+H11 -> 3829 | J11: =I11/$I$21 -> 0.56226138 | K11: =E11+I11 -> 5668
B12: LAGO VERDE | C12: 35 | D12: 8 | E12: =D12+C12 -> 43 | F12: =E12/$E$21 -> 0.012229807 | G12: 72 | H12: 1 | I12: =G12+H12 -> 73 | J12: =I12/$I$21 -> 0.01071953 | K12: =E12+I12 -> 116
B13: PUERTO AYSEN | C13: 455 | D13: 237 | E13: =D13+C13 -> 692 | F13: =E13/$E$21 -> 0.19681456 | G13: 1527 | H13: 117 | I13: =G13+H13 -> 1644 | J13: =I13/$I$21 -> 0.24140969 | K13: =E13+I13 -> 2336
B14: CISNES | C14: 97 | D14: 41 | E14: =D14+C14 -> 138 | F14: =E14/$E$21 -> 0.039249147 | G14: 304 | H14: 21 | I14: =G14+H14 -> 325 | J14: =I14/$I$21 -> 0.047723935 | K14: =E14+I14 -> 463
B15: GUAITECAS | C15: 35 | D15: 14 | E15: =D15+C15 -> 49 | F15: =E15/$E$21 -> 0.013936291 | G15: 56 | H15: 4 | I15: =G15+H15 -> 60 | J15: =I15/$I$21 -> 0.0088105727 | K15: =E15+I15 -> 109
B16: COCHRANE | C16: 130 | D16: 44 | E16: =D16+C16 -> 174 | F16: =E16/$E$21 -> 0.049488055 | G16: 182 | H16: 10 | I16: =G16+H16 -> 192 | J16: =I16/$I$21 -> 0.028193833 | K16: =E16+I16 -> 366
B17: OHIGGINS | C17: 4 | D17: 1 | E17: =D17+C17 -> 5 | F17: =E17/$E$21 -> 0.0014220705 | G17: 18 | H17: 0 | I17: =G17+H17 -> 18 | J17: =I17/$I$21 -> 0.0026431718 | K17: =E17+I17 -> 23
B18: TORTEL | C18: 9 | D18: 2 | E18: =D18+C18 -> 11 | F18: =E18/$E$21 -> 0.0031285552 | G18: 21 | H18: 2 | I18: =G18+H18 -> 23 | J18: =I18/$I$21 -> 0.0033773862 | K18: =E18+I18 -> 34
B19: CHILE CHICO | C19: 343 | D19: 102 | E19: =D19+C19 -> 445 | F19: =E19/$E$21 -> 0.12656428 | G19: 401 | H19: 31 | I19: =G19+H19 -> 432 | J19: =I19/$I$21 -> 0.063436123 | K19: =E19+I19 -> 877
B20: RIO IBAÑEZ | C20: 90 | D20: 30 | E20: =D20+C20 -> 120 | F20: =E20/$E$21 -> 0.034129693 | G20: 199 | H20: 15 | I20: =G20+H20 -> 214 | J20: =I20/$I$21 -> 0.031424376 | K20: =E20+I20 -> 334
B21: Totales | C21: =SUM(C11:C20) -> 2348 | D21: =SUM(D11:D20) -> 1168 | E21: =D21+C21 -> 3516 | F21: =E21/$E$21 -> 1 | G21: =SUM(G11:G20) -> 6303 | H21: =SUM(H11:H20) -> 507 | I21: =G21+H21 -> 6810 | J21: =I21/$I$21 -> 1 | K21: =E21+I21 -> 10326
B22: % respecto del total de solicitudes | C22: =+C21/$K$21 -> 0.22738718 | D22: =+D21/$K$21 -> 0.11311253 | E22: =C22+D22 -> 0.34049971 | G22: =+G21/$K$21 -> 0.61040093 | H22: =+H21/$K$21 -> 0.049099361 | I22: =G22+H22 -> 0.65950029 | K22: =E22+I22 -> 1
B24: Número de Conceciones de Beneficios del Pilar Solidario según tipo de beneficio - XI Región de Aysen
B25: ='Solicitudes Regiones'!$B$6:$P$6 -> Acumuladas de julio de 2008 a noviembre de 2018
B27: Concesiones del Pilar Solidario a nivel comunal
B28: COMUNA | C28: TOTAL PBS Y APS | K28: TOTAL
C29: PBSV | D29: PBSI | E29: Total PBS | F29: % PBS | G29: APSV | H29: APSI | I29: Total APS | J29: %APS | K29: Total PBS+APS
B30: COYHAIQUE | C30: 983 | D30: 312 | E30: =C30+D30 -> 1295 | F30: =E30/$E$40 -> 0.48501873 | G30: 2818 | H30: 238 | I30: =G30+H30 -> 3056 | J30: =I30/$I$40 -> 0.55776602 | K30: =E30+I30 -> 4351
B31: LAGO VERDE | C31: 34 | D31: 3 | E31: =C31+D31 -> 37 | F31: =E31/$E$40 -> 0.013857678 | G31: 62 | H31: 1 | I31: =G31+H31 -> 63 | J31: =I31/$I$40 -> 0.011498449 | K31: =E31+I31 -> 100
B32: PUERTO AYSEN | C32: 422 | D32: 134 | E32: =C32+D32 -> 556 | F32: =E32/$E$40 -> 0.2082397 | G32: 1234 | H32: 90 | I32: =G32+H32 -> 1324 | J32: =I32/$I$40 -> 0.24164994 | K32: =E32+I32 -> 1880
B33: CISNES | C33: 91 | D33: 19 | E33: =C33+D33 -> 110 | F33: =E33/$E$40 -> 0.041198502 | G33: 235 | H33: 14 | I33: =G33+H33 -> 249 | J33: =I33/$I$40 -> 0.045446249 | K33: =E33+I33 -> 359
B34: GUAITECAS | C34: 35 | D34: 6 | E34: =C34+D34 -> 41 | F34: =E34/$E$40 -> 0.015355805 | G34: 50 | H34: 4 | I34: =G34+H34 -> 54 | J34: =I34/$I$40 -> 0.0098558131 | K34: =E34+I34 -> 95
B35: COCHRANE | C35: 119 | D35: 22 | E35: =C35+D35 -> 141 | F35: =E35/$E$40 -> 0.052808989 | G35: 154 | H35: 4 | I35: =G35+H35 -> 158 | J35: =I35/$I$40 -> 0.028837379 | K35: =E35+I35 -> 299
B36: OHIGGINS | C36: 4 | D36: 0 | E36: =C36+D36 -> 4 | F36: =E36/$E$40 -> 0.0014981273 | G36: 17 | H36: 0 | I36: =G36+H36 -> 17 | J36: =I36/$I$40 -> 0.003102756 | K36: =E36+I36 -> 21
B37: TORTEL | C37: 9 | D37: 1 | E37: =C37+D37 -> 10 | F37: =E37/$E$40 -> 0.0037453184 | G37: 16 | H37: 2 | I37: =G37+H37 -> 18 | J37: =I37/$I$40 -> 0.003285271 | K37: =E37+I37 -> 28
B38: CHILE CHICO | C38: 321 | D38: 58 | E38: =C38+D38 -> 379 | F38: =E38/$E$40 -> 0.14194757 | G38: 344 | H38: 21 | I38: =G38+H38 -> 365 | J38: =I38/$I$40 -> 0.066617996 | K38: =E38+I38 -> 744
B39: RIO IBAÑEZ | C39: 79 | D39: 18 | E39: =C39+D39 -> 97 | F39: =E39/$E$40 -> 0.036329588 | G39: 162 | H39: 13 | I39: =G39+H39 -> 175 | J39: =I39/$I$40 -> 0.031940135 | K39: =E39+I39 -> 272
B40: Totales | C40: =SUM(C30:C39) -> 2097 | D40: =SUM(D30:D39) -> 573 | E40: =C40+D40 -> 2670 | F40: =E40/$E$40 -> 1 | G40: =SUM(G30:G39) -> 5092 | H40: =SUM(H30:H39) -> 387 | I40: =G40+H40 -> 5479 | J40: =I40/$I$40 -> 1 | K40: =E40+I40 -> 8149
B41: % respecto del total de concesiones | C41: =+C40/$K$40 -> 0.25733219 | D41: =+D40/$K$40 -> 0.070315376 | E41: =C41+D41 -> 0.32764756 | G41: =+G40/$K$40 -> 0.62486195 | H41: =+H40/$K$40 -> 0.04749049 | I41: =G41+H41 -> 0.67235244 | K41: =E41+I41 -> 1
B42: Fuente: Elaboración propia sobre la base de información del IPS.
B43: Nota: La información estadística reportada del número de solicitudes concesionadas, en trámite, rechazadas y anuladas varía mes a mes por actualización de cifras.

Sheet XII
A2: Subsecretaría de Previsión Social
A3: Dirección de Estudios Previsionales
B5: Número de Solicitudes de Beneficios del Pilar Solidario según tipo de beneficio - XII Región de Magallanes | M5: Volver Sistema de Pensiones Solidadias
B6: ='Solicitudes Regiones'!$B$6:$P$6 -> Acumuladas de julio de 2008 a noviembre de 2018
B8: Distribución Regional Solicitudes del Pilar Solidario - no incluye ex Pasis
B9: COMUNA | C9: TOTAL PBS Y APS
C10: PBSV | D10: PBSI | E10: Total PBS | F10: % PBS | G10: APSV | H10: APSI | I10: Total APS | J10: %APS | K10: Total PBS+APS
B11: PUNTA ARENAS | C11: 2816 | D11: 1102 | E11: =C11+D11 -> 3918 | F11: =E11/$E$22 -> 0.72488437 | G11: 9973 | H11: 485 | I11: =G11+H11 -> 10458 | J11: =I11/$I$22 -> 0.79468085 | K11: =E11+I11 -> 14376
B12: LAGUNA BLANCA | C12: 2 | D12: 0 | E12: =C12+D12 -> 2 | G12: 6 | H12: 0 | I12: =G12+H12 -> 6 | K12: =E12+I12 -> 8
B13: RIO VERDE | C13: 1 | D13: 0 | E13: =C13+D13 -> 1 | F13: =E13/$E$22 -> 0.00018501388 | G13: 3 | H13: 0 | I13: =G13+H13 -> 3 | J13: =I13/$I$22 -> 0.00022796353 | K13: =E13+I13 -> 4
B14: SAN GREGORIO | C14: 4 | D14: 0 | E14: =C14+D14 -> 4 | F14: =E14/$E$22 -> 0.0007400555 | G14: 12 | H14: 0 | I14: =G14+H14 -> 12 | J14: =I14/$I$22 -> 0.0009118541 | K14: =E14+I14 -> 16
B15: CABO DE HORNOS | C15: 9 | D15: 6 | E15: =C15+D15 -> 15 | G15: 56 | H15: 4 | I15: =G15+H15 -> 60 | K15: =E15+I15 -> 75
B16: LA ANTARTICA | C16: 0 | D16: 0 | E16: =C16+D16 -> 0 | F16: =E16/$E$22 -> 0 | G16: 2 | H16: 0 | I16: =G16+H16 -> 2 | J16: =I16/$I$22 -> 0.00015197568 | K16: =E16+I16 -> 2
B17: PORVENIR | C17: 131 | D17: 46 | E17: =C17+D17 -> 177 | F17: =E17/$E$22 -> 0.032747456 | G17: 474 | H17: 30 | I17: =G17+H17 -> 504 | J17: =I17/$I$22 -> 0.038297872 | K17: =E17+I17 -> 681
B18: PRIMAVERA | C18: 7 | D18: 2 | E18: =C18+D18 -> 9 | F18: =E18/$E$22 -> 0.0016651249 | G18: 33 | H18: 2 | I18: =G18+H18 -> 35 | J18: =I18/$I$22 -> 0.0026595745 | K18: =E18+I18 -> 44
B19: TIMAUKEL | C19: 1 | D19: 0 | E19: =C19+D19 -> 1 | F19: =E19/$E$22 -> 0.00018501388 | G19: 0 | H19: 0 | I19: =G19+H19 -> 0 | J19: =I19/$I$22 -> 0 | K19: =E19+I19 -> 1
B20: NATALES | C20: 938 | D20: 338 | E20: =C20+D20 -> 1276 | F20: =E20/$E$22 -> 0.23607771 | G20: 1982 | H20: 96 | I20: =G20+H20 -> 2078 | J20: =I20/$I$22 -> 0.15790274 | K20: =E20+I20 -> 3354
B21: TORRES DEL PAINE | C21: 2 | D21: 0 | E21: =C21+D21 -> 2 | G21: 2 | H21: 0 | I21: =G21+H21 -> 2 | K21: =E21+I21 -> 4
B22: Totales | C22: =SUM(C11:C21) -> 3911 | D22: =SUM(D11:D21) -> 1494 | E22: =C22+D22 -> 5405 | F22: =E22/$E$22 -> 1 | G22: =SUM(G11:G21) -> 12543 | H22: =SUM(H11:H21) -> 617 | I22: =G22+H22 -> 13160 | J22: =I22/$I$22 -> 1 | K22: =E22+I22 -> 18565
B23: % respecto del total de solicitudes | C23: =+C22/$K$22 -> 0.21066523 | D23: =+D22/$K$22 -> 0.08047401 | E23: =C23+D23 -> 0.29113924 | G23: =+G22/$K$22 -> 0.67562618 | H23: =+H22/$K$22 -> 0.033234581 | I23: =G23+H23 -> 0.70886076 | K23: =E23+I23 -> 1
B25: Número de Concesiones de Beneficios del Pilar Solidario según tipo de beneficio - XII Región de Magallanes
B26: ='Solicitudes Regiones'!$B$6:$P$6 -> Acumuladas de julio de 2008 a noviembre de 2018
B28: Concesiones del Pilar Solidario a nivel comunal
B29: COMUNA | C29: TOTAL PBS Y APS
C30: PBSV | D30: PBSI | E30: Total PBS | F30: % PBS | G30: APSV | H30: APSI | I30: Total APS | J30: %APS | K30: Total PBS+APS
B31: PUNTA ARENAS | C31: 2497 | D31: 755 | E31: =C31+D31 -> 3252 | F31: =E31/$E$42 -> 0.72314877 | G31: 7850 | H31: 386 | I31: =G31+H31 -> 8236 | J31: =I31/$I$42 -> 0.78926689 | K31: =E31+I31 -> 11488
B32: LAGUNA BLANCA | C32: 2 | D32: 0 | E32: =C32+D32 -> 2 | G32: 5 | H32: 0 | I32: =G32+H32 -> 5 | K32: =E32+I32 -> 7
B33: RIO VERDE | C33: 1 | D33: 0 | E33: =C33+D33 -> 1 | F33: =E33/$E$42 -> 0.00022237047 | G33: 3 | H33: 0 | I33: =G33+H33 -> 3 | J33: =I33/$I$42 -> 0.00028749401 | K33: =E33+I33 -> 4
B34: SAN GREGORIO | C34: 3 | D34: 0 | E34: =C34+D34 -> 3 | F34: =E34/$E$42 -> 0.00066711141 | G34: 10 | H34: 0 | I34: =G34+H34 -> 10 | J34: =I34/$I$42 -> 0.00095831337 | K34: =E34+I34 -> 13
B35: CABO DE HORNOS | C35: 9 | D35: 5 | E35: =C35+D35 -> 14 | G35: 41 | H35: 2 | I35: =G35+H35 -> 43 | K35: =E35+I35 -> 57
B36: LA ANTARTICA | C36: 0 | D36: 0 | E36: =C36+D36 -> 0 | F36: =E36/$E$42 -> 0 | G36: 2 | H36: 0 | I36: =G36+H36 -> 2 | J36: =I36/$I$42 -> 0.00019166267 | K36: =E36+I36 -> 2
B37: PORVENIR | C37: 115 | D37: 29 | E37: =C37+D37 -> 144 | F37: =E37/$E$42 -> 0.032021348 | G37: 389 | H37: 23 | I37: =G37+H37 -> 412 | J37: =I37/$I$42 -> 0.039482511 | K37: =E37+I37 -> 556
B38: PRIMAVERA | C38: 2 | D38: 2 | E38: =C38+D38 -> 4 | F38: =E38/$E$42 -> 0.00088948188 | G38: 26 | H38: 1 | I38: =G38+H38 -> 27 | J38: =I38/$I$42 -> 0.0025874461 | K38: =E38+I38 -> 31
B39: TIMAUKEL | C39: 1 | D39: 0 | E39: =C39+D39 -> 1 | F39: =E39/$E$42 -> 0.00022237047 | G39: 0 | H39: 0 | I39: =G39+H39 -> 0 | J39: =I39/$I$42 -> 0 | K39: =E39+I39 -> 1
B40: NATALES | C40: 859 | D40: 216 | E40: =C40+D40 -> 1075 | F40: =E40/$E$42 -> 0.23904825 | G40: 1624 | H40: 72 | I40: =G40+H40 -> 1696 | J40: =I40/$I$42 -> 0.16252995 | K40: =E40+I40 -> 2771
B41: TORRES DEL PAINE | C41: 1 | D41: 0 | E41: =C41+D41 -> 1 | G41: 1 | H41: 0 | I41: =G41+H41 -> 1 | K41: =E41+I41 -> 2
B42: Totales | C42: =SUM(C31:C41) -> 3490 | D42: =SUM(D31:D41) -> 1007 | E42: =C42+D42 -> 4497 | F42: =E42/$E$42 -> 1 | G42: =SUM(G31:G41) -> 9951 | H42: =SUM(H31:H41) -> 484 | I42: =G42+H42 -> 10435 | J42: =I42/$I$42 -> 1 | K42: =E42+I42 -> 14932
B43: % respecto del total de concesiones | C43: =+C42/$K$42 -> 0.23372623 | D43: =+D42/$K$42 -> 0.067439057 | E43: =C43+D43 -> 0.30116528 | G43: =+G42/$K$42 -> 0.66642111 | H43: =+H42/$K$42 -> 0.032413608 | I43: =G43+H43 -> 0.69883472 | K43: =E43+I43 -> 1
B44: Fuente: Elaboración propia sobre la base de información del IPS.
B45: Nota: La información estadística reportada del número de solicitudes concesionadas, en trámite, rechazadas y anuladas varía mes a mes por actualización de cifras.

Sheet XIII
A2: Subsecretaría de Previsión Social
A3: Dirección de Estudios Previsionales
B5: Número de Solicitudes de Beneficios del Pilar Solidario según tipo de beneficio - XIII Región Metropolitana | M5: Volver Sistema de Pensiones Solidadias
B6: ='Solicitudes Regiones'!$B$6:$P$6 -> Acumuladas de julio de 2008 a noviembre de 2018
B8: Distribución Regional Solicitudes del Pilar Solidario - no incluye ex Pasis
B9: COMUNA | C9: TOTAL PBS Y APS
C10: PBSV | D10: PBSI | E10: Total PBS | F10: % PBS | G10: APSV | H10: APSI | I10: Total APS | J10: %APS | K10: Total PBS+APS
B11: SANTIAGO | C11: 5185 | D11: 1509 | E11: =C11+D11 -> 6694 | F11: =E11/$E$63 -> 0.030424922 | G11: 17685 | H11: 755 | I11: =G11+H11 -> 18440 | J11: =I11/$I$63 -> 0.036470004 | K11: =E11+I11 -> 25134
B12: CERRILLOS | C12: 2104 | D12: 1258 | E12: =C12+D12 -> 3362 | F12: =E12/$E$63 -> 0.015280637 | G12: 6717 | H12: 297 | I12: =G12+H12 -> 7014 | J12: =I12/$I$63 -> 0.01387205 | K12: =E12+I12 -> 10376
B13: EL BOSQUE | C13: 5066 | D13: 2395 | E13: =C13+D13 -> 7461 | F13: =E13/$E$63 -> 0.033911016 | G13: 13858 | H13: 739 | I13: =G13+H13 -> 14597 | J13: =I13/$I$63 -> 0.02886945 | K13: =E13+I13 -> 22058
B14: HUECHURABA | C14: 2313 | D14: 1110 | E14: =C14+D14 -> 3423 | F14: =E14/$E$63 -> 0.015557889 | G14: 6349 | H14: 324 | I14: =G14+H14 -> 6673 | J14: =I14/$I$63 -> 0.013197632 | K14: =E14+I14 -> 10096
B15: INDEPENDENCIA | C15: 2257 | D15: 668 | E15: =C15+D15 -> 2925 | F15: =E15/$E$63 -> 0.013294427 | G15: 7628 | H15: 274 | I15: =G15+H15 -> 7902 | J15: =I15/$I$63 -> 0.015628307 | K15: =E15+I15 -> 10827
B16: LA CISTERNA | C16: 2831 | D16: 914 | E16: =C16+D16 -> 3745 | F16: =E16/$E$63 -> 0.017021412 | G16: 7658 | H16: 302 | I16: =G16+H16 -> 7960 | J16: =I16/$I$63 -> 0.015743017 | K16: =E16+I16 -> 11705
B17: LA PINTANA | C17: 4676 | D17: 2839 | E17: =C17+D17 -> 7515 | F17: =E17/$E$63 -> 0.034156452 | G17: 12666 | H17: 928 | I17: =G17+H17 -> 13594 | J17: =I17/$I$63 -> 0.02688575 | K17: =E17+I17 -> 21109
B18: LAS CONDES | C18: 3882 | D18: 750 | E18: =C18+D18 -> 4632 | F18: =E18/$E$63 -> 0.021052919 | G18: 11966 | H18: 309 | I18: =G18+H18 -> 12275 | J18: =I18/$I$63 -> 0.024277077 | K18: =E18+I18 -> 16907
B19: LO BARNECHEA | C19: 875 | D19: 329 | E19: =C19+D19 -> 1204 | F19: =E19/$E$63 -> 0.0054723044 | G19: 2521 | H19: 108 | I19: =G19+H19 -> 2629 | J19: =I19/$I$63 -> 0.0051995467 | K19: =E19+I19 -> 3833
B20: LO PRADO | C20: 3427 | D20: 1334 | E20: =C20+D20 -> 4761 | F20: =E20/$E$63 -> 0.021639237 | G20: 10881 | H20: 444 | I20: =G20+H20 -> 11325 | J20: =I20/$I$63 -> 0.022398199 | K20: =E20+I20 -> 16086
B21: MACUL | C21: 3106 | D21: 888 | E21: =C21+D21 -> 3994 | F21: =E21/$E$63 -> 0.018153143 | G21: 10494 | H21: 347 | I21: =G21+H21 -> 10841 | J21: =I21/$I$63 -> 0.021440961 | K21: =E21+I21 -> 14835
B22: PEDRO AGUIRRE CERDA | C22: 3657 | D22: 1590 | E22: =C22+D22 -> 5247 | F22: =E22/$E$63 -> 0.023848157 | G22: 11742 | H22: 531 | I22: =G22+H22 -> 12273 | J22: =I22/$I$63 -> 0.024273122 | K22: =E22+I22 -> 17520
... B62: LA FLORIDA | C62: 9276 | D62: 2680 | E62: =C62+D62 -> 11956 | F62: =E62/$E$63 -> 0.054341255 | G62: 29457 | H62: 1042 | I62: =G62+H62 -> 30499 | J62: =I62/$I$63 -> 0.060319884 | K62: =E62+I62 -> 42455
B63: Totales | C63: =SUM(C11:C62) -> 154956 | D63: =SUM(D11:D62) -> 65061 | E63: =C63+D63 -> 220017 | F63: =E63/$E$63 -> 1 | G63: =SUM(G11:G62) -> 483125 | H63: =SUM(H11:H62) -> 22496 | I63: =G63+H63 -> 505621 | J63: =I63/$I$63 -> 1 | K63: =E63+I63 -> 725638
B64: % respecto del total de solicitudes | C64: =+C63/$K$63 -> 0.21354449 | D64: =+D63/$K$63 -> 0.089660409 | E64: =C64+D64 -> 0.3032049 | G64: =+G63/$K$63 -> 0.66579341 | H64: =+H63/$K$63 -> 0.031001684 | I64: =G64+H64 -> 0.6967951 | K64: =E64+I64 -> 1
B66: Número de Concesiones de Beneficios del Pilar Solidario según tipo de beneficio - XIII Región Metropolitana
B67: ='Solicitudes Regiones'!$B$6:$P$6 -> Acumuladas de julio de 2008 a noviembre de 2018
B69: Concesiones del Pilar Solidario a nivel comunal
B70: COMUNA | C70: TOTAL PBS Y APS
C71: PBSV | D71: PBSI | E71: Total PBS | F71: % PBS | G71: APSV | H71: APSI | I71: Total APS | J71: %APS | K71: Total PBS+APS
B72: SANTIAGO | C72: 4516 | D72: 1002 | E72: =C72+D72 -> 5518 | F72: =E72/$E$124 -> 0.030828366 | G72: 14311 | H72: 624 | I72: =G72+H72 -> 14935 | J72: =I72/$I$124 -> 0.035277222 | K72: =E72+I72 -> 20453
B73: CERRILLOS | C73: 1820 | D73: 779 | E73: =C73+D73 -> 2599 | F73: =E73/$E$124 -> 0.014520283 | G73: 5527 | H73: 213 | I73: =G73+H73 -> 5740 | J73: =I73/$I$124 -> 0.013558169 | K73: =E73+I73 -> 8339
B74: EL BOSQUE | C74: 4507 | D74: 1494 | E74: =C74+D74 -> 6001 | F74: =E74/$E$124 -> 0.033526825 | G74: 11863 | H74: 627 | I74: =G74+H74 -> 12490 | J74: =I74/$I$124 -> 0.029502009 | K74: =E74+I74 -> 18491
B75: HUECHURABA | C75: 1973 | D75: 688 | E75: =C75+D75 -> 2661 | F75: =E75/$E$124 -> 0.014866669 | G75: 5217 | H75: 265 | I75: =G75+H75 -> 5482 | J75: =I75/$I$124 -> 0.01294876 | K75: =E75+I75 -> 8143
B76: INDEPENDENCIA | C76: 2044 | D76: 448 | E76: =C76+D76 -> 2492 | F76: =E76/$E$124 -> 0.013922488 | G76: 6515 | H76: 234 | I76: =G76+H76 -> 6749 | J76: =I76/$I$124 -> 0.015941478 | K76: =E76+I76 -> 9241
B77: LA CISTERNA | C77: 2563 | D77: 560 | E77: =C77+D77 -> 3123 | F77: =E77/$E$124 -> 0.017447805 | G77: 6491 | H77: 238 | I77: =G77+H77 -> 6729 | J77: =I77/$I$124 -> 0.015894237 | K77: =E77+I77 -> 9852
B78: LA PINTANA | C78: 4307 | D78: 1868 | E78: =C78+D78 -> 6175 | F78: =E78/$E$124 -> 0.034498941 | G78: 11128 | H78: 790 | I78: =G78+H78 -> 11918 | J78: =I78/$I$124 -> 0.028150916 | K78: =E78+I78 -> 18093
B79: LAS CONDES | C79: 2946 | D79: 595 | E79: =C79+D79 -> 3541 | F79: =E79/$E$124 -> 0.019783118 | G79: 8007 | H79: 226 | I79: =G79+H79 -> 8233 | J79: =I79/$I$124 -> 0.019446761 | K79: =E79+I79 -> 11774
B80: LO BARNECHEA | C80: 755 | D80: 223 | E80: =C80+D80 -> 978 | F80: =E80/$E$124 -> 0.0054639619 | G80: 2116 | H80: 74 | I80: =G80+H80 -> 2190 | J80: =I80/$I$124 -> 0.0051728903 | K80: =E80+I80 -> 3168
B81: LO PRADO | C81: 3087 | D81: 828 | E81: =C81+D81 -> 3915 | F81: =E81/$E$124 -> 0.021872608 | G81: 9301 | H81: 336 | I81: =G81+H81 -> 9637 | J81: =I81/$I$124 -> 0.022763079 | K81: =E81+I81 -> 13552
B82: MACUL | C82: 2778 | D82: 603 | E82: =C82+D82 -> 3381 | F82: =E82/$E$124 -> 0.018889218 | G82: 8940 | H82: 286 | I82: =G82+H82 -> 9226 | J82: =I82/$I$124 -> 0.021792277 | K82: =E82+I82 -> 12607
B83: PEDRO AGUIRRE CERDA | C83: 3303 | D83: 984 | E83: =C83+D83 -> 4287 | F83: =E83/$E$124 -> 0.023950925 | G83: 10074 | H83: 416 | I83: =G83+H83 -> 10490 | J83: =I83/$I$124 -> 0.024777908 | K83: =E83+I83 -> 14777
... B123: LA FLORIDA | C123: 7995 | D123: 1873 | E123: =C123+D123 -> 9868 | F123: =E123/$E$124 -> 0.055131264 | G123: 23326 | H123: 804 | I123: =G123+H123 -> 24130 | J123: =I123/$I$124 -> 0.056996275 | K123: =E123+I123 -> 33998
B124: Totales | C124: =SUM(C72:C123) -> 137371 | D124: =SUM(D72:D123) -> 41620 | E124: =C124+D124 -> 178991 | F124: =E124/$E$124 -> 1 | G124: =SUM(G72:G123) -> 405555 | H124: =SUM(H72:H123) -> 17806 | I124: =G124+H124 -> 423361 | J124: =I124/$I$124 -> 1 | K124: =E124+I124 -> 602352
B125: % respecto del total de concesiones | C125: =+C124/$K$124 -> 0.22805768 | D125: =+D124/$K$124 -> 0.069095811 | E125: =C125+D125 -> 0.29715349 | G125: =+G124/$K$124 -> 0.67328572 | H125: =+H124/$K$124 -> 0.029560788 | I125: =G125+H125 -> 0.70284651 | K125: =E125+I125 -> 1
B126: Fuente: Elaboración propia sobre la base de información del IPS.
B127: Nota: La información estadística reportada del número de solicitudes concesionadas, en trámite, rechazadas y anuladas varía mes a mes por actualización de cifras.

Sheet Índice BxH
A2: Subsecretaría de Previsión Social
A3: Dirección de Estudios Previsionales
B5: Estadísticas Bono por Hijo (BxH) | N5: Volver a Índice
B7: Introducción
B8: A continuación se entregan los principales cuadros sobre Bono por Hijo que contiene el Informe Estadístico Mensual del Pilar Solidario del mes de noviembre de 2018, incluyendo información de Solicitudes, Concesiones y Rechazos de Bono por hijo a nivel nacional, desde su implementación a la fecha, y las concesiones a nivel regional.
B10: Índice
B11: Concesiones de Bono por Hijo a nivel nacional, por mes, desde Agosto 2009 a septiembre 2018
B12: Solicitudes, Rechazos y concesiones a nivel nacional, por mes, desde Agosto 2009 a septiembre 2018
B13: Concesiones de Bono por Hijo a nivel regional en el mes de septiembre de 2018

Sheet Concesiones Mensuales BxH
A2: Subsecretaría de Previsión Social
A3: Dirección de Estudios Previsionales
B5: Número de concesiones de Bono por Hijo, según tipo de pago y mes
B6: Agosto 2009 a noviembre 2018
B8: Mes | C8: NÚMERO DE CONCESIONES DE BONO POR HIJO REALIZADAS CADA MES
C9: Pago Mensual Con PBS | E9: Pago Mensual Con APS | G9: Pago Único | I9: TOTAL
C10: Nº Beneficiarias | D10: Nº de Hijos | E10: Nº Beneficiarias | F10: Nº de Hijos | G10: Nº Beneficiarias | H10: Nº de Hijos | I10: Nº Beneficiarias | J10: Nº de Hijos (causantes)
B11: Ago-dic 2009 | I11: 23671 | J11: 102602
B12: 2010 | I12: 90591 | J12: 283345
B13: 2011 | I13: 105822 | J13: 430659
B14: 2012 | I14: 54727 | J14: 214792
B15: 41275 | C15: 1344 | D15: 5074 | E15: 84 | F15: 433 | G15: 1525 | H15: 5846 | I15: 2953 | J15: 11353
B16: 41306 | C16: 1353 | D16: 5003 | E16: 87 | F16: 397 | G16: 1589 | H16: 5817 | I16: 3029 | J16: 11217
B17: 41334 | C17: 1556 | D17: 5790 | E17: 83 | F17: 353 | G17: 1708 | H17: 5791 | I17: 3347 | J17: 11934
B18: 41365 | C18: 1076 | D18: 4086 | E18: 69 | F18: 271 | G18: 1727 | H18: 5901 | I18: 2872 | J18: 10258
B19: 41395 | C19: 920 | D19: 3380 | E19: 38 | F19: 168 | G19: 1182 | H19: 4056 | I19: 2140 | J19: 7604
B20: 41426 | C20: 911 | D20: 3309 | E20: 125 | F20: 648 | G20: 1778 | H20: 6154 | I20: 2814 | J20: 10111
B21: 41456 | C21: 1073 | D21: 3717 | E21: 75 | F21: 297 | G21: 1520 | H21: 5115 | I21: 2668 | J21: 9129
B22: 41487 | C22: 1037 | D22: 3504 | E22: 284 | F22: 1590 | G22: 2172 | H22: 6454 | I22: 3493 | J22: 11548
B23: 41518 | C23: 2257 | D23: 8307 | E23: 45 | F23: 183 | G23: 1509 | H23: 5003 | I23: 3811 | J23: 13493
B24: 41548 | C24: 2716 | D24: 10131 | E24: 147 | F24: 685 | G24: 1865 | H24: 6227 | I24: 4728 | J24: 17043
B25: 41579 | C25: 1624 | D25: 5781 | E25: 79 | F25: 348 | G25: 1639 | H25: 5415 | I25: 3342 | J25: 11544
B26: 41609 | C26: 1527 | D26: 5675 | E26: 77 | F26: 312 | G26: 1584 | H26: 4895 | I26: 3188 | J26: 10882
B27: 2013 | C27: 17394 | D27: 63757 | E27: 1193 | F27: 5685 | G27: 19798 | H27: 66674 | I27: =SUM(I15:I26) -> 38385 | J27: =SUM(J15:J26) -> 136116
B28: 41640 | C28: 1680 | D28: 6027 | E28: 52 | F28: 220 | G28: 1280 | H28: 4011 | I28: 3012 | J28: 10258
B29: 41671 | C29: 1550 | D29: 5590 | E29: 76 | F29: 318 | G29: 1520 | H29: 4945 | I29: 3146 | J29: 10853
B30: 41699 | C30: 1367 | D30: 4922 | E30: 99 | F30: 470 | G30: 1354 | H30: 4290 | I30: 2820 | J30: 9682
B31: 41730 | C31: 1713 | D31: 6039 | E31: 117 | F31: 534 | G31: 1841 | H31: 6029 | I31: 3671 | J31: 12602
B32: 41760 | C32: 1767 | D32: 6174 | E32: 124 | F32: 523 | G32: 1514 | H32: 4663 | I32: 3405 | J32: 11360
B33: 41791 | C33: 1613 | D33: 5821 | E33: 120 | F33: 517 | G33: 1715 | H33: 5301 | I33: 3448 | J33: 11639
B34: 41821 | C34: 1419 | D34: 4978 | E34: 88 | F34: 412 | G34: 1625 | H34: 5129 | I34: 3132 | J34: 10519
B35: 41852 | C35: 1494 | D35: 5380 | E35: 98 | F35: 469 | G35: 2110 | H35: 6696 | I35: =C35+E35+G35 -> 3702 | J35: =D35+F35+H35 -> 12545
B36: 41883 | C36: 2074 | D36: 6815 | E36: 153 | F36: 619 | G36: 1891 | H36: 5544 | I36: =C36+E36+G36 -> 4118 | J36: =D36+F36+H36 -> 12978
B37: 41913 | C37: 1793 | D37: 6196 | E37: 99 | F37: 453 | G37: 2822 | H37: 9121 | I37: =C37+E37+G37 -> 4714 | J37: =D37+F37+H37 -> 15770
B38: 41944 | C38: 1417 | D38: 5025 | E38: 119 | F38: 521 | G38: 2963 | H38: 9093 | I38: =C38+E38+G38 -> 4499 | J38: =D38+F38+H38 -> 14639
B39: 41974 | C39: 2023 | D39: 7131 | E39: 157 | F39: 606 | G39: 2407 | H39: 7565 | I39: =C39+E39+G39 -> 4587 | J39: =D39+F39+H39 -> 15302
B40: 2014 | C40: =SUM(C28:C39) -> 19910 | D40: =SUM(D28:D39) -> 70098 | E40: =SUM(E28:E39) -> 1302 | F40: =SUM(F28:F39) -> 5662 | G40: =SUM(G28:G39) -> 23042 | H40: =SUM(H28:H39) -> 72387 | I40: =SUM(I28:I39) -> 44254 | J40: =SUM(J28:J39) -> 148147
B41: 42005 | C41: 1303 | D41: 4627 | E41: 90 | F41: 407 | G41: 2299 | H41: 7138 | I41: =C41+E41+G41 -> 3692 | J41: =D41+F41+H41 -> 12172
B42: 42036 | C42: 1126 | D42: 4105 | E42: 68 | F42: 319 | G42: 1895 | H42: 5828 | I42: =C42+E42+G42 -> 3089 | J42: =D42+F42+H42 -> 10252
B43: 42064 | C43: 1509 | D43: 5148 | E43: 142 | F43: 601 | G43: 2308 | H43: 7031 | I43: =C43+E43+G43 -> 3959 | J43: =D43+F43+H43 -> 12780
B44: 42095 | C44: 1305 | D44: 4297 | E44: 154 | F44: 670 | G44: 2740 | H44: 8147 | I44: =C44+E44+G44 -> 4199 | J44: =D44+F44+H44 -> 13114
B45: 42125 | C45: 1328 | D45: 4634 | E45: 162 | F45: 698 | G45: 2387 | H45: 7056 | I45: =C45+E45+G45 -> 3877 | J45: =D45+F45+H45 -> 12388
B46: 42156 | C46: 1079 | D46: 3931 | E46: 121 | F46: 595 | G46: 2940 | H46: 8577 | I46: =C46+E46+G46 -> 4140 | J46: =D46+F46+H46 -> 13103
B47: 42186 | C47: 1562 | D47: 5243 | E47: 193 | F47: 896 | G47: 1660 | H47: 4806 | I47: =C47+E47+G47 -> 3415 | J47: =D47+F47+H47 -> 10945
B48: 42217 | C48: 1389 | D48: 4383 | E48: 321 | F48: 1453 | G48: 4348 | H48: 12994 | I48: =C48+E48+G48 -> 6058 | J48: =D48+F48+H48 -> 18830
B49: 42248 | C49: 2017 | D49: 7335 | E49: 176 | F49: 801 | G49: 2843 | H49: 8849 | I49: =C49+E49+G49 -> 5036 | J49: =D49+F49+H49 -> 16985
B50: 42278 | C50: 1395 | D50: 4572 | E50: 175 | F50: 799 | G50: 2605 | H50: 7454 | I50: =C50+E50+G50 -> 4175 | J50: =D50+F50+H50 -> 12825
B51: 42309 | C51: 1495 | D51: 5282 | E51: 166 | F51: 712 | G51: 3733 | H51: 10856 | I51: =C51+E51+G51 -> 5394 | J51: =D51+F51+H51 -> 16850
B52: 42339 | C52: 1645 | D52: 5189 | E52: 200 | F52: 809 | G52: 2771 | H52: 8572 | I52: =C52+E52+G52 -> 4616 | J52: =D52+F52+H52 -> 14570
B53: 2015 | C53: =SUM(C41:C52) -> 17153 | D53: =SUM(D41:D52) -> 58746 | E53: =SUM(E41:E52) -> 1968 | F53: =SUM(F41:F52) -> 8760 | G53: =SUM(G41:G52) -> 32529 | H53: =SUM(H41:H52) -> 97308 | I53: =SUM(I41:I52) -> 51650 | J53: =SUM(J41:J52) -> 164814
B54: 42370 | C54: 1402 | D54: 4801 | E54: 157 | F54: 645 | G54: 2531 | H54: 7419 | I54: =C54+E54+G54 -> 4090 | J54: =D54+F54+H54 -> 12865
B55: 42401 | C55: 964 | D55: 3139 | E55: 156 | F55: 644 | G55: 2723 | H55: 8130 | I55: =C55+E55+G55 -> 3843 | J55: =D55+F55+H55 -> 11913
B56: 42430 | C56: 1710 | D56: 5724 | E56: 238 | F56: 993 | G56: 3197 | H56: 9196 | I56: =C56+E56+G56 -> 5145 | J56: =D56+F56+H56 -> 15913
B57: 42461 | C57: 1579 | D57: 5412 | E57: 196 | F57: 787 | G57: 2640 | H57: 7635 | I57: =C57+E57+G57 -> 4415 | J57: =D57+F57+H57 -> 13834
B58: 42491 | C58: 1550 | D58: 5486 | E58: 180 | F58: 760 | G58: 2933 | H58: 8633 | I58: =C58+E58+G58 -> 4663 | J58: =D58+F58+H58 -> 14879
B59: 42522 | C59: 1015 | D59: 3452 | E59: 121 | F59: 555 | G59: 2658 | H59: 7478 | I59: =C59+E59+G59 -> 3794 | J59: =D59+F59+H59 -> 11485
B60: 42552 | C60: 1746 | D60: 6028 | E60: 157 | F60: 657 | G60: 2535 | H60: 7430 | I60: =C60+E60+G60 -> 4438 | J60: =D60+F60+H60 -> 14115
B61: 42583 | C61: 1390 | D61: 4511 | E61: 153 | F61: 578 | G61: 3151 | H61: 9173 | I61: =C61+E61+G61 -> 4694 | J61: =D61+F61+H61 -> 14262
B62: 42614 | C62: 1402 | D62: 4329 | E62: 196 | F62: 823 | G62: 2981 | H62: 8807 | I62: =C62+E62+G62 -> 4579 | J62: =D62+F62+H62 -> 13959
B63: 42644 | C63: 1480 | D63: 5044 | E63: 136 | F63: 536 | G63: 2791 | H63: 8111 | I63: =C63+E63+G63 -> 4407 | J63: =D63+F63+H63 -> 13691
B64: 42675 | C64: 1497 | D64: 5099 | E64: 128 | F64: 483 | G64: 2064 | H64: 6110 | I64: =C64+E64+G64 -> 3689 | J64: =D64+F64+H64 -> 11692
B65: 42705 | C65: 1565 | D65: 5550 | E65: 94 | F65: 399 | G65: 3636 | H65: 11125 | I65: =C65+E65+G65 -> 5295 | J65: =D65+F65+H65 -> 17074
B66: 2016 | C66: =SUM(C54:C65) -> 17300 | D66: =SUM(D54:D65) -> 58575 | E66: =SUM(E54:E65) -> 1912 | F66: =SUM(F54:F65) -> 7860 | G66: =SUM(G54:G65) -> 33840 | H66: =SUM(H54:H65) -> 99247 | I66: =SUM(I54:I65) -> 53052 | J66: =SUM(J54:J65) -> 165682
B67: 42736 | C67: 1578 | D67: 5100 | E67: 122 | F67: 478 | G67: 3277 | H67: 9466 | I67: =C67+E67+G67 -> 4977 | J67: =D67+F67+H67 -> 15044
B68: 42767 | C68: 1309 | D68: 4472 | E68: 118 | F68: 502 | G68: 3001 | H68: 8506 | I68: =C68+E68+G68 -> 4428 | J68: =D68+F68+H68 -> 13480
B69: 42795 | C69: 1433 | D69: 4492 | E69: 123 | F69: 484 | G69: 2598 | H69: 7750 | I69: =C69+E69+G69 -> 4154 | J69: =D69+F69+H69 -> 12726
B70: 42826 | C70: 1610 | D70: 5252 | E70: 163 | F70: 704 | G70: 2935 | H70: 8131 | I70: =C70+E70+G70 -> 4708 | J70: =D70+F70+H70 -> 14087
B71: 42856 | C71: 1418 | D71: 4341 | E71: 177 | F71: 637 | G71: 3318 | H71: 8846 | I71: =C71+E71+G71 -> 4913 | J71: =D71+F71+H71 -> 13824
B72: 42887 | C72: 1230 | D72: 4069 | E72: 108 | F72: 460 | G72: 2707 | H72: 8139 | I72: =C72+E72+G72 -> 4045 | J72: =D72+F72+H72 -> 12668
B73: 42917 | C73: 1191 | D73: 4093 | E73: 118 | F73: 524 | G73: 3460 | H73: 9428 | I73: =C73+E73+G73 -> 4769 | J73: =D73+F73+H73 -> 14045
B74: 42948 | C74: 1646 | D74: 5129 | E74: 226 | F74: 888 | G74: 3406 | H74: 9871 | I74: =C74+E74+G74 -> 5278 | J74: =D74+F74+H74 -> 15888
B75: 42979 | C75: 1788 | D75: 5884 | E75: 227 | F75: 1042 | G75: 1959 | H75: 5773 | I75: =C75+E75+G75 -> 3974 | J75: =D75+F75+H75 -> 12699
B76: 43009 | C76: 1600 | D76: 5166 | E76: 160 | F76: 678 | G76: 5186 | H76: 14719 | I76: =C76+E76+G76 -> 6946 | J76: =D76+F76+H76 -> 20563
B77: 43040 | C77: 1751 | D77: 5849 | E77: 177 | F77: 742 | G77: 3371 | H77: 9775 | I77: =C77+E77+G77 -> 5299 | J77: =D77+F77+H77 -> 16366
B78: 43070 | C78: 1618 | D78: 5288 | E78: 188 | F78: 708 | G78: 3152 | H78: 9366 | I78: =C78+E78+G78 -> 4958 | J78: =D78+F78+H78 -> 15362
B79: 2017 | C79: =SUM(C67:C78) -> 18172 | D79: =SUM(D67:D78) -> 59135 | E79: =SUM(E67:E78) -> 1907 | F79: =SUM(F67:F78) -> 7847 | G79: =SUM(G67:G78) -> 38370 | H79: =SUM(H67:H78) -> 109770 | I79: =SUM(I67:I78) -> 58449 | J79: =SUM(J67:J78) -> 176752
B80: 43101 | C80: 1487 | D80: 4777 | E80: 142 | F80: 567 | G80: 3378 | H80: 9267 | I80: =C80+E80+G80 -> 5007 | J80: =D80+F80+H80 -> 14611
B81: 43132 | C81: 1165 | D81: 3878 | E81: 171 | F81: 740 | G81: 4024 | H81: 10885 | I81: =C81+E81+G81 -> 5360 | J81: =D81+F81+H81 -> 15503
B82: 43160 | C82: 2460 | D82: 7692 | E82: 296 | F82: 1104 | G82: 3447 | H82: 9794 | I82: =C82+E82+G82 -> 6203 | J82: =D82+F82+H82 -> 18590
B83: 43191 | C83: 1488 | D83: 4979 | E83: 166 | F83: 699 | G83: 3596 | H83: 10022 | I83: =C83+E83+G83 -> 5250 | J83: =D83+F83+H83 -> 15700
B84: 43221 | C84: 1705 | D84: 5530 | E84: 178 | F84: 714 | G84: 3536 | H84: 9898 | I84: =C84+E84+G84 -> 5419 | J84: =D84+F84+H84 -> 16142
B85: 43252 | C85: 1717 | D85: 5500 | E85: 211 | F85: 885 | G85: 3371 | H85: 9458 | I85: =C85+E85+G85 -> 5299 | J85: =D85+F85+H85 -> 15843
B86: 43282 | C86: 1574 | D86: 4981 | E86: 176 | F86: 714 | G86: 3523 | H86: 9997 | I86: =C86+E86+G86 -> 5273 | J86: =D86+F86+H86 -> 15692
B87: 43313 | C87: 1786 | D87: 5797 | E87: 215 | F87: 865 | G87: 3741 | H87: 10742 | I87: =C87+E87+G87 -> 5742 | J87: =D87+F87+H87 -> 17404
B88: 43344 | C88: 1829 | D88: 5996 | E88: 210 | F88: 796 | G88: 4016 | H88: 11063 | I88: =C88+E88+G88 -> 6055 | J88: =D88+F88+H88 -> 17855
B89: 43374 | C89: 1908 | D89: 5933 | E89: 221 | F89: 853 | G89: 3862 | H89: 11406 | I89: =C89+E89+G89 -> 5991 | J89: =D89+F89+H89 -> 18192
B90: 43405 | C90: 1951 | D90: 6310 | E90: 210 | F90: 846 | G90: 4235 | H90: 12050 | I90: 6396 | J90: 19206
B91: A nov-18 | C91: =SUM(C80:C90) -> 19070 | D91: =SUM(D80:D90) -> 61373 | E91: =SUM(E80:E90) -> 2196 | F91: =SUM(F80:F90) -> 8783 | G91: =SUM(G80:G90) -> 40729 | H91: =SUM(H80:H90) -> 114582 | I91: =SUM(I80:I90) -> 61995 | J91: =SUM(J80:J90) -> 184738
B92: TOTAL

Sheet Solicitudes y Rechazos BxH
A2: Subsecretaría de Previsión Social
A3: Dirección de Estudios Previsionales
B5: Número de solicitudes y concesiones de Bono por Hijo, según mes | G5: Volver a Bono por Hijo
B6: Agosto 2009 a Noviembre 2018
B8: Solicitudes y Concesiones de Bono por Hijo, por mes
B9: Mes | C9: Número de Solicitudes Concedidas | D9: Número de Solicitudes Rechazadas | E9: Total Solicitudes
B11: Total 2009 | C11: 23671 | D11: S/I | E11: =SUM(C11:D11) -> 23671
B12: Total 2010 | C12: 90591 | D12: S/I | E12: =SUM(C12:D12) -> 90591
B13: Total 2011 | C13: 105822 | D13: S/I | E13: =SUM(C13:D13) -> 105822
B14: Total 2012 | C14: 54727 | D14: S/I | E14: =SUM(C14:D14) -> 54727
B15: Total 2013 | C15: 38385 | D15: S/I | E15: =SUM(C15:D15) -> 38385
B16: 41640 | C16: 3012 | D16: 385 | E16: 3397
B17: 41671 | C17: 3146 | D17: 307 | E17: 3453
B18: 41699 | C18: 2820 | D18: 401 | E18: 3221
B19: 41730 | C19: 3671 | D19: 837 | E19: 4508
B20: 41760 | C20: 3405 | D20: 637 | E20: 4042
B21: 41791 | C21: 3448 | D21: 551 | E21: 3999
B22: 41821 | C22: 3132 | D22: 431 | E22: 3563
B23: 41852 | C23: 3702 | D23: 437 | E23: 4139
B24: 41883 | C24: 4118 | D24: 391 | E24: 4509
B25: 41913 | C25: 4714 | D25: 491 | E25: 5205
B26: 41944 | C26: 4499 | D26: 402 | E26: 4901
B27: 41974 | C27: 4587 | D27: 501 | E27: 5088
B28: Total 2014 | C28: =SUM(C16:C27) -> 44254 | D28: =SUM(D16:D27) -> 5771 | E28: =SUM(E16:E27) -> 50025
B29: 42005 | C29: 3692 | D29: 452 | E29: =C29+D29 -> 4144
B30: 42036 | C30: 3089 | D30: 314 | E30: =C30+D30 -> 3403
B31: 42064 | C31: 3959 | D31: 437 | E31: =C31+D31 -> 4396
B32: 42095 | C32: 4199 | D32: 418 | E32: =C32+D32 -> 4617
B33: 42125 | C33: 3877 | D33: 527 | E33: =C33+D33 -> 4404
B34: 42156 | C34: 4140 | D34: 642 | E34: =C34+D34 -> 4782
B35: 42186 | C35: 3415 | D35: 391 | E35: =C35+D35 -> 3806
B36: 42217 | C36: 6058 | D36: 393 | E36: =C36+D36 -> 6451
B37: 42248 | C37: 5036 | D37: 579 | E37: =C37+D37 -> 5615
B38: 42278 | C38: 4175 | D38: 552 | E38: =C38+D38 -> 4727
B39: 42309 | C39: 5394 | D39: 555 | E39: =C39+D39 -> 5949
B40: 42339 | C40: 4616 | D40: 704 | E40: =C40+D40 -> 5320
B41: Total 2015 | C41: =SUM(C29:C40) -> 51650 | D41: =SUM(D29:D40) -> 5964 | E41: =SUM(E29:E40) -> 57614
B42: 42370 | C42: 4090 | D42: 834 | E42: =C42+D42 -> 4924
B43: 42401 | C43: 3843 | D43: 401 | E43: =C43+D43 -> 4244
B44: 42430 | C44: 5145 | D44: 878 | E44: =C44+D44 -> 6023
B45: 42461 | C45: 4415 | D45: 636 | E45: =C45+D45 -> 5051
B46: 42491 | C46: 4663 | D46: 700 | E46: =C46+D46 -> 5363
B47: 42522 | C47: 3794 | D47: 507 | E47: =C47+D47 -> 4301
B48: 42552 | C48: 4438 | D48: 635 | E48: =C48+D48 -> 5073
B49: 42583 | C49: 4694 | D49: 856 | E49: =C49+D49 -> 5550
B50: 42614 | C50: 4579 | D50: 914 | E50: =C50+D50 -> 5493
B51: 42644 | C51: 4407 | D51: 866 | E51: =C51+D51 -> 5273
B52: 42675 | C52: 3689 | D52: 1064 | E52: =C52+D52 -> 4753
B53: 42705 | C53: 5295 | D53: 451 | E53: =C53+D53 -> 5746
B54: Total 2016 | C54: =SUM(C42:C53) -> 53052 | D54: =SUM(D42:D53) -> 8742 | E54: =SUM(E42:E53) -> 61794
B55: 42736 | C55: 4977 | D55: 661 | E55: =C55+D55 -> 5638
B56: 42767 | C56: 4428 | D56: 663 | E56: =C56+D56 -> 5091
B57: 42795 | C57: 4154 | D57: 749 | E57: =C57+D57 -> 4903
B58: 42826 | C58: 4708 | D58: 760 | E58: =C58+D58 -> 5468
B59: 42856 | C59: 4913 | D59: 812 | E59: =C59+D59 -> 5725
B60: 42887 | C60: 4045 | D60: 1056 | E60: =C60+D60 -> 5101
B61: 42917 | C61: 4769 | D61: 753 | E61: =C61+D61 -> 5522
B62: 42948 | C62: 5278 | D62: 817 | E62: =C62+D62 -> 6095
B63: 42979 | C63: 3974 | D63: 593 | E63: =C63+D63 -> 4567
B64: 43009 | C64: 6946 | D64: 1191 | E64: =C64+D64 -> 8137
B65: 43040 | C65: 5299 | D65: 833 | E65: =C65+D65 -> 6132
B66: 43070 | C66: 4958 | D66: 795 | E66: =C66+D66 -> 5753
B67: Total 2017 | C67: =SUM(C55:C66) -> 58449 | D67: =SUM(D55:D66) -> 9683 | E67: =SUM(E55:E66) -> 68132
B68: 43101 | C68: 5007 | D68: 965 | E68: =C68+D68 -> 5972
B69: 43132 | C69: 5360 | D69: 944 | E69: =C69+D69 -> 6304
B70: 43160 | C70: 6203 | D70: 1124 | E70: 7327
B71: 43191 | C71: 5250 | D71: 775 | E71: =+C71+D71 -> 6025
B72: 43221 | C72: 5419 | D72: 628 | E72: =+C72+D72 -> 6047
B73: 43252 | C73: 5299 | D73: 848 | E73: =+C73+D73 -> 6147
B74: 43282 | C74: 5273 | D74: 633 | E74: =+C74+D74 -> 5906
B75: 43313 | C75: 5742 | D75: 364 | E75: =+C75+D75 -> 6106
B76: 43344 | C76: 6055 | D76: 488 | E76: =+C76+D76 -> 6543
B77: 43374 | C77: 5991 | D77: 513 | E77: 6504
B78: 43405 | C78: 6396 | D78: 416 | E78: 6812
B79: A nov-18 | C79: 61995 | D79: 7698 | E79: 69693
B80: TOTAL | C80: 582596 | E80: 620454
B82: Fuente: IPS
B83: Nota: Esta estadística reporta el dato del último mes disponible, no se actualizan los meses anteriores.
B84: S/I: Sin información

Sheet Concesiones Mensuales Regional
A2: Subsecretaría de Previsión Social
A3: Dirección de Estudios Previsionales
B5: Número de concesiones de Bono por Hijo según región y origen de la solicitud | K5: Volver a Bono por Hijo
B6: Noviembre de 2018
B8: Región | E8: Internas | G8: Externas | I8: Total
E9: PBS | F9: APS | G9: APS | H9: Cuota Única
B10: Arica y Parinacota | C10: XV | D10: Nº Beneficiarios | E10: 18 | G10: 1 | H10: 60 | I10: 79
D11: Nº de Causantes (hijos) | E11: 65 | G11: 4 | H11: 184 | I11: 253
B12: Tarapacá | C12: I | D12: Nº Beneficiarios | E12: 23 | G12: 3 | H12: 67 | I12: 93
D13: Nº de Causantes (hijos) | E13: 84 | G13: 13 | H13: 186 | I13: 283
B14: Antofagasta | C14: II | D14: Nº Beneficiarios | E14: 45 | G14: 5 | H14: 124 | I14: 174
D15: Nº de Causantes (hijos) | E15: 149 | G15: 23 | H15: 388 | I15: 560
B16: Atacama | C16: III | D16: Nº Beneficiarios | E16: 28 | F16: 2 | G16: 2 | H16: 70 | I16: 102
D17: Nº de Causantes (hijos) | E17: 84 | F17: 13 | G17: 12 | H17: 189 | I17: 298
B18: Coquimbo | C18: IV | D18: Nº Beneficiarios | E18: 106 | F18: 6 | G18: 10 | H18: 180 | I18: 302
D19: Nº de Causantes (hijos) | E19: 363 | F19: 42 | G19: 30 | H19: 530 | I19: 965
B20: Valparaíso | C20: V | D20: Nº Beneficiarios | E20: 188 | F20: 17 | G20: 11 | H20: 482 | I20: 698
D21: Nº de Causantes (hijos) | E21: 591 | F21: 67 | G21: 30 | H21: 1270 | I21: 1958
B22: B.O'Higgins | C22: VI | D22: Nº Beneficiarios | E22: 86 | F22: 7 | G22: 2 | H22: 292 | I22: 387
D23: Nº de Causantes (hijos) | E23: 264 | F23: 23 | G23: 5 | H23: 863 | I23: 1155
B24: Maule | C24: VII | D24: Nº Beneficiarios | E24: 131 | F24: 11 | G24: 6 | H24: 317 | I24: 465
D25: Nº de Causantes (hijos) | E25: 444 | F25: 36 | G25: 29 | H25: 976 | I25: 1485
B26: Bío Bío | C26: VIII | D26: Nº Beneficiarios | E26: 264 | F26: 21 | G26: 15 | H26: 402 | I26: 702
D27: Nº de Causantes (hijos) | E27: 859 | F27: 102 | G27: 53 | H27: 1163 | I27: 2177
B28: Ñuble | C28: XVI | D28: Nº Beneficiarios | E28: 44 | F28: 5 | G28: 1 | H28: 89 | I28: 139
D29: Nº de Causantes (hijos) | E29: 161 | F29: 30 | G29: 7 | H29: 238 | I29: 436
B30: Araucanía | C30: IX | D30: Nº Beneficiarios | E30: 178 | F30: 7 | G30: 5 | H30: 212 | I30: 402
D31: Nº de Causantes (hijos) | E31: 638 | F31: 27 | G31: 20 | H31: 636 | I31: 1321
B32: Los Ríos | C32: XIV | D32: Nº Beneficiarios | E32: 46 | F32: 2 | G32: 5 | H32: 120 | I32: 173
D33: Nº de Causantes (hijos) | E33: 152 | F33: 16 | G33: 19 | H33: 354 | I33: 541
B34: Los Lagos | C34: X | D34: Nº Beneficiarios | E34: 100 | F34: 3 | G34: 2 | H34: 196 | I34: 301
D35: Nº de Causantes (hijos) | E35: 309 | F35: 14 | G35: 8 | H35: 548 | I35: 879
B36: Aysén | C36: XI | D36: Nº Beneficiarios | E36: 4 | H36: 30 | I36: 34
D37: Nº de Causantes (hijos) | E37: 14 | H37: 100 | I37: 114
B38: Magallanes | C38: XII | D38: Nº Beneficiarios | E38: 9 | F38: 1 | H38: 41 | I38: 51
D39: Nº de Causantes (hijos) | E39: 32 | F39: 2 | H39: 96 | I39: 130
B40: Metropolitana | C40: XIII | D40: Nº Beneficiarios | E40: 681 | F40: 19 | G40: 41 | H40: 1553 | I40: 2294
D41: Nº de Causantes (hijos) | E41: 2101 | F41: 69 | G41: 152 | H41: 4329 | I41: 6651
B42: TOTAL | D42: Nº Beneficiarios | E42: 1951 | F42: 101 | G42: 109 | H42: 4235 | I42: 6396
D43: Nº de Causantes (hijos) | E43: 6310 | F43: 441 | G43: 405 | H43: 12050 | I43: 19206

Sheet Índice STJ
A2: Subsecretaría de Previsión Social
A3: Dirección de Estudios Previsionales
B5: Estadísticas Subsidio Previsional a los Trabajadores Jóvenes (STJ) | N5: Volver a Índice
B7: Introducción
B8: A continuación se entregan los principales cuadros sobre el Subsidio Previsional a los Trabajadores Jóvenes del Informe Estadístico Mensual del Pilar Solidario a noviembre de 2018
B9: Se entrega información de los subsidios a la contratación y a la cotización.
B11: Índice
B12: Solicitudes del Subsidio a la Contratación por parte del empleador, por mes, desde Octubre 2008 a noviembre 2018
B13: Solicitudes de subsidio a la contratación, según estado de la solicitud, por mes, desde enero 2012 a noviembre 2018
B14: Solicitudes del Subsidio a la cotización según sexo, por mes, julio 2011 a noviembre 2018
B15: Solicitudes del subsidio a la cotización, según estado de las solicitudes, sexo, por mes, desde julio 2011 a noviembre 2018
B16: Subsidios pagados según tipo de subsidio, por mes, desde abril 2009 a noviembre 2018

Sheet Contratación Solicitudes
A2: Subsecretaría de Previsión Social
A3: Dirección de Estudios Previsionales
B5: Número de solicitudes del Subsidio a la Contratación por parte del empleador, según sexo y mes | H5: Volver a Subsidio Previsional a los Trabajadores Jóvenes
B6: Octubre de 2008 a noviembre 2018
B8: MES | C8: TOTAL SOLICITUDES CADA MES (Subsidio a la Contratación)
C9: Total Solicitudes | D9: Total Trabajadores | F9: Total
D10: Mujeres | E10: Hombres
B11: Oct. a Dic. 2008 | C11: 333
B12: 2009 | C12: 2105
B13: 2010 | C13: 1759
B14: 2011 | C14: 1026
B15: 2012 | C15: 807 | F15: =4799+6387+5277+4788+3887+4506+3139+8888+9643+3804+9793+10267 -> 75178
B16: 41275 | C16: 58 | F16: 10513
B17: 41306 | C17: 55 | F17: 8811
B18: 41334 | C18: 64 | F18: 11072
B19: 41365 | C19: 66 | F19: 9568
B20: 41395 | C20: 60 | F20: 9423
B21: 41426 | C21: 54 | F21: 10541
B22: 41456 | C22: 58 | F22: 10315
B23: 41487 | C23: 58 | F23: 9741
B24: 41518 | C24: 50 | F24: 9232
B25: 41548 | C25: 48 | F25: 9928
B26: 41579 | C26: 28 | F26: 6195
B27: 41609 | C27: 55 | F27: 8859
B28: 2013 | C28: =SUM(C16:C27) -> 654 | F28: =SUM(F16:F27) -> 114198
B29: 41640 | C29: 57 | F29: 10003
B30: 41671 | C30: 36 | F30: 8116
B31: 41699 | C31: 43 | F31: 3794
B32: 41730 | C32: 44 | F32: 5833
B33: 41760 | C33: 47 | F33: 3916
B34: 41791 | C34: 48 | F34: 3251
B35: 41821 | C35: 47 | F35: 3190
B36: 41852 | C36: 44 | F36: 3136
B37: 41883 | C37: 41 | F37: 2928
B38: 41913 | C38: 34 | F38: 2732
B39: 41944 | C39: 25 | F39: 3936
B40: 41974 | C40: 47 | F40: 3018
B41: 2014 | C41: =SUM(C29:C40) -> 513 | F41: =SUM(F29:F40) -> 53853
B42: 42005 | C42: 40 | F42: 2343
B43: 42036 | C43: 37 | F43: 2758
B44: 42064 | C44: 39 | F44: 2319
B45: 42095 | C45: 33 | F45: 1250
B46: 42125 | C46: 31 | F46: 1952
B47: 42156 | C47: 38 | F47: 1536
B48: 42186 | C48: 33 | F48: 2640
B49: 42217 | C49: 37 | F49: 1723
B50: 42248 | C50: 40 | F50: 2602
B51: 42278 | C51: 39 | F51: 2691
B52: 42309 | C52: 37 | F52: 2518
B53: 42339 | C53: 33 | F53: 2358
B54: 2015 | C54: =SUM(C42:C53) -> 437 | F54: =SUM(F42:F53) -> 26690
B55: 42370 | C55: 33 | F55: 3308
B56: 42401 | C56: 33 | F56: 2327
B57: 42430 | C57: 40 | F57: 2621
B58: 42461 | C58: 39 | F58: 2495
B59: 42491 | C59: 40 | D59: 1000 | E59: 1038 | F59: =D59+E59 -> 2038
B60: 42522 | C60: 37 | D60: S/I | E60: S/I | F60: 1960
B61: 42552 | C61: 46 | D61: 1739 | E61: 1498 | F61: =D61+E61 -> 3237
B62: 42583 | C62: 47 | D62: 1262 | E62: 1077 | F62: =D62+E62 -> 2339
B63: 42614 | C63: 38 | D63: 1119 | E63: 1309 | F63: =D63+E63 -> 2428
B64: 42644 | C64: 36 | D64: 943 | E64: 705 | F64: =D64+E64 -> 1648
B65: 42675 | C65: 42 | D65: 2225 | E65: 1770 | F65: =D65+E65 -> 3995
B66: 42705 | C66: 50 | D66: 3021 | E66: 2296 | F66: =D66+E66 -> 5317
B67: 2016 | C67: =SUM(C55:C66) -> 481 | F67: =SUM(F55:F66) -> 33713
B68: 42736 | C68: 40 | D68: 2335 | E68: 1830 | F68: =D68+E68 -> 4165
B69: 42767 | C69: 32 | D69: 2075 | E69: 1511 | F69: =D69+E69 -> 3586
B70: 42795 | C70: 37 | D70: 922 | E70: 763 | F70: =D70+E70 -> 1685
B71: 42826 | C71: 27 | D71: 464 | E71: 377 | F71: =D71+E71 -> 841
B72: 42856 | C72: 36 | D72: 870 | E72: 555 | F72: =D72+E72 -> 1425
B73: 42887 | C73: 38 | D73: 479 | E73: 437 | F73: =D73+E73 -> 916
B74: 42917 | C74: 31 | D74: 544 | E74: 385 | F74: =D74+E74 -> 929
B75: 42948 | C75: 34 | D75: 715 | E75: 414 | F75: =D75+E75 -> 1129
B76: 42979 | C76: 36 | D76: 680 | E76: 537 | F76: =D76+E76 -> 1217
B77: 43009 | C77: 33 | D77: 503 | E77: 374 | F77: =D77+E77 -> 877
B78: 43040 | C78: 40 | D78: 676 | E78: 640 | F78: =D78+E78 -> 1316
B79: 43070 | C79: 56 | D79: 742 | E79: 697 | F79: =D79+E79 -> 1439
B80: 2017 | C80: =SUM(C68:C79) -> 440 | D80: =SUM(D68:D79) -> 11005 | E80: =SUM(E68:E79) -> 8520 | F80: =SUM(F68:F79) -> 19525
B81: 43101 | C81: 46 | D81: 1310 | E81: 1294 | F81: =D81+E81 -> 2604
B82: 43132 | C82: 61 | D82: 1107 | E82: 809 | F82: =D82+E82 -> 1916
B83: 43160 | C83: 44 | D83: 861 | E83: 608 | F83: =D83+E83 -> 1469
B84: 43191 | C84: 39 | D84: 653 | E84: 498 | F84: =D84+E84 -> 1151
B85: 43221 | C85: 40 | D85: 965 | E85: 663 | F85: 1628
B86: 43252 | C86: 55 | D86: 836 | E86: 774 | F86: =D86+E86 -> 1610
B87: 43282 | C87: 54 | D87: 1124 | E87: 980 | F87: =D87+E87 -> 2104
B88: 43313 | C88: 74 | D88: 1725 | E88: 1398 | F88: =D88+E88 -> 3123
B89: 43344 | C89: 50 | D89: 1229 | E89: 1067 | F89: =D89+E89 -> 2296
B90: 43374 | C90: 31 | D90: 1359 | E90: 477 | F90: =D90+E90 -> 1836
B91: 43405 | C91: 21 | D91: 1224 | E91: 699 | F91: =D91+E91 -> 1923
B92: A nov-18 | C92: =SUM(C81:C91) -> 515 | D92: =SUM(D81:D91) -> 12393 | E92: =SUM(E81:E91) -> 9267 | F92: =SUM(F81:F90) -> 19737
B93: TOTAL | C93: =C11+C12+C13+C14+C15+C28+C41+C54+C67+C80+C92 -> 9070 | F93: =F11+F12+F13+F14+F15+F28+F41+F54+F67+F80+F92 -> 342894
B95: Fuente: IPS
B96: Nota: El Subsidio a la Contratación comenzó a pagarse en marzo de 2009 Esta estadística reporta el dato del último mes disponible, no se actualizan los meses anteriores.

Sheet Contratación Trámite
A2: Subsecretaría de Previsión Social
A3: Dirección de Estudios Previsionales
B5: Número de solicitudes de subsidio a la contratación, según estado de la solicitud y mes | H5: Volver a Subsidio Previsional a los Trabajadores Jóvenes
B6: Enero de 2012 a noviembre de 2018
B8: MES | C8: ESTADO DE LAS SOLICITUDES (Subsidio a la Contratación)
C9: CONCEDIDAS | D9: RECHAZADAS | E9: EN TRÁMITE | F9: TOTAL
B10: Ene. a Dic. 2012 | C10: 114 | D10: 539 | E10: 154 | F10: =SUM(C10:E10) -> 807
B11: 41275 | C11: 8 | D11: 38 | E11: 12 | F11: =SUM(C11:E11) -> 58
B12: 41306 | C12: 5 | D12: 35 | E12: 15 | F12: =SUM(C12:E12) -> 55
B13: 41334 | C13: 10 | D13: 42 | E13: 12 | F13: =SUM(C13:E13) -> 64
B14: 41365 | C14: 10 | D14: 41 | E14: 15 | F14: =SUM(C14:E14) -> 66
B15: 41395 | C15: 6 | D15: 43 | E15: 11 | F15: =SUM(C15:E15) -> 60
B16: 41426 | C16: 6 | D16: 34 | E16: 14 | F16: =SUM(C16:E16) -> 54
B17: 41456 | C17: 4 | D17: 42 | E17: 12 | F17: =SUM(C17:E17) -> 58
B18: 41487 | C18: 7 | D18: 39 | E18: 12 | F18: =SUM(C18:E18) -> 58
B19: 41518 | C19: 5 | D19: 33 | E19: 12 | F19: =SUM(C19:E19) -> 50
B20: 41548 | C20: 3 | D20: 28 | E20: 17 | F20: =SUM(C20:E20) -> 48
B21: 41579 | C21: 3 | D21: 18 | E21: 7 | F21: =SUM(C21:E21) -> 28
B22: 41609 | C22: 7 | D22: 37 | E22: 11 | F22: =SUM(C22:E22) -> 55
B23: Ene. a Dic. 2013 | C23: =SUM(C11:C22) -> 74 | D23: =SUM(D11:D22) -> 430 | E23: =SUM(E11:E22) -> 150 | F23: =SUM(F11:F22) -> 654
B24: 41640 | C24: 7 | D24: 32 | E24: 18 | F24: =SUM(C24:E24) -> 57
B25: 41671 | C25: 3 | D25: 24 | E25: 9 | F25: =C25+D25+E25 -> 36
B26: 41699 | C26: 7 | D26: 21 | E26: 15 | F26: =C26+D26+E26 -> 43
B27: 41730 | C27: 9 | D27: 25 | E27: 10 | F27: =C27+D27+E27 -> 44
B28: 41760 | C28: 7 | D28: 29 | E28: 11 | F28: =C28+D28+E28 -> 47
B29: 41791 | C29: 0 | D29: 31 | E29: 17 | F29: =C29+D29+E29 -> 48
B30: 41821 | C30: 3 | D30: 29 | E30: 15 | F30: =C30+D30+E30 -> 47
B31: 41852 | C31: 5 | D31: 30 | E31: 9 | F31: =C31+D31+E31 -> 44
B32: 41883 | C32: 2 | D32: 39 | F32: =C32+D32+E32 -> 41
B33: 41913 | C33: 5 | D33: 29 | F33: =C33+D33+E33 -> 34
B34: 41944 | C34: 1 | D34: 20 | E34: 4 | F34: =C34+D34+E34 -> 25
B35: 41974 | C35: 4 | D35: 38 | E35: 5 | F35: =C35+D35+E35 -> 47
B36: Ene. a Dic. 2014 | C36: =SUM(C24:C35) -> 53 | D36: =SUM(D24:D35) -> 347 | E36: =SUM(E24:E35) -> 113 | F36: =C36+D36+E36 -> 513
B37: 42005 | C37: 2 | D37: 26 | E37: 12 | F37: =C37+D37+E37 -> 40
B38: 42036 | C38: 1 | D38: 21 | E38: 15 | F38: =C38+D38+E38 -> 37
B39: 42064 | C39: 7 | D39: 24 | E39: 8 | F39: =C39+D39+E39 -> 39
B40: 42095 | C40: 7 | D40: 21 | E40: 5 | F40: =C40+D40+E40 -> 33
B41: 42125 | D41: 18 | E41: 13 | F41: =C41+D41+E41 -> 31
B42: 42156 | C42: 5 | D42: 22 | E42: 11 | F42: =C42+D42+E42 -> 38
B43: 42186 | C43: 1 | D43: 22 | E43: 10 | F43: =C43+D43+E43 -> 33
B44: 42217 | C44: 4 | D44: 27 | E44: 6 | F44: =C44+D44+E44 -> 37
B45: 42248 | C45: 1 | D45: 32 | E45: 7 | F45: =C45+D45+E45 -> 40
B46: 42278 | C46: 9 | D46: 21 | E46: 9 | F46: =C46+D46+E46 -> 39
B47: 42309 | C47: 7 | D47: 26 | E47: 4 | F47: =C47+D47+E47 -> 37
B48: 42339 | C48: 6 | D48: 21 | E48: 6 | F48: =C48+D48+E48 -> 33
B49: Total a Dic-15 | C49: =SUM(C37:C48) -> 50 | D49: =SUM(D37:D48) -> 281 | E49: =SUM(E37:E48) -> 106 | F49: =SUM(F37:F48) -> 437
B50: 42370 | C50: 4 | D50: 19 | E50: 10 | F50: =C50+D50+E50 -> 33
B51: 42401 | C51: 17 | D51: 16 | E51: 0 | F51: =C51+D51+E51 -> 33
B52: 42430 | C52: 14 | D52: 13 | E52: 13 | F52: =C52+D52+E52 -> 40
B53: 42461 | C53: 8 | D53: 19 | E53: 12 | F53: =C53+D53+E53 -> 39
B54: 42491 | C54: 7 | D54: 21 | E54: 12 | F54: =C54+D54+E54 -> 40
B55: 42522 | C55: 7 | D55: 19 | E55: 11 | F55: =C55+D55+E55 -> 37
B56: 42552 | C56: 18 | D56: 16 | E56: 12 | F56: =C56+D56+E56 -> 46
B57: 42583 | C57: 12 | D57: 18 | E57: 17 | F57: =C57+D57+E57 -> 47
B58: 42614 | C58: 6 | D58: 19 | E58: 13 | F58: =C58+D58+E58 -> 38
B59: 42644 | C59: 10 | D59: 15 | E59: 11 | F59: =C59+D59+E59 -> 36
B60: 42675 | C60: 14 | D60: 16 | E60: 12 | F60: =C60+D60+E60 -> 42
B61: 42705 | C61: 14 | D61: 16 | E61: 20 | F61: =C61+D61+E61 -> 50
B62: Total a Dic-16 | C62: =SUM(C50:C61) -> 131 | D62: =SUM(D50:D61) -> 207 | E62: =SUM(E50:E61) -> 143 | F62: =SUM(F50:F61) -> 481
B63: 42736 | C63: 8 | D63: 17 | E63: 15 | F63: =C63+D63+E63 -> 40
B64: 42767 | C64: 9 | D64: 11 | E64: 12 | F64: =C64+D64+E64 -> 32
B65: 42795 | C65: 9 | D65: 13 | E65: 15 | F65: =C65+D65+E65 -> 37
B66: 42826 | C66: 3 | D66: 17 | E66: 7 | F66: =C66+D66+E66 -> 27
B67: 42856 | C67: 8 | D67: 18 | E67: 10 | F67: =C67+D67+E67 -> 36
B68: 42887 | C68: 12 | D68: 19 | E68: 7 | F68: =C68+D68+E68 -> 38
B69: 42917 | C69: 8 | D69: 12 | E69: 11 | F69: =C69+D69+E69 -> 31
B70: 42948 | C70: 10 | D70: 13 | E70: 11 | F70: =C70+D70+E70 -> 34
B71: 42979 | C71: 10 | D71: 9 | E71: 17 | F71: =C71+D71+E71 -> 36
B72: 43009 | C72: 6 | D72: 14 | E72: 13 | F72: =C72+D72+E72 -> 33
B73: 43040 | C73: 5 | D73: 23 | E73: 12 | F73: =C73+D73+E73 -> 40
B74: 43070 | C74: 19 | D74: 22 | E74: 15 | F74: =C74+D74+E74 -> 56
B75: Total a Dic-17 | C75: =SUM(C63:C74) -> 107 | D75: =SUM(D63:D74) -> 188 | E75: =SUM(E63:E74) -> 145 | F75: =C75+D75+E75 -> 440
B76: 43101 | C76: 13 | D76: 23 | E76: 10 | F76: =C76+D76+E76 -> 46
B77: 43132 | C77: 16 | D77: 22 | E77: 23 | F77: =C77+D77+E77 -> 61
B78: 43160 | C78: 14 | D78: 19 | E78: 11 | F78: =C78+D78+E78 -> 44
B79: 43191 | C79: 10 | D79: 18 | E79: 11 | F79: =C79+D79+E79 -> 39
B80: 43221 | C80: 22 | D80: 9 | E80: 9 | F80: =C80+D80+E80 -> 40
B81: 43252 | C81: 27 | D81: 18 | E81: 10 | F81: =C81+D81+E81 -> 55
B82: 43282 | C82: 15 | D82: 20 | E82: 19 | F82: =C82+D82+E82 -> 54
B83: 43313 | C83: 17 | D83: 40 | E83: 17 | F83: =C83+D83+E83 -> 74
B84: 43344 | C84: 16 | D84: 31 | E84: 3 | F84: =C84+D84+E84 -> 50
B85: 43374 | C85: 4 | D85: 22 | E85: 5 | F85: =C85+D85+E85 -> 31
B86: 43405 | C86: 3 | D86: 16 | E86: 2 | F86: =C86+D86+E86 -> 21
B87: A nov-18 | C87: =SUM(C76:C86) -> 157 | D87: =SUM(D76:D86) -> 238 | E87: =SUM(E76:E86) -> 120 | F87: =SUM(F76:F86) -> 515
B89: Fuente: IPS
B90: Nota: Esta estadística reporta el dato del último mes disponible, no se actualizan los meses anteriores.

Sheet Cotización Solicitudes
A2: Subsecretaría de Previsión Social
A3: Dirección de Estudios Previsionales
B5: Número de solicitudes del Subsidio a la cotización según sexo y mes | G5: Volver a Subsidio Previsional a los Trabajadores Jóvenes
B6: Julio de 2011 a noviembre de 2018
B8: MES | C8: TOTAL SOLICITUDES CADA MES (Subsidio a la Cotización)
C9: Mujeres | D9: Hombres | E9: TOTAL
B10: Jul. a Dic. 2011 | E10: =105378+4602+2837+2889+4557+2387 -> 122650
B11: 2012 | E11: 32605
B12: 41275 | E12: 2532
B13: 41306 | E13: 2439
B14: 41334 | E14: 2431
B15: 41365 | E15: 1851
B16: 41395 | E16: 2369
B17: 41426 | E17: 2281
B18: 41456 | E18: 2297
B19: 41487 | E19: 1478
B20: 41518 | E20: 1310
B21: 41548 | E21: 1141
B22: 41579 | E22: 925
B23: 41609 | E23: 2271
B24: 2013 | E24: =SUM(E12:E23) -> 23325
B25: 41640 | E25: 2624
B26: 41671 | E26: 1598
B27: 41699 | E27: 1914
B28: 41730 | E28: 1065
B29: 41760 | E29: 1919
B30: 41791 | E30: 1580
B31: 41821 | E31: 1542
B32: 41852 | E32: 1606
B33: 41883 | E33: 2676
B34: 41913 | E34: 2626
B35: 41944 | E35: 2422
B36: 41974 | E36: 1349
B37: 2014 | E37: =SUM(E25:E36) -> 22921
B38: 42005 | E38: 2382
B39: 42036 | E39: 3962
B40: 42064 | E40: 2652
B41: 42095 | E41: 3302
B42: 42125 | E42: 1564
B43: 42156 | E43: 2459
B44: 42186 | E44: 1307
B45: 42217 | E45: 2005
B46: 42248 | E46: 1605
B47: 42278 | E47: 5170
B48: 42309 | E48: 2737
B49: 42339 | E49: 1802
B50: 2015 | E50: =SUM(E38:E49) -> 30947
B51: 42370 | E51: 3979
B52: 42401 | E52: 4366
B53: 42430 | E53: 2056
B54: 42461 | E54: 2454
B55: 42491 | C55: 1021 | D55: 834 | E55: =C55+D55 -> 1855
B56: 42522 | C56: 983 | D56: 924 | E56: =C56+D56 -> 1907
B57: 42552 | C57: 1011 | D57: 872 | E57: =C57+D57 -> 1883
B58: 42583 | C58: 2375 | D58: 1728 | E58: =C58+D58 -> 4103
B59: 42614 | C59: 993 | D59: 820 | E59: =C59+D59 -> 1813
B60: 42644 | C60: 783 | D60: 848 | E60: =C60+D60 -> 1631
B61: 42675 | C61: 497 | D61: 326 | E61: =C61+D61 -> 823
B62: 42705 | C62: 1219 | D62: 923 | E62: =C62+D62 -> 2142
B63: 2016 | E63: =SUM(E51:E62) -> 29012
B64: 42736 | C64: 1817 | D64: 1272 | E64: =C64+D64 -> 3089
B65: 42767 | C65: 1645 | D65: 1289 | E65: =C65+D65 -> 2934
B66: 42795 | C66: 1362 | D66: 1006 | E66: =C66+D66 -> 2368
B67: 42826 | C67: 718 | D67: 604 | E67: =C67+D67 -> 1322
B68: 42856 | C68: 762 | D68: 531 | E68: =C68+D68 -> 1293
B69: 42887 | C69: 919 | D69: 611 | E69: =C69+D69 -> 1530
B70: 42917 | C70: 956 | D70: 639 | E70: =C70+D70 -> 1595
B71: 42948 | C71: 751 | D71: 503 | E71: =C71+D71 -> 1254
B72: 42979 | C72: 863 | D72: 564 | E72: =C72+D72 -> 1427
B73: 43009 | C73: 352 | D73: 264 | E73: =C73+D73 -> 616
B74: 43040 | C74: 561 | D74: 386 | E74: =C74+D74 -> 947
B75: 43070 | C75: 660 | D75: 615 | E75: =C75+D75 -> 1275
B76: 2017 | C76: =SUM(C64:C75) -> 11366 | D76: =SUM(D64:D75) -> 8284 | E76: =SUM(E64:E75) -> 19650
B77: 43101 | C77: 777 | D77: 678 | E77: =C77+D77 -> 1455
B78: 43132 | C78: 979 | D78: 837 | E78: =C78+D78 -> 1816
B79: 43160 | C79: 1375 | D79: 894 | E79: =C79+D79 -> 2269
B80: 43191 | C80: 1043 | D80: 596 | E80: =C80+D80 -> 1639
B81: 43221 | C81: 760 | D81: 451 | E81: =C81+D81 -> 1211
B82: 43252 | C82: 1059 | D82: 680 | E82: =C82+D82 -> 1739
B83: 43282 | C83: 968 | D83: 597 | E83: =C83+D83 -> 1565
B84: 43313 | C84: 1231 | D84: 879 | E84: =C84+D84 -> 2110
B85: 43344 | C85: 1614 | D85: 1116 | E85: =C85+D85 -> 2730
B86: 43374 | C86: 1026 | D86: 810 | E86: =C86+D86 -> 1836
B87: 43405 | C87: 655 | D87: 330 | E87: =C87+D87 -> 985
B88: A nov-18 | C88: =SUM(C77:C87) -> 11487 | D88: =SUM(D77:D87) -> 7868 | E88: =SUM(E77:E87) -> 19355
B89: TOTAL | E89: =E10+E11+E24+E37+E50+E63+E76+E88 -> 300465
B90: Nota: A partir del 1 de julio de 2011 comenzó a pagarse el Subsidio a la Cotización. Esta estadística reporta el dato del último mes disponible, no se actualizan los meses anteriores.

Sheet Cotización Trámite
A2: Subsecretaría de Previsión Social
A3: Dirección de Estudios Previsionales
B5: Número mensual de solicitudes del subsidio a la cotización, según estado de las solicitudes, sexo y mes | N5: Volver a Subsidio Previsional a los Trabajadores Jóvenes
B6: Julio de 2011 a noviembre de 2018
B8: PERIODO | C8: ESTADO DE LAS SOLICITUDES (Subsidio a la Cotización)
C9: CONCEDIDAS | F9: RECHAZADAS | I9: EN TRÁMITE | L9: TOTAL
C10: Mujeres | D10: Hombres | E10: Total | F10: Mujeres | G10: Hombres | H10: Total | I10: Mujeres | J10: Hombres | K10: Total
B11: Jul. a Dic. 2011 | E11: =104069+4050+2362+2539+4084+2107 -> 119211 | H11: =1303+54+38+22+19+21 -> 1457 | K11: =6+498+437+328+454+259 -> 1982 | L11: =E11+H11+K11 -> 122650
B12: 2012 | E12: 24495 | H12: 248 | K12: 7862 | L12: =E12+H12+K12 -> 32605
B13: 41275 | E13: 1593 | H13: 15 | K13: 924 | L13: =E13+H13+K13 -> 2532
B14: 41306 | E14: 1468 | H14: 22 | K14: 949 | L14: =E14+H14+K14 -> 2439
B15: 41334 | E15: 1784 | H15: 16 | K15: 631 | L15: =E15+H15+K15 -> 2431
B16: 41365 | E16: 1305 | H16: 44 | K16: 502 | L16: =E16+H16+K16 -> 1851
B17: 41395 | E17: 1777 | H17: 10 | K17: 582 | L17: =E17+H17+K17 -> 2369
B18: 41426 | E18: 1540 | H18: 16 | K18: 725 | L18: =E18+H18+K18 -> 2281
B19: 41456 | E19: 1026 | H19: 10 | K19: 1261 | L19: =E19+H19+K19 -> 2297
B20: 41487 | E20: 610 | H20: 14 | K20: 854 | L20: =E20+H20+K20 -> 1478
B21: 41518 | E21: 816 | H21: 1 | K21: 493 | L21: =E21+H21+K21 -> 1310
B22: 41548 | E22: 485 | H22: 2 | K22: 654 | L22: =E22+H22+K22 -> 1141
B23: 41579 | E23: 480 | H23: 2 | K23: 443 | L23: =E23+H23+K23 -> 925
B24: 41609 | E24: 1157 | H24: 6 | K24: 1108 | L24: =E24+H24+K24 -> 2271
B25: 2013 | E25: =SUM(E13:E24) -> 14041 | H25: =SUM(H13:H24) -> 158 | K25: =SUM(K13:K24) -> 9126 | L25: =SUM(L13:L24) -> 23325
B26: 41640 | E26: 1358 | H26: 5 | K26: 1261 | L26: =E26+H26+K26 -> 2624
B27: 41671 | E27: 746 | H27: 4 | K27: 848 | L27: =E27+H27+K27 -> 1598
B28: 41699 | E28: 1052 | H28: 10 | K28: 852 | L28: =E28+H28+K28 -> 1914
B29: 41730 | E29: 549 | H29: 4 | K29: 512 | L29: =E29+H29+K29 -> 1065
B30: 41760 | E30: 773 | H30: 9 | K30: 1137 | L30: =E30+H30+K30 -> 1919
B31: 41791 | E31: 660 | H31: 15 | K31: 905 | L31: =E31+H31+K31 -> 1580
B32: 41821 | E32: 881 | H32: 15 | K32: 646 | L32: =E32+H32+K32 -> 1542
B33: 41852 | E33: 825 | H33: 28 | K33: 753 | L33: =E33+H33+K33 -> 1606
B34: 41883 | E34: 1489 | H34: 41 | K34: 1146 | L34: =E34+H34+K34 -> 2676
B35: 41913 | E35: 1667 | H35: 132 | K35: 827 | L35: =E35+H35+K35 -> 2626
B36: 41944 | E36: 1332 | H36: 22 | K36: 1068 | L36: =E36+H36+K36 -> 2422
B37: 41974 | E37: 500 | H37: 14 | K37: 835 | L37: =E37+H37+K37 -> 1349
B38: 2014 | E38: =SUM(E26:E37) -> 11832 | H38: =SUM(H26:H37) -> 299 | K38: =SUM(K26:K37) -> 10790 | L38: =SUM(L26:L37) -> 22921
B39: 42005 | E39: 38 | H39: 896 | K39: 1448 | L39: =E39+H39+K39 -> 2382
B40: 42036 | E40: 1411 | H40: 90 | K40: 2461 | L40: =E40+H40+K40 -> 3962
B41: 42064 | E41: 1147 | H41: 78 | K41: 1427 | L41: =E41+H41+K41 -> 2652
B42: 42095 | E42: 1650 | H42: 172 | K42: 1480 | L42: =E42+H42+K42 -> 3302
B43: 42125 | E43: 1272 | H43: 123 | K43: 169 | L43: =E43+H43+K43 -> 1564
B44: 42156 | E44: 1877 | H44: 135 | K44: 447 | L44: =E44+H44+K44 -> 2459
B45: 42186 | E45: 1030 | H45: 110 | K45: 167 | L45: =E45+H45+K45 -> 1307
B46: 42217 | E46: 1674 | H46: 113 | K46: 218 | L46: =E46+H46+K46 -> 2005
B47: 42248 | E47: 1313 | H47: 136 | K47: 156 | L47: =E47+H47+K47 -> 1605
B48: 42278 | E48: 5045 | H48: 104 | K48: 21 | L48: =E48+H48+K48 -> 5170
B49: 42309 | E49: 1924 | H49: 764 | K49: 49 | L49: =E49+H49+K49 -> 2737
B50: 42339 | E50: 1346 | H50: 239 | K50: 217 | L50: =E50+H50+K50 -> 1802
B51: 2015 | E51: =SUM(E39:E50) -> 19727 | H51: =SUM(H39:H50) -> 2960 | K51: =SUM(K39:K50) -> 8260 | L51: =SUM(L39:L50) -> 30947
B52: 42370 | E52: 3773 | H52: 149 | K52: 57 | L52: =E52+H52+K52 -> 3979
B53: 42401 | E53: 4253 | H53: 113 | K53: 0 | L53: =E53+H53+K53 -> 4366
B54: 42430 | E54: 2016 | H54: 25 | K54: 15 | L54: =E54+H54+K54 -> 2056
B55: 42461 | E55: 2405 | H55: 33 | K55: 16 | L55: =E55+H55+K55 -> 2454
B56: 42491 | C56: 996 | D56: 817 | E56: =C56+D56 -> 1813 | F56: 17 | G56: 17 | H56: =F56+G56 -> 34 | I56: 8 | J56: 0 | K56: =I56+J56 -> 8 | L56: =E56+H56+K56 -> 1855
B57: 42522 | C57: 957 | D57: 898 | E57: =C57+D57 -> 1855 | F57: 15 | G57: 21 | H57: =F57+G57 -> 36 | I57: 11 | J57: 5 | K57: =I57+J57 -> 16 | L57: =E57+H57+K57 -> 1907
B58: 42552 | C58: 977 | D58: 835 | E58: =C58+D58 -> 1812 | F58: 24 | G58: 24 | H58: =F58+G58 -> 48 | I58: 10 | J58: 13 | K58: =I58+J58 -> 23 | L58: =E58+H58+K58 -> 1883
B59: 42583 | C59: 2266 | D59: 1640 | E59: =C59+D59 -> 3906 | F59: 90 | G59: 73 | H59: =F59+G59 -> 163 | I59: 19 | J59: 15 | K59: =I59+J59 -> 34 | L59: =E59+H59+K59 -> 4103
B60: 42614 | C60: 948 | D60: 779 | E60: =C60+D60 -> 1727 | F60: 42 | G60: 41 | H60: =F60+G60 -> 83 | I60: 3 | J60: 0 | K60: =I60+J60 -> 3 | L60: =E60+H60+K60 -> 1813
B61: 42644 | C61: 770 | D61: 832 | E61: =C61+D61 -> 1602 | F61: 13 | G61: 16 | H61: =F61+G61 -> 29 | I61: 0 | J61: 0 | K61: =I61+J61 -> 0 | L61: =E61+H61+K61 -> 1631
B62: 42675 | C62: 484 | D62: 317 | E62: =C62+D62 -> 801 | F62: 12 | G62: 9 | H62: =F62+G62 -> 21 | I62: 0 | J62: 0 | K62: =I62+J62 -> 0 | L62: =E62+H62+K62 -> 822
B63: 42705 | C63: 1057 | D63: 797 | E63: =C63+D63 -> 1854 | F63: 156 | G63: 126 | H63: =F63+G63 -> 282 | I63: 6 | J63: 0 | K63: =I63+J63 -> 6 | L63: =E63+H63+K63 -> 2142
B64: 2016 | E64: =SUM(E52:E63) -> 27817 | H64: =SUM(H52:H63) -> 1016 | K64: =SUM(K52:K63) -> 178 | L64: =SUM(L52:L63) -> 29011
B65: 42736 | C65: 1709 | D65: 1188 | E65: =C65+D65 -> 2897 | F65: 87 | G65: 62 | H65: =F65+G65 -> 149 | I65: 21 | J65: 22 | K65: =I65+J65 -> 43 | L65: =E65+H65+K65 -> 3089
B66: 42767 | C66: 1599 | D66: 1237 | E66: =C66+D66 -> 2836 | F66: 35 | G66: 42 | H66: =F66+G66 -> 77 | I66: 11 | J66: 10 | K66: =I66+J66 -> 21 | L66: =E66+H66+K66 -> 2934
B67: 42795 | C67: 1281 | D67: 949 | E67: =C67+D67 -> 2230 | F67: 63 | G67: 47 | H67: =F67+G67 -> 110 | I67: 18 | J67: 10 | K67: =I67+J67 -> 28 | L67: =E67+H67+K67 -> 2368
B68: 42826 | C68: 694 | D68: 578 | E68: =C68+D68 -> 1272 | F68: 16 | G68: 19 | H68: =F68+G68 -> 35 | I68: 8 | J68: 7 | K68: =I68+J68 -> 15 | L68: =E68+H68+K68 -> 1322
B69: 42856 | C69: 698 | D69: 493 | E69: =C69+D69 -> 1191 | F69: 13 | G69: 3 | H69: =F69+G69 -> 16 | I69: 45 | J69: 41 | K69: =I69+J69 -> 86 | L69: =E69+H69+K69 -> 1293
B70: 42887 | C70: 891 | D70: 581 | E70: =C70+D70 -> 1472 | F70: 18 | G70: 18 | H70: =F70+G70 -> 36 | I70: 10 | J70: 12 | K70: =I70+J70 -> 22 | L70: =E70+H70+K70 -> 1530
B71: 42917 | C71: 857 | D71: 571 | E71: =C71+D71 -> 1428 | F71: 15 | G71: 14 | H71: =F71+G71 -> 29 | I71: 84 | J71: 54 | K71: =I71+J71 -> 138 | L71: =E71+H71+K71 -> 1595
B72: 42948 | C72: 697 | D72: 460 | E72: =C72+D72 -> 1157 | F72: 11 | G72: 9 | H72: =F72+G72 -> 20 | I72: 43 | J72: 34 | K72: =I72+J72 -> 77 | L72: =E72+H72+K72 -> 1254
B73: 42979 | C73: 850 | D73: 547 | E73: =C73+D73 -> 1397 | F73: 1 | G73: 3 | H73: =F73+G73 -> 4 | I73: 12 | J73: 14 | K73: =I73+J73 -> 26 | L73: =E73+H73+K73 -> 1427
B74: 43009 | C74: 305 | D74: 234 | E74: =C74+D74 -> 539 | F74: 11 | G74: 11 | H74: =F74+G74 -> 22 | I74: 36 | J74: 19 | K74: =I74+J74 -> 55 | L74: =E74+H74+K74 -> 616
B75: 43040 | C75: 524 | D75: 369 | E75: =C75+D75 -> 893 | F75: 15 | G75: 6 | H75: =F75+G75 -> 21 | I75: 22 | J75: 11 | K75: =I75+J75 -> 33 | L75: =E75+H75+K75 -> 947
B76: 43070 | C76: 638 | D76: 595 | E76: =C76+D76 -> 1233 | F76: 17 | G76: 15 | H76: =F76+G76 -> 32 | I76: 5 | J76: 5 | K76: =I76+J76 -> 10 | L76: =E76+H76+K76 -> 1275
B77: 2017 | E77: =SUM(E65:E76) -> 18545 | H77: =SUM(H65:H76) -> 551 | K77: =SUM(K65:K76) -> 554 | L77: =SUM(L65:L76) -> 19650
B78: 43101 | C78: 755 | D78: 663 | E78: =C78+D78 -> 1418 | F78: 14 | G78: 12 | H78: =F78+G78 -> 26 | I78: 8 | J78: 3 | K78: =I78+J78 -> 11 | L78: =E78+H78+K78 -> 1455
B79: 43132 | C79: 908 | D79: 778 | E79: =C79+D79 -> 1686 | F79: 16 | G79: 9 | H79: =F79+G79 -> 25 | I79: 55 | J79: 50 | K79: =I79+J79 -> 105 | L79: =E79+H79+K79 -> 1816
B80: 43160 | C80: 1306 | D80: 853 | E80: =C80+D80 -> 2159 | F80: 34 | G80: 26 | H80: =F80+G80 -> 60 | I80: 35 | J80: 15 | K80: =I80+J80 -> 50 | L80: =E80+H80+K80 -> 2269
B81: 43191 | C81: 1004 | D81: 564 | E81: =C81+D81 -> 1568 | F81: 19 | G81: 14 | H81: =F81+G81 -> 33 | I81: 20 | J81: 18 | K81: =I81+J81 -> 38 | L81: =E81+H81+K81 -> 1639
B82: 43221 | C82: 717 | D82: 410 | E82: =C82+D82 -> 1127 | F82: 17 | G82: 15 | H82: =F82+G82 -> 32 | I82: 26 | J82: 26 | K82: =I82+J82 -> 52 | L82: =E82+H82+K82 -> 1211
B83: 43252 | C83: 1018 | D83: 658 | E83: =C83+D83 -> 1676 | F83: 18 | G83: 12 | H83: =F83+G83 -> 30 | I83: 23 | J83: 10 | K83: =I83+J83 -> 33 | L83: =E83+H83+K83 -> 1739
B84: 43282 | C84: 845 | D84: 604 | E84: =C84+D84 -> 1449 | F84: 17 | G84: 33 | H84: =F84+G84 -> 50 | I84: 35 | J84: 31 | K84: =I84+J84 -> 66 | L84: =E84+H84+K84 -> 1565
B85: 43313 | C85: 1178 | D85: 821 | E85: =C85+D85 -> 1999 | F85: 20 | G85: 30 | H85: =F85+G85 -> 50 | I85: 33 | J85: 28 | K85: =I85+J85 -> 61 | L85: =E85+H85+K85 -> 2110
B86: 43344 | C86: 1529 | D86: 1059 | E86: =C86+D86 -> 2588 | F86: 40 | G86: 42 | H86: =F86+G86 -> 82 | I86: 45 | J86: 15 | K86: =I86+J86 -> 60 | L86: =E86+H86+K86 -> 2730
B87: 43374 | C87: 978 | D87: 757 | E87: =C87+D87 -> 1735 | F87: 21 | G87: 40 | H87: =F87+G87 -> 61 | I87: 27 | J87: 13 | K87: =I87+J87 -> 40 | L87: =E87+H87+K87 -> 1836
B88: 43405 | C88: 583 | D88: 278 | E88: =C88+D88 -> 861 | F88: 9 | G88: 8 | H88: =F88+G88 -> 17 | I88: 63 | J88: 44 | K88: =I88+J88 -> 107 | L88: =E88+H88+K88 -> 985
B89: A nov-18 | E89: =SUM(E78:E88) -> 18266 | H89: =SUM(H78:H88) -> 466 | K89: =SUM(K78:K88) -> 623 | L89: =SUM(L78:LL88) -> 19355
B90: Fuente: IPS

Sheet Subsidios Pagados
A2: Subsecretaría de Previsión Social
A3: Dirección de Estudios Previsionales
B5: Número de subsidios pagados según tipo de subsidio | J5: Volver a Subsidio Previsional a los Trabajadores Jóvenes
B6: Marzo 2009 a noviembre 2018
B8: Mes | C8: Subsidio a la Contratación | E8: Subsidio a la Cotización
C9: Número de subsidios pagados | D9: Número de empleadores que recibieron pago en el mes | E9: Número de subsidios pagados | F9: Número de trabajadores que recibieron pago en el mes
F10: Hombre | G10: Mujer | H10: Total Trabajadores
B11: 39873 | C11: 10625 | D11: 174 | E11: -
B12: 39904 | C12: 6095 | D12: 194 | E12: -
B13: 39934 | C13: 7497 | D13: 290 | E13: -
B14: 39965 | C14: 8878 | D14: 241 | E14: -
B15: 39995 | C15: 13580 | D15: 349 | E15: -
B16: 40026 | C16: 9451 | D16: 290 | E16: -
B17: 40057 | C17: 16175 | D17: 423 | E17: -
B18: 40087 | C18: 21738 | D18: 442 | E18: -
B19: 40118 | C19: 20687 | D19: 464 | E19: -
B20: 40148 | C20: 19925 | D20: 464 | E20: -
B21: 40179 | C21: 14517 | D21: 460 | E21: -
B22: 40210 | C22: 21073 | D22: 461 | E22: -
... B40: 40756 | C40: 810 | D40: 59 | E40: -
B41: 40787 | C41: 476 | D41: 65 | E41: 1634 | H41: 1620
B42: 40817 | C42: 1568 | D42: 75 | E42: 5036 | H42: 4518
B43: 40848 | C43: 906 | D43: 39 | E43: 12015 | H43: 10939
B44: 40878 | C44: 1270 | D44: 71 | E44: 22261 | H44: 21512
B45: 40909 | C45: 1221 | D45: 65 | E45: 24129 | H45: 20099
B46: 40940 | C46: 902 | D46: 58 | E46: 22063 | H46: 19781
B47: 40969 | C47: 2605 | D47: 58 | E47: 36966 | H47: 28773
B48: 41000 | C48: 982 | D48: 44 | E48: 16479 | H48: 16232
B49: 41030 | C49: 3220 | D49: 72 | E49: 28814 | H49: 23849
B50: 41061 | C50: 1267 | D50: 49 | E50: 25375 | H50: 22057
B51: 41091 | C51: 1000 | D51: 53 | E51: 23209 | H51: 21672
B52: 41122 | C52: 1130 | D52: 58 | E52: 21429 | H52: 20285
... B96: 42461 | C96: 285 | D96: 18 | E96: 5659 | H96: 5480
B97: 42491 | C97: 288 | D97: 16 | E97: 6651 | F97: 2372 | G97: 3426 | H97: =F97+G97 -> 5798
B98: jun-16* | C98: 21 | D98: 15 | E98: 5426 | F98: 2742 | G98: 2014 | H98: =F98+G98 -> 4756
B99: 42552 | C99: 9 | D99: 9 | E99: 3253 | F99: 1620 | G99: 1416 | H99: =F99+G99 -> 3036
B100: 42583 | C100: 13 | D100: 10 | E100: 3343 | F100: 1688 | G100: 1336 | H100: =F100+G100 -> 3024
B101: 42614 | C101: 16 | D101: 11 | E101: 3298 | F101: 1715 | G101: 1358 | H101: =F101+G101 -> 3073
B102: 42644 | C102: 28 | D102: 12 | E102: 3465 | F102: 1819 | G102: 1455 | H102: =F102+G102 -> 3274
B103: 42675 | C103: 38 | D103: 13 | E103: 3225 | F103: 1699 | G103: 1369 | H103: =F103+G103 -> 3068
B104: 42705 | C104: 48 | D104: 20 | E104: 2951 | F104: 1530 | G104: 1273 | H104: =F104+G104 -> 2803
B105: 42736 | C105: 28 | D105: 16 | E105: 4231 | F105: 2288 | G105: 1377 | H105: =F105+G105 -> 3665
B106: 42767 | C106: 40 | D106: 21 | E106: 2725 | F106: 1411 | G106: 1152 | H106: =F106+G106 -> 2563
B107: 42795 | C107: 51 | D107: 19 | E107: 2482 | F107: 1321 | G107: 1042 | H107: =F107+G107 -> 2363
B108: 42826 | C108: 52 | D108: 16 | E108: 2908 | F108: 1304 | G108: 1301 | H108: =F108+G108 -> 2605
B109: 42856 | C109: 33 | D109: 11 | E109: 2762 | F109: 1396 | G109: 1203 | H109: =F109+G109 -> 2599
B110: jun-17** | C110: 4096 | D110: 40 | E110: 176735 | F110: 29918 | G110: 21206 | H110: =F110+G110 -> 51124
B111: 42917 | C111: 6517 | D111: 46 | E111: 93102 | F111: 22383 | G111: 16060 | H111: =F111+G111 -> 38443
B112: 42948 | C112: 7909 | D112: 49 | E112: 2314 | F112: 999 | G112: 1181 | H112: =F112+G112 -> 2180
B113: 42979 | C113: 2045 | D113: 33 | E113: 37486 | F113: 14569 | G113: 9638 | H113: =F113+G113 -> 24207
B114: 43009 | C114: 1138 | D114: 31 | E114: 33256 | F114: 15883 | G114: 9130 | H114: =F114+G114 -> 25013
B115: 43040 | C115: 989 | D115: 32 | E115: 26590 | F115: 12842 | G115: 8080 | H115: =F115+G115 -> 20922
B116: 43070 | C116: 1027 | D116: 26 | E116: 18586 | F116: 10315 | G116: 7147 | H116: =F116+G116 -> 17462
B117: 43101 | C117: 1354 | D117: 30 | E117: 18570 | F117: 10476 | G117: 7039 | H117: =F117+G117 -> 17515
B118: 43132 | C118: 1044 | D118: 26 | E118: 12624 | F118: 4546 | G118: 7245 | H118: =F118+G118 -> 11791
B119: 43160 | C119: 923 | D119: 42 | E119: 19233 | F119: 10727 | G119: 7306 | H119: =F119+G119 -> 18033
B120: 43191 | C120: 1496 | D120: 53 | E120: 27469 | F120: 9262 | G120: 12706 | H120: =F120+G120 -> 21968
B121: 43221 | C121: 1099 | D121: 44 | E121: 19923 | F121: 11003 | G121: 7814 | H121: =F121+G121 -> 18817
B122: 43252 | C122: 2919 | D122: 53 | E122: 33135 | F122: 12977 | G122: 8927 | H122: =F122+G122 -> 21904
... B126: 43374 | C126: 1166 | D126: 64 | E126: 18153 | F126: 9884 | G126: 6728 | H126: =F126+G126 -> 16612
B127: 43405 | C127: 684 | D127: S/I | E127: 22023 | F127: 7542 | G127: 10985 | H127: =F127+G127 -> 18527
B129: Notas:
B130: A partir del 1 de julio de 2011 comenzó a solicitarse el subsidio a la Cotización.
B131: El número de subsidios pagados podría ser mayor que el número de trabajadores que originan el beneficio por cuanto algunos de ellos podrían tener más de un empleo con subsidio. Además incluye pagos retroactivos.
B132: S/I: Sin Información.
B133: * Con fecha febrero 2016 Fonasa puso término al convenio de recaudación que mantenía con IPS.
B134: A contar de esa fecha, es el propio Fondo de Salud, quien efectúa a través de Previred la recaudación de las cotizaciones de salud. Por este motivo, IPS no cuenta con la información del pago de salud efectuado a través de Previred, sólo dispone de la información de la recaudación manual y de otros portales de recaudación. En estos momentos se encuentra en tramitación un convenio de transferencia de datos con Fonasa que permita a IPS volver a operar con normalidad distintos procesos como el STJ.
B135: ** En el mes de Junio 2017, el IPS cursó pagos retroactivos de Subsidios a la Contratación y Cotización. Esto fue parte del proceso de regularización de pagos que no se habían cursado por falta de información para otorgan el beneficio.
