Workbook

Sheet Indice General
B1: Subsecretaría de Previsión Social Dirección de Estudios Previsionales
B9: Informe trimestral del Pilar No Contributivo
B10: Trimestre JAS 2024
B12: I. Pago de Beneficios del Pilar No Contributivo
B13: 1. Total de beneficios pagados del Pilar No Contributivo a nivel nacional
B14: 2. Total de beneficios pagados del Pilar No Contributivo a nivel regional
B15: 3. Pagos Pensión Garantizada Universal (PGU)
B16: 4. Pagos Pensión Básica Solidaria (PBS)
B17: 5. Pagos Aporte Previsional Solidario (APS)
B19: II. Estado de solicitudes
B20: 1. Solicitudes del Pilar No Contributivo a nivel nacional
B21: 2. Solicitudes del Pilar No Contributivo a nivel regional y comunal
... B33: 3. Subsidio a la Cotización de Trabajadores Jóvenes

Sheet I. Beneficios pagados
B1: Subsecretaría de Previsión Social Dirección de Estudios Previsionales
B9: I. Pago de Beneficios del Pilar No Contributivo
B10: Trimestre JAS 2024
B12: 1. Total de beneficios pagados del Pilar No Contributivo a nivel nacional
B13: i. Resumen trimestral de beneficios pagados, por tipo de beneficio y sexo
B14: ii. Serie resumen de pagos de beneficios acumulados, por tipo de beneficio
B16: 2. Total de beneficios pagados del Pilar No Contributivo a nivel regional
B17: i. Resumen trimestral de beneficios pagados, por región, tipo de beneficio y sexo
B19: 3. Pagos Pensión Garantizada Universal (PGU)
B20: i. Resumen trimestral de beneficios pagados, por tipo de beneficio y sexo
B21: ii. Serie resumen de pagos de beneficios acumulado, por tipo de beneficio y sexo
B23: 4. Pagos Pensión Básica Solidaria (PBS)
... B29: ii. Serie resumen de pagos de beneficios acumulado, por tipo de beneficio y sexo

Sheet dinamica pgu
A1: PERIODO | B1: (Varios elementos)
A3: Etiquetas de fila
A4: oct
A5: Suma de PGU_NC_Mujer_n | B5: 322141
A6: Suma de PGU_NC_hombre_N | B6: 109963
A7: Suma de PGU_C_Mujer_N | B7: 686334
A8: Suma de PGU_C_hombre_N | B8: 563950
A9: nov
A10: Suma de PGU_NC_Mujer_n | B10: 327443
A11: Suma de PGU_NC_hombre_N | B11: 121585
A12: Suma de PGU_C_Mujer_N | B12: 704099
A13: Suma de PGU_C_hombre_N | B13: 584193
A14: dic
A15: Suma de PGU_NC_Mujer_n | B15: 329180
A16: Suma de PGU_NC_hombre_N | B16: 125728
A17: Suma de PGU_C_Mujer_N | B17: 717919
A18: Suma de PGU_C_hombre_N | B18: 594890
A22: PERIODO | B22: (Varios elementos)
A24: Etiquetas de fila
A25: oct
A26: Suma de PGU_NC_Mujer_Nom | B26: 62098940
A27: Suma de PGU_NC_hombre_Nom | B27: 21312758
A28: Suma de PGU_C_Mujer_Nom | B28: 1.3198656e+08
A29: Suma de PGU_C_hombre_Nom | B29: 1.0801488e+08
A30: nov
A31: Suma de PGU_NC_Mujer_Nom | B31: 63080933
A32: Suma de PGU_NC_hombre_Nom | B32: 23564397
A33: Suma de PGU_C_Mujer_Nom | B33: 1.3523624e+08
A34: Suma de PGU_C_hombre_Nom | B34: 1.115372e+08
A35: dic
A36: Suma de PGU_NC_Mujer_Nom | B36: 63417032
A37: Suma de PGU_NC_hombre_Nom | B37: 24368203
A38: Suma de PGU_C_Mujer_Nom | B38: 1.3763622e+08
A39: Suma de PGU_C_hombre_Nom | B39: 1.1328694e+08
A43: PERIODO | B43: (Varios elementos)
A45: Etiquetas de fila
A46: oct
A47: Suma de PGU_NC_Mujer_REAL | B47: 61325232
A48: Suma de PGU_NC_hombre_REAL | B48: 21047217
A49: Suma de PGU_C_Mujer_REAL | B49: 1.303421e+08
A50: Suma de PGU_C_hombre_REAL | B50: 1.066691e+08
A51: nov
A52: Suma de PGU_NC_Mujer_REAL | B52: 62902519
A53: Suma de PGU_NC_hombre_REAL | B53: 23497749
A54: Suma de PGU_C_Mujer_REAL | B54: 1.3485375e+08
A55: Suma de PGU_C_hombre_REAL | B55: 1.1122174e+08
A56: dic
A57: Suma de PGU_NC_Mujer_REAL | B57: 63417032
A58: Suma de PGU_NC_hombre_REAL | B58: 24368203
A59: Suma de PGU_C_Mujer_REAL | B59: 1.3763622e+08
A60: Suma de PGU_C_hombre_REAL | B60: 1.1328694e+08
A67: Valores | D67: Valores
A68: Promedio de PGU_NC_Mujer_n2 | B68: 319227.82 | D68: Promedio de PGU_C_Mujer_N | E68: 626988.27
A69: Suma de PGU_NC_Mujer_n | B69: 3511506 | D69: Suma de PGU_C_Mujer_N2 | E69: 6896871
A70: Promedio de PGU_NC_hombre_N | B70: 111460.55 | D70: Promedio de PGU_C_hombre_N | E70: 488475.91
A71: Suma de PGU_NC_hombre_N2 | B71: 1226066 | D71: Suma de PGU_C_hombre_N2 | E71: 5373235
A76: Valores | D76: Valores
A77: Promedio de PGU_NC_Mujer_Nom | B77: 60323652 | D77: Promedio de PGU_C_Mujer_Nom | E77: 1.176403e+08
A78: Suma de PGU_NC_Mujer_Nom2 | B78: 6.6356017e+08 | D78: Suma de PGU_C_Mujer_Nom2 | E78: 1.2940434e+09
A79: Promedio de PGU_NC_hombre_Nom | B79: 21167798 | D79: Promedio de PGU_C_hombre_Nom | E79: 91979553
A80: Suma de PGU_NC_hombre_Nom2 | B80: 2.3284578e+08 | D80: Suma de PGU_C_hombre_Nom2 | E80: 1.0117751e+09
A84: Valores | D84: Valores
A85: Promedio de PGU_NC_Mujer_REAL | B85: 57868225 | D85: Promedio de PGU_C_Mujer_REAL | E85: 1.1323162e+08
A86: Suma de PGU_NC_Mujer_REAL2 | B86: 6.3655048e+08 | D86: Suma de PGU_C_Mujer_REAL2 | E86: 1.2455478e+09
A87: Promedio de PGU_NC_hombre_REAL | B87: 20321992 | D87: Promedio de PGU_C_hombre_REAL | E87: 88711834
A88: Suma de PGU_NC_hombre_REAL2 | B88: 2.2354192e+08 | D88: Suma de PGU_C_hombre_REAL2 | E88: 9.7583017e+08
A93: Etiquetas de fila | B93: Suma de PGU_NC_Mujer_n | C93: Suma de PGU_NC_hombre_N | D93: Suma de PGU_C_Mujer_N | E93: Suma de PGU_C_hombre_N
A94: feb | B94: 309683 | C94: 106066 | D94: 517361 | E94: 340110
A95: mar | B95: 312946 | C95: 107255 | D95: 536699 | E95: 361057
A96: abr | B96: 314601 | C96: 107763 | D96: 552501 | E96: 374925
A97: may | B97: 316872 | C97: 108938 | D97: 605836 | E97: 477591
A98: jun | B98: 317138 | C98: 109221 | D98: 615086 | E98: 487043
A99: jul | B99: 317824 | C99: 109691 | D99: 621791 | E99: 498271
A100: ago | B100: 322017 | C100: 110018 | D100: 660104 | E100: 538150
A101: sept | B101: 321661 | C101: 109838 | D101: 679141 | E101: 553055
A102: oct | B102: 322141 | C102: 109963 | D102: 686334 | E102: 563950
A103: nov | B103: 327443 | C103: 121585 | D103: 704099 | E103: 584193
A104: dic | B104: 329180 | C104: 125728 | D104: 717919 | E104: 594890
A108: Etiquetas de fila | B108: Promedio de PGU_NC_Mujer_REAL | C108: Promedio de PGU_NC_hombre_REAL | D108: Promedio de PGU_C_Mujer_REAL | E108: Promedio de PGU_C_hombre_REAL
A109: feb | B109: 51479972 | C109: 17653930 | D109: 76563176 | E109: 52468769
A110: mar | B110: 52900840 | C110: 18182522 | D110: 90814177 | E110: 61156597
A111: abr | B111: 53866572 | C111: 18523266 | D111: 94731529 | E111: 64414475
A112: may | B112: 54858966 | C112: 18947988 | D112: 1.0507873e+08 | E112: 83047982
A113: jun | B113: 55397967 | C113: 19173744 | D113: 1.0763388e+08 | E113: 85481508
A114: jul | B114: 58993212 | C114: 20461815 | D114: 1.1563083e+08 | E114: 92933917
A115: ago | B115: 60482280 | C115: 20770527 | D115: 1.2386255e+08 | E115: 1.0089618e+08
A116: sept | B116: 60925886 | C116: 20914955 | D116: 1.2840084e+08 | E116: 1.0425297e+08
A117: oct | B117: 61325232 | C117: 21047217 | D117: 1.303421e+08 | E117: 1.066691e+08
A118: nov | B118: 62902519 | C118: 23497749 | D118: 1.3485375e+08 | E118: 1.1122174e+08
A119: dic | B119: 63417032 | C119: 24368203 | D119: 1.3763622e+08 | E119: 1.1328694e+08

Sheet N PBS
A3: Etiquetas de fila | B3: Promedio de PBS VEJEZ MUJER | C3: Promedio de PBS VEJEZ HOMBRE | D3: Promedio de PBS INVALIDEZ MUJER | E3: Promedio de PBS INVALIDEZ HOMBRE | F3: Promedio de PBS TOTAL MUJER | G3: Promedio de PBS TOTAL HOMBRE
A4: 2008 | B4: 218799.83 | C4: 107682.67 | D4: 108916.5 | E4: 84536 | F4: 327716.33 | G4: 192218.67
A5: 2009 | B5: 262267.25 | C5: 117026.58 | D5: 116205.08 | E5: 86817.667 | F5: 378472.33 | G5: 203844.25
A6: 2010 | B6: 284569.67 | C6: 119969.58 | D6: 125529.75 | E6: 89731.417 | F6: 410099.42 | G6: 209701
A7: 2011 | B7: 286982.92 | C7: 118668.92 | D7: 125674.58 | E7: 89317.917 | F7: 412657.5 | G7: 207986.83
A8: 2012 | B8: 288232.25 | C8: 116683.83 | D8: 120025.92 | E8: 85446.25 | F8: 408258.17 | G8: 202130.08
A9: 2013 | B9: 288720.25 | C9: 114312 | D9: 112605.08 | E9: 79812.917 | F9: 401325.33 | G9: 194124.92
A10: 2014 | B10: 288530.42 | C10: 111136.17 | D10: 107377.17 | E10: 75527.833 | F10: 395907.58 | G10: 186664
A11: 2015 | B11: 289070.58 | C11: 110162 | D11: 105105.42 | E11: 74655.333 | F11: 394176 | G11: 184817.33
A12: 2016 | B12: 290373 | C12: 108843.42 | D12: 105459.83 | E12: 75532.583 | F12: 395832.83 | G12: 184376
A13: 2017 | B13: 291754 | C13: 107694.83 | D13: 105581.83 | E13: 76434.167 | F13: 397335.83 | G13: 184129
A14: 2018 | B14: 295171.83 | C14: 107077.42 | D14: 105559.42 | E14: 77417 | F14: 400731.25 | G14: 184494.42
A15: 2019 | B15: 299821.5 | C15: 106705.25 | D15: 104899.17 | E15: 77850.417 | F15: 404720.67 | G15: 184555.67
... A42: dic | B42: 0 | C42: 0 | D42: 103979 | E42: 81605 | F42: 103979 | G42: 81605

Sheet MONTOS PBS
I1: PERIODO | J1: (Varios elementos)
A3: Etiquetas de fila | B3: Promedio de PBSV_MUJER | C3: Promedio de PBSV_HOMBRE | D3: Promedio de PBSI_MUJER | E3: Promedio de PBSI_HOMBRE | F3: Promedio de PBS_MUJER | G3: Promedio de PBS_HOMBRE | I3: Etiquetas de fila | J3: Suma de PBSV_MUJER | K3: Suma de PBSV_HOMBRE | L3: Suma de PBSV_TOTAL | M3: Suma de PBSI_MUJER | N3: Suma de PBSI_HOMBRE | O3: Suma de PBSI_TOTAL | P3: Suma de PBS_MUJER | Q3: Suma de PBS_HOMBRE | R3: Suma de PBS_TOTAL | T3: Etiquetas de fila | U3: Suma de PBSV_MUJER | V3: Suma de PBSV_HOMBRE | W3: Suma de PBSV_TOTAL | X3: Suma de PBSI_MUJER | Y3: Suma de PBSI_HOMBRE | Z3: Suma de PBSI_TOTAL | AA3: Suma de PBS_MUJER | AB3: Suma de PBS_HOMBRE | AC3: Suma de PBS_TOTAL | AE3: Etiquetas de fila | AF3: Suma de PBSV_MUJER | AG3: Suma de PBSV_HOMBRE | AH3: Suma de PBSV_TOTAL | AI3: Suma de PBSI_MUJER | AJ3: Suma de PBSI_HOMBRE | AK3: Suma de PBSI_TOTAL | AL3: Suma de PBS_MUJER | AM3: Suma de PBS_HOMBRE | AN3: Suma de PBS_TOTAL
A4: 2008 | B4: 8.2469269e+09 | C4: 3.9732077e+09 | D4: 3.9696562e+09 | E4: 3.0646136e+09 | F4: 1.2216583e+10 | G4: 7.0378213e+09 | I4: 2022 | J4: 0 | K4: 0 | L4: 0 | M4: 6.0133313e+10 | N4: 4.7149436e+10 | O4: 1.0728275e+11 | P4: 6.0133313e+10 | Q4: 4.7149436e+10 | R4: 1.0728275e+11 | T4: oct | U4: 0 | V4: 0 | W4: 0 | X4: 1.9903687e+10 | Y4: 1.5583475e+10 | Z4: 3.5487162e+10 | AA4: 1.9903687e+10 | AB4: 1.5583475e+10 | AC4: 3.5487162e+10 | AE4: oct | AF4: =+U4/1000 -> 0 | AG4: =+V4/1000 -> 0 | AH4: =+W4/1000 -> 0 | AI4: =+X4/1000 -> 19903687 | AJ4: =+Y4/1000 -> 15583475 | AK4: =+Z4/1000 -> 35487162 | AL4: =+AA4/1000 -> 19903687 | AM4: =+AB4/1000 -> 15583475 | AN4: =+AC4/1000 -> 35487162
A5: 2009 | B5: 1.0831943e+10 | C5: 4.7784934e+09 | D5: 5.149103e+09 | E5: 3.655593e+09 | F5: 1.5981046e+10 | G5: 8.4340864e+09 | I5: oct | J5: 0 | K5: 0 | L5: 0 | M5: 1.9903687e+10 | N5: 1.5583475e+10 | O5: 3.5487162e+10 | P5: 1.9903687e+10 | Q5: 1.5583475e+10 | R5: 3.5487162e+10 | T5: nov | U5: 0 | V5: 0 | W5: 0 | X5: 2.0075789e+10 | Y5: 1.5749774e+10 | Z5: 3.5825563e+10 | AA5: 2.0075789e+10 | AB5: 1.5749774e+10 | AC5: 3.5825563e+10 | AE5: nov | AF5: =+U5/1000 -> 0 | AG5: =+V5/1000 -> 0 | AH5: =+W5/1000 -> 0 | AI5: =+X5/1000 -> 20075789 | AJ5: =+Y5/1000 -> 15749774 | AK5: =+Z5/1000 -> 35825563 | AL5: =+AA5/1000 -> 20075789 | AM5: =+AB5/1000 -> 15749774 | AN5: =+AC5/1000 -> 35825563
A6: 2010 | B6: 1.3095568e+10 | C6: 5.5029662e+09 | D6: 5.9733298e+09 | E6: 4.1819318e+09 | F6: 1.9068897e+10 | G6: 9.684898e+09 | I6: nov | J6: 0 | K6: 0 | L6: 0 | M6: 2.0075789e+10 | N6: 1.5749774e+10 | O6: 3.5825563e+10 | P6: 2.0075789e+10 | Q6: 1.5749774e+10 | R6: 3.5825563e+10 | T6: dic | U6: 0 | V6: 0 | W6: 0 | X6: 20153837159 | Y6: 15816186175 | Z6: 35970023334 | AA6: 20153837159 | AB6: 15816186175 | AC6: 35970023334 | AE6: dic | AF6: =+U6/1000 -> 0 | AG6: =+V6/1000 -> 0 | AH6: =+W6/1000 -> 0 | AI6: =+X6/1000 -> 20153837 | AJ6: =+Y6/1000 -> 15816186 | AK6: =+Z6/1000 -> 35970023 | AL6: =+AA6/1000 -> 20153837 | AM6: =+AB6/1000 -> 15816186 | AN6: =+AC6/1000 -> 35970023
A7: 2011 | B7: 1.3994994e+10 | C7: 5.7801079e+09 | D7: 6.2216009e+09 | E7: 4.3734947e+09 | F7: 2.0216595e+10 | G7: 1.0153603e+10 | I7: dic | J7: 0 | K7: 0 | L7: 0 | M7: 20153837159 | N7: 15816186175 | O7: 35970023334 | P7: 20153837159 | Q7: 15816186175 | R7: 35970023334
A8: 2012 | B8: 1.4900592e+10 | C8: 6.0276417e+09 | D8: 6.3053347e+09 | E8: 4.4481809e+09 | F8: 2.1205927e+10 | G8: 1.0475823e+10
A9: 2013 | B9: 1.5464511e+10 | C9: 6.1276381e+09 | D9: 6.1333006e+09 | E9: 4.2916174e+09 | F9: 2.1597811e+10 | G9: 1.0419256e+10
A10: 2014 | B10: 1.6719242e+10 | C10: 6.4430339e+09 | D10: 6.3328754e+09 | E10: 4.3768174e+09 | F10: 2.3052118e+10 | G10: 1.0819851e+10
A11: 2015 | B11: 1.8210703e+10 | C11: 6.9460832e+09 | D11: 6.7614414e+09 | E11: 4.7714308e+09 | F11: 2.4972144e+10 | G11: 1.1717514e+10
A12: 2016 | B12: 1.9783297e+10 | C12: 7.4256197e+09 | D12: 7.3620108e+09 | E12: 5.231601e+09 | F12: 2.7145307e+10 | G12: 1.2657221e+10 | I12: PERIODO | J12: (Varios elementos) | AE12: nominales
A13: 2017 | B13: 2.3013212e+10 | C13: 8.5012643e+09 | D13: 8.4836307e+09 | E13: 6.1043568e+09 | F13: 3.1496842e+10 | G13: 1.4605621e+10 | AF13: vejez | AI13: invalidez | AL13: total
A14: 2018 | B14: 2.4370428e+10 | C14: 8.8423454e+09 | D14: 8.863105e+09 | E14: 6.4518852e+09 | F14: 3.3233533e+10 | G14: 1.5294231e+10 | I14: Etiquetas de fila | J14: Suma de MUJER | K14: Suma de HOMBRE | L14: Suma de TOTAL | M14: Suma de MUJER2 | N14: Suma de HOMBRE2 | O14: Suma de TOTAL2 | P14: Suma de MUJER3 | Q14: Suma de HOMBRE3 | R14: Suma de TOTAL3 | T14: Etiquetas de fila | U14: Suma de MUJER | V14: Suma de HOMBRE | W14: Suma de TOTAL | X14: Suma de MUJER2 | Y14: Suma de HOMBRE2 | Z14: Suma de TOTAL2 | AA14: Suma de MUJER3 | AB14: Suma de HOMBRE3 | AC14: Suma de TOTAL3 | AE14: Etiquetas de fila | AF14: Promedio de MUJER | AG14: Promedio de HOMBRE | AH14: Promedio de TOTAL | AI14: Promedio de MUJER2 | AJ14: Promedio de HOMBRE2 | AK14: Promedio de TOTAL2 | AL14: Promedio de MUJER3 | AM14: Promedio de HOMBRE3 | AN14: Promedio de TOTAL3
A15: 2019 | B15: 2.6689511e+10 | C15: 9.492244e+09 | D15: 9.429656e+09 | E15: 6.9564548e+09 | F15: 3.6119167e+10 | G15: 1.6448699e+10 | I15: 2022 | J15: 0 | K15: 0 | L15: 0 | M15: 60441368879 | N15: 47390715970 | O15: 107832084849 | P15: 60441368879 | Q15: 47390715970 | R15: 107832084849 | T15: oct | U15: 0 | V15: 0 | W15: 0 | X15: 20154801071 | Y15: 15780083599 | Z15: 35934884670 | AA15: 20154801071 | AB15: 15780083599 | AC15: 35934884670 | AE15: oct | AF15: =+U15/1000 -> 0 | AG15: =+V15/1000 -> 0 | AH15: =+W15/1000 -> 0 | AI15: =+X15/1000 -> 20154801 | AJ15: =+Y15/1000 -> 15780084 | AK15: =+Z15/1000 -> 35934885 | AL15: =+AA15/1000 -> 20154801 | AM15: =+AB15/1000 -> 15780084 | AN15: =+AC15/1000 -> 35934885
A16: 2020 | B16: 3.659289e+10 | C16: 1.2913294e+10 | D16: 1.1894674e+10 | E16: 8.9114229e+09 | F16: 4.8487564e+10 | G16: 2.1824717e+10 | I16: oct | J16: 0 | K16: 0 | L16: 0 | M16: 20154801071 | N16: 15780083599 | O16: 35934884670 | P16: 20154801071 | Q16: 15780083599 | R16: 35934884670 | T16: nov | U16: 0 | V16: 0 | W16: 0 | X16: 20132730649 | Y16: 15794446196 | Z16: 35927176845 | AA16: 20132730649 | AB16: 15794446196 | AC16: 35927176845 | AE16: nov | AF16: =+U16/1000 -> 0 | AG16: =+V16/1000 -> 0 | AH16: =+W16/1000 -> 0 | AI16: =+X16/1000 -> 20132731 | AJ16: =+Y16/1000 -> 15794446 | AK16: =+Z16/1000 -> 35927177 | AL16: =+AA16/1000 -> 20132731 | AM16: =+AB16/1000 -> 15794446 | AN16: =+AC16/1000 -> 35927177
A17: 2021 | B17: 4.3453866e+10 | C17: 1.494933e+10 | D17: 1.4114095e+10 | E17: 1.0837333e+10 | F17: 5.7567962e+10 | G17: 2.5786663e+10 | I17: nov | J17: 0 | K17: 0 | L17: 0 | M17: 20132730649 | N17: 15794446196 | O17: 35927176845 | P17: 20132730649 | Q17: 15794446196 | R17: 35927176845 | T17: dic | U17: 0 | V17: 0 | W17: 0 | X17: 20153837159 | Y17: 15816186175 | Z17: 35970023334 | AA17: 20153837159 | AB17: 15816186175 | AC17: 35970023334 | AE17: dic | AF17: =+U17/1000 -> 0 | AG17: =+V17/1000 -> 0 | AH17: =+W17/1000 -> 0 | AI17: =+X17/1000 -> 20153837 | AJ17: =+Y17/1000 -> 15816186 | AK17: =+Z17/1000 -> 35970023 | AL17: =+AA17/1000 -> 20153837 | AM17: =+AB17/1000 -> 15816186 | AN17: =+AC17/1000 -> 35970023
A18: ene | B18: 4.1412765e+10 | C18: 1.4344175e+10 | D18: 1.357545e+10 | E18: 1.0301137e+10 | F18: 5.4988215e+10 | G18: 2.4645311e+10 | I18: dic | J18: 0 | K18: 0 | L18: 0 | M18: 20153837159 | N18: 15816186175 | O18: 35970023334 | P18: 20153837159 | Q18: 15816186175 | R18: 35970023334 | T18: Total general | U18: 0 | V18: 0 | W18: 0 | X18: 2.0147123e+10 | Y18: 1.5796905e+10 | Z18: 35944028283 | AA18: 2.0147123e+10 | AB18: 1.5796905e+10 | AC18: 35944028283
A19: feb | B19: 4.1492133e+10 | C19: 1.4338672e+10 | D19: 1.35569e+10 | E19: 1.0317361e+10 | F19: 5.5049033e+10 | G19: 2.4656033e+10
A20: mar | B20: 4.1689378e+10 | C20: 1.4389108e+10 | D20: 1.3587482e+10 | E20: 1.0363694e+10 | F20: 5.527686e+10 | G20: 2.4752801e+10
A21: abr | B21: 4.1893694e+10 | C21: 1.4448119e+10 | D21: 1.3658161e+10 | E21: 1.0436146e+10 | F21: 5.5551855e+10 | G21: 2.4884265e+10
A22: may | B22: 4.2028716e+10 | C22: 1.4474202e+10 | D22: 1.3650261e+10 | E22: 1.0455982e+10 | F22: 5.5678977e+10 | G22: 2.4930184e+10
A23: jun | B23: 4.2051494e+10 | C23: 1.4454401e+10 | D23: 1.3673345e+10 | E23: 1.0488652e+10 | F23: 5.5724839e+10 | G23: 2.4943053e+10
A24: jul | B24: 4.3968065e+10 | C24: 1.5094747e+10 | D24: 1.4296201e+10 | E24: 1.0984398e+10 | F24: 5.8264265e+10 | G24: 2.6079145e+10
A25: ago | B25: 4.4239653e+10 | C25: 1.5183281e+10 | D25: 1.4359654e+10 | E25: 1.1056169e+10 | F25: 5.8599307e+10 | G25: 2.6239451e+10
A26: sept | B26: 4.4825753e+10 | C26: 1.5361682e+10 | D26: 1.4520122e+10 | E26: 1.1196684e+10 | F26: 5.9345875e+10 | G26: 2.6558366e+10
A27: oct | B27: 4.5558469e+10 | C27: 1.5619781e+10 | D27: 1.4731002e+10 | E27: 1.1378659e+10 | F27: 6.0289471e+10 | G27: 2.6998439e+10
A28: nov | B28: 4.5907806e+10 | C28: 1.5757842e+10 | D28: 1.4819941e+10 | E28: 1.1477734e+10 | F28: 6.0727747e+10 | G28: 2.7235576e+10
A29: dic | B29: 4.6378472e+10 | C29: 1.5925944e+10 | D29: 1.4940627e+10 | E29: 1.159138e+10 | F29: 6.1319099e+10 | G29: 2.7517324e+10
A30: 2022 | B30: 4.0614957e+09 | C30: 1.3943048e+09 | D30: 1.8608107e+10 | E30: 1.4541109e+10 | F30: 2.2669603e+10 | G30: 1.5935414e+10
... A43: Total general | B43: 1.9676256e+10 | C43: 7.3869635e+09 | D43: 8.5253168e+09 | E43: 6.2527955e+09 | F43: 2.8201573e+10 | G43: 1.3639759e+10
A52: Etiquetas de fila | B52: Promedio de PBSV_MUJER | C52: Promedio de PBSV_HOMBRE | D52: Promedio de PBSI_MUJER | E52: Promedio de PBSI_HOMBRE | F52: Promedio de PBS_MUJER | G52: Promedio de PBS_HOMBRE | I52: Etiquetas de fila | J52: Promedio de PBSV_MUJER | K52: Promedio de PBSV_HOMBRE | L52: Promedio de PBSI_MUJER | M52: Promedio de PBSI_HOMBRE | N52: Promedio de PBS_MUJER | O52: Promedio de PBS_HOMBRE
A53: 2008 | B53: 8.2469269e+09 | C53: 3.9732077e+09 | D53: 3.9696562e+09 | E53: 3.0646136e+09 | F53: 1.2216583e+10 | G53: 7.0378213e+09 | I53: 2008 | J53: 8246926.9 | K53: 3973207.7 | L53: 3969656.2 | M53: 3064613.6 | N53: 12216583 | O53: 7037821.3
A54: 2009 | B54: 1.0831943e+10 | C54: 4.7784934e+09 | D54: 5.149103e+09 | E54: 3.655593e+09 | F54: 1.5981046e+10 | G54: 8.4340864e+09 | I54: 2009 | J54: 10831943 | K54: 4778493.4 | L54: 5149103 | M54: 3655593 | N54: 15981046 | O54: 8434086.4
A55: 2010 | B55: 1.3095568e+10 | C55: 5.5029662e+09 | D55: 5.9733298e+09 | E55: 4.1819318e+09 | F55: 1.9068897e+10 | G55: 9.684898e+09 | I55: 2010 | J55: 13095568 | K55: 5502966.2 | L55: 5973329.8 | M55: 4181931.8 | N55: 19068897 | O55: 9684898
A56: 2011 | B56: 1.3994994e+10 | C56: 5.7801079e+09 | D56: 6.2216009e+09 | E56: 4.3734947e+09 | F56: 2.0216595e+10 | G56: 1.0153603e+10 | I56: 2011 | J56: 13994994 | K56: 5780107.9 | L56: 6221600.9 | M56: 4373494.7 | N56: 20216595 | O56: 10153603
A57: 2012 | B57: 1.4900592e+10 | C57: 6.0276417e+09 | D57: 6.3053347e+09 | E57: 4.4481809e+09 | F57: 2.1205927e+10 | G57: 1.0475823e+10 | I57: 2012 | J57: 14900592 | K57: 6027641.7 | L57: 6305334.7 | M57: 4448180.9 | N57: 21205927 | O57: 10475823
A58: 2013 | B58: 1.5464511e+10 | C58: 6.1276381e+09 | D58: 6.1333006e+09 | E58: 4.2916174e+09 | F58: 2.1597811e+10 | G58: 1.0419256e+10 | I58: 2013 | J58: 15464511 | K58: 6127638.1 | L58: 6133300.6 | M58: 4291617.4 | N58: 21597811 | O58: 10419256
A59: 2014 | B59: 1.6719242e+10 | C59: 6.4430339e+09 | D59: 6.3328754e+09 | E59: 4.3768174e+09 | F59: 2.3052118e+10 | G59: 1.0819851e+10 | I59: 2014 | J59: 16719242 | K59: 6443033.9 | L59: 6332875.4 | M59: 4376817.4 | N59: 23052118 | O59: 10819851
A60: 2015 | B60: 1.8210703e+10 | C60: 6.9460832e+09 | D60: 6.7614414e+09 | E60: 4.7714308e+09 | F60: 2.4972144e+10 | G60: 1.1717514e+10 | I60: 2015 | J60: 18210703 | K60: 6946083.2 | L60: 6761441.4 | M60: 4771430.8 | N60: 24972144 | O60: 11717514
A61: 2016 | B61: 1.9783297e+10 | C61: 7.4256197e+09 | D61: 7.3620108e+09 | E61: 5.231601e+09 | F61: 2.7145307e+10 | G61: 1.2657221e+10 | I61: 2016 | J61: 19783297 | K61: 7425619.7 | L61: 7362010.8 | M61: 5231601 | N61: 27145307 | O61: 12657221
A62: 2017 | B62: 2.3013212e+10 | C62: 8.5012643e+09 | D62: 8.4836307e+09 | E62: 6.1043568e+09 | F62: 3.1496842e+10 | G62: 1.4605621e+10 | I62: 2017 | J62: 23013212 | K62: 8501264.3 | L62: 8483630.7 | M62: 6104356.8 | N62: 31496842 | O62: 14605621
A63: 2018 | B63: 2.4370428e+10 | C63: 8.8423454e+09 | D63: 8.863105e+09 | E63: 6.4518852e+09 | F63: 3.3233533e+10 | G63: 1.5294231e+10 | I63: 2018 | J63: 24370428 | K63: 8842345.4 | L63: 8863105 | M63: 6451885.2 | N63: 33233533 | O63: 15294231
A64: 2019 | B64: 2.6689511e+10 | C64: 9.492244e+09 | D64: 9.429656e+09 | E64: 6.9564548e+09 | F64: 3.6119167e+10 | G64: 1.6448699e+10 | I64: 2019 | J64: 26689511 | K64: 9492244 | L64: 9429656 | M64: 6956454.8 | N64: 36119167 | O64: 16448699
... A89: oct | B89: 0 | C89: 0 | D89: 1.9903687e+10 | E89: 1.5583475e+10 | F89: 1.9903687e+10 | G89: 1.5583475e+10 | I89: dic | J89: 0 | K89: 0 | L89: 20153837 | M89: 15816186 | N89: 20153837 | O89: 15816186
A90: nov | B90: 0 | C90: 0 | D90: 2.0075789e+10 | E90: 1.5749774e+10 | F90: 2.0075789e+10 | G90: 1.5749774e+10
A91: dic | B91: 0 | C91: 0 | D91: 20153837159 | E91: 15816186175 | F91: 20153837159 | G91: 15816186175
A92: Total general | B92: 1.9676256e+10 | C92: 7.3869635e+09 | D92: 8.5253168e+09 | E92: 6.2527955e+09 | F92: 2.8201573e+10 | G92: 1.3639759e+10

Sheet 1.1
B2: TOTAL BENEFICIOS PAGADOS DEL PILAR NO CONTRIBUTIVO A NIVEL NACIONAL
B4: Resumen trimestral de beneficios pagados, por tipo de beneficio y sexo
B5: (julio 2024 a septiembre 2024)
D7: Mujeres | G7: Hombres | J7: Total
B8: Periodo | C8: Tipo de beneficio | D8: N° beneficiarios | E8: Monto nominal (MM$)4 | F8: Monto real (MM$)5 | G8: N° beneficiarios | H8: Monto nominal (MM$)4 | I8: Monto real (MM$)5 | J8: N° beneficiarios | K8: Monto nominal (MM$)4 | L8: Monto real (MM$)5
B9: 45474 | C9: PGU no contributiva1 | D9: 348046 | E9: 74185.359 | F9: 74440.178 | G9: 133888 | H9: 28641.34 | I9: 28739.72 | J9: 481934 | K9: 102826.7 | L9: 103179.9
C10: PGU contributiva1 2 | D10: 856180 | E10: 180633.23 | F10: 181253.69 | G10: 728418 | H10: 152081.51 | I10: 152603.9 | J10: 1584598 | K10: 332714.74 | L10: 333857.58
C11: APS vejez1 | D11: 104051 | E11: 25674.329 | F11: 25762.518 | G11: 58337 | H11: 14665.675 | I11: 14716.05 | J11: 162388 | K11: 40340.004 | L11: 40478.568
C12: PBS invalidez | D12: 110743 | E12: 23718.11 | F12: 23799.579 | G12: 87013 | H12: 18637.259 | I12: 18701.276 | J12: 197756 | K12: 42355.369 | L12: 42500.856
C13: APS invalidez | D13: 47933 | E13: 8711.2758 | F13: 8741.1982 | G13: 51499 | H13: 8856.8317 | I13: 8887.2541 | J13: 99432 | K13: 17568.108 | L13: 17628.452
C14: Total beneficios3 | D14: 1466953 | E14: 312922.3 | F14: 313997.16 | G14: 1059155 | H14: 222882.62 | I14: 223648.2 | J14: 2526108 | K14: 535804.92 | L14: 537645.35
B15: 45505 | C15: PGU no contributiva1 | D15: 349176 | E15: 74407.143 | F15: 74472.45 | G15: 134137 | H15: 28694.629 | I15: 28719.814 | J15: 483313 | K15: 103101.77 | L15: 103192.26
C16: PGU contributiva1 2 | D16: 859346 | E16: 181274.18 | F16: 181433.28 | G16: 731265 | H16: 152658.6 | I16: 152792.59 | J16: 1590611 | K16: 333932.78 | L16: 334225.87
C17: APS vejez1 | D17: 103719 | E17: 25611.173 | F17: 25633.651 | G17: 57968 | H17: 14591.401 | I17: 14604.208 | J17: 161687 | K17: 40202.574 | L17: 40237.859
C18: PBS invalidez | D18: 111054 | E18: 23784.904 | F18: 23805.78 | G18: 87337 | H18: 18706.699 | I18: 18723.118 | J18: 198391 | K18: 42491.603 | L18: 42528.898
C19: APS invalidez | D19: 48030 | E19: 8722.7025 | F19: 8730.3583 | G19: 51610 | H19: 8871.6556 | I19: 8879.4421 | J19: 99640 | K19: 17594.358 | L19: 17609.8
C20: Total beneficios3 | D20: 1471325 | E20: 313800.1 | F20: 314075.52 | G20: 1062317 | H20: 223522.99 | I20: 223719.17 | J20: 2533642 | K20: 537323.09 | L20: 537794.69
B21: 45536 | C21: PGU no contributiva1 | D21: 420895 | E21: 89641.814 | F21: 89641.814 | G21: 167174 | H21: 35771.66 | I21: 35771.66 | J21: 588069 | K21: 125413.47 | L21: 125413.47
C22: PGU contributiva1 2 | D22: 792093 | E22: 166908.85 | F22: 166908.85 | G22: 702144 | H22: 146387.69 | I22: 146387.69 | J22: 1494237 | K22: 313296.54 | L22: 313296.54
C23: APS vejez1 | D23: 103429 | E23: 25543.78 | F23: 25543.78 | G23: 57557 | H23: 14498.056 | I23: 14498.056 | J23: 160986 | K23: 40041.836 | L23: 40041.836
C24: PBS invalidez | D24: 111277 | E24: 23832.989 | F24: 23832.989 | G24: 87585 | H24: 18759.924 | I24: 18759.924 | J24: 198862 | K24: 42592.913 | L24: 42592.913
C25: APS invalidez | D25: 48029 | E25: 8709.9113 | F25: 8709.9113 | G25: 51658 | H25: 8871.5786 | I25: 8871.5786 | J25: 99687 | K25: 17581.49 | L25: 17581.49
C26: Total beneficios3 | D26: 1475723 | E26: 314637.34 | F26: 314637.34 | G26: 1066118 | H26: 224288.91 | I26: 224288.91 | J26: 2541841 | K26: 538926.25 | L26: 538926.25
B27: Fuente: Elaboración propia con datos de la Superintendencia de Pensiones
B28: 1 La Pensión Garantizada Universal (PGU) es un nuevo beneficio generado a partir de la ley 21.419 del 29-01-2022. El concepto de PGU No Contributiva o Contributiva está relacionado con la calidad de la persona que está recibiendo el beneficio, si es No Contributiva quiere decir que no estaba afiliado a un sistema previsional (D.L. 3.500 o antiguo Sistema de Reparto) ni recibe pensión de sobrevivencia, si es Contributiva quiere decir que sí estaba afiliado a un sistema previsional o que recibe una pensión de sobrevivencia. De manera automática, en febrero 2022, los PBS de Vejez pasaron a ser PGU No Contributiva y los APS Vejez Subsidio Definido, los Beneficio artículo 9° bis y los APS Vejez con una Pensión Final Garantizada inferior o igual al monto de la PGU pasaron a ser PGU Contributiva. En los casos en que el APS Vejez con una Pensión Final Garantizada tuviera un monto superior a la PGU, se mantuvo el pago del beneficio.
B29: 2 El beneficio Complemento por trabajo pesado se informa dentro de la categoría de beneficios pagados por PGU contributiva.
B30: 3 A la fecha de publicación de este informe no se cuenta con información de las pensiones asistenciales (ex PASIS) que continúan vigentes, pagadas a septiembre 2024. 4 Montos nominales de cada periodo de pago. 5 Montos deflactados a septiembre 2024.
B32: Serie resumen de pagos de beneficios acumulados, por tipo de beneficio
B33: (julio 2008 a septiembre 2024)
C35: PGU1 | H35: PBS vejez1 | M35: APS vejez1 | R35: PBS invalidez | W35: APS invalidez | AB35: Nbis1 | AG35: Total beneficios3
C36: N° Beneficios | E36: Monto real (MM$)4 | G36: Monto nominal (MM$)5 | H36: N° Beneficios | J36: Monto real (MM$)4 | L36: Monto nominal (MM$)5 | M36: N° Beneficios | O36: Monto real (MM$)4 | Q36: Monto nominal (MM$)5 | R36: N° Beneficios | T36: Monto real (MM$)4 | V36: Monto nominal (MM$)5 | W36: N° Beneficios | Y36: Monto real (MM$)4 | AA36: Monto nominal (MM$)5 | AB36: N° Beneficios | AD36: Monto real (MM$)4 | AF36: Monto nominal (MM$)5 | AG36: N° Beneficios | AI36: Monto real (MM$)4 | AK36: Monto nominal (MM$)5
B37: Periodo | C37: N° | D37: %6 | E37: N° | F37: %6 | G37: N° | H37: N° | I37: %6 | J37: N° | K37: %6 | L37: N° | M37: N° | N37: %6 | O37: N° | P37: %6 | Q37: N° | R37: N° | S37: %6 | T37: N° | U37: %6 | V37: N° | W37: N° | X37: %6 | Y37: N° | Z37: %6 | AA37: N° | AB37: N° | AC37: %6 | AD37: N° | AE37: %6 | AF37: N° | AG37: N° | AH37: %6 | AI37: N° | AJ37: %6 | AK37: N°
B38: 39630 | H38: 290570 | I38: 0.60124441 | J38: 31113.122 | K38: 0.60124441 | L38: 17434.2 | R38: 192711 | S38: 0.39875559 | T38: 20634.755 | U38: 0.39875559 | V38: 11562.66 | AG38: 483281 | AH38: 1 | AI38: 51747.878 | AJ38: 1 | AK38: 28996.86
B39: 39661 | H39: 292137 | I39: 0.60055999 | J39: 30991.966 | K39: 0.60055999 | L39: 17528.22 | R39: 194304 | S39: 0.39944001 | T39: 20613.147 | U39: 0.39944001 | V39: 11658.24 | AG39: 486441 | AH39: 1 | AI39: 51605.113 | AJ39: 1 | AK39: 29186.46
B40: 39692 | H40: 329546 | I40: 0.63002998 | J40: 34585.411 | K40: 0.62997894 | L40: 19768.431 | R40: 193518 | S40: 0.36997002 | T40: 20313.902 | U40: 0.37002106 | V40: 11611.08 | AG40: 523064 | AH40: 1 | AI40: 54899.314 | AJ40: 1 | AK40: 31379.511
B41: 39722 | H41: 340883 | I41: 0.63388369 | J41: 38399.534 | K41: 0.64317182 | L41: 22142.51 | M41: 3399 | N41: 0.0063205577 | O41: 1001.0654 | P41: 0.016767314 | Q41: 577.24922 | R41: 193041 | S41: 0.3589664 | T41: 20179.221 | U41: 0.33799124 | V41: 11636.042 | W41: 446 | X41: 0.00082935238 | Y41: 123.5639 | Z41: 0.0020696299 | AA41: 71.251256 | AG41: 537769 | AH41: 1 | AI41: 59703.384 | AJ41: 1 | AK41: 34427.053
B42: 39753 | H42: 347314 | I42: 0.63749096 | J42: 38275.903 | K42: 0.64785948 | L42: 22044.175 | M42: 4226 | N42: 0.0077567757 | O42: 483.77908 | P42: 0.0081884642 | Q42: 278.62206 | R42: 192690 | S42: 0.35368034 | T42: 20251.155 | U42: 0.34277187 | V42: 11663.213 | W42: 584 | X42: 0.0010719255 | Y42: 69.725805 | Z42: 0.0011801818 | AA42: 40.157064 | AG42: 544814 | AH42: 1 | AI42: 59080.563 | AJ42: 1 | AK42: 34026.168
B43: 39783 | H43: 358445 | I43: 0.64228132 | J43: 41232.988 | K43: 0.64842422 | L43: 23467.261 | M43: 4485 | N43: 0.0080364678 | O43: 538.10101 | P43: 0.0084621016 | Q43: 306.25375 | R43: 194451 | S43: 0.34842792 | T43: 21745.753 | U43: 0.34197068 | V43: 12376.335 | W43: 700 | X43: 0.0012542982 | Y43: 72.683009 | Z43: 0.0011430029 | AA43: 41.366664 | AG43: 558081 | AH43: 1 | AI43: 63589.524 | AJ43: 1 | AK43: 36191.216
B44: 39814 | H44: 364131 | I44: 0.64167332 | J44: 40243.81 | K44: 0.63183868 | L44: 22729.604 | M44: 6199 | N44: 0.010923906 | O44: 1029.4652 | P44: 0.016162881 | Q44: 581.43938 | R44: 196192 | S44: 0.34573044 | T44: 22275.196 | U44: 0.34972659 | V44: 12580.975 | W44: 949 | X44: 0.0016723322 | Y44: 144.70068 | Z44: 0.0022718397 | AA44: 81.726581 | AG44: 567471 | AH44: 1 | AI44: 63693.172 | AJ44: 1 | AK44: 35973.745
B45: 39845 | H45: 366991 | I45: 0.64091253 | J45: 40661.709 | K45: 0.63378798 | L45: 22667.397 | M45: 7180 | N45: 0.012539141 | O45: 814.58801 | P45: 0.012696861 | Q45: 454.10265 | R45: 197256 | S45: 0.34448758 | T45: 22517.278 | U45: 0.35097345 | V45: 12552.549 | W45: 1180 | X45: 0.0020607502 | Y45: 163.06713 | Z45: 0.0025417029 | AA45: 90.903886 | AG45: 572607 | AH45: 1 | AI45: 64156.643 | AJ45: 1 | AK45: 35764.953
B46: 39873 | H46: 369833 | I46: 0.64020614 | J46: 40797.915 | K46: 0.63318479 | L46: 22752.284 | M46: 8287 | N46: 0.014345362 | O46: 955.20645 | P46: 0.014824831 | Q46: 532.70194 | R46: 198068 | S46: 0.34286921 | T46: 22483.555 | U46: 0.34894541 | V46: 12538.686 | W46: 1490 | X46: 0.0025792916 | Y46: 196.19601 | Z46: 0.0030449676 | AA46: 109.41509 | AG46: 577678 | AH46: 1 | AI46: 64432.873 | AJ46: 1 | AK46: 35933.087
B47: 39904 | H47: 371972 | I47: 0.63854127 | J47: 40841.819 | K47: 0.62590063 | L47: 22741.681 | M47: 9630 | N47: 0.016531224 | O47: 1357.3208 | P47: 0.020800933 | Q47: 755.788 | R47: 198891 | S47: 0.34142385 | T47: 22714.347 | U47: 0.34809723 | V47: 12647.88 | W47: 2041 | X47: 0.0035036582 | Y47: 339.39393 | Z47: 0.0052012099 | AA47: 188.98248 | AG47: 582534 | AH47: 1 | AI47: 65252.88 | AJ47: 1 | AK47: 36334.331
B48: 39934 | H48: 374732 | I48: 0.6369018 | J48: 41298.2 | K48: 0.62392417 | L48: 22946.564 | M48: 11050 | N48: 0.018780795 | O48: 1379.2486 | P48: 0.020837386 | Q48: 766.35342 | R48: 200088 | S48: 0.34007346 | T48: 23177.321 | U48: 0.35015789 | V48: 12878.04 | W48: 2497 | X48: 0.0042439498 | Y48: 336.28765 | Z48: 0.0050805602 | AA48: 186.85188 | AG48: 588367 | AH48: 1 | AI48: 66191.057 | AJ48: 1 | AK48: 36777.81
B49: 39965 | H49: 377068 | I49: 0.63511324 | J49: 41477.358 | K49: 0.62146722 | L49: 23123.444 | M49: 12190 | N49: 0.020532186 | O49: 1337.4367 | P49: 0.0200392 | Q49: 745.61506 | R49: 201424 | S49: 0.33926785 | T49: 23536.255 | U49: 0.3526505 | V49: 13121.358 | W49: 3020 | X49: 0.005086727 | Y49: 389.97326 | Z49: 0.0058430819 | AA49: 217.40837 | AG49: 593702 | AH49: 1 | AI49: 66741.023 | AJ49: 1 | AK49: 37207.825
B50: 39995 | H50: 378458 | I50: 0.63259681 | J50: 51911.138 | K50: 0.61863069 | L50: 28816.125 | M50: 13277 | N50: 0.022192655 | O50: 1908.3654 | P50: 0.022742198 | Q50: 1059.3429 | R50: 202738 | S50: 0.33887885 | T50: 29381.211 | U50: 0.35013909 | V50: 16309.653 | W50: 3788 | X50: 0.0063316847 | Y50: 712.25492 | Z50: 0.0084880196 | AA50: 395.37618 | AG50: 598261 | AH50: 1 | AI50: 83912.969 | AJ50: 1 | AK50: 46580.498
B51: 40026 | H51: 379265 | I51: 0.62885818 | J51: 52427.446 | K51: 0.60958882 | L51: 28968.743 | M51: 14655 | N51: 0.024299413 | O51: 2382.2486 | P51: 0.027699082 | Q51: 1316.3095 | R51: 204743 | S51: 0.33948377 | T51: 30452.293 | U51: 0.35407747 | V51: 16826.39 | W51: 4438 | X51: 0.0073586348 | Y51: 742.61779 | Z51: 0.0086346282 | AA51: 410.33285 | AG51: 603101 | AH51: 1 | AI51: 86004.605 | AJ51: 1 | AK51: 47521.775
B52: 40057 | H52: 384674 | I52: 0.61716103 | J52: 53738.768 | K52: 0.60982284 | L52: 30030.908 | M52: 27203 | N52: 0.04364379 | O52: 3484.8952 | P52: 0.039546286 | Q52: 1947.4687 | R52: 206439 | S52: 0.3312054 | T52: 30133.729 | U52: 0.34195493 | V52: 16839.673 | W52: 4980 | X52: 0.0079897833 | Y52: 764.54075 | Z52: 0.0086759416 | AA52: 427.24934 | AG52: 623296 | AH52: 1 | AI52: 88121.933 | AJ52: 1 | AK52: 49245.299
... B176: 43831 | H176: 407818 | I176: 0.25605353 | J176: 81212.864 | K176: 0.30799613 | L176: 61351.357 | M176: 933220 | N176: 0.58593362 | O176: 135890.52 | P176: 0.51535868 | Q176: 102656.98 | R176: 182081 | S176: 0.11432179 | T176: 34534.564 | U176: 0.13097078 | V176: 26088.753 | W176: 69587 | X176: 0.043691052 | Y176: 12043.495 | Z176: 0.045674413 | AA176: 9098.1247 | AG176: 1592706 | AH176: 1 | AI176: 263681.44 | AJ176: 1 | AK176: 199195.22
B177: 43862 | H177: 409007 | I177: 0.25456149 | J177: 78717.572 | K177: 0.30519501 | L177: 59732.945 | M177: 945855 | N177: 0.58868982 | O177: 134300.45 | P177: 0.52069473 | Q177: 101910.68 | R177: 182190 | S177: 0.11339307 | T177: 33056.543 | U177: 0.12816315 | V177: 25084.166 | W177: 69659 | X177: 0.043355001 | Y177: 11850.913 | Z177: 0.045947039 | AA177: 8992.7813 | AB177: 1 | AC177: 6.2238908e-07 | AD177: 0.02063714 | AE177: 8.0012023e-08 | AF177: 0.01566 | AG177: 1606712 | AH177: 1 | AI177: 257925.49 | AJ177: 1 | AK177: 195720.59
B178: 43891 | H178: 409402 | I178: 0.25176292 | J178: 78537.436 | K178: 0.30284486 | L178: 59793.273 | M178: 963962 | N178: 0.59279115 | O178: 135927.24 | P178: 0.52414326 | Q178: 103486.12 | R178: 182484 | S178: 0.11221905 | T178: 33000.524 | U178: 0.12725191 | V178: 25124.443 | W178: 70292 | X178: 0.043226264 | Y178: 11867.014 | Z178: 0.045759886 | AA178: 9034.7689 | AB178: 1 | AC178: 6.1495282e-07 | AD178: 0.019706183 | AE178: 7.5988172e-08 | AF178: 0.015003 | AG178: 1626141 | AH178: 1 | AI178: 259332.24 | AJ178: 1 | AK178: 197438.62
B179: 43922 | H179: 409488 | I179: 0.24914728 | J179: 78595.68 | K179: 0.30091142 | L179: 59813.276 | M179: 980826 | N179: 0.59676993 | O179: 137676.95 | P179: 0.52710998 | Q179: 104775.6 | R179: 182549 | S179: 0.1110694 | T179: 33030.384 | U179: 0.12646013 | V179: 25136.947 | W179: 70693 | X179: 0.043012172 | Y179: 11888.864 | Z179: 0.045517703 | AA179: 9047.7222 | AB179: 2 | AC179: 1.2168722e-06 | AD179: 0.20040998 | AE179: 7.6728964e-07 | AF179: 0.152517 | AG179: 1643558 | AH179: 1 | AI179: 261192.08 | AJ179: 1 | AK179: 198773.7
B180: 43952 | H180: 409485 | I180: 0.24864017 | J180: 78654.957 | K180: 0.3003703 | L180: 59828.619 | M180: 983844 | N180: 0.59739219 | O180: 138228.17 | P180: 0.52787056 | Q180: 105142.77 | R180: 182513 | S180: 0.11082229 | T180: 33035.486 | U180: 0.12615707 | V180: 25128.327 | W180: 71054 | X180: 0.043144141 | Y180: 11941.157 | Z180: 0.045601308 | AA180: 9082.9995 | AB180: 2 | AC180: 1.2144043e-06 | AD180: 0.19998777 | AE180: 7.6372029e-07 | AF180: 0.15212 | AG180: 1646898 | AH180: 1 | AI180: 261859.97 | AJ180: 1 | AK180: 199182.87
B181: 43983 | H181: 409330 | I181: 0.24734022 | J181: 78693.599 | K181: 0.29893776 | L181: 59814.978 | M181: 991698 | N181: 0.59923972 | O181: 139511.7 | P181: 0.52997088 | Q181: 106042.8 | R181: 182392 | S181: 0.11021151 | T181: 33037.02 | U181: 0.12549957 | V181: 25111.428 | W181: 71502 | X181: 0.043205531 | Y181: 12001.14 | Z181: 0.0455894 | AA181: 9122.0626 | AB181: 5 | AC181: 3.0212813e-06 | AD181: 0.63071202 | AE181: 2.3959209e-06 | AF181: 0.479404 | AG181: 1654927 | AH181: 1 | AI181: 263244.09 | AJ181: 1 | AK181: 200091.75
B182: 44013 | H182: 409166 | I182: 0.24686372 | J182: 80642.437 | K182: 0.29716532 | L182: 61357.789 | M182: 994436 | N182: 0.59997695 | O182: 144572.25 | P182: 0.53274505 | Q182: 109999.57 | R182: 182185 | S182: 0.10991839 | T182: 33825.931 | U182: 0.12464769 | V182: 25736.875 | W182: 71666 | X182: 0.043238527 | Y182: 12331.252 | Z182: 0.04544035 | AA182: 9382.3849 | AB182: 4 | AC182: 2.4133356e-06 | AD182: 0.43149464 | AE182: 1.5900467e-06 | AF182: 0.328308 | AG182: 1657457 | AH182: 1 | AI182: 271372.3 | AJ182: 1 | AK182: 206476.95
B183: 44044 | H183: 408248 | I183: 0.24574363 | J183: 80386.159 | K183: 0.29592355 | L183: 61243.59 | M183: 999278 | N183: 0.60151233 | O183: 145187.85 | P183: 0.53447638 | Q183: 110613.88 | R183: 181973 | S183: 0.10953809 | T183: 33751.092 | U183: 0.12424705 | V183: 25713.855 | W183: 71773 | X183: 0.043203538 | Y183: 12319.517 | Z183: 0.045351529 | AA183: 9385.8378 | AB183: 4 | AC183: 2.4077877e-06 | AD183: 0.40398633 | AE183: 1.4871848e-06 | AF183: 0.307784 | AG183: 1661276 | AH183: 1 | AI183: 271645.02 | AJ183: 1 | AK183: 206957.47
B184: 44075 | H184: 407886 | I184: 0.24452893 | J184: 79819.969 | K184: 0.29481665 | L184: 61198.526 | M184: 1006541 | N184: 0.60342448 | O184: 145189.87 | P184: 0.53626167 | Q184: 111318.08 | R184: 181745 | S184: 0.1089567 | T184: 33494.556 | U184: 0.12371281 | V184: 25680.51 | W184: 71871 | X184: 0.04308689 | Y184: 12239.599 | Z184: 0.045207204 | AA184: 9384.1859 | AB184: 5 | AC184: 2.9975157e-06 | AD184: 0.45046937 | AE184: 1.6638176e-06 | AF184: 0.345378 | AG184: 1668048 | AH184: 1 | AI184: 270744.44 | AJ184: 1 | AK184: 207581.65
B185: 44105 | H185: 406826 | I185: 0.24278176 | J185: 79094.519 | K185: 0.29331428 | L185: 61058.773 | M185: 1015105 | N185: 0.60578474 | O185: 145167.54 | P185: 0.53833961 | Q185: 112065.31 | R185: 181526 | S185: 0.10832936 | T185: 33225.999 | U185: 0.12321536 | V185: 25649.549 | W185: 72224 | X185: 0.043101154 | Y185: 12169.416 | Z185: 0.04512909 | AA185: 9394.4516 | AB185: 5 | AC185: 2.9838526e-06 | AD185: 0.44689819 | AE185: 1.6572782e-06 | AF185: 0.344993 | AG185: 1675686 | AH185: 1 | AI185: 269657.92 | AJ185: 1 | AK185: 208168.43
B186: 44136 | H186: 406489 | I186: 0.2410851 | J186: 79154.745 | K186: 0.29162811 | L186: 61021.409 | M186: 1025590 | N186: 0.60826852 | O186: 146823.87 | P186: 0.54094001 | Q186: 113188.41 | R186: 181372 | S186: 0.10757016 | T186: 33243.413 | U186: 0.12247798 | V186: 25627.773 | W186: 72626 | X186: 0.04307385 | Y186: 12201.152 | Z186: 0.04495244 | AA186: 9406.0249 | AB186: 4 | AC186: 2.3723653e-06 | AD186: 0.3971746 | AE186: 1.4633018e-06 | AF186: 0.306187 | AG186: 1686081 | AH186: 1 | AI186: 271423.58 | AJ186: 1 | AK186: 209243.92
B187: 44166 | H187: 407108 | I187: 0.24004873 | J187: 79057.698 | K187: 0.29072688 | L187: 61152.514 | M187: 1034956 | N187: 0.61025544 | O187: 147618.56 | P187: 0.54285269 | Q187: 114185.54 | R187: 181176 | S187: 0.10682931 | T187: 33113.847 | U187: 0.12177291 | V187: 25614.141 | W187: 72694 | X187: 0.04286357 | Y187: 12140.477 | Z187: 0.044645405 | AA187: 9390.8714 | AB187: 5 | AC187: 2.9482192e-06 | AD187: 0.57636446 | AE187: 2.1195234e-06 | AF187: 0.445828 | AG187: 1695939 | AH187: 1 | AI187: 271931.16 | AJ187: 1 | AK187: 210343.51
B188: 44197 | H188: 408308 | I188: 0.23923311 | J188: 85915.878 | K188: 0.28375939 | L188: 66924.149 | M188: 1044504 | N188: 0.61198884 | O188: 166425.52 | P188: 0.54966328 | Q188: 129637.11 | R188: 181008 | S188: 0.106055 | T188: 36791.437 | U188: 0.12151323 | V188: 28658.679 | W188: 72911 | X188: 0.042719529 | Y188: 13643.653 | Z188: 0.045061691 | AA188: 10627.72 | AB188: 6 | AC188: 3.5154801e-06 | AD188: 0.72699429 | AE188: 2.4010866e-06 | AF188: 0.566292 | AG188: 1706737 | AH188: 1 | AI188: 302777.21 | AJ188: 1 | AK188: 235848.22
... B200: 44562 | H200: 414941 | I200: 0.22500393 | J200: 86966.645 | K200: 0.26114788 | L200: 72961.356 | M200: 1161305 | N200: 0.62972372 | O200: 192093.49 | P200: 0.57682814 | Q200: 161158.36 | R200: 182344 | S200: 0.098876989 | T200: 38264.658 | U200: 0.11490307 | V200: 32102.438 | W200: 85544 | X200: 0.046386682 | Y200: 15690.824 | Z200: 0.047117208 | AA200: 13163.941 | AB200: 16 | AC200: 8.6760838e-06 | AD200: 1.2336459 | AE200: 3.7044549e-06 | AF200: 1.034977 | AG200: 1844150 | AH200: 1 | AI200: 333016.85 | AJ200: 1 | AK200: 279387.13
B201: 44593 | C201: 1273220 | D201: 0.68624175 | E201: 261717.22 | F201: 0.68384792 | G201: 220205.03 | M201: 313314 | N201: 0.16887038 | O201: 64274.664 | P201: 0.16794498 | Q201: 54079.759 | R201: 182599 | S201: 0.098417443 | T201: 40138.251 | U201: 0.10487831 | V201: 33771.735 | W201: 86219 | X201: 0.046470427 | Y201: 16582.475 | Z201: 0.043328791 | AA201: 13952.251 | AG201: 1855352 | AH201: 1 | AI201: 382712.61 | AJ201: 1 | AK201: 322008.77
B202: 44621 | C202: 1317957 | D202: 0.69178611 | E202: 283957.45 | F202: 0.70330627 | G202: 243348.38 | M202: 316664 | N202: 0.16621465 | O202: 63916.256 | P202: 0.15830788 | Q202: 54775.52 | R202: 182858 | S202: 0.095980844 | T202: 39462.227 | U202: 0.097740106 | V202: 33818.689 | W202: 87672 | X202: 0.0460184 | Y202: 16410.576 | Z202: 0.040645741 | AA202: 14063.681 | AG202: 1905151 | AH202: 1 | AI202: 403746.51 | AJ202: 1 | AK202: 346006.27
B203: 44652 | C203: 1349790 | D203: 0.69834327 | E203: 286681.76 | F203: 0.70903675 | G203: 249118.41 | M203: 311879 | N203: 0.1613574 | O203: 62520.771 | P203: 0.15462974 | Q203: 54328.797 | R203: 182742 | S203: 0.094545556 | T203: 38893.163 | U203: 0.096192663 | V203: 33797.068 | W203: 88435 | X203: 0.045753774 | Y203: 16229.979 | Z203: 0.040140856 | AA203: 14103.396 | AG203: 1932846 | AH203: 1 | AI203: 404325.67 | AJ203: 1 | AK203: 351347.67
B204: 44682 | C204: 1509237 | D204: 0.77027315 | E204: 316680.96 | F204: 0.77243007 | G204: 278485.97 | M204: 177591 | N204: 0.090637573 | O204: 38698.936 | P204: 0.094392228 | Q204: 34031.444 | R204: 183254 | S204: 0.093527812 | T204: 38538.336 | U204: 0.094000501 | V204: 33890.214 | W204: 89271 | X204: 0.045561469 | Y204: 16061.871 | Z204: 0.039177196 | AA204: 14124.643 | AG204: 1959353 | AH204: 1 | AI204: 409980.11 | AJ204: 1 | AK204: 360532.27
B205: 44713 | C205: 1528488 | D205: 0.77282858 | E205: 317683.66 | F205: 0.77517434 | G205: 281973.2 | M205: 174924 | N205: 0.088444441 | O205: 37794.056 | P205: 0.092220613 | Q205: 33545.669 | R205: 184170 | S205: 0.09311937 | T205: 38372.41 | U205: 0.093631845 | V205: 34059.011 | W205: 90202 | X205: 0.045607609 | Y205: 15972.086 | Z205: 0.038973206 | AA205: 14176.682 | AG205: 1977784 | AH205: 1 | AI205: 409822.22 | AJ205: 1 | AK205: 363754.56
B206: 44743 | C206: 1547577 | D206: 0.77475074 | E206: 332606.02 | F206: 0.77325903 | G206: 299276.68 | M206: 174528 | N206: 0.087372517 | O206: 41112.643 | P206: 0.095580719 | Q206: 36992.882 | R206: 184681 | S206: 0.09245533 | T206: 39786.74 | U206: 0.092498195 | V206: 35799.844 | W206: 90730 | X206: 0.045421413 | Y206: 16629.914 | Z206: 0.038662052 | AA206: 14963.486 | AG206: 1997516 | AH206: 1 | AI206: 430135.32 | AJ206: 1 | AK206: 387032.89
B207: 44774 | C207: 1630289 | D207: 0.78328892 | E207: 344977.55 | F207: 0.78133212 | G207: 314167.31 | M207: 174548 | N207: 0.083863361 | O207: 40656.659 | P207: 0.092082378 | Q207: 37025.578 | R207: 185109 | S207: 0.088937501 | T207: 39401.08 | U207: 0.089238645 | V207: 35882.136 | W207: 91392 | X207: 0.043910215 | Y207: 16489.568 | Z207: 0.037346862 | AA207: 15016.871 | AG207: 2081338 | AH207: 1 | AI207: 441524.86 | AJ207: 1 | AK207: 402091.89
B208: 44805 | C208: 1663695 | D208: 0.78667914 | E208: 348489.29 | F208: 0.78462294 | G208: 320109.1 | M208: 173941 | N208: 0.082248102 | O208: 40192.173 | P208: 0.090492595 | Q208: 36919.012 | R208: 185298 | S208: 0.087618266 | T208: 39100.996 | U208: 0.088035814 | V208: 35916.699 | W208: 91899 | X208: 0.043454495 | Y208: 16366.283 | Z208: 0.036848652 | AA208: 15033.449 | AG208: 2114833 | AH208: 1 | AI208: 444148.74 | AJ208: 1 | AK208: 407978.26
B209: 44835 | C209: 1682388 | D209: 0.78870231 | E209: 350275.12 | F209: 0.78656272 | G209: 323413.14 | M209: 173208 | N209: 0.081199789 | O209: 39841.675 | P209: 0.089466749 | Q209: 36786.288 | R209: 185393 | S209: 0.086912108 | T209: 38919.557 | U209: 0.087396079 | V209: 35934.885 | W209: 92120 | X209: 0.043185791 | Y209: 16287.477 | Z209: 0.036574456 | AA209: 15038.419 | AG209: 2133109 | AH209: 1 | AI209: 445323.83 | AJ209: 1 | AK209: 411172.73
B210: 44866 | C210: 1737320 | D210: 0.79409126 | E210: 357624.08 | F210: 0.79175196 | G210: 333418.77 | M210: 172557 | N210: 0.078872059 | O210: 39343.064 | P210: 0.087102491 | Q210: 36680.181 | R210: 185356 | S210: 0.084722204 | T210: 38535.394 | U210: 0.085314372 | V210: 35927.177 | W210: 92576 | X210: 0.04231448 | Y210: 16184.477 | Z210: 0.035831175 | AA210: 15089.052 | AG210: 2187809 | AH210: 1 | AI210: 451687.02 | AJ210: 1 | AK210: 421115.18
B211: 44896 | C211: 1767717 | D211: 0.79692297 | E211: 362270.19 | F211: 0.79436438 | G211: 338708.39 | M211: 172179 | N211: 0.077621814 | O211: 39187.77 | P211: 0.085928595 | Q211: 36639.025 | R211: 185584 | S211: 0.083665062 | T211: 38472.23 | U211: 0.084359603 | V211: 35970.023 | W211: 92698 | X211: 0.041790154 | Y211: 16120.206 | Z211: 0.035347423 | AA211: 15071.759 | AG211: 2218178 | AH211: 1 | AI211: 456050.4 | AJ211: 1 | AK211: 426389.2
B212: 44927 | C212: 1792595 | D212: 0.79892849 | E212: 364311.9 | F212: 0.79641018 | G212: 343359.65 | M212: 171688 | N212: 0.076518363 | O212: 38794.155 | P212: 0.084806619 | Q212: 36563.032 | R212: 186106 | S212: 0.082944215 | T212: 38271.467 | U212: 0.083663988 | V212: 36070.404 | W212: 93360 | X212: 0.041608932 | Y212: 16065.02 | Z212: 0.03511921 | AA212: 15141.092 | AG212: 2243749 | AH212: 1 | AI212: 457442.54 | AJ212: 1 | AK212: 431134.17
... B232: 45536 | C232: 2082306 | D232: 0.81921174 | E232: 438710.01 | F232: 0.81404461 | G232: 438710.01 | M232: 160986 | N232: 0.06333441 | O232: 40041.836 | P232: 0.074299286 | Q232: 40041.836 | R232: 198862 | S232: 0.078235421 | T232: 42592.913 | U232: 0.079032916 | V232: 42592.913 | W232: 99687 | X232: 0.039218425 | Y232: 17581.49 | Z232: 0.032623183 | AA232: 17581.49 | AG232: 2541841 | AH232: 1 | AI232: 538926.25 | AJ232: 1 | AK232: 538926.25
B233: Fuente: Elaboración propia con datos de la Superintendencia de Pensiones
B234: 1 La Pensión Garantizada Universal (PGU) es un nuevo beneficio generado a partir de la ley 21.419 del 29-01-2022. El concepto de PGU No Contributiva o Contributiva está relacionado con la calidad de la persona que está recibiendo el beneficio, si es No Contributiva quiere decir que no estaba afiliado a un sistema previsional (D.L. 3.500 o antiguo Sistema de Reparto) ni recibe pensión de sobrevivencia, si es Contributiva quiere decir que sí estaba afiliado a un sistema previsional o que recibe una pensión de sobrevivencia. De manera automática, en febrero 2022, los PBS de Vejez pasaron a ser PGU No Contributiva y los APS Vejez Subsidio Definido, los Beneficio artículo 9° bis y los APS Vejez con una Pensión Final Garantizada inferior o igual al monto de la PGU pasaron a ser PGU Contributiva. En los casos en que el APS Vejez con una Pensión Final Garantizada tuviera un monto superior a la PGU, se mantuvo el pago del beneficio.
B235: 2 El beneficio Complemento por trabajo pesado se informa dentro de la categoría de beneficios pagados por PGU contributiva.
B236: 3 A la fecha de publicación de este informe no se cuenta con información de las pensiones asistenciales (ex PASIS) que continúan vigentes, pagadas a septiembre 2024. 4 Montos deflactados a septiembre 2024. 5 Montos nominales de cada periodo de pago. 6 Porcentaje del total de beneficios pagados en el periodo.

Sheet 1.2
B2: TOTAL DE BENEFICIOS PAGADOS DEL PILAR NO CONTRIBUTIVO A NIVEL REGIONAL
B4: Resumen trimestral de beneficios pagados, por región, tipo de beneficio y sexo
B5: (julio 2024 a septiembre 2024)
B7: Región | C7: Tipo de beneficio | D7: 45474 | M7: 45505 | V7: 45536 | AE7: Total tercer trimestre 2024
D8: Mujeres | G8: Hombres | J8: Total | M8: Mujeres | P8: Hombres | S8: Total | V8: Mujeres | Y8: Hombres | AB8: Total | AE8: Mujeres | AH8: Hombres | AK8: Total
D9: N° beneficiarios | E9: Monto total (M$)4 | F9: Monto promedio por beneficiario ($)5 | G9: N° beneficiarios | H9: Monto total (M$)4 | I9: Monto promedio por beneficiario ($)5 | J9: N° beneficiarios | K9: Monto total (M$)4 | L9: Monto promedio por beneficiario ($)5 | M9: N° beneficiarios | N9: Monto total (M$)4 | O9: Monto promedio por beneficiario ($)5 | P9: N° beneficiarios | Q9: Monto total (M$)4 | R9: Monto promedio por beneficiario ($)5 | S9: N° beneficiarios | T9: Monto total (M$)4 | U9: Monto promedio por beneficiario ($)5 | V9: N° beneficiarios | W9: Monto total (M$)4 | X9: Monto promedio por beneficiario ($)5 | Y9: N° beneficiarios | Z9: Monto total (M$)4 | AA9: Monto promedio por beneficiario ($)5 | AB9: N° beneficiarios | AC9: Monto total (M$)4 | AD9: Monto promedio por beneficiario ($)5 | AE9: N° promedio beneficiarios6 | AF9: Monto total (M$)7 | AG9: Monto promedio por beneficiario ($)8 | AH9: N° promedio beneficiarios6 | AI9: Monto total (M$)7 | AJ9: Monto promedio por beneficiario ($)8 | AK9: N° promedio beneficiarios6 | AL9: Monto total (M$)7 | AM9: Monto promedio por beneficiario ($)8
B10: Región de Arica y Parinacota | C10: PGU no contributiva1 | D10: 3409 | E10: 728.7047 | F10: 213759.08 | G10: 1406 | H10: 301.92399 | I10: 214739.68 | J10: 4815 | K10: 1030.6287 | L10: 214045.42 | M10: 3422 | N10: 729.2411 | O10: 213103.77 | P10: 1404 | Q10: 300.77976 | R10: 214230.6 | S10: 4826 | T10: 1030.0209 | U10: 213431.59 | V10: 4084 | W10: 869.34283 | X10: 212865.53 | Y10: 1714 | Z10: 366.94777 | AA10: 214088.54 | AB10: 5798 | AC10: 1236.2906 | AD10: 213227.08 | AE10: 3638.3333 | AF10: 2327.2886 | AG10: 213242.79 | AH10: 1508 | AI10: 969.65152 | AJ10: 214352.94 | AK10: 5146.3333 | AL10: 3296.9402 | AM10: 213568.03
C11: PGU contributiva1 2 | D11: 10602 | E11: 2247.359 | F11: 211975.01 | G11: 8956 | H11: 1879.9949 | I11: 209914.58 | J11: 19558 | K11: 4127.354 | L11: 211031.49 | M11: 10645 | N11: 2250.2084 | O11: 211386.42 | P11: 8966 | Q11: 1877.3373 | R11: 209384.04 | S11: 19611 | T11: 4127.5457 | U11: 210470.95 | V11: 10036 | W11: 2119.0549 | X11: 211145.37 | Y11: 8706 | Z11: 1820.3558 | AA11: 209092.1 | AB11: 18742 | AC11: 3939.4107 | AD11: 210191.59 | AE11: 10427.667 | AF11: 6616.6223 | AG11: 211502.26 | AH11: 8876 | AI11: 5577.6881 | AJ11: 209463.57 | AK11: 19303.667 | AL11: 12194.31 | AM11: 210564.68
C12: APS vejez1 | D12: 1298 | E12: 321.45977 | F12: 247657.76 | G12: 711 | H12: 178.51447 | I12: 251075.21 | J12: 2009 | K12: 499.97424 | L12: 248867.22 | M12: 1289 | N12: 318.97507 | O12: 247459.33 | P12: 710 | Q12: 177.84317 | R12: 250483.34 | S12: 1999 | T12: 496.81825 | U12: 248533.39 | V12: 1284 | W12: 317.41898 | X12: 247211.05 | Y12: 703 | Z12: 175.89847 | AA12: 250211.19 | AB12: 1987 | AC12: 493.31745 | AD12: 248272.5 | AE12: 1290.3333 | AF12: 957.85383 | AG12: 247442.71 | AH12: 708 | AI12: 532.25612 | AJ12: 250589.92 | AK12: 1998.3333 | AL12: 1490.1099 | AM12: 248557.7
C13: PBS invalidez | D13: 1181 | E13: 253.84969 | F13: 214944.7 | G13: 1232 | H13: 264.622 | I13: 214790.58 | J13: 2413 | K13: 518.47169 | L13: 214866.01 | M13: 1197 | N13: 256.63451 | O13: 214398.09 | P13: 1232 | Q13: 263.94762 | R13: 214243.2 | S13: 2429 | T13: 520.58213 | U13: 214319.53 | V13: 1211 | W13: 259.40961 | X13: 214211.07 | Y13: 1263 | Z13: 270.35934 | AA13: 214061.23 | AB13: 2474 | AC13: 529.76894 | AD13: 214134.58 | AE13: 1196.3333 | AF13: 769.89381 | AG13: 214517.95 | AH13: 1242.3333 | AI13: 798.92896 | AJ13: 214365 | AK13: 2438.6667 | AL13: 1568.8228 | AM13: 214440.04
C14: APS invalidez | D14: 463 | E14: 81.199823 | F14: 175377.59 | G14: 597 | H14: 99.221098 | I14: 166199.49 | J14: 1060 | K14: 180.42092 | L14: 170208.42 | M14: 465 | N14: 81.027387 | O14: 174252.45 | P14: 595 | Q14: 98.52617 | R14: 165590.2 | S14: 1060 | T14: 179.55356 | U14: 169390.15 | V14: 466 | W14: 80.848986 | X14: 173495.68 | Y14: 593 | Z14: 97.771546 | AA14: 164876.13 | AB14: 1059 | AC14: 178.62053 | AD14: 168669.06 | AE14: 464.66667 | AF14: 243.0762 | AG14: 174375.24 | AH14: 595 | AI14: 295.51881 | AJ14: 165555.28 | AK14: 1059.6667 | AL14: 538.59501 | AM14: 169422.54
C15: Total beneficios3 | D15: 16953 | E15: 3632.573 | F15: 214273.17 | G15: 12902 | H15: 2724.2765 | I15: 211151.49 | J15: 29855 | K15: 6356.8495 | L15: 212924.12 | M15: 17018 | N15: 3636.0865 | O15: 213661.21 | P15: 12907 | Q15: 2718.434 | R15: 210617.03 | S15: 29925 | T15: 6354.5205 | U15: 212348.22 | V15: 17081 | W15: 3646.0753 | X15: 213457.95 | Y15: 12979 | Z15: 2731.333 | AA15: 210442.48 | AB15: 30060 | AC15: 6377.4083 | AD15: 212155.96 | AE15: 17017.333 | AF15: 10914.735 | AG15: 213797.44 | AH15: 12929.333 | AI15: 8174.0435 | AJ15: 210737 | AK15: 29946.667 | AL15: 19088.778 | AM15: 212476.1
B16: Región de Tarapacá | C16: PGU no contributiva1 | D16: 3801 | E16: 815.954 | F16: 214668.24 | G16: 1561 | H16: 335.21346 | I16: 214742.77 | J16: 5362 | K16: 1151.1675 | L16: 214689.94 | M16: 3824 | N16: 818.38042 | O16: 214011.62 | P16: 1569 | Q16: 336.0383 | R16: 214173.55 | S16: 5393 | T16: 1154.4187 | U16: 214058.73 | V16: 4543 | W16: 970.27501 | X16: 213575.83 | Y16: 1925 | Z16: 411.90042 | AA16: 213974.25 | AB16: 6468 | AC16: 1382.1754 | AD16: 213694.41 | AE16: 4056 | AF16: 2604.6094 | AG16: 214085.23 | AH16: 1685 | AI16: 1083.1522 | AJ16: 214296.85 | AK16: 5741 | AL16: 3687.7616 | AM16: 214147.69
B17: Región de Tarapacá | C17: PGU contributiva1 2 | D17: 11489 | E17: 2433.9672 | F17: 211851.97 | G17: 10670 | H17: 2224.2506 | I17: 208458.35 | J17: 22159 | K17: 4658.2179 | L17: 210217.87 | M17: 11534 | N17: 2437.051 | O17: 211292.78 | P17: 10693 | Q17: 2222.9134 | R17: 207884.92 | S17: 22227 | T17: 4659.9644 | U17: 209653.32 | V17: 10889 | W17: 2296.3384 | X17: 210886.07 | Y17: 10380 | Z17: 2153.9375 | AA17: 207508.43 | AB17: 21269 | AC17: 4450.2759 | AD17: 209237.67 | AE17: 11304 | AF17: 7167.3566 | AG17: 211343.6 | AH17: 10581 | AI17: 6601.1016 | AJ17: 207950.57 | AK17: 21885 | AL17: 13768.458 | AM17: 209702.95
B18: Región de Tarapacá | C18: APS vejez1 | D18: 1601 | E18: 398.29738 | F18: 248780.38 | G18: 846 | H18: 213.78211 | I18: 252697.53 | J18: 2447 | K18: 612.0795 | L18: 250134.65 | M18: 1597 | N18: 396.58979 | O18: 248334.24 | P18: 840 | Q18: 212.19828 | R18: 252617.01 | S18: 2437 | T18: 608.78807 | U18: 249810.45 | V18: 1584 | W18: 393.14336 | X18: 248196.57 | Y18: 838 | Z18: 211.65304 | AA18: 252569.26 | AB18: 2422 | AC18: 604.7964 | AD18: 249709.5 | AE18: 1594 | AF18: 1188.0305 | AG18: 248437.06 | AH18: 841.33333 | AI18: 637.63344 | AJ18: 252627.93 | AK18: 2435.3333 | AL18: 1825.664 | AM18: 249884.87
B19: Región de Tarapacá | C19: PBS invalidez | D19: 1414 | E19: 304.05537 | F19: 215032.09 | G19: 1188 | H19: 255.30935 | I19: 214906.86 | J19: 2602 | K19: 559.36472 | L19: 214974.91 | M19: 1422 | N19: 304.99637 | O19: 214484.08 | P19: 1196 | Q19: 256.37458 | R19: 214360.02 | S19: 2618 | T19: 561.37095 | U19: 214427.41 | V19: 1431 | W19: 306.65758 | X19: 214296 | Y19: 1212 | Z19: 259.5785 | AA19: 214173.68 | AB19: 2643 | AC19: 566.23607 | AD19: 214239.91 | AE19: 1422.3333 | AF19: 915.70931 | AG19: 214604.06 | AH19: 1198.6667 | AI19: 771.26243 | AJ19: 214480.19 | AK19: 2621 | AL19: 1686.9717 | AM19: 214547.41
B20: Región de Tarapacá | C20: APS invalidez | D20: 657 | E20: 117.76128 | F20: 179240.92 | G20: 768 | H20: 129.72177 | I20: 168908.55 | J20: 1425 | K20: 247.48305 | L20: 173672.32 | M20: 657 | N20: 117.25743 | O20: 178474.02 | P20: 773 | Q20: 130.05133 | R20: 168242.34 | S20: 1430 | T20: 247.30876 | U20: 172943.19 | V20: 654 | W20: 116.2291 | X20: 177720.34 | Y20: 770 | Z20: 129.4496 | AA20: 168116.37 | AB20: 1424 | AC20: 245.67871 | AD20: 172527.18 | AE20: 656 | AF20: 351.24781 | AG20: 178478.42 | AH20: 770.33333 | AI20: 389.22271 | AJ20: 168422.42 | AK20: 1426.3333 | AL20: 740.47052 | AM20: 173047.56
B21: Región de Tarapacá | C21: Total beneficios3 | D21: 18962 | E21: 4070.0353 | F21: 214641.67 | G21: 15033 | H21: 3158.2773 | I21: 210089.62 | J21: 33995 | K21: 7228.3126 | L21: 212628.7 | M21: 19034 | N21: 4074.275 | O21: 214052.48 | P21: 15071 | Q21: 3157.5759 | R21: 209513.36 | S21: 34105 | T21: 7231.8509 | U21: 212046.65 | V21: 19101 | W21: 4082.6434 | X21: 213739.77 | Y21: 15125 | Z21: 3166.5191 | AA21: 209356.63 | AB21: 34226 | AC21: 7249.1625 | AD21: 211802.8 | AE21: 19032.333 | AF21: 12226.954 | AG21: 214144.64 | AH21: 15076.333 | AI21: 9482.3723 | AJ21: 209653.21 | AK21: 34108.667 | AL21: 21709.326 | AM21: 212159.38
B22: Región de Antofagasta | C22: PGU no contributiva1 | D22: 7235 | E22: 1551.4788 | F22: 214440.75 | G22: 2069 | H22: 442.66476 | I22: 213951.07 | J22: 9304 | K22: 1994.1436 | L22: 214331.86 | M22: 7276 | N22: 1555.8936 | O22: 213839.14 | P22: 2078 | Q22: 443.5775 | R22: 213463.67 | S22: 9354 | T22: 1999.4711 | U22: 213755.73 | V22: 8898 | W22: 1900.8196 | X22: 213623.24 | Y22: 2527 | Z22: 539.51336 | AA22: 213499.55 | AB22: 11425 | AC22: 2440.333 | AD22: 213595.88 | AE22: 7803 | AF22: 5008.192 | AG22: 213967.71 | AH22: 2224.6667 | AI22: 1425.7556 | AJ22: 213638.1 | AK22: 10027.667 | AL22: 6433.9477 | AM22: 213894.49
B23: Región de Antofagasta | C23: PGU contributiva1 2 | D23: 21210 | E23: 4477.1497 | F23: 211086.74 | G23: 18049 | H23: 3647.0933 | I23: 202066.23 | J23: 39259 | K23: 8124.243 | L23: 206939.63 | M23: 21283 | N23: 4479.9732 | O23: 210495.38 | P23: 18139 | Q23: 3651.4882 | R23: 201305.93 | S23: 39422 | T23: 8131.4615 | U23: 206267.1 | V23: 19772 | W23: 4151.3867 | X23: 209962.91 | Y23: 17803 | Z23: 3572.8043 | AA23: 200685.52 | AB23: 37575 | AC23: 7724.191 | AD23: 205567.29 | AE23: 20755 | AF23: 13108.51 | AG23: 210515.01 | AH23: 17997 | AI23: 10871.386 | AJ23: 201352.56 | AK23: 38752 | AL23: 23979.895 | AM23: 206258.01
B24: Región de Antofagasta | C24: APS vejez1 | D24: 2472 | E24: 610.13704 | F24: 246819.19 | G24: 1043 | H24: 266.60668 | I24: 255615.22 | J24: 3515 | K24: 876.74372 | L24: 249429.22 | M24: 2466 | N24: 607.53905 | O24: 246366.2 | P24: 1038 | Q24: 265.29609 | R24: 255583.9 | S24: 3504 | T24: 872.83513 | U24: 249096.78 | V24: 2459 | W24: 605.27975 | X24: 246148.74 | Y24: 1023 | Z24: 261.68164 | AA24: 255798.28 | AB24: 3482 | AC24: 866.96139 | AD24: 248983.74 | AE24: 2465.6667 | AF24: 1822.9558 | AG24: 246444.71 | AH24: 1034.6667 | AI24: 793.58441 | AJ24: 255665.8 | AK24: 3500.3333 | AL24: 2616.5402 | AM24: 249169.92
B25: Región de Antofagasta | C25: PBS invalidez | D25: 2226 | E25: 478.33915 | F25: 214887.31 | G25: 1633 | H25: 350.91394 | I25: 214889.12 | J25: 3859 | K25: 829.25309 | L25: 214888.08 | M25: 2228 | N25: 477.54909 | O25: 214339.81 | P25: 1649 | Q25: 353.45139 | R25: 214342.87 | S25: 3877 | T25: 831.00048 | U25: 214341.11 | V25: 2243 | W25: 480.34476 | X25: 214152.81 | Y25: 1655 | Z25: 354.42722 | AA25: 214155.42 | AB25: 3898 | AC25: 834.77198 | AD25: 214153.92 | AE25: 2232.3333 | AF25: 1436.233 | AG25: 214459.98 | AH25: 1645.6667 | AI25: 1058.7925 | AJ25: 214462.47 | AK25: 3878 | AL25: 2495.0255 | AM25: 214461.03
B26: Región de Antofagasta | C26: APS invalidez | D26: 855 | E26: 150.46042 | F26: 175977.1 | G26: 900 | H26: 151.26097 | I26: 168067.75 | J26: 1755 | K26: 301.7214 | L26: 171921.02 | M26: 857 | N26: 150.73663 | O26: 175888.72 | P26: 905 | Q26: 151.39722 | R26: 167289.75 | S26: 1762 | T26: 302.13386 | U26: 171472.11 | V26: 861 | W26: 150.93032 | X26: 175296.54 | Y26: 904 | Z26: 150.98436 | AA26: 167018.1 | AB26: 1765 | AC26: 301.91468 | AD26: 171056.48 | AE26: 857.66667 | AF26: 452.12738 | AG26: 175720.79 | AH26: 903 | AI26: 453.64256 | AJ26: 167458.53 | AK26: 1760.6667 | AL26: 905.76993 | AM26: 171483.2
B27: Región de Antofagasta | C27: Total beneficios3 | D27: 33998 | E27: 7267.5651 | F27: 213764.49 | G27: 23694 | H27: 4858.5397 | I27: 205053.59 | J27: 57692 | K27: 12126.105 | L27: 210186.94 | M27: 34110 | N27: 7271.6916 | O27: 213183.57 | P27: 23809 | Q27: 4865.2104 | R27: 204343.33 | S27: 57919 | T27: 12136.902 | U27: 209549.58 | V27: 34233 | W27: 7288.7611 | X27: 212916.23 | Y27: 23912 | Z27: 4879.4109 | AA27: 204056.99 | AB27: 58145 | AC27: 12168.172 | AD27: 209272.89 | AE27: 34113.667 | AF27: 21828.018 | AG27: 213288.1 | AH27: 23805 | AI27: 14603.161 | AJ27: 204484.64 | AK27: 57918.667 | AL27: 36431.179 | AM27: 209669.8
... B105: Región de Magallanes y la Antártica Chilena | C105: Total beneficios3 | D105: 12768 | E105: 2719.3069 | F105: 212978.3 | G105: 9139 | H105: 1929.2496 | I105: 211100.73 | J105: 21907 | K105: 4648.5565 | L105: 212195.03 | M105: 12836 | N105: 2726.147 | O105: 212382.9 | P105: 9183 | Q105: 1933.0287 | R105: 210500.78 | S105: 22019 | T105: 4659.1757 | U105: 211597.97 | V105: 12887 | W105: 2732.69 | X105: 212050.13 | Y105: 9182 | Z105: 1930.5028 | AA105: 210248.62 | AB105: 22069 | AC105: 4663.1929 | AD105: 211300.6 | AE105: 12830.333 | AF105: 8178.1439 | AG105: 212470.44 | AH105: 9168 | AI105: 5792.7811 | AJ105: 210616.71 | AK105: 21998.333 | AL105: 13970.925 | AM105: 211697.86
B106: Sin información | C106: PGU no contributiva1 | D106: 0 | E106: 0 | G106: 0 | H106: 0 | J106: 0 | K106: 0 | M106: 0 | N106: 0 | P106: 0 | Q106: 0 | S106: 0 | T106: 0 | V106: 0 | W106: 0 | Y106: 0 | Z106: 0 | AB106: 0 | AC106: 0 | AE106: 0 | AF106: 0 | AH106: 0 | AI106: 0 | AK106: 0 | AL106: 0
C107: PGU contributiva1 2 | D107: 0 | E107: 0 | G107: 0 | H107: 0 | J107: 0 | K107: 0 | M107: 0 | N107: 0 | P107: 0 | Q107: 0 | S107: 0 | T107: 0 | V107: 0 | W107: 0 | Y107: 0 | Z107: 0 | AB107: 0 | AC107: 0 | AE107: 0 | AF107: 0 | AH107: 0 | AI107: 0 | AK107: 0 | AL107: 0
C108: APS vejez1 | D108: 0 | E108: 0 | G108: 0 | H108: 0 | J108: 0 | K108: 0 | M108: 0 | N108: 0 | P108: 0 | Q108: 0 | S108: 0 | T108: 0 | V108: 0 | W108: 0 | Y108: 0 | Z108: 0 | AB108: 0 | AC108: 0 | AE108: 0 | AF108: 0 | AH108: 0 | AI108: 0 | AK108: 0 | AL108: 0
C109: PBS invalidez | D109: 0 | E109: 0 | G109: 0 | H109: 0 | J109: 0 | K109: 0 | M109: 0 | N109: 0 | P109: 0 | Q109: 0 | S109: 0 | T109: 0 | V109: 0 | W109: 0 | Y109: 0 | Z109: 0 | AB109: 0 | AC109: 0 | AE109: 0 | AF109: 0 | AH109: 0 | AI109: 0 | AK109: 0 | AL109: 0
C110: APS invalidez | D110: 0 | E110: 0 | G110: 0 | H110: 0 | J110: 0 | K110: 0 | M110: 0 | N110: 0 | P110: 0 | Q110: 0 | S110: 0 | T110: 0 | V110: 0 | W110: 0 | Y110: 0 | Z110: 0 | AB110: 0 | AC110: 0 | AE110: 0 | AF110: 0 | AH110: 0 | AI110: 0 | AK110: 0 | AL110: 0
C111: Total beneficios3 | D111: 0 | E111: 0 | G111: 0 | H111: 0 | J111: 0 | K111: 0 | M111: 0 | N111: 0 | P111: 0 | Q111: 0 | S111: 0 | T111: 0 | V111: 0 | W111: 0 | Y111: 0 | Z111: 0 | AB111: 0 | AC111: 0 | AE111: 0 | AF111: 0 | AH111: 0 | AI111: 0 | AK111: 0 | AL111: 0
B112: Total nacional | C112: PGU no contributiva1 | D112: 348046 | E112: 74440.178 | F112: 213880.29 | G112: 133888 | H112: 28739.72 | I112: 214654.93 | J112: 481934 | K112: 103179.9 | L112: 214095.49 | M112: 349176 | N112: 74472.45 | O112: 213280.55 | P112: 134137 | Q112: 28719.814 | R112: 214108.07 | S112: 483313 | T112: 103192.26 | U112: 213510.22 | V112: 420895 | W112: 89641.814 | X112: 212979.04 | Y112: 167174 | Z112: 35771.66 | AA112: 213978.61 | AB112: 588069 | AC112: 125413.47 | AD112: 213263.19 | AE112: 372705.67 | AF112: 238554.44 | AG112: 213379.96 | AH112: 145066.33 | AI112: 93231.193 | AJ112: 214247.2 | AK112: 517772 | AL112: 331785.63 | AM112: 213622.97
B113: Total Nacional | C113: PGU contributiva1 2 | D113: 856180 | E113: 181253.69 | F113: 211700.44 | G113: 728418 | H113: 152603.9 | I113: 209500.45 | J113: 1584598 | K113: 333857.58 | L113: 210689.13 | M113: 859346 | N113: 181433.28 | O113: 211129.48 | P113: 731265 | Q113: 152792.59 | R113: 208942.85 | S113: 1590611 | T113: 334225.87 | U113: 210124.2 | V113: 792093 | W113: 166908.85 | X113: 210718.75 | Y113: 702144 | Z113: 146387.69 | AA113: 208486.71 | AB113: 1494237 | AC113: 313296.54 | AD113: 209669.91 | AE113: 835873 | AF113: 529595.81 | AG113: 211182.89 | AH113: 720609 | AI113: 451784.18 | AJ113: 208976.67 | AK113: 1556482 | AL113: 981379.99 | AM113: 210161.08
B114: Total Nacional | C114: APS vejez1 | D114: 104051 | E114: 25762.518 | F114: 247595.1 | G114: 58337 | H114: 14716.05 | I114: 252259.28 | J114: 162388 | K114: 40478.568 | L114: 249270.68 | M114: 103719 | N114: 25633.651 | O114: 247145.18 | P114: 57968 | Q114: 14604.208 | R114: 251935.69 | S114: 161687 | T114: 40237.859 | U114: 248862.67 | V114: 103429 | W114: 25543.78 | X114: 246969.23 | Y114: 57557 | Z114: 14498.056 | AA114: 251890.4 | AB114: 160986 | AC114: 40041.836 | AD114: 248728.68 | AE114: 103733 | AF114: 76939.949 | AG114: 247236.5 | AH114: 57954 | AI114: 43818.313 | AJ114: 252028.46 | AK114: 161687 | AL114: 120758.26 | AM114: 248954.01
B115: Total Nacional | C115: PBS invalidez | D115: 110743 | E115: 23799.579 | F115: 214908.21 | G115: 87013 | H115: 18701.276 | I115: 214925.08 | J115: 197756 | K115: 42500.856 | L115: 214915.63 | M115: 111054 | N115: 23805.78 | O115: 214362.2 | P115: 87337 | Q115: 18723.118 | R115: 214377.84 | S115: 198391 | T115: 42528.898 | U115: 214369.09 | V115: 111277 | W115: 23832.989 | X115: 214177.13 | Y115: 87585 | Z115: 18759.924 | AA115: 214191.06 | AB115: 198862 | AC115: 42592.913 | AD115: 214183.27 | AE115: 111024.67 | AF115: 71438.348 | AG115: 214482.51 | AH115: 87311.667 | AI115: 56184.318 | AJ115: 214498 | AK115: 198336.33 | AL115: 127622.67 | AM115: 214489.33
B116: Total Nacional | C116: APS invalidez | D116: 47933 | E116: 8741.1982 | F116: 182362.84 | G116: 51499 | H116: 8887.2541 | I116: 172571.39 | J116: 99432 | K116: 17628.452 | L116: 177291.54 | M116: 48030 | N116: 8730.3583 | O116: 181768.86 | P116: 51610 | Q116: 8879.4421 | R116: 172048.87 | S116: 99640 | T116: 17609.8 | U116: 176734.25 | V116: 48029 | W116: 8709.9113 | X116: 181346.92 | Y116: 51658 | Z116: 8871.5786 | AA116: 171736.78 | AB116: 99687 | AC116: 17581.49 | AD116: 176366.93 | AE116: 47997.333 | AF116: 26181.468 | AG116: 181826.21 | AH116: 51589 | AI116: 26638.275 | AJ116: 172119.01 | AK116: 99586.333 | AL116: 52819.743 | AM116: 176797.57
B117: Total Nacional | C117: Total beneficios3 | D117: 1466953 | E117: 313997.16 | F117: 214047.18 | G117: 1059155 | H117: 223648.2 | I117: 211157.19 | J117: 2526108 | K117: 537645.35 | L117: 212835.46 | M117: 1471325 | N117: 314075.52 | O117: 213464.41 | P117: 1062317 | Q117: 223719.17 | R117: 210595.49 | S117: 2533642 | T117: 537794.69 | U117: 212261.51 | V117: 1475723 | W117: 314637.34 | X117: 213208.94 | Y117: 1066118 | Z117: 224288.91 | AA117: 210379.07 | AB117: 2541841 | AC117: 538926.25 | AD117: 212022.02 | AE117: 1471333.7 | AF117: 942710.02 | AG117: 213573.51 | AH117: 1062530 | AI117: 671656.28 | AJ117: 210710.58 | AK117: 2533863.7 | AL117: 1614366.3 | AM117: 212373
B118: Fuente: Elaboración propia con datos de la Superintendencia de Pensiones
B119: 1 La Pensión Garantizada Universal (PGU) es un nuevo beneficio generado a partir de la ley 21.419 del 29-01-2022. El concepto de PGU No Contributiva o Contributiva está relacionado con la calidad de la persona que está recibiendo el beneficio, si es No Contributiva quiere decir que no estaba afiliado a un sistema previsional (D.L. 3.500 o antiguo Sistema de Reparto) ni recibe pensión de sobrevivencia, si es Contributiva quiere decir que sí estaba afiliado a un sistema previsional o que recibe una pensión de sobrevivencia. De manera automática, en febrero 2022, los PBS de Vejez pasaron a ser PGU No Contributiva y los APS Vejez Subsidio Definido, los Beneficio artículo 9° bis y los APS Vejez con una Pensión Final Garantizada inferior o igual al monto de la PGU pasaron a ser PGU Contributiva. En los casos en que el APS Vejez con una Pensión Final Garantizada tuviera un monto superior a la PGU, se mantuvo el pago del beneficio.
B120: 2 El beneficio Complemento por trabajo pesado se informa dentro de la categoría de beneficios pagados por PGU contributiva.
B121: 3 A la fecha de publicación de este informe no se cuenta con información de las pensiones asistenciales (ex PASIS) que continúan vigentes, pagadas a septiembre 2024. 4 Monto total pagado en el periodo en pesos de septiembre 2024. 5 Monto promedio pagado por beneficiario en el periodo en pesos de septiembre 2024. 6 Promedio mensual de beneficiarios en el trimestre. 7 Monto total pagado en el trimestre en pesos a septiembre 2024. 8 Monto promedio mensual pagado por beneficiario en el trimestre, en pesos de septiembre 2024.

Sheet 1.3
B2: PAGOS PENSIÓN GARANTIZADA UNIVERSAL (PGU)
B4: Resumen trimestral de beneficios pagados, por tipo de beneficio y sexo
B5: (julio 2024 a septiembre 2024)
D7: PGU No Contributiva1 | G7: PGU Contributiva1 2 | J7: PGU Total1
B8: Periodo | C8: Sexo Beneficiarios | D8: N° beneficiarios | E8: Monto nominal (MM$)3 | F8: Monto real (MM$)4 | G8: N° beneficiarios | H8: Monto nominal (MM$)3 | I8: Monto real (MM$)4 | J8: N° beneficiarios | K8: Monto nominal (MM$)3 | L8: Monto real (MM$)4
B9: 45474 | C9: Mujeres | D9: 348046 | E9: 74185.359 | F9: 74440.178 | G9: 856180 | H9: 180633.23 | I9: 181253.69 | J9: 1204226 | K9: 254818.59 | L9: 255693.86
C10: Hombres | D10: 133888 | E10: 28641.34 | F10: 28739.72 | G10: 728418 | H10: 152081.51 | I10: 152603.9 | J10: 862306 | K10: 180722.85 | L10: 181343.62
C11: Total | D11: 481934 | E11: 102826.7 | F11: 103179.9 | G11: 1584598 | H11: 332714.74 | I11: 333857.58 | J11: 2066532 | K11: 435541.44 | L11: 437037.48
B12: 45505 | C12: Mujeres | D12: 349176 | E12: 74407.143 | F12: 74472.45 | G12: 859346 | H12: 181274.18 | I12: 181433.28 | J12: 1208522 | K12: 255681.32 | L12: 255905.73
C13: Hombres | D13: 134137 | E13: 28694.629 | F13: 28719.814 | G13: 731265 | H13: 152658.6 | I13: 152792.59 | J13: 865402 | K13: 181353.23 | L13: 181512.4
C14: Total | D14: 483313 | E14: 103101.77 | F14: 103192.26 | G14: 1590611 | H14: 333932.78 | I14: 334225.87 | J14: 2073924 | K14: 437034.55 | L14: 437418.13
B15: 45536 | C15: Mujeres | D15: 420895 | E15: 89641.814 | F15: 89641.814 | G15: 792093 | H15: 166908.85 | I15: 166908.85 | J15: 1212988 | K15: 256550.66 | L15: 256550.66
C16: Hombres | D16: 167174 | E16: 35771.66 | F16: 35771.66 | G16: 702144 | H16: 146387.69 | I16: 146387.69 | J16: 869318 | K16: 182159.35 | L16: 182159.35
C17: Total | D17: 588069 | E17: 125413.47 | F17: 125413.47 | G17: 1494237 | H17: 313296.54 | I17: 313296.54 | J17: 2082306 | K17: 438710.01 | L17: 438710.01
B18: Fuente: Elaboración propia con datos de la Superintendencia de Pensiones
B19: 1 La Pensión Garantizada Universal (PGU) es un nuevo beneficio generado a partir de la ley 21.419 del 29-01-2022. El concepto de PGU No Contributiva o Contributiva está relacionado con la calidad de la persona que está recibiendo el beneficio, si es No Contributiva quiere decir que no estaba afiliado a un sistema previsional (D.L. 3.500 o antiguo Sistema de Reparto) ni recibe pensión de sobrevivencia, si es Contributiva quiere decir que sí estaba afiliado a un sistema previsional o que recibe una pensión de sobrevivencia. De manera automática, en febrero 2022, los PBS de Vejez pasaron a ser PGU No Contributiva y los APS Vejez Subsidio Definido, los Beneficio artículo 9° bis y los APS Vejez con una Pensión Final Garantizada inferior o igual al monto de la PGU pasaron a ser PGU Contributiva. En los casos en que el APS Vejez con una Pensión Final Garantizada tuviera un monto superior a la PGU, se mantuvo el pago del beneficio.
B20: 2 El beneficio Complemento por trabajo pesado se informa dentro de la categoría de beneficios pagados por PGU contributiva.
B21: 3 Montos nominales de cada periodo de pago. 4 Montos deflactados a septiembre 2024.
B23: Serie resumen de pagos de beneficios acumulado, por tipo de beneficio y sexo
B24: (febrero 2022 a septiembre 2024)
C26: PGU No Contributiva1 | L26: PGU Contributiva1 2 | U26: PGU Total1
C27: Mujeres | F27: Hombres | I27: Total | L27: Mujeres | O27: Hombres | R27: Total | U27: Mujeres | X27: Hombres | AA27: Total
B28: Periodo | C28: N° Beneficiarios | D28: Monto real (MM$)3 | E28: Monto nominal (MM$)4 | F28: N° Beneficiarios | G28: Monto real (MM$)3 | H28: Monto nominal (MM$)4 | I28: N° Beneficiarios | J28: Monto real (MM$)3 | K28: Monto nominal (MM$)4 | L28: N° Beneficiarios | M28: Monto real (MM$)3 | N28: Monto nominal (MM$)4 | O28: N° Beneficiarios | P28: Monto real (MM$)3 | Q28: Monto nominal (MM$)4 | R28: N° Beneficiarios | S28: Monto real (MM$)3 | T28: Monto nominal (MM$)4 | U28: N° Beneficiarios | V28: Monto real (MM$)3 | W28: Monto nominal (MM$)4 | X28: N° Beneficiarios | Y28: Monto real (MM$)3 | Z28: Monto nominal (MM$)4 | AA28: N° Beneficiarios | AB28: Monto real (MM$)3 | AC28: Monto nominal (MM$)4
B29: 44593 | C29: 309683 | D29: 67989.492 | E29: 57205.361 | F29: 106066 | G29: 23315.509 | H29: 19617.327 | I29: 415749 | J29: 91305.001 | K29: 76822.687 | L29: 517361 | M29: 101116.83 | N29: 85078.214 | O29: 340110 | P29: 69295.395 | Q29: 58304.128 | R29: 857471 | S29: 170412.22 | T29: 143382.34 | U29: 827044 | V29: 169106.32 | W29: 142283.57 | X29: 446176 | Y29: 92610.903 | Z29: 77921.454 | AA29: 1273220 | AB29: 261717.22 | AC29: 220205.03
B30: 44621 | C30: 312946 | D30: 67345.032 | E30: 57713.942 | F30: 107255 | G30: 23147.128 | H30: 19836.831 | I30: 420201 | J30: 90492.16 | K30: 77550.774 | L30: 536699 | M30: 115610.33 | N30: 99076.767 | O30: 361057 | P30: 77854.963 | Q30: 66720.837 | R30: 897756 | S30: 193465.29 | T30: 165797.6 | U30: 849645 | V30: 182955.36 | W30: 156790.71 | X30: 468312 | Y30: 101002.09 | Z30: 86557.668 | AA30: 1317957 | AB30: 283957.45 | AC30: 243348.38
B31: 44652 | C31: 314601 | D31: 66696.211 | E31: 57957.137 | F31: 107763 | G31: 22935.035 | H31: 19929.902 | I31: 422364 | J31: 89631.246 | K31: 77887.039 | L31: 552501 | M31: 117294.16 | N31: 101925.33 | O31: 374925 | P31: 79756.355 | Q31: 69306.036 | R31: 927426 | S31: 197050.51 | T31: 171231.37 | U31: 867102 | V31: 183990.37 | W31: 159882.47 | X31: 482688 | Y31: 102691.39 | Z31: 89235.939 | AA31: 1349790 | AB31: 286681.76 | AC31: 249118.41
B32: 44682 | C32: 316872 | D32: 66325.152 | E32: 58325.654 | F32: 108938 | G32: 22908.346 | H32: 20145.363 | I32: 425810 | J32: 89233.498 | K32: 78471.017 | L32: 605836 | M32: 127041.45 | N32: 111718.94 | O32: 477591 | P32: 100406.01 | Q32: 88296.01 | R32: 1083427 | S32: 227447.47 | T32: 200014.95 | U32: 922708 | V32: 193366.61 | W32: 170044.6 | X32: 586529 | Y32: 123314.36 | Z32: 108441.37 | AA32: 1509237 | AB32: 316680.96 | AC32: 278485.97
B33: 44713 | C33: 317138 | D33: 65744.78 | E33: 58354.483 | F33: 109221 | G33: 22754.87 | H33: 20197.021 | I33: 426359 | J33: 88499.65 | K33: 78551.504 | L33: 615086 | M33: 127736.92 | N33: 113378.15 | O33: 487043 | P33: 101447.1 | Q33: 90043.543 | R33: 1102129 | S33: 229184.01 | T33: 203421.7 | U33: 932224 | V33: 193481.7 | W33: 171732.64 | X33: 596264 | Y33: 124201.97 | Z33: 110240.56 | AA33: 1528488 | AB33: 317683.66 | AC33: 281973.2
B34: 44743 | C34: 317824 | D34: 68125.523 | E34: 61298.892 | F34: 109691 | G34: 23629.36 | H34: 21261.541 | I34: 427515 | J34: 91754.883 | K34: 82560.433 | L34: 621791 | M34: 133530.79 | N34: 120150.12 | O34: 498271 | P34: 107320.34 | Q34: 96566.129 | R34: 1120062 | S34: 240851.14 | T34: 216716.25 | U34: 939615 | V34: 201656.32 | W34: 181449.01 | X34: 607962 | Y34: 130949.7 | Z34: 117827.67 | AA34: 1547577 | AB34: 332606.02 | AC34: 299276.68
B35: 44774 | C35: 322017 | D35: 68183.798 | E35: 62094.245 | F35: 110018 | G35: 23415.344 | H35: 21324.1 | I35: 432035 | J35: 91599.142 | K35: 83418.345 | L35: 660104 | M35: 139634.6 | N35: 127163.71 | O35: 538150 | P35: 113743.81 | Q35: 103585.25 | R35: 1198254 | S35: 253378.41 | T35: 230748.97 | U35: 982121 | V35: 207818.4 | W35: 189257.96 | X35: 648168 | Y35: 137159.15 | Z35: 124909.35 | AA35: 1630289 | AB35: 344977.55 | AC35: 314167.31
B36: 44805 | C36: 321661 | D36: 67511.542 | E36: 62013.553 | F36: 109838 | G36: 23175.713 | H36: 21288.335 | I36: 431499 | J36: 90687.255 | K36: 83301.888 | L36: 679141 | M36: 142280.06 | N36: 130693.09 | O36: 553055 | P36: 115521.98 | Q36: 106114.12 | R36: 1232196 | S36: 257802.04 | T36: 236807.22 | U36: 1000802 | V36: 209791.6 | W36: 192706.64 | X36: 662893 | Y36: 138697.69 | Z36: 127402.46 | AA36: 1663695 | AB36: 348489.29 | AC36: 320109.1
B37: 44835 | C37: 322141 | D37: 67256.74 | E37: 62098.94 | F37: 109963 | G37: 23082.949 | H37: 21312.758 | I37: 432104 | J37: 90339.688 | K37: 83411.698 | L37: 686334 | M37: 142949.07 | N37: 131986.56 | O37: 563950 | P37: 116986.36 | Q37: 108014.88 | R37: 1250284 | S37: 259935.43 | T37: 240001.44 | U37: 1008475 | V37: 210205.81 | W37: 194085.5 | X37: 673913 | Y37: 140069.31 | Z37: 129327.64 | AA37: 1682388 | AB37: 350275.12 | AC37: 323413.14
B38: 44866 | C38: 327443 | D38: 67660.44 | E38: 63080.933 | F38: 121585 | G38: 25275.109 | H38: 23564.397 | I38: 449028 | J38: 92935.549 | K38: 86645.33 | L38: 704099 | M38: 145054.03 | N38: 135236.24 | O38: 584193 | P38: 119634.5 | Q38: 111537.2 | R38: 1288292 | S38: 264688.53 | T38: 246773.44 | U38: 1031542 | V38: 212714.47 | W38: 198317.17 | X38: 705778 | Y38: 144909.61 | Z38: 135101.6 | AA38: 1737320 | AB38: 357624.08 | AC38: 333418.77
B39: 44896 | C39: 329180 | D39: 67828.554 | E39: 63417.032 | F39: 125728 | G39: 26063.344 | H39: 24368.203 | I39: 454908 | J39: 93891.898 | K39: 87785.234 | L39: 717919 | M39: 147210.7 | N39: 137636.22 | O39: 594890 | P39: 121167.59 | Q39: 113286.94 | R39: 1312809 | S39: 268378.29 | T39: 250923.16 | U39: 1047099 | V39: 215039.25 | W39: 201053.25 | X39: 720618 | Y39: 147230.94 | Z39: 137655.14 | AA39: 1767717 | AB39: 362270.19 | AC39: 338708.39
B40: 44927 | C40: 331003 | D40: 67834.311 | E40: 63933.034 | F40: 126303 | G40: 25942.248 | H40: 24450.261 | I40: 457306 | J40: 93776.558 | K40: 88383.295 | L40: 729835 | M40: 148398.24 | N40: 139863.58 | O40: 605454 | P40: 122137.1 | Q40: 115112.77 | R40: 1335289 | S40: 270535.34 | T40: 254976.35 | U40: 1060838 | V40: 216232.55 | W40: 203796.61 | X40: 731757 | Y40: 148079.35 | Z40: 139563.03 | AA40: 1792595 | AB40: 364311.9 | AC40: 343359.65
... B60: 45536 | C60: 420895 | D60: 89641.814 | E60: 89641.814 | F60: 167174 | G60: 35771.66 | H60: 35771.66 | I60: 588069 | J60: 125413.47 | K60: 125413.47 | L60: 792093 | M60: 166908.85 | N60: 166908.85 | O60: 702144 | P60: 146387.69 | Q60: 146387.69 | R60: 1494237 | S60: 313296.54 | T60: 313296.54 | U60: 1212988 | V60: 256550.66 | W60: 256550.66 | X60: 869318 | Y60: 182159.35 | Z60: 182159.35 | AA60: 2082306 | AB60: 438710.01 | AC60: 438710.01
B61: Fuente: Elaboración propia con datos de la Superintendencia de Pensiones
B62: 1 La Pensión Garantizada Universal (PGU) es un nuevo beneficio generado a partir de la ley 21.419 del 29-01-2022. El concepto de PGU No Contributiva o Contributiva está relacionado con la calidad de la persona que está recibiendo el beneficio, si es No Contributiva quiere decir que no estaba afiliado a un sistema previsional (D.L. 3.500 o antiguo Sistema de Reparto) ni recibe pensión de sobrevivencia, si es Contributiva quiere decir que sí estaba afiliado a un sistema previsional o que recibe una pensión de sobrevivencia. De manera automática, en febrero 2022, los PBS de Vejez pasaron a ser PGU No Contributiva y los APS Vejez Subsidio Definido, los Beneficio artículo 9° bis y los APS Vejez con una Pensión Final Garantizada inferior o igual al monto de la PGU pasaron a ser PGU Contributiva. En los casos en que el APS Vejez con una Pensión Final Garantizada tuviera un monto superior a la PGU, se mantuvo el pago del beneficio.
B63: 2 El beneficio Complemento por trabajo pesado se informa dentro de la categoría de beneficios pagados por PGU contributiva.
B64: 3 Montos deflactados a septiembre 2024. 4 Montos nominales de cada periodo de pago.

Sheet 1.4
B2: PAGOS PENSIÓN BÁSICA SOLIDARIA (PBS)
B4: Resumen trimestral de beneficios pagados, por tipo de beneficio y sexo
B5: (julio 2024 a septiembre 2024)
D7: PBS Invalidez1
B8: Periodo | C8: Sexo Beneficiarios | D8: N° beneficiarios | E8: Monto nominal (MM$)2 | F8: Monto real (MM$)3
B9: 45474 | C9: Mujeres | D9: 110743 | E9: 23718.11 | F9: 23799.579
C10: Hombres | D10: 87013 | E10: 18637.259 | F10: 18701.276
C11: Total | D11: 197756 | E11: 42355.369 | F11: 42500.856
B12: 45505 | C12: Mujeres | D12: 111054 | E12: 23784.904 | F12: 23805.78
C13: Hombres | D13: 87337 | E13: 18706.699 | F13: 18723.118
C14: Total | D14: 198391 | E14: 42491.603 | F14: 42528.898
B15: 45536 | C15: Mujeres | D15: 111277 | E15: 23832.989 | F15: 23832.989
C16: Hombres | D16: 87585 | E16: 18759.924 | F16: 18759.924
C17: Total | D17: 198862 | E17: 42592.913 | F17: 42592.913
B18: Fuente: Elaboración propia con datos de la Superintendencia de Pensiones
B19: 1 De manera automática, en febrero 2022, los PBS de Vejez pasaron a ser PGU No Contributiva y los APS Vejez Subsidio Definido, los Beneficio artículo 9° bis y los APS Vejez con una Pensión Final Garantizada inferior o igual al monto de la PGU pasaron a ser PGU Contributiva. En los casos en que el APS Vejez con una Pensión Final Garantizada tuviera un monto superior a la PGU, se mantuvo el pago del beneficio.
B20: 2 Montos nominales de cada periodo de pago. 3 Montos deflactados a septiembre 2024.
B22: Serie resumen de pagos de beneficios acumulado, por tipo de beneficio y sexo
B23: (julio 2008 a septiembre 2024)
C25: PBS Vejez1 | L25: PBS Invalidez | U25: PBS Total
C26: Mujeres | F26: Hombres | I26: Total | L26: Mujeres | O26: Hombres | R26: Total | U26: Mujeres | X26: Hombres | AA26: Total
B27: Periodo | C27: N° Beneficiarios | D27: Monto real (MM$)2 | E27: Monto nominal (MM$)3 | F27: N° Beneficiarios | G27: Monto real (MM$)2 | H27: Monto nominal (MM$)3 | I27: N° Beneficiarios | J27: Monto real (MM$)2 | K27: Monto nominal (MM$)3 | L27: N° Beneficiarios | M27: Monto real (MM$)2 | N27: Monto nominal (MM$)3 | O27: N° Beneficiarios | P27: Monto real (MM$)2 | Q27: Monto nominal (MM$)3 | R27: N° Beneficiarios | S27: Monto real (MM$)2 | T27: Monto nominal (MM$)3 | U27: N° Beneficiarios | V27: Monto real (MM$)2 | W27: Monto nominal (MM$)3 | X27: N° Beneficiarios | Y27: Monto real (MM$)2 | Z27: Monto nominal (MM$)3 | AA27: N° Beneficiarios | AB27: Monto real (MM$)2 | AC27: Monto nominal (MM$)3
B28: 39630 | C28: 189150 | D28: 20253.457 | E28: 11349 | F28: 101420 | G28: 10859.665 | H28: 6085.2 | I28: 290570 | J28: 31113.122 | K28: 17434.2 | L28: 108433 | M28: 11610.59 | N28: 6505.98 | O28: 84278 | P28: 9024.1653 | Q28: 5056.68 | R28: 192711 | S28: 20634.755 | T28: 11562.66 | U28: 297583 | V28: 31864.047 | W28: 17854.98 | X28: 185698 | Y28: 19883.83 | Z28: 11141.88 | AA28: 483281 | AB28: 51747.878 | AC28: 28996.86
B29: 39661 | C29: 190466 | D29: 20205.985 | E29: 11427.96 | F29: 101671 | G29: 10785.981 | H29: 6100.26 | I29: 292137 | J29: 30991.966 | K29: 17528.22 | L29: 109472 | M29: 11613.566 | N29: 6568.32 | O29: 84832 | P29: 8999.5804 | Q29: 5089.92 | R29: 194304 | S29: 20613.147 | T29: 11658.24 | U29: 299938 | V29: 31819.551 | W29: 17996.28 | X29: 186503 | Y29: 19785.561 | Z29: 11190.18 | AA29: 486441 | AB29: 51605.113 | AC29: 29186.46
B30: 39692 | C30: 221382 | D30: 23233.51 | E30: 13279.878 | F30: 108164 | G30: 11351.901 | H30: 6488.553 | I30: 329546 | J30: 34585.411 | K30: 19768.431 | L30: 108958 | M30: 11437.5 | N30: 6537.48 | O30: 84560 | P30: 8876.4021 | Q30: 5073.6 | R30: 193518 | S30: 20313.902 | T30: 11611.08 | U30: 330340 | V30: 34671.01 | W30: 19817.358 | X30: 192724 | Y30: 20228.303 | Z30: 11562.153 | AA30: 523064 | AB30: 54899.314 | AC30: 31379.511
B31: 39722 | C31: 230808 | D31: 26403.294 | E31: 15225.06 | F31: 110075 | G31: 11996.24 | H31: 6917.4504 | I31: 340883 | J31: 38399.534 | K31: 22142.51 | L31: 108604 | M31: 11345.1 | N31: 6541.98 | O31: 84437 | P31: 8834.1209 | Q31: 5094.0622 | R31: 193041 | S31: 20179.221 | T31: 11636.042 | U31: 339412 | V31: 37748.393 | W31: 21767.04 | X31: 194512 | Y31: 20830.361 | Z31: 12011.513 | AA31: 533924 | AB31: 58578.754 | AC31: 33778.552
B32: 39753 | C32: 236178 | D32: 26276.105 | E32: 15133.152 | F32: 111136 | G32: 11999.798 | H32: 6911.0234 | I32: 347314 | J32: 38275.903 | K32: 22044.175 | L32: 108404 | M32: 11415.171 | N32: 6574.32 | O32: 84286 | P32: 8835.9842 | Q32: 5088.8933 | R32: 192690 | S32: 20251.155 | T32: 11663.213 | U32: 344582 | V32: 37691.276 | W32: 21707.472 | X32: 195422 | Y32: 20835.783 | Z32: 11999.917 | AA32: 540004 | AB32: 58527.058 | AC32: 33707.389
B33: 39783 | C33: 244815 | D33: 28398.325 | E33: 16162.567 | F33: 113630 | G33: 12834.662 | H33: 7304.6943 | I33: 358445 | J33: 41232.988 | K33: 23467.261 | L33: 109628 | M33: 12407.605 | N33: 7061.64 | O33: 84823 | P33: 9338.1471 | Q33: 5314.6946 | R33: 194451 | S33: 21745.753 | T33: 12376.335 | U33: 354443 | V33: 40805.931 | W33: 23224.207 | X33: 198453 | Y33: 22172.809 | Z33: 12619.389 | AA33: 552896 | AB33: 62978.74 | AC33: 35843.596
B34: 39814 | C34: 249383 | D34: 27686.853 | E34: 15637.466 | F34: 114748 | G34: 12556.957 | H34: 7092.1381 | I34: 364131 | J34: 40243.81 | K34: 22729.604 | L34: 110901 | M34: 12800.685 | N34: 7229.7949 | O34: 85291 | P34: 9474.5115 | Q34: 5351.1805 | R34: 196192 | S34: 22275.196 | T34: 12580.975 | U34: 360284 | V34: 40487.538 | W34: 22867.26 | X34: 200039 | Y34: 22031.469 | Z34: 12443.319 | AA34: 560323 | AB34: 62519.006 | AC34: 35310.579
B35: 39845 | C35: 251808 | D35: 27994.76 | E35: 15606.042 | F35: 115183 | G35: 12666.95 | H35: 7061.3555 | I35: 366991 | J35: 40661.709 | K35: 22667.397 | L35: 111775 | M35: 12976.415 | N35: 7233.871 | O35: 85481 | P35: 9540.8631 | Q35: 5318.6779 | R35: 197256 | S35: 22517.278 | T35: 12552.549 | U35: 363583 | V35: 40971.175 | W35: 22839.913 | X35: 200664 | Y35: 22207.813 | Z35: 12380.033 | AA35: 564247 | AB35: 63178.988 | AC35: 35219.946
B36: 39873 | C36: 254074 | D36: 28047.518 | E36: 15641.611 | F36: 115759 | G36: 12750.397 | H36: 7110.6736 | I36: 369833 | J36: 40797.915 | K36: 22752.284 | L36: 112459 | M36: 12961.11 | N36: 7228.1846 | O36: 85609 | P36: 9522.4454 | Q36: 5310.5014 | R36: 198068 | S36: 22483.555 | T36: 12538.686 | U36: 366533 | V36: 41008.628 | W36: 22869.795 | X36: 201368 | Y36: 22272.842 | Z36: 12421.175 | AA36: 567901 | AB36: 63281.471 | AC36: 35290.97
B37: 39904 | C37: 255795 | D37: 28122.709 | E37: 15659.383 | F37: 116177 | G37: 12719.11 | H37: 7082.298 | I37: 371972 | J37: 40841.819 | K37: 22741.681 | L37: 113104 | M37: 13107.677 | N37: 7298.6613 | O37: 85787 | P37: 9606.6701 | Q37: 5349.2188 | R37: 198891 | S37: 22714.347 | T37: 12647.88 | U37: 368899 | V37: 41230.386 | W37: 22958.044 | X37: 201964 | Y37: 22325.78 | Z37: 12431.517 | AA37: 570863 | AB37: 63556.166 | AC37: 35389.561
B38: 39934 | C38: 258094 | D38: 28490.455 | E38: 15830.183 | F38: 116638 | G38: 12807.745 | H38: 7116.3815 | I38: 374732 | J38: 41298.2 | K38: 22946.564 | L38: 114003 | M38: 13400.476 | N38: 7445.7213 | O38: 86085 | P38: 9776.8444 | Q38: 5432.3188 | R38: 200088 | S38: 23177.321 | T38: 12878.04 | U38: 372097 | V38: 41890.932 | W38: 23275.904 | X38: 202723 | Y38: 22584.59 | Z38: 12548.7 | AA38: 574820 | AB38: 64475.521 | AC38: 35824.604
B39: 39965 | C39: 260086 | D39: 28657.527 | E39: 15976.445 | F39: 116982 | G39: 12819.831 | H39: 7146.9989 | I39: 377068 | J39: 41477.358 | K39: 23123.444 | L39: 114983 | M39: 13690.882 | N39: 7632.6064 | O39: 86441 | P39: 9845.3726 | Q39: 5488.7518 | R39: 201424 | S39: 23536.255 | T39: 13121.358 | U39: 375069 | V39: 42348.41 | W39: 23609.051 | X39: 203423 | Y39: 22665.203 | Z39: 12635.751 | AA39: 578492 | AB39: 65013.613 | AC39: 36244.802
... B190: 44562 | C190: 309032 | D190: 64741.123 | E190: 54315.079 | F190: 105909 | G190: 22225.522 | H190: 18646.278 | I190: 414941 | J190: 86966.645 | K190: 72961.356 | L190: 102612 | M190: 21533.297 | N190: 18065.53 | O190: 79732 | P190: 16731.361 | Q190: 14036.908 | R190: 182344 | S190: 38264.658 | T190: 32102.438 | U190: 411644 | V190: 86274.42 | W190: 72380.609 | X190: 185641 | Y190: 38956.883 | Z190: 32683.186 | AA190: 597285 | AB190: 125231.3 | AC190: 105063.79
B191: 44593 | L191: 102691 | M191: 22573.334 | N191: 18992.872 | O191: 79908 | P191: 17564.917 | Q191: 14778.863 | R191: 182599 | S191: 40138.251 | T191: 33771.735 | U191: 102691 | V191: 22573.334 | W191: 18992.872 | X191: 79908 | Y191: 17564.917 | Z191: 14778.863 | AA191: 182599 | AB191: 40138.251 | AC191: 33771.735
B192: 44621 | L192: 102784 | M192: 22182.269 | N192: 19009.958 | O192: 80074 | P192: 17279.958 | Q192: 14808.731 | R192: 182858 | S192: 39462.227 | T192: 33818.689 | U192: 102784 | V192: 22182.269 | W192: 19009.958 | X192: 80074 | Y192: 17279.958 | Z192: 14808.731 | AA192: 182858 | AB192: 39462.227 | AC192: 33818.689
B193: 44652 | L193: 102632 | M193: 21843.849 | N193: 18981.693 | O193: 80110 | P193: 17049.314 | Q193: 14815.375 | R193: 182742 | S193: 38893.163 | T193: 33797.068 | U193: 102632 | V193: 21843.849 | W193: 18981.693 | X193: 80110 | Y193: 17049.314 | Z193: 14815.375 | AA193: 182742 | AB193: 38893.163 | AC193: 33797.068
B194: 44682 | L194: 102856 | M194: 21631.2 | N194: 19022.254 | O194: 80398 | P194: 16907.136 | Q194: 14867.96 | R194: 183254 | S194: 38538.336 | T194: 33890.214 | U194: 102856 | V194: 21631.2 | W194: 19022.254 | X194: 80398 | Y194: 16907.136 | Z194: 14867.96 | AA194: 183254 | AB194: 38538.336 | AC194: 33890.214
B195: 44713 | L195: 103404 | M195: 21545.273 | N195: 19123.393 | O195: 80766 | P195: 16827.138 | Q195: 14935.618 | R195: 184170 | S195: 38372.41 | T195: 34059.011 | U195: 103404 | V195: 21545.273 | W195: 19123.393 | X195: 80766 | Y195: 16827.138 | Z195: 14935.618 | AA195: 184170 | AB195: 38372.41 | AC195: 34059.011
B196: 44743 | L196: 103650 | M196: 22330.682 | N196: 20092.999 | O196: 81031 | P196: 17456.059 | Q196: 15706.846 | R196: 184681 | S196: 39786.74 | T196: 35799.844 | U196: 103650 | V196: 22330.682 | W196: 20092.999 | X196: 81031 | Y196: 17456.059 | Z196: 15706.846 | AA196: 184681 | AB196: 39786.74 | AC196: 35799.844
B197: 44774 | L197: 103890 | M197: 22113.8 | N197: 20138.798 | O197: 81219 | P197: 17287.279 | Q197: 15743.338 | R197: 185109 | S197: 39401.08 | T197: 35882.136 | U197: 103890 | V197: 22113.8 | W197: 20138.798 | X197: 81219 | Y197: 17287.279 | Z197: 15743.338 | AA197: 185109 | AB197: 39401.08 | AC197: 35882.136
B198: 44805 | L198: 103948 | M198: 21935.262 | N198: 20148.903 | O198: 81350 | P198: 17165.735 | Q198: 15767.796 | R198: 185298 | S198: 39100.996 | T198: 35916.699 | U198: 103948 | V198: 21935.262 | W198: 20148.903 | X198: 81350 | Y198: 17165.735 | Z198: 15767.796 | AA198: 185298 | AB198: 39100.996 | AC198: 35916.699
B199: 44835 | L199: 103979 | M199: 21828.814 | N199: 20154.801 | O199: 81414 | P199: 17090.742 | Q199: 15780.084 | R199: 185393 | S199: 38919.557 | T199: 35934.885 | U199: 103979 | V199: 21828.814 | W199: 20154.801 | X199: 81414 | Y199: 17090.742 | Z199: 15780.084 | AA199: 185393 | AB199: 38919.557 | AC199: 35934.885
B200: 44866 | L200: 103866 | M200: 21594.313 | N200: 20132.731 | O200: 81490 | P200: 16941.081 | Q200: 15794.446 | R200: 185356 | S200: 38535.394 | T200: 35927.177 | U200: 103866 | V200: 21594.313 | W200: 20132.731 | X200: 81490 | Y200: 16941.081 | Z200: 15794.446 | AA200: 185356 | AB200: 38535.394 | AC200: 35927.177
B201: 44896 | L201: 103979 | M201: 21555.812 | N201: 20153.837 | O201: 81605 | P201: 16916.418 | Q201: 15816.186 | R201: 185584 | S201: 38472.23 | T201: 35970.023 | U201: 103979 | V201: 21555.812 | W201: 20153.837 | X201: 81605 | Y201: 16916.418 | Z201: 15816.186 | AA201: 185584 | AB201: 38472.23 | AC201: 35970.023
B202: 44927 | L202: 104230 | M202: 21434.627 | N202: 20201.882 | O202: 81876 | P202: 16836.84 | Q202: 15868.523 | R202: 186106 | S202: 38271.467 | T202: 36070.404 | U202: 104230 | V202: 21434.627 | W202: 20201.882 | X202: 81876 | Y202: 16836.84 | Z202: 15868.523 | AA202: 186106 | AB202: 38271.467 | AC202: 36070.404
... B222: 45536 | L222: 111277 | M222: 23832.989 | N222: 23832.989 | O222: 87585 | P222: 18759.924 | Q222: 18759.924 | R222: 198862 | S222: 42592.913 | T222: 42592.913 | U222: 111277 | V222: 23832.989 | W222: 23832.989 | X222: 87585 | Y222: 18759.924 | Z222: 18759.924 | AA222: 198862 | AB222: 42592.913 | AC222: 42592.913
B223: Fuente: Elaboración propia con datos de la Superintendencia de Pensiones
B224: 1 De manera automática, en febrero 2022, los PBS de Vejez pasaron a ser PGU No Contributiva y los APS Vejez Subsidio Definido, los Beneficio artículo 9° bis y los APS Vejez con una Pensión Final Garantizada inferior o igual al monto de la PGU pasaron a ser PGU Contributiva. En los casos en que el APS Vejez con una Pensión Final Garantizada tuviera un monto superior a la PGU, se mantuvo el pago del beneficio.
B225: 2 Montos deflactados a septiembre 2024. 3 Montos nominales de cada periodo de pago.

Sheet DINAMICA APS
A1: PERIODO | B1: (Varios elementos) | I1: PERIODO | J1: (Varios elementos) | O1: PERIODO | P1: (Varios elementos)
A3: Etiquetas de fila | B3: Suma de APS VEJEZ MUJER n | C3: Suma de APS VEJEZ HOMBRE n | D3: Suma de APS INVALIDEZ MUJER N | E3: Suma de APS INVALIDEZ HOMBRE N | F3: Suma de APS TOTAL MUJER N | G3: Suma de APS TOTAL HOMBRE N | I3: Etiquetas de fila | J3: Suma de APS VEJEZ MUJER nom | K3: Suma de APS VEJEZ HOMBRE nom | L3: Suma de APS INVALIDEZ MUJER nom | M3: Suma de APS INVALIDEZ HOMBRE nom | O3: Etiquetas de fila | P3: Suma de PBSV_MUJER REAL | Q3: Suma de PBSV_HOMBRE REAL | R3: Suma de PBSI_MUJER REAL | S3: Suma de PBSI_HOMBRE REAL
A4: 2022 | B4: 327413 | C4: 190531 | D4: 137530 | E4: 139864 | F4: 464943 | G4: 330395 | I4: 2022 | J4: 69469277 | K4: 40636216 | L4: 22985157 | M4: 22214073 | O4: 2022 | P4: 69114843 | Q4: 40428576 | R4: 22868011 | S4: 22101174
A5: oct | B5: 109393 | C5: 63815 | D5: 45739 | E5: 46381 | F5: 155132 | G5: 110196 | I5: oct | J5: 23196046 | K5: 13590242 | L5: 7659976.5 | M5: 7378442.3 | O5: oct | P5: 22907040 | Q5: 13420918 | R5: 7564538.8 | S5: 7286512.4
A6: nov | B6: 109031 | C6: 63526 | D6: 45910 | E6: 46666 | F6: 154941 | G6: 110192 | I6: nov | J6: 23133194 | K6: 13546987 | L6: 7675227.2 | M6: 7413824.5 | O6: nov | P6: 23067766 | Q6: 13508672 | R6: 7653519.1 | S6: 7392855.8
A7: dic | B7: 108989 | C7: 63190 | D7: 45881 | E7: 46817 | F7: 154870 | G7: 110007 | I7: dic | J7: 23140038 | K7: 13498987 | L7: 7649953.3 | M7: 7421805.9 | O7: dic | P7: 23140038 | Q7: 13498987 | R7: 7649953.3 | S7: 7421805.9
A11: PERIODO | B11: (Varios elementos)
A13: Etiquetas de fila | B13: Suma de APS VEJEZ MUJER n | C13: Suma de APS VEJEZ HOMBRE n | D13: Suma de APS INVALIDEZ MUJER N | E13: Suma de APS INVALIDEZ HOMBRE N | F13: Suma de APS TOTAL MUJER N | G13: Suma de APS TOTAL HOMBRE N
A14: 2022 | B14: 2017877 | C14: 1478761 | D14: 540602 | E14: 538156 | F14: 2558479 | G14: 2016917
A17: PERIODO | B17: (Varios elementos)
A19: Etiquetas de fila | B19: Promedio de APS VEJEZ MUJER n | C19: Promedio de APS VEJEZ HOMBRE n | D19: Promedio de APS INVALIDEZ MUJER N | E19: Promedio de APS INVALIDEZ HOMBRE N | F19: Promedio de APS TOTAL MUJER N | G19: Promedio de APS TOTAL HOMBRE N
A20: 2022 | B20: 168156.42 | C20: 123230.08 | D20: 45050.167 | E20: 44846.333 | F20: 213206.58 | G20: 168076.42
A23: PERIODO | B23: (Varios elementos)
A25: Etiquetas de fila | B25: Suma de APS VEJEZ MUJER nom | C25: Suma de APS VEJEZ HOMBRE nom | D25: Suma de APS INVALIDEZ MUJER nom | E25: Suma de APS INVALIDEZ HOMBRE nom | F25: Suma de APS TOTAL MUJER nom | G25: Suma de APS TOTAL HOMBRE nom
A26: 2022 | B26: 3.6244601e+08 | C26: 2.505165e+08 | D26: 89129737 | E26: 84667893 | F26: 4.5157575e+08 | G26: 3.3518439e+08
A29: PERIODO | B29: (Varios elementos)
A31: Etiquetas de fila | B31: Promedio de APS VEJEZ MUJER nom | C31: Promedio de APS VEJEZ HOMBRE nom | D31: Promedio de APS INVALIDEZ MUJER nom | E31: Promedio de APS INVALIDEZ HOMBRE nom | F31: Promedio de APS TOTAL MUJER nom | G31: Promedio de APS TOTAL HOMBRE nom
A32: 2022 | B32: 30203834 | C32: 20876375 | D32: 7427478.1 | E32: 7055657.8 | F32: 37631312 | G32: 27932033
A35: PERIODO | B35: (Varios elementos)
A37: Etiquetas de fila | B37: Suma de PBSV_MUJER REAL | C37: Suma de PBSV_HOMBRE REAL | D37: Suma de PBSI_MUJER REAL | E37: Suma de PBSI_HOMBRE REAL
A38: 2022 | B38: 3.4085177e+08 | C38: 2.344632e+08 | D38: 85046490 | E38: 80830616
A42: PERIODO | B42: (Varios elementos)
A44: Etiquetas de fila | B44: Promedio de PBSV_MUJER REAL | C44: Promedio de PBSV_HOMBRE REAL | D44: Promedio de PBSI_MUJER REAL | E44: Promedio de PBSI_HOMBRE REAL
A45: 2022 | B45: 28404314 | C45: 19538600 | D45: 7087207.5 | E45: 6735884.7
A51: Etiquetas de fila | B51: Promedio de APS VEJEZ MUJER n | C51: Promedio de APS VEJEZ HOMBRE n | D51: Promedio de APS INVALIDEZ MUJER N | E51: Promedio de APS INVALIDEZ HOMBRE N
A52: 2008 | B52: 2920.6667 | C52: 1116 | D52: 286.33333 | E52: 290.33333
A53: 2009 | B53: 35080.083 | C53: 24939.75 | D53: 2213.8333 | E53: 1769.75
A54: 2010 | B54: 184671.58 | C54: 128661.83 | D54: 8050.9167 | E54: 5922.9167
A55: 2011 | B55: 232153.67 | C55: 168868.75 | D55: 12883.083 | E55: 9283.4167
A56: 2012 | B56: 279628 | C56: 203893.75 | D56: 19231.417 | E56: 14584.75
A57: 2013 | B57: 327092.08 | C57: 237763.33 | D57: 26607.083 | E57: 21058.833
A58: 2014 | B58: 354831.83 | C58: 258135.42 | D58: 33075.25 | E58: 26998.167
A59: 2015 | B59: 385388.58 | C59: 279293.17 | D59: 35497.583 | E59: 29292.083
A60: 2016 | B60: 409696.25 | C60: 297461.08 | D60: 35477.75 | E60: 29444.667
A61: 2017 | B61: 434014.42 | C61: 315115.08 | D61: 35236.417 | E61: 29440.417
A62: 2018 | B62: 472783.58 | C62: 343894.42 | D62: 35802.167 | E62: 30349.5
A63: 2019 | B63: 513930.5 | C63: 376625 | D63: 36751.75 | E63: 31642.25
... A90: dic | B90: 108989 | C90: 63190 | D90: 45881 | E90: 46817
A94: Etiquetas de fila | B94: Promedio de PBSV_MUJER REAL | C94: Promedio de PBSV_HOMBRE REAL | D94: Promedio de PBSI_MUJER REAL | E94: Promedio de PBSI_HOMBRE REAL
A95: 2008 | B95: 156325.61 | C95: 77435.604 | D95: 15483.202 | E95: 15243.679
A96: 2009 | B96: 772303.77 | C96: 553043.4 | D96: 120809.27 | E96: 93245.042
A97: 2010 | B97: 3418827.3 | C97: 2476323.7 | D97: 396627.09 | E97: 287837.13
A98: 2011 | B98: 6247614.2 | C98: 4603741 | D98: 662081.86 | E98: 475799.92
A99: 2012 | B99: 8655068.7 | C99: 6361345.6 | D99: 999427.58 | E99: 752510.09
A100: 2013 | B100: 10274152 | C100: 7549289.3 | D100: 1394976.8 | E100: 1080341.7
A101: 2014 | B101: 12384537 | C101: 9088379 | D101: 1873609.1 | E101: 1487596.9
A102: 2015 | B102: 15028398 | C102: 10934865 | D102: 2145117.5 | E102: 1726456.1
A103: 2016 | B103: 17693062 | C103: 12778833 | D103: 2309466.3 | E103: 1870817.1
A104: 2017 | B104: 22026093 | C104: 15785832 | D104: 2656108.7 | E104: 2170783.9
A105: 2018 | B105: 25758209 | C105: 18313835 | D105: 2811976 | E105: 2328781.1
A106: 2019 | B106: 31325044 | C106: 22124351 | D106: 3077999.3 | E106: 2588562.3
... A133: dic | B133: 23140038 | C133: 13498987 | D133: 7649953.3 | E133: 7421805.9

Sheet 1.5
B2: PAGOS APORTE PREVISIONAL SOLIDARIO (APS)
B4: Resumen trimestral de beneficios pagados, por tipo de beneficio y sexo
B5: (julio 2024 a septiembre 2024)
D7: APS Vejez1 | G7: APS Invalidez | J7: APS Total
B8: Periodo | C8: Sexo Beneficiarios | D8: N° beneficiarios | E8: Monto nominal (MM$)2 | F8: Monto real (MM$)3 | G8: N° beneficiarios | H8: Monto nominal (MM$)2 | I8: Monto real (MM$)3 | J8: N° beneficiarios | K8: Monto nominal (MM$)2 | L8: Monto real (MM$)3
B9: 45474 | C9: Mujeres | D9: 104051 | E9: 25674.329 | F9: 25762.518 | G9: 47933 | H9: 8711.2758 | I9: 8741.1982 | J9: 151984 | K9: 34385.605 | L9: 34503.716
C10: Hombres | D10: 58337 | E10: 14665.675 | F10: 14716.05 | G10: 51499 | H10: 8856.8317 | I10: 8887.2541 | J10: 109836 | K10: 23522.506 | L10: 23603.304
C11: Total | D11: 162388 | E11: 40340.004 | F11: 40478.568 | G11: 99432 | H11: 17568.108 | I11: 17628.452 | J11: 261820 | K11: 57908.111 | L11: 58107.02
B12: 45505 | C12: Mujeres | D12: 103719 | E12: 25611.173 | F12: 25633.651 | G12: 48030 | H12: 8722.7025 | I12: 8730.3583 | J12: 151749 | K12: 34333.875 | L12: 34364.01
C13: Hombres | D13: 57968 | E13: 14591.401 | F13: 14604.208 | G13: 51610 | H13: 8871.6556 | I13: 8879.4421 | J13: 109578 | K13: 23463.057 | L13: 23483.65
C14: Total | D14: 161687 | E14: 40202.574 | F14: 40237.859 | G14: 99640 | H14: 17594.358 | I14: 17609.8 | J14: 261327 | K14: 57796.932 | L14: 57847.659
B15: 45536 | C15: Mujeres | D15: 103429 | E15: 25543.78 | F15: 25543.78 | G15: 48029 | H15: 8709.9113 | I15: 8709.9113 | J15: 151458 | K15: 34253.691 | L15: 34253.691
C16: Hombres | D16: 57557 | E16: 14498.056 | F16: 14498.056 | G16: 51658 | H16: 8871.5786 | I16: 8871.5786 | J16: 109215 | K16: 23369.634 | L16: 23369.634
C17: Total | D17: 160986 | E17: 40041.836 | F17: 40041.836 | G17: 99687 | H17: 17581.49 | I17: 17581.49 | J17: 260673 | K17: 57623.326 | L17: 57623.326
B18: Fuente: Elaboración propia con datos de la Superintendencia de Pensiones
B19: 1 La Pensión Garantizada Universal (PGU) es un nuevo beneficio generado a partir de la ley 21.419 del 29-01-2022. El concepto de PGU No Contributiva o Contributiva está relacionado con la calidad de la persona que está recibiendo el beneficio, si es No Contributiva quiere decir que no estaba afiliado a un sistema previsional (D.L. 3.500 o antiguo Sistema de Reparto) ni recibe pensión de sobrevivencia, si es Contributiva quiere decir que sí estaba afiliado a un sistema previsional o que recibe una pensión de sobrevivencia. De manera automática, en febrero 2022, los PBS de Vejez pasaron a ser PGU No Contributiva y los APS Vejez Subsidio Definido, los Beneficio artículo 9° bis y los APS Vejez con una Pensión Final Garantizada inferior o igual al monto de la PGU pasaron a ser PGU Contributiva. En los casos en que el APS Vejez con una Pensión Final Garantizada tuviera un monto superior a la PGU, se mantuvo el pago del beneficio.
B20: 2 Montos nominales de cada periodo de pago. 3 Montos deflactados a septiembre 2024.
B22: Serie resumen de pagos de beneficios acumulado, por tipo de beneficio y sexo
B23: (julio 2008 a septiembre 2024)
C25: APS Vejez1 | L25: APS Invalidez | U25: APS Total
C26: Mujeres | F26: Hombres | I26: Total | L26: Mujeres | O26: Hombres | R26: Total | U26: Mujeres | X26: Hombres | AA26: Total
B27: Periodo | C27: N° beneficiarios | D27: Monto real (MM$)2 | E27: Monto nominal (MM$)3 | F27: N° beneficiarios | G27: Monto real (MM$)2 | H27: Monto nominal (MM$)3 | I27: N° beneficiarios | J27: Monto real (MM$)2 | K27: Monto nominal (MM$)3 | L27: N° beneficiarios | M27: Monto real (MM$)2 | N27: Monto nominal (MM$)3 | O27: N° beneficiarios | P27: Monto real (MM$)2 | Q27: Monto nominal (MM$)3 | R27: N° beneficiarios | S27: Monto real (MM$)2 | T27: Monto nominal (MM$)3 | U27: N° beneficiarios | V27: Monto real (MM$)2 | W27: Monto nominal (MM$)3 | X27: N° beneficiarios | Y27: Monto real (MM$)2 | Z27: Monto nominal (MM$)3 | AA27: N° beneficiarios | AB27: Monto real (MM$)2 | AC27: Monto nominal (MM$)3
B28: 39630
B29: 39661
B30: 39692
B31: 39722 | C31: 2444 | D31: 668.62749 | E31: 385.55392 | F31: 955 | G31: 332.43792 | H31: 191.6953 | I31: 3399 | J31: 1001.0654 | K31: 577.24922 | L31: 217 | M31: 61.266045 | N31: 35.328138 | O31: 229 | P31: 62.297859 | Q31: 35.923118 | R31: 446 | S31: 123.5639 | T31: 71.251256 | U31: 2661 | V31: 729.89353 | W31: 420.88206 | X31: 1184 | Y31: 394.73578 | Z31: 227.61841 | AA31: 3845 | AB31: 1124.6293 | AC31: 648.50048
B32: 39753 | C32: 3067 | D32: 335.05558 | E32: 192.96799 | F32: 1159 | G32: 148.72349 | H32: 85.654067 | I32: 4226 | J32: 483.77908 | K32: 278.62206 | L32: 290 | M32: 35.630741 | N32: 20.520752 | O32: 294 | P32: 34.095064 | Q32: 19.636312 | R32: 584 | S32: 69.725805 | T32: 40.157064 | U32: 3357 | V32: 370.68632 | W32: 213.48874 | X32: 1453 | Y32: 182.81856 | Z32: 105.29038 | AA32: 4810 | AB32: 553.50488 | AC32: 318.77912
B33: 39783 | C33: 3251 | D33: 348.88775 | E33: 198.56528 | F33: 1234 | G33: 189.21327 | H33: 107.68846 | I33: 4485 | J33: 538.10101 | K33: 306.25375 | L33: 352 | M33: 37.140776 | N33: 21.138228 | O33: 348 | P33: 35.542233 | Q33: 20.228436 | R33: 700 | S33: 72.683009 | T33: 41.366664 | U33: 3603 | V33: 386.02852 | W33: 219.70351 | X33: 1582 | Y33: 224.7555 | Z33: 127.9169 | AA33: 5185 | AB33: 610.78402 | AC33: 347.62041
B34: 39814 | C34: 4434 | D34: 684.40756 | E34: 386.55169 | F34: 1765 | G34: 345.05763 | H34: 194.88769 | I34: 6199 | J34: 1029.4652 | K34: 581.43938 | L34: 468 | M34: 67.349272 | N34: 38.038701 | O34: 481 | P34: 77.351403 | Q34: 43.68788 | R34: 949 | S34: 144.70068 | T34: 81.726581 | U34: 4902 | V34: 751.75683 | W34: 424.59039 | X34: 2246 | Y34: 422.40903 | Z34: 238.57557 | AA34: 7148 | AB34: 1174.1659 | AC34: 663.16596
B35: 39845 | C35: 5048 | D35: 534.13653 | E35: 297.76134 | F35: 2132 | G35: 280.45147 | H35: 156.34131 | I35: 7180 | J35: 814.58801 | K35: 454.10265 | L35: 596 | M35: 84.52244 | N35: 47.118131 | O35: 584 | P35: 78.544687 | Q35: 43.785755 | R35: 1180 | S35: 163.06713 | T35: 90.903886 | U35: 5644 | V35: 618.65897 | W35: 344.87947 | X35: 2716 | Y35: 358.99616 | Z35: 200.12707 | AA35: 8360 | AB35: 977.65513 | AC35: 545.00654
B36: 39873 | C36: 5703 | D36: 592.95656 | E36: 330.68151 | F36: 2584 | G36: 362.24989 | H36: 202.02043 | I36: 8287 | J36: 955.20645 | K36: 532.70194 | L36: 787 | M36: 111.12619 | N36: 61.973136 | O36: 703 | P36: 85.06982 | Q36: 47.441952 | R36: 1490 | S36: 196.19601 | T36: 109.41509 | U36: 6490 | V36: 704.08275 | W36: 392.65465 | X36: 3287 | Y36: 447.31971 | Z36: 249.46238 | AA36: 9777 | AB36: 1151.4025 | AC36: 642.11703
B37: 39904 | C37: 6499 | D37: 851.68391 | E37: 474.23754 | F37: 3131 | G37: 505.6369 | H37: 281.55046 | I37: 9630 | J37: 1357.3208 | K37: 755.788 | L37: 1119 | M37: 196.25276 | N37: 109.27813 | O37: 922 | P37: 143.14117 | Q37: 79.704356 | R37: 2041 | S37: 339.39393 | T37: 188.98248 | U37: 7618 | V37: 1047.9367 | W37: 583.51567 | X37: 4053 | Y37: 648.77807 | Z37: 361.25482 | AA37: 11671 | AB37: 1696.7147 | AC37: 944.77049
B38: 39934 | C38: 7208 | D38: 783.23086 | E38: 435.18742 | F38: 3842 | G38: 596.01776 | H38: 331.166 | I38: 11050 | J38: 1379.2486 | K38: 766.35342 | L38: 1372 | M38: 185.99462 | N38: 103.34439 | O38: 1125 | P38: 150.29304 | Q38: 83.507484 | R38: 2497 | S38: 336.28765 | T38: 186.85188 | U38: 8580 | V38: 969.22548 | W38: 538.53182 | X38: 4967 | Y38: 746.31079 | Z38: 414.67348 | AA38: 13547 | AB38: 1715.5363 | AC38: 953.2053
B39: 39965 | C39: 7817 | D39: 789.00367 | E39: 439.86606 | F39: 4373 | G39: 548.43304 | H39: 305.749 | I39: 12190 | J39: 1337.4367 | K39: 745.61506 | L39: 1674 | M39: 220.54879 | N39: 122.95498 | O39: 1346 | P39: 169.42448 | Q39: 94.453398 | R39: 3020 | S39: 389.97326 | T39: 217.40837 | U39: 9491 | V39: 1009.5525 | W39: 562.82104 | X39: 5719 | Y39: 717.85752 | Z39: 400.2024 | AA39: 15210 | AB39: 1727.41 | AC39: 963.02344
B40: 39995 | C40: 8395 | D40: 1144.151 | E40: 635.12379 | F40: 4882 | G40: 764.21439 | H40: 424.21913 | I40: 13277 | J40: 1908.3654 | K40: 1059.3429 | L40: 2118 | M40: 400.61293 | N40: 222.38219 | O40: 1670 | P40: 311.64199 | Q40: 172.99399 | R40: 3788 | S40: 712.25492 | T40: 395.37618 | U40: 10513 | V40: 1544.7639 | W40: 857.50598 | X40: 6552 | Y40: 1075.8564 | Z40: 597.21312 | AA40: 17065 | AB40: 2620.6203 | AC40: 1454.7191
B41: 40026 | C41: 9052 | D41: 1333.8895 | E41: 737.03957 | F41: 5603 | G41: 1048.3591 | H41: 579.26998 | I41: 14655 | J41: 2382.2486 | K41: 1316.3095 | L41: 2469 | M41: 417.14951 | N41: 230.49562 | O41: 1969 | P41: 325.46828 | Q41: 179.83723 | R41: 4438 | S41: 742.61779 | T41: 410.33285 | U41: 11521 | V41: 1751.039 | W41: 967.53519 | X41: 7572 | Y41: 1373.8274 | Z41: 759.10721 | AA41: 19093 | AB41: 3124.8664 | AC41: 1726.6424
B42: 40057 | C42: 12193 | D42: 1713.7389 | E42: 957.69103 | F42: 15010 | G42: 1771.1563 | H42: 989.77764 | I42: 27203 | J42: 3484.8952 | K42: 1947.4687 | L42: 2777 | M42: 430.96386 | N42: 240.83612 | O42: 2203 | P42: 333.57689 | Q42: 186.41322 | R42: 4980 | S42: 764.54075 | T42: 427.24934 | U42: 14970 | V42: 2144.7028 | W42: 1198.5271 | X42: 17213 | Y42: 2104.7331 | Z42: 1176.1909 | AA42: 32183 | AB42: 4249.4359 | AC42: 2374.718
... B222: 45536 | C222: 103429 | D222: 25543.78 | E222: 25543.78 | F222: 57557 | G222: 14498.056 | H222: 14498.056 | I222: 160986 | J222: 40041.836 | K222: 40041.836 | L222: 48029 | M222: 8709.9113 | N222: 8709.9113 | O222: 51658 | P222: 8871.5786 | Q222: 8871.5786 | R222: 99687 | S222: 17581.49 | T222: 17581.49 | U222: 151458 | V222: 34253.691 | W222: 34253.691 | X222: 109215 | Y222: 23369.634 | Z222: 23369.634 | AA222: 260673 | AB222: 57623.326 | AC222: 57623.326
B223: Fuente: Elaboración propia con datos de la Superintendencia de Pensiones
B224: 1 La Pensión Garantizada Universal (PGU) es un nuevo beneficio generado a partir de la ley 21.419 del 29-01-2022. El concepto de PGU No Contributiva o Contributiva está relacionado con la calidad de la persona que está recibiendo el beneficio, si es No Contributiva quiere decir que no estaba afiliado a un sistema previsional (D.L. 3.500 o antiguo Sistema de Reparto) ni recibe pensión de sobrevivencia, si es Contributiva quiere decir que sí estaba afiliado a un sistema previsional o que recibe una pensión de sobrevivencia. De manera automática, en febrero 2022, los PBS de Vejez pasaron a ser PGU No Contributiva y los APS Vejez Subsidio Definido, los Beneficio artículo 9° bis y los APS Vejez con una Pensión Final Garantizada inferior o igual al monto de la PGU pasaron a ser PGU Contributiva. En los casos en que el APS Vejez con una Pensión Final Garantizada tuviera un monto superior a la PGU, se mantuvo el pago del beneficio.
B225: 2 Montos deflactados a septiembre 2024. 3 Montos nominales de cada periodo de pago.

Sheet Hoja2
A3: -> region_codigo | B3: = | C3: 1
C5: estado_solicitud
A6: comuna | B6: A | C6: C | D6: D | E6: R | F6: T | G6: Total
A8: ALTO HOSPICIO | B8: 32 | C8: 8631 | D8: 1 | E8: 1938 | F8: 329 | G8: 10931
A9: CAMIÑA | B9: 0 | C9: 192 | D9: 0 | E9: 38 | F9: 4 | G9: 234
A10: COLCHANE | B10: 2 | C10: 137 | D10: 0 | E10: 25 | F10: 3 | G10: 167
A11: HUARA | B11: 6 | C11: 476 | D11: 1 | E11: 103 | F11: 14 | G11: 600
A12: IQUIQUE | B12: 90 | C12: 26648 | D12: 11 | E12: 6786 | F12: 678 | G12: 34213
A13: PICA | B13: 2 | C13: 876 | D13: 0 | E13: 200 | F13: 26 | G13: 1104
A14: POZO ALMONTE | B14: 9 | C14: 1589 | D14: 0 | E14: 403 | F14: 50 | G14: 2051
A15: Total | B15: =SUM(B8:B14) -> 141 | C15: =SUM(C8:C14) -> 38549 | D15: =SUM(D8:D14) -> 13 | E15: =SUM(E8:E14) -> 9493 | F15: =SUM(F8:F14) -> 1104 | G15: =SUM(G8:G14) -> 49300
A21: -> region_codigo = 2
B23: estado_solicitud
A24: comuna | B24: A | C24: C | D24: D | E24: R | F24: T | G24: Total
A26: ANTOFAGASTA | B26: 137 | C26: 41859 | D26: 18 | E26: 10946 | F26: 1282 | G26: 54242
A27: CALAMA | B27: 30 | C27: 14670 | D27: 8 | E27: 3983 | F27: 498 | G27: 19189
A28: MARIA ELENA | B28: 0 | C28: 414 | D28: 0 | E28: 130 | F28: 12 | G28: 556
A29: MEJILLONES | B29: 3 | C29: 1165 | D29: 1 | E29: 377 | F29: 59 | G29: 1605
A30: OLLAGUE | B30: 0 | C30: 37 | D30: 0 | E30: 5 | F30: 1 | G30: 43
A31: SAN PEDRO DE ATACAMA | B31: 1 | C31: 680 | D31: 0 | E31: 145 | F31: 25 | G31: 851
A32: SIERRA GORDA | B32: 0 | C32: 98 | D32: 0 | E32: 29 | F32: 2 | G32: 129
A33: TALTAL | B33: 4 | C33: 1885 | D33: 0 | E33: 570 | F33: 63 | G33: 2522
A34: TOCOPILLA | B34: 11 | C34: 4223 | D34: 7 | E34: 1046 | F34: 126 | G34: 5413
A36: Total | B36: =SUM(B26:B35) -> 186 | C36: =SUM(C26:C35) -> 65031 | D36: =SUM(D26:D35) -> 34 | E36: =SUM(E26:E35) -> 17231 | F36: =SUM(F26:F35) -> 2068 | G36: =SUM(G26:G35) -> 84550
A42: -> region_codigo | B42: = | C42: 3
C44: estado_solicitud
A45: comuna | C45: A | D45: C | E45: D | F45: R | G45: T | H45: Total
A47: ALTO DEL CARMEN | C47: 1 | D47: 962 | E47: 0 | F47: 159 | G47: 31 | H47: 1153
A48: CALDERA | C48: 9 | D48: 2524 | E48: 1 | F48: 499 | G48: 92 | H48: 3125
A49: CHAÑARAL | C49: 5 | D49: 2246 | E49: 3 | F49: 497 | G49: 44 | H49: 2795
A50: COPIAPO | C50: 67 | D50: 20329 | E50: 7 | F50: 4285 | G50: 511 | H50: 25199
A51: DIEGO DE ALMAGRO | C51: 6 | D51: 1399 | E51: 1 | F51: 380 | G51: 25 | H51: 1811
A52: FREIRINA | C52: 4 | D52: 1169 | E52: 0 | F52: 197 | G52: 13 | H52: 1383
A53: HUASCO | C53: 2 | D53: 1687 | E53: 1 | F53: 361 | G53: 43 | H53: 2094
A54: TIERRA AMARILLA | C54: 4 | D54: 1565 | E54: 1 | F54: 299 | G54: 40 | H54: 1909
A55: VALLENAR | C55: 34 | D55: 9905 | E55: 3 | F55: 1871 | G55: 198 | H55: 12011
A57: Total | C57: 132 | D57: 41786 | E57: 17 | F57: 8548 | G57: 997 | H57: 51480
A63: -> region_codigo | B63: = | C63: 4
C65: estado_solicitud
A66: comuna | B66: A | C66: C | D66: D | E66: R | F66: T | G66: Total
A68: ANDACOLLO | B68: 13 | C68: 2131 | D68: 1 | E68: 347 | F68: 52 | G68: 2544
A69: CANELA | B69: 2 | C69: 1814 | D69: 0 | E69: 241 | F69: 31 | G69: 2088
A70: COMBARBALA | B70: 3 | C70: 3132 | D70: 4 | E70: 459 | F70: 47 | G70: 3645
A71: COQUIMBO | B71: 86 | C71: 35562 | D71: 30 | E71: 7197 | F71: 906 | G71: 43781
A72: ILLAPEL | B72: 15 | C72: 6324 | D72: 3 | E72: 1147 | F72: 126 | G72: 7615
A73: LA HIGUERA | B73: 3 | C73: 731 | D73: 1 | E73: 102 | F73: 20 | G73: 857
A74: LA SERENA | B74: 89 | C74: 32734 | D74: 44 | E74: 7692 | F74: 869 | G74: 41428
A75: LOS VILOS | B75: 3 | C75: 3849 | D75: 3 | E75: 606 | F75: 88 | G75: 4549
A76: MONTE PATRIA | B76: 11 | C76: 5111 | D76: 5 | E76: 715 | F76: 107 | G76: 5949
A77: OVALLE | B77: 39 | C77: 19496 | D77: 8 | E77: 3011 | F77: 420 | G77: 22974
A78: PAIHUANO | B78: 2 | C78: 837 | D78: 1 | E78: 126 | F78: 24 | G78: 990
A79: PUNITAQUI | B79: 7 | C79: 2024 | D79: 1 | E79: 473 | F79: 56 | G79: 2561
A80: RIO HURTADO | C80: 927 | D80: 0 | E80: 84 | F80: 10 | G80: 1021
A81: SALAMANCA | B81: 10 | C81: 5212 | D81: 7 | E81: 858 | F81: 98 | G81: 6185
A82: VICUÑA | B82: 16 | C82: 4735 | D82: 13 | E82: 764 | F82: 120 | G82: 5648
A83: Total | B83: 299 | C83: 124619 | D83: 121 | E83: 23822 | F83: 2974 | G83: 151835
A91: -> region_codigo | B91: = | C91: 5
C93: estado_solicitud
A94: comuna | C94: A | D94: C | E94: D | F94: R | G94: T | H94: Total
A96: ALGARROBO | C96: 8 | D96: 2930 | E96: 1 | F96: 718 | G96: 100 | H96: 3757
A97: CABILDO | C97: 13 | D97: 3901 | E97: 1 | F97: 979 | G97: 85 | H97: 4979
A98: CALLE LARGA | C98: 5 | D98: 2004 | E98: 2 | F98: 378 | G98: 42 | H98: 2431
A99: CARTAGENA | C99: 13 | D99: 5034 | E99: 1 | F99: 862 | G99: 124 | H99: 6034
A100: CASABLANCA | C100: 13 | D100: 4521 | E100: 5 | F100: 897 | G100: 92 | H100: 5528
A101: CATEMU | C101: 3 | D101: 2676 | E101: 1 | F101: 468 | G101: 49 | H101: 3197
A102: CONCON | C102: 17 | D102: 5887 | E102: 2 | F102: 1489 | G102: 172 | H102: 7567
A103: EL QUISCO | C103: 6 | D103: 3878 | E103: 1 | F103: 920 | G103: 99 | H103: 4904
A104: EL TABO | C104: 4 | D104: 3390 | E104: 4 | F104: 696 | G104: 92 | H104: 4186
A105: HIJUELAS | C105: 6 | D105: 3345 | E105: 2 | F105: 650 | G105: 70 | H105: 4073
A106: ISLA DE PASCUA | C106: 4 | D106: 668 | E106: 0 | F106: 107 | G106: 21 | H106: 800
A107: JUAN FERNANDEZ | C107: 0 | D107: 141 | E107: 0 | F107: 18 | G107: 1 | H107: 160
... A133: ZAPALLAR | C133: 7 | D133: 1284 | E133: 0 | F133: 248 | G133: 27 | H133: 1566
A135: Total | C135: =SUM(C96:C134) -> 906 | D135: =SUM(D96:D134) -> 328125 | E135: =SUM(E96:E134) -> 237 | F135: =SUM(F96:F134) -> 66406 | G135: =SUM(G96:G134) -> 7403 | H135: =SUM(H96:H134) -> 403077
A141: -> region_codigo | B141: = | C141: 6
C143: estado_solicitud
A144: comuna | C144: A | D144: C | E144: D | F144: R | G144: T | H144: Total
A146: CHEPICA | C146: 10 | D146: 3236 | E146: 2 | F146: 704 | G146: 83 | H146: 4035
A147: CHIMBARONGO | C147: 18 | D147: 6369 | E147: 2 | F147: 1452 | G147: 146 | H147: 7987
A148: CODEGUA | C148: 5 | D148: 2111 | E148: 0 | F148: 379 | G148: 50 | H148: 2545
A149: COINCO | C149: 6 | D149: 1465 | E149: 0 | F149: 276 | G149: 26 | H149: 1773
A150: COLTAUCO | C150: 2 | D150: 3576 | E150: 1 | F150: 601 | G150: 69 | H150: 4249
A151: DOÑIHUE | C151: 7 | D151: 3428 | E151: 3 | F151: 661 | G151: 66 | H151: 4165
A152: GRANEROS | C152: 11 | D152: 4835 | E152: 1 | F152: 871 | G152: 88 | H152: 5806
A153: LA ESTRELLA | C153: 1 | D153: 771 | E153: 0 | F153: 142 | G153: 13 | H153: 927
A154: LAS CABRAS | C154: 8 | D154: 4613 | E154: 1 | F154: 817 | G154: 117 | H154: 5556
A155: LITUECHE | C155: 4 | D155: 1243 | E155: 0 | F155: 258 | G155: 33 | H155: 1538
A156: LOLOL | C156: 5 | D156: 1604 | E156: 0 | F156: 297 | G156: 41 | H156: 1947
A157: MACHALI | C157: 12 | D157: 5219 | E157: 2 | F157: 1268 | G157: 141 | H157: 6642
... A178: SANTA CRUZ | C178: 11 | D178: 7565 | E178: 5 | F178: 1496 | G178: 160 | H178: 9237
A180: Total | C180: =SUM(C146:C179) -> 404 | D180: =SUM(D146:D179) -> 157393 | E180: =SUM(E146:E179) -> 81 | F180: =SUM(F146:F179) -> 32570 | G180: =SUM(G146:G179) -> 3569 | H180: =SUM(H146:H179) -> 194017
A185: -> region_codigo | B185: = | C185: 7
C187: estado_solicitud
A188: comuna | B188: A | C188: C | D188: D | E188: R | F188: T | G188: Total
A190: CAUQUENES | B190: 27 | C190: 9982 | D190: 12 | E190: 1856 | F190: 174 | G190: 12051
A191: CHANCO | B191: 5 | C191: 1892 | D191: 0 | E191: 397 | F191: 50 | G191: 2344
A192: COLBUN | B192: 8 | C192: 3773 | D192: 1 | E192: 786 | F192: 83 | G192: 4651
A193: CONSTITUCION | B193: 33 | C193: 8007 | D193: 3 | E193: 1747 | F193: 172 | G193: 9962
A194: CUREPTO | B194: 8 | C194: 2551 | D194: 0 | E194: 610 | F194: 32 | G194: 3201
A195: CURICO | B195: 47 | C195: 25031 | D195: 16 | E195: 3837 | F195: 537 | G195: 29468
A196: EMPEDRADO | B196: 2 | C196: 706 | D196: 0 | E196: 180 | F196: 11 | G196: 899
...

Sheet II. Estado de Solicitudes
B1: Subsecretaría de Previsión Social Dirección de Estudios Previsionales
B9: II. Estado de solicitudes
B10: Trimestre JAS 2024
B12: 1. Solicitudes del Pilar No Contributivo a nivel nacional
B13: i. Resumen trimestral de número y estado de solicitudes, según tipo de beneficio y sexo
B14: ii. Serie resumen de solicitudes de beneficios, por tipo de beneficio y sexo
B16: 2. Solicitudes del Pilar No Contributivo a nivel regional y comunal
B17: i. Resumen trimestral de solicitudes por región, según tipo de beneficio y sexo
B18: ii. Número de solicitudes trimestrales por comuna, según tipo de beneficio y sexo
B19: Región de Arica y Parinacota
B20: Región de Tarapacá
B21: Región de Antofagasta
... B65: i. Serie resumen de tasas de concesión de solicitudes por tipo de beneficio y sexo

Sheet 2.1
B2: SOLICITUDES DEL PILAR NO CONTRIBUTIVO A NIVEL NACIONAL
B4: Resumen trimestral de número y estado de solicitudes, según tipo de beneficio y sexo
B5: (julio 2024 a septiembre 2024)
B7: Tipo de beneficio | C7: Sexo Beneficiarios | D7: Estado de las solicitudes1
D8: Concedidas | F8: Rechazadas | H8: En trámite | J8: Anuladas | L8: Desistidas | N8: Total Solicitudes
D9: N° | E9: % | F9: N° | G9: % | H9: N° | I9: % | J9: N° | K9: % | L9: N° | M9: % | N9: N° | O9: %
B10: PGU no contributiva2 | C10: Mujeres | D10: 9714 | E10: 0.52986418 | F10: 1042 | G10: 0.056837397 | H10: 7474 | I10: 0.40768014 | J10: 55 | K10: 0.0030000545 | L10: 48 | M10: 0.0026182294 | N10: 18333 | O10: 1
C11: Hombres | D11: 9739 | E11: 0.55297524 | F11: 884 | G11: 0.05019305 | H11: 6953 | I11: 0.39478764 | J11: 28 | K11: 0.0015898251 | L11: 8 | M11: 0.00045423575 | N11: 17612 | O11: 1
C12: Ambos | D12: 19453 | E12: 0.54118793 | F12: 1926 | G12: 0.053581861 | H12: 14427 | I12: 0.40136319 | J12: 83 | K12: 0.0023090833 | L12: 56 | M12: 0.0015579357 | N12: 35945 | O12: 1
B13: PGU contributiva2 | C13: Mujeres | D13: 8664 | E13: 0.56369551 | F13: 1140 | G13: 0.074170462 | H13: 5543 | I13: 0.36063761 | J13: 19 | K13: 0.0012361744 | L13: 4 | M13: 0.00026024723 | N13: 15370 | O13: 1
C14: Hombres | D14: 5589 | E14: 0.50197593 | F14: 1289 | G14: 0.11577151 | H14: 4221 | I14: 0.37910904 | J14: 35 | K14: 0.0031435243 | L14: 0 | M14: 0 | N14: 11134 | O14: 1
C15: Ambos | D15: 14253 | E15: 0.53776788 | F15: 2429 | G15: 0.091646544 | H15: 9764 | I15: 0.36839722 | J15: 54 | K15: 0.0020374283 | L15: 4 | M15: 0.00015092062 | N15: 26504 | O15: 1
B16: PBS Invalidez | C16: Mujeres | D16: 298 | E16: 0.040210498 | F16: 191 | G16: 0.0257725 | H16: 6657 | I16: 0.89825934 | J16: 149 | K16: 0.020105249 | L16: 116 | M16: 0.015652409 | N16: 7411 | O16: 1
C17: Hombres | D17: 248 | E17: 0.09896249 | F17: 53 | G17: 0.021149242 | H17: 2187 | I17: 0.87270551 | J17: 12 | K17: 0.0047885076 | L17: 6 | M17: 0.0023942538 | N17: 2506 | O17: 1
C18: Ambos | D18: 546 | E18: 0.055056973 | F18: 244 | G18: 0.024604215 | H18: 8844 | I18: 0.89180196 | J18: 161 | K18: 0.016234748 | L18: 122 | M18: 0.012302107 | N18: 9917 | O18: 1
B19: APS Invalidez | C19: Mujeres | D19: 694 | E19: 0.23304231 | F19: 59 | G19: 0.019811954 | H19: 2213 | I19: 0.74311619 | J19: 6 | K19: 0.002014775 | L19: 6 | M19: 0.002014775 | N19: 2978 | O19: 1
C20: Hombres | D20: 1057 | E20: 0.32205972 | F20: 58 | G20: 0.017672151 | H20: 2161 | I20: 0.65843998 | J20: 5 | K20: 0.0015234613 | L20: 1 | M20: 0.00030469226 | N20: 3282 | O20: 1
C21: Ambos | D21: 1751 | E21: 0.27971246 | F21: 117 | G21: 0.018690096 | H21: 4374 | I21: 0.69872204 | J21: 11 | K21: 0.0017571885 | L21: 7 | M21: 0.0011182109 | N21: 6260 | O21: 1
B22: Complemento trabajo pesado | C22: Mujeres | D22: 6 | E22: 0.66666667 | F22: 0 | G22: 0 | H22: 3 | I22: 0.33333333 | J22: 0 | K22: 0 | L22: 0 | M22: 0 | N22: 9 | O22: 1
C23: Hombres | D23: 12 | E23: 0.38709677 | F23: 9 | G23: 0.29032258 | H23: 10 | I23: 0.32258065 | J23: 0 | K23: 0 | L23: 0 | M23: 0 | N23: 31 | O23: 1
C24: Ambos | D24: 18 | E24: 0.45 | F24: 9 | G24: 0.225 | H24: 13 | I24: 0.325 | J24: 0 | K24: 0 | L24: 0 | M24: 0 | N24: 40 | O24: 1
B25: Todos los beneficios | C25: Mujeres | D25: 19376 | E25: 0.43935512 | F25: 2432 | G25: 0.055146142 | H25: 21890 | I25: 0.49636063 | J25: 229 | K25: 0.005192626 | L25: 174 | M25: 0.0039454888 | N25: 44101 | O25: 1
C26: Hombres | D26: 16645 | E26: 0.48155649 | F26: 2293 | G26: 0.066338782 | H26: 15532 | I26: 0.44935629 | J26: 80 | K26: 0.00231448 | L26: 15 | M26: 0.00043396499 | N26: 34565 | O26: 1
C27: Ambos | D27: 36021 | E27: 0.45789795 | F27: 4725 | G27: 0.060064068 | H27: 37422 | I27: 0.47570742 | J27: 309 | K27: 0.0039279994 | L27: 189 | M27: 0.0024025627 | N27: 78666 | O27: 1
B28: Fuente: Elaboración propia con datos del Instituto de Previsión Social 1 El periodo utilizado para el reporte de las solicitudes considera la fecha de ingreso de la solicitud. El estado final de las solicitudes puede cambiar entre periodos, dado que se incluyen en la estadística solicitudes en trámite. 2 La Pensión Garantizada Universal (PGU) es un nuevo beneficio generado a partir de la ley 21.419 del 29-01-2022. El concepto de PGU No Contributiva o Contributiva está relacionado con la calidad de la persona que está recibiendo el beneficio, si es No Contributiva quiere decir que no estaba afiliado a un sistema previsional (D.L. 3.500 o antiguo Sistema de Reparto) ni recibe pensión de sobrevivencia, si es Contributiva quiere decir que si estaba afiliado a un sistema previsional o que recibe una pensión de sobrevivencia. De manera automática, en febrero 2022, los PBS de Vejez pasaron a ser PGU No Contributiva y los APS Vejez Subsidio Definido, los Beneficio artículo 9° bis y los APS Vejez con una Pensión Final Garantizada inferior o igual al monto de la PGU pasaron a ser PGU Contributiva. A partir de la implementación de la PGU (febrero 2022) dejan de existir nuevas solicitudes de los beneficios PBS de Vejez y APS de Vejez, ya que estos beneficios fueron reemplazados con PGU No Contributiva y PGU Contributiva, respectivamente.
B30: Serie resumen de solicitudes de beneficios, por tipo de beneficio y sexo
B31: (julio 2008 a septiembre 2024)
B33: Periodo | C33: Tipo de beneficio | X33: Total solicitudes2
C34: PGU No Contributiva1 | F34: PGU Contributiva1 | I34: PBS Vejez1 | L34: APS Vejez1 | O34: PBS Invalidez | R34: APS Invalidez | U34: Complemento trabajo pesado
C35: Mujeres | D35: Hombres | E35: Total | F35: Mujeres | G35: Hombres | H35: Total | I35: Mujeres | J35: Hombres | K35: Total | L35: Mujeres | M35: Hombres | N35: Total | O35: Mujeres | P35: Hombres | Q35: Total | R35: Mujeres | S35: Hombres | T35: Total | U35: Mujeres | V35: Hombres | W35: Total | X35: Mujeres | Y35: Hombres | Z35: Total
B36: 39630 | C36: 0 | D36: 0 | E36: 0 | F36: 0 | G36: 0 | H36: 0 | I36: 36832 | J36: 8014 | K36: 44846 | L36: 2722 | M36: 1208 | N36: 3930 | O36: 8683 | P36: 2261 | Q36: 10944 | R36: 1266 | S36: 648 | T36: 1914 | U36: 0 | V36: 0 | W36: 0 | X36: 49503 | Y36: 12131 | Z36: 61634
B37: 39661 | C37: 0 | D37: 0 | E37: 0 | F37: 0 | G37: 0 | H37: 0 | I37: 9028 | J37: 2788 | K37: 11816 | L37: 1619 | M37: 781 | N37: 2400 | O37: 6886 | P37: 1963 | Q37: 8849 | R37: 970 | S37: 596 | T37: 1566 | U37: 0 | V37: 0 | W37: 0 | X37: 18503 | Y37: 6128 | Z37: 24631
B38: 39692 | C38: 0 | D38: 0 | E38: 0 | F38: 0 | G38: 0 | H38: 0 | I38: 6970 | J38: 2080 | K38: 9050 | L38: 1159 | M38: 653 | N38: 1812 | O38: 4167 | P38: 1125 | Q38: 5292 | R38: 529 | S38: 307 | T38: 836 | U38: 0 | V38: 0 | W38: 0 | X38: 12825 | Y38: 4165 | Z38: 16990
B39: 39722 | C39: 0 | D39: 0 | E39: 0 | F39: 0 | G39: 0 | H39: 0 | I39: 6056 | J39: 1773 | K39: 7829 | L39: 1046 | M39: 668 | N39: 1714 | O39: 4254 | P39: 1177 | Q39: 5431 | R39: 337 | S39: 184 | T39: 521 | U39: 0 | V39: 0 | W39: 0 | X39: 11693 | Y39: 3802 | Z39: 15495
B40: 39753 | C40: 0 | D40: 0 | E40: 0 | F40: 0 | G40: 0 | H40: 0 | I40: 4414 | J40: 1292 | K40: 5706 | L40: 844 | M40: 543 | N40: 1387 | O40: 2550 | P40: 824 | Q40: 3374 | R40: 381 | S40: 207 | T40: 588 | U40: 0 | V40: 0 | W40: 0 | X40: 8189 | Y40: 2866 | Z40: 11055
B41: 39783 | C41: 0 | D41: 0 | E41: 0 | F41: 0 | G41: 0 | H41: 0 | I41: 4103 | J41: 1230 | K41: 5333 | L41: 900 | M41: 653 | N41: 1553 | O41: 2523 | P41: 845 | Q41: 3368 | R41: 394 | S41: 233 | T41: 627 | U41: 0 | V41: 0 | W41: 0 | X41: 7920 | Y41: 2961 | Z41: 10881
B42: 39814 | C42: 0 | D42: 0 | E42: 0 | F42: 0 | G42: 0 | H42: 0 | I42: 3293 | J42: 1195 | K42: 4488 | L42: 794 | M42: 666 | N42: 1460 | O42: 2290 | P42: 701 | Q42: 2991 | R42: 418 | S42: 234 | T42: 652 | U42: 0 | V42: 0 | W42: 0 | X42: 6795 | Y42: 2796 | Z42: 9591
B43: 39845 | C43: 0 | D43: 0 | E43: 0 | F43: 0 | G43: 0 | H43: 0 | I43: 2479 | J43: 877 | K43: 3356 | L43: 639 | M43: 529 | N43: 1168 | O43: 1724 | P43: 633 | Q43: 2357 | R43: 370 | S43: 228 | T43: 598 | U43: 0 | V43: 0 | W43: 0 | X43: 5212 | Y43: 2267 | Z43: 7479
B44: 39873 | C44: 0 | D44: 0 | E44: 0 | F44: 0 | G44: 0 | H44: 0 | I44: 3204 | J44: 1065 | K44: 4269 | L44: 758 | M44: 671 | N44: 1429 | O44: 2455 | P44: 760 | Q44: 3215 | R44: 448 | S44: 307 | T44: 755 | U44: 0 | V44: 0 | W44: 0 | X44: 6865 | Y44: 2803 | Z44: 9668
B45: 39904 | C45: 0 | D45: 0 | E45: 0 | F45: 0 | G45: 0 | H45: 0 | I45: 2876 | J45: 943 | K45: 3819 | L45: 706 | M45: 597 | N45: 1303 | O45: 2147 | P45: 675 | Q45: 2822 | R45: 416 | S45: 285 | T45: 701 | U45: 0 | V45: 0 | W45: 0 | X45: 6145 | Y45: 2500 | Z45: 8645
B46: 39934 | C46: 0 | D46: 0 | E46: 0 | F46: 0 | G46: 0 | H46: 0 | I46: 2667 | J46: 885 | K46: 3552 | L46: 582 | M46: 576 | N46: 1158 | O46: 1868 | P46: 602 | Q46: 2470 | R46: 442 | S46: 302 | T46: 744 | U46: 0 | V46: 0 | W46: 0 | X46: 5559 | Y46: 2365 | Z46: 7924
B47: 39965 | C47: 0 | D47: 0 | E47: 0 | F47: 0 | G47: 0 | H47: 0 | I47: 1967 | J47: 1031 | K47: 2998 | L47: 35936 | M47: 18546 | N47: 54482 | O47: 2045 | P47: 735 | Q47: 2780 | R47: 410 | S47: 351 | T47: 761 | U47: 0 | V47: 0 | W47: 0 | X47: 40358 | Y47: 20663 | Z47: 61021
... B230: 45536 | C230: 5344 | D230: 6297 | E230: 11641 | F230: 4243 | G230: 1885 | H230: 6128 | I230: 0 | J230: 0 | K230: 0 | L230: 0 | M230: 0 | N230: 0 | O230: 1903 | P230: 697 | Q230: 2600 | R230: 978 | S230: 1089 | T230: 2067 | U230: 1 | V230: 2 | W230: 3 | X230: 12469 | Y230: 9970 | Z230: 22439
B231: Total acumulado de solicitudes2 | C231: 129061 | D231: 147534 | E231: 276595 | F231: 399402 | G231: 360361 | H231: 759763 | I231: 429235 | J231: 131296 | K231: 560531 | L231: 1010414 | M231: 786518 | N231: 1796932 | O231: 287561 | P231: 113724 | Q231: 401285 | R231: 78333 | S231: 80002 | T231: 158335 | U231: 28 | V231: 124 | W231: 152 | X231: 2334034 | Y231: 1619559 | Z231: 3953593
B232: Fuente: Elaboración propia con datos del Instituto de Previsión Social 1 La Pensión Garantizada Universal (PGU) es un nuevo beneficio generado a partir de la ley 21.419 del 29-01-2022. El concepto de PGU No Contributiva o Contributiva está relacionado con la calidad de la persona que está recibiendo el beneficio, si es No Contributiva quiere decir que no estaba afiliado a un sistema previsional (D.L. 3.500 o antiguo Sistema de Reparto) ni recibe pensión de sobrevivencia, si es Contributiva quiere decir que si estaba afiliado a un sistema previsional o que recibe una pensión de sobrevivencia. De manera automática, en febrero 2022, los PBS de Vejez pasaron a ser PGU No Contributiva y los APS Vejez Subsidio Definido, los Beneficio artículo 9° bis y los APS Vejez con una Pensión Final Garantizada inferior o igual al monto de la PGU pasaron a ser PGU Contributiva. A partir de la implementación de la PGU (febrero 2022) dejan de existir nuevas solicitudes de los beneficios PBS de Vejez y APS de Vejez, ya que estos beneficios fueron reemplazados con PGU No Contributiva y PGU Contributiva, respectivamente. 2 El periodo utilizado para el reporte de las solicitudes considera la fecha de ingreso de la solicitud. El estado final de las solicitudes puede cambiar entre periodos, dado que se incluyen en la estadística solicitudes en trámite.

Sheet Solicitudes_compl
B2: TOTAL SOLICITUDES
B3: informacion interna
B4: Número de solicitudes* mensuales de beneficios de vejez e invalidez del SPS y PGU**
B5: (julio 2008 a diciembre 2022)
B7: PERIODO | C7: TOTAL SOLICITUDES (PBS, APS y PGU)
C8: PBSV | D8: PBSI | E8: APSV*** | F8: APSI | G8: PGU | H8: Total | K8: quitar tabla por instituciones
B9: Total 2008 | C9: 83903 | D9: 36885 | E9: 12630 | F9: 5944 | H9: =SUM(C9:F9) -> 139362 | K9: Número de solicitudes de beneficios SPS y PGU según institución donde se realizó el trámite de solicitud | AD9: Número de solicitudes de beneficios SPS y PGU según institución donde se realizó el trámite de solicitud
B10: Total 2009 | C10: 59154 | D10: 35458 | E10: 298121 | F10: 11707 | H10: =SUM(C10:F10) -> 404440 | K10: (julio 2008 a diciembre 2022) | AD10: (octubre 2022 a diciembre 2022)
B11: Total 2010 | C11: 40733 | D11: 24967 | E11: 168046 | F11: 11929 | H11: =SUM(C11:F11) -> 245675
B12: Total 2011 | C12: 37414 | D12: 20938 | E12: 126071 | F12: 10368 | H12: =SUM(C12:F12) -> 194791 | K12: Institución | L12: 2008 | M12: 2009 | N12: 2010 | O12: 2011 | P12: 2012 | Q12: 2013 | R12: 2014 | S12: 2015 | T12: 2016 | U12: 2017 | V12: 2018 | W12: 2019 | X12: 2020 | Y12: 2021 | Z12: 2022 | AA12: Total | AD12: Institución | AE12: 44835 | AF12: 44866 | AG12: 44896 | AH12: Total Trimestre 4 2022
B13: Total 2012 | C13: 34111 | D13: 19594 | E13: 130339 | F13: 8226 | H13: =SUM(C13:F13) -> 192270 | K13: IPS | L13: 95470 | M13: 299851 | N13: 148063 | O13: 114399 | P13: 126850 | Q13: 83745 | R13: 94143 | S13: 84139 | T13: 84299 | U13: 94990 | V13: 106236 | W13: 95189 | X13: 107160 | Y13: 117979 | Z13: 250187 | AA13: =SUM(L13:Z13) -> 1902700 | AD13: IPS | AE13: 19719 | AF13: 22796 | AG13: 17770 | AH13: =SUM(AE13:AG13) -> 60285
B14: Total 2013 | C14: 32718 | D14: 17032 | E14: 76989 | F14: 7295 | H14: =SUM(C14:F14) -> 134034 | K14: AFP | L14: 1029 | M14: 30362 | N14: 32918 | O14: 25990 | P14: 24058 | Q14: 22686 | R14: 27044 | S14: 29604 | T14: 29016 | U14: 34397 | V14: 43517 | W14: 43221 | X14: 56267 | Y14: 73775 | Z14: 99369 | AA14: =SUM(L14:Z14) -> 573253 | AD14: AFP | AE14: 6527 | AF14: 6510 | AG14: 5625 | AH14: =SUM(AE14:AG14) -> 18662
B15: Total 2014 | C15: 39392 | D15: 17573 | E15: 88545 | F15: 6054 | H15: =SUM(C15:F15) -> 151564 | K15: Cía. De Seguros | L15: 0 | M15: 0 | N15: 5301 | O15: 11377 | P15: 9223 | Q15: 6357 | R15: 6542 | S15: 5381 | T15: 4531 | U15: 4540 | V15: 4894 | W15: 4177 | X15: 8095 | Y15: 7164 | Z15: 9558 | AA15: =SUM(L15:Z15) -> 87140 | AD15: Cía. De Seguros | AE15: 623 | AF15: 681 | AG15: 385 | AH15: =SUM(AE15:AG15) -> 1689
B16: Total 2015 | C16: 31042 | D16: 18557 | E16: 88878 | F16: 2501 | H16: =SUM(C16:F16) -> 140978 | K16: Municipalidades | L16: 42858 | M16: 74227 | N16: 59393 | O16: 43025 | P16: 32139 | Q16: 21246 | R16: 23835 | S16: 21854 | T16: 20904 | U16: 22824 | V16: 22939 | W16: 21341 | X16: 19280 | Y16: 24333 | Z16: 31316 | AA16: =SUM(L16:Z16) -> 481514 | AD16: Municipalidades | AE16: 2426 | AF16: 2788 | AG16: 2390 | AH16: =SUM(AE16:AG16) -> 7604
B17: Enero | C17: 2173 | D17: 1500 | E17: 6222 | F17: 224 | H17: =SUM(C17:F17) -> 10119 | K17: Registro Civil | L17: 5 | M17: 0 | N17: 0 | O17: 0 | P17: 0 | Q17: 0 | R17: 0 | S17: 0 | T17: 0 | U17: 0 | V17: 0 | W17: 0 | X17: 0 | Y17: 0 | Z17: 0 | AA17: =SUM(L17:Z17) -> 5 | AD17: Registro Civil | AE17: 20297 | AF17: 15246 | AG17: 12744 | AH17: =SUM(AE17:AG17) -> 48287
B18: Febrero | C18: 2224 | D18: 1403 | E18: 6802 | F18: 216 | H18: =SUM(C18:F18) -> 10645 | K18: Canal Web | L18: 0 | M18: 0 | N18: 0 | O18: 0 | P18: 0 | Q18: 0 | R18: 0 | S18: 0 | T18: 38 | U18: 315 | V18: 815 | W18: 1384 | X18: 29007 | Y18: 56959 | Z18: 263157 | AA18: 351675 | AD18: Canal Web
B19: Marzo | C19: 2350 | D19: 1601 | E19: 6925 | F19: 207 | H19: =SUM(C19:F19) -> 11083 | K19: Total | L19: =SUM(L13:L18) -> 139362 | M19: =SUM(M13:M18) -> 404440 | N19: =SUM(N13:N18) -> 245675 | O19: =SUM(O13:O18) -> 194791 | P19: =SUM(P13:P18) -> 192270 | Q19: =SUM(Q13:Q18) -> 134034 | R19: =SUM(R13:R18) -> 151564 | S19: =SUM(S13:S18) -> 140978 | ... AA19: =SUM(AA13:AA18) -> 3396287 | AD19: Total | AE19: =SUM(AE13:AE18) -> 49592 | AF19: =SUM(AF13:AF18) -> 48021 | AG19: =SUM(AG13:AG18) -> 38914 | AH19: =SUM(AH13:AH18) -> 136527
B20: Abril | C20: 3284 | D20: 1531 | E20: 7503 | F20: 205 | H20: =SUM(C20:F20) -> 12523 | K20: Fuente: Elaboración propia a partir de Bases de Datos del IPS. Información actualizada a Diciembre 2022.
B21: Mayo | C21: 2764 | D21: 1579 | E21: 9264 | F21: 224 | H21: =SUM(C21:F21) -> 13831
B22: Junio | C22: 2478 | D22: 1445 | E22: 6920 | F22: 174 | H22: =SUM(C22:F22) -> 11017
B23: Julio | C23: 2663 | D23: 1514 | E23: 6996 | F23: 198 | H23: =SUM(C23:F23) -> 11371 | K23: Número de solicitudes del beneficio PGU mensual según institución donde se realizó el trámite de solicitud
B24: Agosto | C24: 2949 | D24: 1850 | E24: 8983 | F24: 245 | H24: =SUM(C24:F24) -> 14027 | K24: (febrero 2022 a diciembre 2022)
B25: Septiembre | C25: 2715 | D25: 1614 | E25: 7860 | F25: 213 | H25: =SUM(C25:F25) -> 12402
B26: Octubre | C26: 2274 | D26: 1331 | E26: 6676 | F26: 215 | H26: =SUM(C26:F26) -> 10496 | K26: Institución | L26: Febrero | M26: Marzo | N26: Abril | O26: Mayo | P26: Junio | Q26: Julio | R26: Agosto | S26: Septiembre | T26: Octubre | U26: Noviembre | V26: Diciembre | W26: Total
B27: Noviembre | C27: 2376 | D27: 1259 | E27: 6679 | F27: 208 | H27: =SUM(C27:F27) -> 10522 | K27: IPS | L27: 33391 | M27: 24468 | N27: 15614 | O27: 15183 | P27: 15569 | Q27: 16839 | R27: 22369 | S27: 14247 | T27: 17724 | U27: 20504 | V27: 15932 | W27: =SUM(L27:V27) -> 211840
B28: Diciembre | C28: 2435 | D28: 1467 | E28: 6602 | F28: 248 | H28: =SUM(C28:F28) -> 10752 | K28: AFP | L28: 9704 | M28: 9520 | N28: 7533 | O28: 7931 | P28: 7526 | Q28: 7879 | R28: 9071 | S28: 6033 | T28: 5791 | U28: 5751 | V28: 4886 | W28: =SUM(L28:V28) -> 81625
B29: Total 2016 | C29: =SUM(C17:C28) -> 30685 | D29: =SUM(D17:D28) -> 18094 | E29: =SUM(E17:E28) -> 87432 | F29: =SUM(F17:F28) -> 2577 | H29: =SUM(H17:H28) -> 138788 | K29: Cía. De Seguros | L29: 1778 | M29: 1136 | N29: 679 | O29: 581 | P29: 704 | Q29: 735 | R29: 884 | S29: 415 | T29: 611 | U29: 650 | V29: 361 | W29: =SUM(L29:V29) -> 8534
B30: Enero | C30: 3122 | D30: 1508 | E30: 7979 | F30: 269 | H30: =SUM(C30:F30) -> 12878 | K30: Municipalidades | L30: 2114 | M30: 2094 | N30: 1761 | O30: 1772 | P30: 1614 | Q30: 1702 | R30: 2309 | S30: 1677 | T30: 1807 | U30: 2062 | V30: 1847 | W30: =SUM(L30:V30) -> 20759
B31: Febrero | C31: 2377 | D31: 1375 | E31: 7282 | F31: 213 | H31: =SUM(C31:F31) -> 11247 | K31: Canal Web | L31: 102199 | M31: 20649 | N31: 11093 | O31: 9844 | P31: 10561 | Q31: 12378 | R31: 23019 | S31: 11941 | T31: 19669 | U31: 14585 | V31: 12199 | W31: =SUM(L31:V31) -> 248137
B32: Marzo | C32: 2340 | D32: 1762 | E32: 8966 | F32: 224 | H32: =SUM(C32:F32) -> 13292 | K32: Total | L32: =SUM(L27:L31) -> 149186 | M32: =SUM(M27:M31) -> 57867 | N32: =SUM(N27:N31) -> 36680 | O32: =SUM(O27:O31) -> 35311 | P32: =SUM(P27:P31) -> 35974 | Q32: =SUM(Q27:Q31) -> 39533 | R32: =SUM(R27:R31) -> 57652 | S32: =SUM(S27:S31) -> 34313 | ... W32: =SUM(W27:W31) -> 570895
B33: Abril | C33: 2319 | D33: 1421 | E33: 7022 | F33: 212 | H33: =SUM(C33:F33) -> 10974 | K33: Fuente: Elaboración propia a partir de Bases de Datos del IPS. Información actualizada a Diciembre 2022.
B34: Mayo | C34: 2725 | D34: 1582 | E34: 9937 | F34: 270 | H34: =SUM(C34:F34) -> 14514
B35: Junio | C35: 2467 | D35: 1474 | E35: 7973 | F35: 218 | H35: =SUM(C35:F35) -> 12132
B36: Julio | C36: 2809 | D36: 1626 | E36: 9532 | F36: 294 | H36: =SUM(C36:F36) -> 14261 | K36: Número de solicitudes* anual de beneficios de vejez e invalidez del SPS y PGU**
B37: Agosto | C37: 2996 | D37: 1673 | E37: 9947 | F37: 305 | H37: =SUM(C37:F37) -> 14921 | K37: (febrero 2022 a diciembre 2022)
B38: Septiembre | C38: 2682 | D38: 1371 | E38: 8257 | F38: 259 | H38: =SUM(C38:F38) -> 12569
B39: Octubre | C39: 3034 | D39: 1585 | E39: 9685 | F39: 312 | H39: =SUM(C39:F39) -> 14616 | K39: Año | L39: PBSV | M39: PBSI | N39: APSV | O39: APSI | P39: PGU | Q39: Total
B40: Noviembre | C40: 2756 | D40: 1664 | E40: 9055 | F40: 316 | H40: =SUM(C40:F40) -> 13791 | K40: 2008 | L40: =Solicitudes_compl!C9 -> 83903 | M40: =Solicitudes_compl!D9 -> 36885 | N40: =Solicitudes_compl!E9 -> 12630 | O40: =Solicitudes_compl!F9 -> 5944 | P40: 0 | Q40: =SUM(L40:P40) -> 139362
B41: Diciembre | C41: 2401 | D41: 1294 | E41: 7901 | F41: 275 | H41: =SUM(C41:F41) -> 11871 | K41: 2009 | L41: =Solicitudes_compl!C10 -> 59154 | M41: =Solicitudes_compl!D10 -> 35458 | N41: =Solicitudes_compl!E10 -> 298121 | O41: =Solicitudes_compl!F10 -> 11707 | P41: 0 | Q41: =SUM(L41:P41) -> 404440
B42: Total 2017 | C42: =SUM(C30:C41) -> 32028 | D42: =SUM(D30:D41) -> 18335 | E42: =SUM(E30:E41) -> 103536 | F42: =SUM(F30:F41) -> 3167 | H42: =SUM(H30:H41) -> 157066 | K42: 2010 | L42: =Solicitudes_compl!C11 -> 40733 | M42: =Solicitudes_compl!D11 -> 24967 | N42: =Solicitudes_compl!E11 -> 168046 | O42: =Solicitudes_compl!F11 -> 11929 | P42: 0 | Q42: =SUM(L42:P42) -> 245675
B43: Enero | C43: 2721 | D43: 1453 | E43: 11159 | F43: 401 | H43: =SUM(C43:F43) -> 15734 | K43: 2011 | L43: =Solicitudes_compl!C12 -> 37414 | M43: =Solicitudes_compl!D12 -> 20938 | N43: =Solicitudes_compl!E12 -> 126071 | O43: =Solicitudes_compl!F12 -> 10368 | P43: 0 | Q43: =SUM(L43:P43) -> 194791
B44: Febrero | C44: 2301 | D44: 1173 | E44: 11051 | F44: 732 | H44: =SUM(C44:F44) -> 15257 | K44: 2012 | L44: =Solicitudes_compl!C13 -> 34111 | M44: =Solicitudes_compl!D13 -> 19594 | N44: =Solicitudes_compl!E13 -> 130339 | O44: =Solicitudes_compl!F13 -> 8226 | P44: 0 | Q44: =SUM(L44:P44) -> 192270
B45: Marzo | C45: 2626 | D45: 1458 | E45: 10390 | F45: 921 | H45: =SUM(C45:F45) -> 15395 | K45: 2013 | L45: =Solicitudes_compl!C14 -> 32718 | M45: =Solicitudes_compl!D14 -> 17032 | N45: =Solicitudes_compl!E14 -> 76989 | O45: =Solicitudes_compl!F14 -> 7295 | P45: 0 | Q45: =SUM(L45:P45) -> 134034
B46: Abril | C46: 2566 | D46: 1511 | E46: 9759 | F46: 837 | H46: =SUM(C46:F46) -> 14673 | K46: 2014 | L46: =Solicitudes_compl!C15 -> 39392 | M46: =Solicitudes_compl!D15 -> 17573 | N46: =Solicitudes_compl!E15 -> 88545 | O46: =Solicitudes_compl!F15 -> 6054 | P46: 0 | Q46: =SUM(L46:P46) -> 151564
B47: Mayo | C47: 2730 | D47: 1384 | E47: 11338 | F47: 557 | H47: =SUM(C47:F47) -> 16009 | K47: 2015 | L47: =Solicitudes_compl!C16 -> 31042 | M47: =Solicitudes_compl!D16 -> 18557 | N47: =Solicitudes_compl!E16 -> 88878 | O47: =Solicitudes_compl!F16 -> 2501 | P47: 0 | Q47: =SUM(L47:P47) -> 140978
B48: Junio | C48: 2508 | D48: 1416 | E48: 9844 | F48: 524 | H48: =SUM(C48:F48) -> 14292 | K48: 2016 | L48: =Solicitudes_compl!C29 -> 30685 | M48: =Solicitudes_compl!D29 -> 18094 | N48: =Solicitudes_compl!E29 -> 87432 | O48: =Solicitudes_compl!F29 -> 2577 | P48: 0 | Q48: =SUM(L48:P48) -> 138788
B49: Julio | C49: 2765 | D49: 1457 | E49: 10406 | F49: 480 | H49: =SUM(C49:F49) -> 15108 | K49: 2017 | L49: =Solicitudes_compl!C42 -> 32028 | M49: =Solicitudes_compl!D42 -> 18335 | N49: =Solicitudes_compl!E42 -> 103536 | O49: =Solicitudes_compl!F42 -> 3167 | P49: 0 | Q49: =SUM(L49:P49) -> 157066
B50: Agosto | C50: 3040 | D50: 1641 | E50: 11023 | F50: 427 | H50: =SUM(C50:F50) -> 16131 | K50: 2018 | L50: =Solicitudes_compl!C55 -> 31567 | M50: =Solicitudes_compl!D55 -> 16995 | N50: =Solicitudes_compl!E55 -> 123567 | O50: =Solicitudes_compl!F55 -> 6272 | P50: 0 | Q50: =SUM(L50:P50) -> 178401
B51: Septiembre | C51: 2125 | D51: 1251 | E51: 8571 | F51: 339 | H51: =SUM(C51:F51) -> 12286 | K51: 2019 | L51: =Solicitudes_compl!C68 -> 29733 | M51: =Solicitudes_compl!D68 -> 16637 | N51: =Solicitudes_compl!E68 -> 112867 | O51: =Solicitudes_compl!F68 -> 6075 | P51: 0 | Q51: =SUM(L51:P51) -> 165312
B52: Octubre | C52: 3181 | D52: 1519 | E52: 11882 | F52: 419 | H52: =SUM(C52:F52) -> 17001 | K52: 2020 | L52: =Solicitudes_compl!C81 -> 30482 | M52: =Solicitudes_compl!D81 -> 15008 | N52: =Solicitudes_compl!E81 -> 166581 | O52: =Solicitudes_compl!F81 -> 7738 | P52: 0 | Q52: =SUM(L52:P52) -> 219809
B53: Noviembre | C53: 2631 | D53: 1405 | E53: 9497 | F53: 308 | H53: =SUM(C53:F53) -> 13841 | K53: 2021 | L53: =Solicitudes_compl!C94 -> 41653 | M53: =Solicitudes_compl!D94 -> 26969 | N53: =Solicitudes_compl!E94 -> 191078 | O53: =Solicitudes_compl!F94 -> 20510 | P53: 0 | Q53: =SUM(L53:P53) -> 280210
B54: Diciembre | C54: 2373 | D54: 1327 | E54: 8647 | F54: 327 | H54: =SUM(C54:F54) -> 12674 | K54: 2022 | L54: =Solicitudes_compl!C107 -> 4879 | M54: =Solicitudes_compl!D107 -> 36400 | N54: =Solicitudes_compl!E107 -> 21970 | O54: =Solicitudes_compl!F107 -> 19443 | P54: =Solicitudes_compl!G107 -> 570895 | Q54: =SUM(L54:P54) -> 653587
B55: Total 2018 | C55: =SUM(C43:C54) -> 31567 | D55: =SUM(D43:D54) -> 16995 | E55: =SUM(E43:E54) -> 123567 | F55: =SUM(F43:F54) -> 6272 | H55: =SUM(H43:H54) -> 178401 | K55: Total | L55: =SUM(L40:L54) -> 559494 | M55: =SUM(M40:M54) -> 339442 | N55: =SUM(N40:N54) -> 1796650 | O55: =SUM(O40:O54) -> 129806 | P55: =SUM(P40:P54) -> 570895 | Q55: =SUM(Q40:Q54) -> 3396287
B56: Enero | C56: 2750 | D56: 1462 | E56: 10200 | F56: 565 | H56: =SUM(C56:F56) -> 14977 | K56: Fuente: Elaboración propia a partir de Bases de Datos del IPS. Información actualizada a Diciembre 2022.
B57: Febrero | C57: 2188 | D57: 1293 | E57: 8591 | F57: 685 | H57: =SUM(C57:F57) -> 12757 | K57: * Corresponde al número de trámites de solicitud realizados, no el número de personas que han realizado una solicitud. Esto dado que una persona puede hacer más de una solicitud, toda vez que estas sean rechazadas, desistidas o anuladas. ** Producto de un cambio en la fuente de información, el número de solicitudes fue actualizado para los años 2010 al 2021. Las actuales cifran incluyen las solicitudes automáticas generadas por los traspasos de los beneficios de invalidez a vejez. *** El número de APSV incluye las solicitudes del beneficio Nbis para los años 2019, 2020 y 2021, las cuales correspondieron a 1, 531 y 427 solicitudes, respectivamente. El beneficio Nbis (ley 21.190 art 9 bis) estaba dirigido a los pensionados por Retiro Programado con Pensión Base mayor a la PMAS, y que cumplían con los demás requisitos exigidos por la ley. Permitía acceder a un complemento de manera tal que la pensión final no desciediera del valor de una Pensión Básica Solidaria.
B58: Marzo | C58: 2496 | D58: 1471 | E58: 9418 | F58: 638 | H58: =SUM(C58:F58) -> 14023
B59: Abril | C59: 2388 | D59: 1544 | E59: 9186 | F59: 584 | H59: =SUM(C59:F59) -> 13702
B60: Mayo | C60: 2428 | D60: 1373 | E60: 9457 | F60: 483 | H60: =SUM(C60:F60) -> 13741
B61: Junio | C61: 2221 | D61: 1366 | E61: 8050 | F61: 401 | H61: =SUM(C61:F61) -> 12038
B62: Julio | C62: 2612 | D62: 1574 | E62: 10193 | F62: 470 | H62: =SUM(C62:F62) -> 14849
B63: Agosto | C63: 2584 | D63: 1488 | E63: 9712 | F63: 424 | H63: =SUM(C63:F63) -> 14208
B64: Septiembre | C64: 2469 | D64: 1221 | E64: 8795 | F64: 457 | H64: =SUM(C64:F64) -> 12942
B65: Octubre | C65: 2384 | D65: 1180 | E65: 7849 | F65: 360 | H65: =SUM(C65:F65) -> 11773
B66: Noviembre | C66: 2268 | D66: 1004 | E66: 7880 | F66: 388 | H66: =SUM(C66:F66) -> 11540
B67: Diciembre | C67: 2945 | D67: 1661 | E67: 13536 | F67: 620 | H67: =SUM(C67:F67) -> 18762
B68: Total 2019 | C68: =SUM(C56:C67) -> 29733 | D68: =SUM(D56:D67) -> 16637 | E68: =SUM(E56:E67) -> 112867 | F68: =SUM(F56:F67) -> 6075 | H68: =SUM(C68:F68) -> 165312
B69: Enero | C69: 3010 | D69: 1753 | E69: 19891 | F69: 741 | H69: =SUM(C69:F69) -> 25395
B70: Febrero | C70: 2521 | D70: 1559 | E70: 24159 | F70: 845 | H70: =SUM(C70:F70) -> 29084 | K70: Solicitudes en trámite al 31/01
B71: Marzo | C71: 2000 | D71: 1119 | E71: 12648 | F71: 527 | H71: =SUM(C71:F71) -> 16294
B72: Abril | C72: 1368 | D72: 462 | E72: 6817 | F72: 450 | H72: =SUM(C72:F72) -> 9097 | K72: 40000
B73: Mayo | C73: 2058 | D73: 843 | E73: 10889 | F73: 718 | H73: =SUM(C73:F73) -> 14508 | K73: Fuente: IPS.
B74: Junio | C74: 1919 | D74: 773 | E74: 9601 | F74: 637 | H74: =SUM(C74:F74) -> 12930
B75: Julio | C75: 2816 | D75: 939 | E75: 11414 | F75: 530 | H75: =SUM(C75:F75) -> 15699
B76: Agosto | C76: 3066 | D76: 1181 | E76: 14803 | F76: 627 | H76: =SUM(C76:F76) -> 19677 | K76: Potenciales pendientes de solicitud al 31/01
B77: Septiembre | C77: 3009 | D77: 1422 | E77: 14413 | F77: 732 | H77: =SUM(C77:F77) -> 19576
B78: Octubre | C78: 3231 | D78: 1811 | E78: 15413 | F78: 835 | H78: =SUM(C78:F78) -> 21290 | K78: 65000
B79: Noviembre | C79: 2859 | D79: 1602 | E79: 13983 | F79: 605 | H79: =SUM(C79:F79) -> 19049 | K79: Fuente: IPS.
B80: Diciembre | C80: 2625 | D80: 1544 | E80: 12550 | F80: 491 | H80: =SUM(C80:F80) -> 17210
B81: Total 2020 | C81: =SUM(C69:C80) -> 30482 | D81: =SUM(D69:D80) -> 15008 | E81: =SUM(E69:E80) -> 166581 | F81: =SUM(F69:F80) -> 7738 | H81: =SUM(H69:H80) -> 219809
B82: Enero | C82: 2624 | D82: 1886 | E82: 12697 | F82: 945 | H82: =SUM(C82:F82) -> 18152
B83: Febrero | C83: 2353 | D83: 1607 | E83: 12205 | F83: 862 | H83: =SUM(C83:F83) -> 17027
B84: Marzo | C84: 2678 | D84: 1931 | E84: 14594 | F84: 2800 | H84: =SUM(C84:F84) -> 22003
B85: Abril | C85: 2953 | D85: 2127 | E85: 13753 | F85: 3063 | H85: =SUM(C85:F85) -> 21896
B86: Mayo | C86: 3346 | D86: 2277 | E86: 13729 | F86: 2119 | H86: =SUM(C86:F86) -> 21471
B87: Junio | C87: 3596 | D87: 2125 | E87: 13497 | F87: 1738 | H87: =SUM(C87:F87) -> 20956
B88: Julio | C88: 4119 | D88: 2409 | E88: 15819 | F88: 1609 | H88: =SUM(C88:F88) -> 23956
B89: Agosto | C89: 4297 | D89: 2641 | E89: 18223 | F89: 1553 | H89: =SUM(C89:F89) -> 26714
B90: Septiembre | C90: 4529 | D90: 2330 | E90: 19815 | F90: 1444 | H90: =SUM(C90:F90) -> 28118
B91: Octubre | C91: 3477 | D91: 2464 | E91: 17701 | F91: 1432 | H91: =SUM(C91:F91) -> 25074
B92: Noviembre | C92: 3890 | D92: 2658 | E92: 20150 | F92: 1497 | H92: =SUM(C92:F92) -> 28195
B93: Diciembre | C93: 3791 | D93: 2514 | E93: 18895 | F93: 1448 | H93: =SUM(C93:F93) -> 26648
B94: Total 2021 | C94: =SUM(C82:C93) -> 41653 | D94: =SUM(D82:D93) -> 26969 | E94: =SUM(E82:E93) -> 191078 | F94: =SUM(F82:F93) -> 20510 | H94: =SUM(H82:H93) -> 280210
B95: Enero | C95: 4879 | D95: 3211 | E95: 21970 | F95: 1552 | G95: 0 | H95: =SUM(C95:G95) -> 31612
B96: Febrero | C96: 0 | D96: 3005 | E96: 0 | F96: 3339 | G96: 149186 | H96: =SUM(C96:G96) -> 155530
B97: Marzo | C97: 0 | D97: 3441 | E97: 0 | F97: 1913 | G97: 57867 | H97: =SUM(C97:G97) -> 63221
B98: Abril | C98: 0 | D98: 3126 | E98: 0 | F98: 1334 | G98: 36680 | H98: =SUM(C98:G98) -> 41140
B99: Mayo | C99: 0 | D99: 3083 | E99: 0 | F99: 1382 | G99: 35311 | H99: =SUM(C99:G99) -> 39776
B100: Junio | C100: 0 | D100: 2713 | E100: 0 | F100: 1334 | G100: 35974 | H100: =SUM(C100:G100) -> 40021
B101: Julio | C101: 0 | D101: 3135 | E101: 0 | F101: 1526 | G101: 39533 | H101: =SUM(C101:G101) -> 44194
B102: Agosto | C102: 0 | D102: 3668 | E102: 0 | F102: 1950 | G102: 57652 | H102: =SUM(C102:G102) -> 63270
...

Sheet 2.2
B2: SOLICITUDES DEL PILAR NO CONTRIBUTIVO A NIVEL REGIONAL Y COMUNAL
B4: Resumen trimestral de solicitudes por región, según tipo de beneficio y sexo
B5: (julio 2024 a septiembre 2024)
B7: Región | C7: Tipo de beneficio | R7: Total solicitudes2
C8: PGU No Contributiva1 | F8: PGU Contributiva1 | I8: PBS Invalidez | L8: APS Invalidez | O8: Complemento trabajo pesado
C9: Mujeres | D9: Hombres | E9: Total | F9: Mujeres | G9: Hombres | H9: Total | I9: Mujeres | J9: Hombres | K9: Total | L9: Mujeres | M9: Hombres | N9: Total | O9: Mujeres | P9: Hombres | Q9: Total | R9: Mujeres | S9: Hombres | T9: Total
B10: Región de Arica y Parinacota | C10: 236 | D10: 225 | E10: 461 | F10: 193 | G10: 132 | H10: 325 | I10: 79 | J10: 33 | K10: 112 | L10: 35 | M10: 70 | N10: 105 | O10: 0 | P10: 1 | Q10: 1 | R10: 543 | S10: 461 | T10: 1004
B11: Región de Tarapacá | C11: 265 | D11: 276 | E11: 541 | F11: 194 | G11: 187 | H11: 381 | I11: 123 | J11: 49 | K11: 172 | L11: 30 | M11: 25 | N11: 55 | O11: 0 | P11: 0 | Q11: 0 | R11: 612 | S11: 537 | T11: 1149
B12: Región de Antofagasta | C12: 477 | D12: 448 | E12: 925 | F12: 394 | G12: 399 | H12: 793 | I12: 216 | J12: 63 | K12: 279 | L12: 49 | M12: 51 | N12: 100 | O12: 0 | P12: 0 | Q12: 0 | R12: 1136 | S12: 961 | T12: 2097
B13: Región de Atacama | C13: 313 | D13: 275 | E13: 588 | F13: 207 | G13: 207 | H13: 414 | I13: 121 | J13: 36 | K13: 157 | L13: 31 | M13: 49 | N13: 80 | O13: 0 | P13: 0 | Q13: 0 | R13: 672 | S13: 567 | T13: 1239
B14: Región de Coquimbo | C14: 867 | D14: 829 | E14: 1696 | F14: 619 | G14: 571 | H14: 1190 | I14: 352 | J14: 137 | K14: 489 | L14: 105 | M14: 106 | N14: 211 | O14: 0 | P14: 1 | Q14: 1 | R14: 1943 | S14: 1644 | T14: 3587
B15: Región de Valparaíso | C15: 2094 | D15: 1884 | E15: 3978 | F15: 1836 | G15: 1236 | H15: 3072 | I15: 729 | J15: 259 | K15: 988 | L15: 338 | M15: 351 | N15: 689 | O15: 1 | P15: 5 | Q15: 6 | R15: 4998 | S15: 3735 | T15: 8733
B16: Región Metropolitana de Santiago | C16: 6375 | D16: 6240 | E16: 12615 | F16: 6731 | G16: 4232 | H16: 10963 | I16: 2171 | J16: 718 | K16: 2889 | L16: 972 | M16: 1062 | N16: 2034 | O16: 4 | P16: 21 | Q16: 25 | R16: 16253 | S16: 12273 | T16: 28526
B17: Región del Libertador General Bernardo O’Higgins | C17: 1060 | D17: 1032 | E17: 2092 | F17: 782 | G17: 689 | H17: 1471 | I17: 452 | J17: 127 | K17: 579 | L17: 215 | M17: 234 | N17: 449 | O17: 1 | P17: 1 | Q17: 2 | R17: 2510 | S17: 2083 | T17: 4593
B18: Región del Maule | C18: 1251 | D18: 1261 | E18: 2512 | F18: 877 | G18: 683 | H18: 1560 | I18: 570 | J18: 195 | K18: 765 | L18: 224 | M18: 220 | N18: 444 | O18: 1 | P18: 0 | Q18: 1 | R18: 2923 | S18: 2359 | T18: 5282
B19: Región del Ñuble | C19: 699 | D19: 584 | E19: 1283 | F19: 401 | G19: 320 | H19: 721 | I19: 400 | J19: 152 | K19: 552 | L19: 138 | M19: 142 | N19: 280 | O19: 0 | P19: 0 | Q19: 0 | R19: 1638 | S19: 1198 | T19: 2836
B20: Región del Biobío | C20: 1879 | D20: 1644 | E20: 3523 | F20: 1224 | G20: 974 | H20: 2198 | I20: 804 | J20: 256 | K20: 1060 | L20: 308 | M20: 310 | N20: 618 | O20: 1 | P20: 1 | Q20: 2 | R20: 4216 | S20: 3185 | T20: 7401
B21: Región de La Araucanía | C21: 1244 | D21: 1181 | E21: 2425 | F21: 716 | G21: 575 | H21: 1291 | I21: 601 | J21: 201 | K21: 802 | L21: 204 | M21: 260 | N21: 464 | O21: 0 | P21: 0 | Q21: 0 | R21: 2765 | S21: 2217 | T21: 4982
... B26: Total nacional | C26: 18333 | D26: 17612 | E26: 35945 | F26: 15370 | G26: 11134 | H26: 26504 | I26: 7411 | J26: 2506 | K26: 9917 | L26: 2978 | M26: 3282 | N26: 6260 | O26: 9 | P26: 31 | Q26: 40 | R26: 44101 | S26: 34565 | T26: 78666
B27: Fuente: Elaboración propia con datos del Instituto de Previsión Social 1 La Pensión Garantizada Universal (PGU) es un nuevo beneficio generado a partir de la ley 21.419 del 29-01-2022. El concepto de PGU No Contributiva o Contributiva está relacionado con la calidad de la persona que está recibiendo el beneficio, si es No Contributiva quiere decir que no estaba afiliado a un sistema previsional (D.L. 3.500 o antiguo Sistema de Reparto) ni recibe pensión de sobrevivencia, si es Contributiva quiere decir que si estaba afiliado a un sistema previsional o que recibe una pensión de sobrevivencia. De manera automática, en febrero 2022, los PBS de Vejez pasaron a ser PGU No Contributiva y los APS Vejez Subsidio Definido, los Beneficio artículo 9° bis y los APS Vejez con una Pensión Final Garantizada inferior o igual al monto de la PGU pasaron a ser PGU Contributiva. A partir de la implementación de la PGU (febrero 2022) dejan de existir nuevas solicitudes de los beneficios PBS de Vejez y APS de Vejez, ya que estos beneficios fueron reemplazados con PGU No Contributiva y PGU Contributiva, respectivamente. 2 El periodo utilizado para el reporte de las solicitudes considera la fecha de ingreso de la solicitud. El estado final de las solicitudes puede cambiar entre periodos, dado que se incluyen en la estadística solicitudes en trámite.
B29: Número de solicitudes trimestrales por comuna, según tipo de beneficio y sexo
B30: (julio 2024 a septiembre 2024)
B32: Región de Arica y Parinacota
B34: Comuna | C34: Tipo de beneficio | R34: Total solicitudes2
C35: PGU No Contributiva1 | F35: PGU Contributiva1 | I35: PBS Invalidez | L35: APS Invalidez | O35: Complemento trabajo pesado
C36: Mujeres | D36: Hombres | E36: Total | F36: Mujeres | G36: Hombres | H36: Total | I36: Mujeres | J36: Hombres | K36: Total | L36: Mujeres | M36: Hombres | N36: Total | O36: Mujeres | P36: Hombres | Q36: Total | R36: Mujeres | S36: Hombres | T36: Total
B37: ARICA | C37: 234 | D37: 224 | E37: 458 | F37: 191 | G37: 131 | H37: 322 | I37: 79 | J37: 33 | K37: 112 | L37: 35 | M37: 70 | N37: 105 | O37: 0 | P37: 1 | Q37: 1 | R37: 539 | S37: 459 | T37: 998
B38: CAMARONES | C38: 1 | D38: 1 | E38: 2 | F38: 0 | G38: 1 | H38: 1 | I38: 0 | J38: 0 | K38: 0 | L38: 0 | M38: 0 | N38: 0 | O38: 0 | P38: 0 | Q38: 0 | R38: 1 | S38: 2 | T38: 3
B39: PUTRE | C39: 1 | D39: 0 | E39: 1 | F39: 2 | G39: 0 | H39: 2 | I39: 0 | J39: 0 | K39: 0 | L39: 0 | M39: 0 | N39: 0 | O39: 0 | P39: 0 | Q39: 0 | R39: 3 | S39: 0 | T39: 3
B40: Total | C40: 236 | D40: 225 | E40: 461 | F40: 193 | G40: 132 | H40: 325 | I40: 79 | J40: 33 | K40: 112 | L40: 35 | M40: 70 | N40: 105 | O40: 0 | P40: 1 | Q40: 1 | R40: 543 | S40: 461 | T40: 1004
B41: Fuente: Elaboración propia con datos del Instituto de Previsión Social 1 La Pensión Garantizada Universal (PGU) es un nuevo beneficio generado a partir de la ley 21.419 del 29-01-2022. El concepto de PGU No Contributiva o Contributiva está relacionado con la calidad de la persona que está recibiendo el beneficio, si es No Contributiva quiere decir que no estaba afiliado a un sistema previsional (D.L. 3.500 o antiguo Sistema de Reparto) ni recibe pensión de sobrevivencia, si es Contributiva quiere decir que si estaba afiliado a un sistema previsional o que recibe una pensión de sobrevivencia. De manera automática, en febrero 2022, los PBS de Vejez pasaron a ser PGU No Contributiva y los APS Vejez Subsidio Definido, los Beneficio artículo 9° bis y los APS Vejez con una Pensión Final Garantizada inferior o igual al monto de la PGU pasaron a ser PGU Contributiva. A partir de la implementación de la PGU (febrero 2022) dejan de existir nuevas solicitudes de los beneficios PBS de Vejez y APS de Vejez, ya que estos beneficios fueron reemplazados con PGU No Contributiva y PGU Contributiva, respectivamente. 2 El periodo utilizado para el reporte de las solicitudes considera la fecha de ingreso de la solicitud. El estado final de las solicitudes puede cambiar entre periodos, dado que se incluyen en la estadística solicitudes en trámite.
B43: Región de Tarapacá
B45: Comuna | C45: Tipo de beneficio | R45: Total solicitudes2
C46: PGU No Contributiva1 | F46: PGU Contributiva1 | I46: PBS Invalidez | L46: APS Invalidez | O46: Complemento trabajo pesado
C47: Mujeres | D47: Hombres | E47: Total | F47: Mujeres | G47: Hombres | H47: Total | I47: Mujeres | J47: Hombres | K47: Total | L47: Mujeres | M47: Hombres | N47: Total | O47: Mujeres | P47: Hombres | Q47: Total | R47: Mujeres | S47: Hombres | T47: Total
B48: ALTO HOSPICIO | C48: 77 | D48: 77 | E48: 154 | F48: 40 | G48: 48 | H48: 88 | I48: 57 | J48: 16 | K48: 73 | L48: 11 | M48: 9 | N48: 20 | O48: 0 | P48: 0 | Q48: 0 | R48: 185 | S48: 150 | T48: 335
B49: CAMIÑA | C49: 2 | D49: 3 | E49: 5 | F49: 0 | G49: 0 | H49: 0 | I49: 0 | J49: 1 | K49: 1 | L49: 1 | M49: 0 | N49: 1 | O49: 0 | P49: 0 | Q49: 0 | R49: 3 | S49: 4 | T49: 7
B50: COLCHANE | C50: 0 | D50: 1 | E50: 1 | F50: 0 | G50: 0 | H50: 0 | I50: 0 | J50: 0 | K50: 0 | L50: 0 | M50: 0 | N50: 0 | O50: 0 | P50: 0 | Q50: 0 | R50: 0 | S50: 1 | T50: 1
B51: HUARA | C51: 3 | D51: 5 | E51: 8 | F51: 0 | G51: 1 | H51: 1 | I51: 0 | J51: 1 | K51: 1 | L51: 0 | M51: 0 | N51: 0 | O51: 0 | P51: 0 | Q51: 0 | R51: 3 | S51: 7 | T51: 10
B52: IQUIQUE | C52: 164 | D52: 168 | E52: 332 | F52: 142 | G52: 119 | H52: 261 | I52: 58 | J52: 29 | K52: 87 | L52: 18 | M52: 15 | N52: 33 | O52: 0 | P52: 0 | Q52: 0 | R52: 382 | S52: 331 | T52: 713
B53: PICA | C53: 6 | D53: 6 | E53: 12 | F53: 3 | G53: 8 | H53: 11 | I53: 1 | J53: 0 | K53: 1 | L53: 0 | M53: 0 | N53: 0 | O53: 0 | P53: 0 | Q53: 0 | R53: 10 | S53: 14 | T53: 24
B54: POZO ALMONTE | C54: 13 | D54: 16 | E54: 29 | F54: 9 | G54: 11 | H54: 20 | I54: 7 | J54: 2 | K54: 9 | L54: 0 | M54: 1 | N54: 1 | O54: 0 | P54: 0 | Q54: 0 | R54: 29 | S54: 30 | T54: 59
B55: Total | C55: 265 | D55: 276 | E55: 541 | F55: 194 | G55: 187 | H55: 381 | I55: 123 | J55: 49 | K55: 172 | L55: 30 | M55: 25 | N55: 55 | O55: 0 | P55: 0 | Q55: 0 | R55: 612 | S55: 537 | T55: 1149
B56: Fuente: Elaboración propia con datos del Instituto de Previsión Social 1 La Pensión Garantizada Universal (PGU) es un nuevo beneficio generado a partir de la ley 21.419 del 29-01-2022. El concepto de PGU No Contributiva o Contributiva está relacionado con la calidad de la persona que está recibiendo el beneficio, si es No Contributiva quiere decir que no estaba afiliado a un sistema previsional (D.L. 3.500 o antiguo Sistema de Reparto) ni recibe pensión de sobrevivencia, si es Contributiva quiere decir que si estaba afiliado a un sistema previsional o que recibe una pensión de sobrevivencia. De manera automática, en febrero 2022, los PBS de Vejez pasaron a ser PGU No Contributiva y los APS Vejez Subsidio Definido, los Beneficio artículo 9° bis y los APS Vejez con una Pensión Final Garantizada inferior o igual al monto de la PGU pasaron a ser PGU Contributiva. A partir de la implementación de la PGU (febrero 2022) dejan de existir nuevas solicitudes de los beneficios PBS de Vejez y APS de Vejez, ya que estos beneficios fueron reemplazados con PGU No Contributiva y PGU Contributiva, respectivamente. 2 El periodo utilizado para el reporte de las solicitudes considera la fecha de ingreso de la solicitud. El estado final de las solicitudes puede cambiar entre periodos, dado que se incluyen en la estadística solicitudes en trámite.
B58: Región de Antofagasta
B60: Comuna | C60: Tipo de beneficio | R60: Total solicitudes2
C61: PGU No Contributiva1 | F61: PGU Contributiva1 | I61: PBS Invalidez | L61: APS Invalidez | O61: Complemento trabajo pesado
C62: Mujeres | D62: Hombres | E62: Total | F62: Mujeres | G62: Hombres | H62: Total | I62: Mujeres | J62: Hombres | K62: Total | L62: Mujeres | M62: Hombres | N62: Total | O62: Mujeres | P62: Hombres | Q62: Total | R62: Mujeres | S62: Hombres | T62: Total
B63: ANTOFAGASTA | C63: 299 | D63: 271 | E63: 570 | F63: 262 | G63: 249 | H63: 511 | I63: 139 | J63: 33 | K63: 172 | L63: 24 | M63: 32 | N63: 56 | O63: 0 | P63: 0 | Q63: 0 | R63: 724 | S63: 585 | T63: 1309
B64: CALAMA | C64: 124 | D64: 112 | E64: 236 | F64: 96 | G64: 102 | H64: 198 | I64: 51 | J64: 15 | K64: 66 | L64: 20 | M64: 13 | N64: 33 | O64: 0 | P64: 0 | Q64: 0 | R64: 291 | S64: 242 | T64: 533
B65: MARIA ELENA | C65: 3 | D65: 3 | E65: 6 | F65: 0 | G65: 3 | H65: 3 | I65: 1 | J65: 1 | K65: 2 | L65: 0 | M65: 0 | N65: 0 | O65: 0 | P65: 0 | Q65: 0 | R65: 4 | S65: 7 | T65: 11
B66: MEJILLONES | C66: 15 | D66: 15 | E66: 30 | F66: 6 | G66: 7 | H66: 13 | I66: 3 | J66: 2 | K66: 5 | L66: 3 | M66: 1 | N66: 4 | O66: 0 | P66: 0 | Q66: 0 | R66: 27 | S66: 25 | T66: 52
B67: OLLAGUE | C67: 0 | D67: 1 | E67: 1 | F67: 0 | G67: 0 | H67: 0 | I67: 0 | J67: 0 | K67: 0 | L67: 0 | M67: 0 | N67: 0 | O67: 0 | P67: 0 | Q67: 0 | R67: 0 | S67: 1 | T67: 1
B68: SAN PEDRO DE ATACAMA | C68: 5 | D68: 6 | E68: 11 | F68: 4 | G68: 6 | H68: 10 | I68: 5 | J68: 1 | K68: 6 | L68: 1 | M68: 0 | N68: 1 | O68: 0 | P68: 0 | Q68: 0 | R68: 15 | S68: 13 | T68: 28
B69: TALTAL | C69: 14 | D69: 15 | E69: 29 | F69: 5 | G69: 8 | H69: 13 | I69: 6 | J69: 5 | K69: 11 | L69: 1 | M69: 2 | N69: 3 | O69: 0 | P69: 0 | Q69: 0 | R69: 26 | S69: 30 | T69: 56
B70: TOCOPILLA | C70: 17 | D70: 25 | E70: 42 | F70: 21 | G70: 24 | H70: 45 | I70: 11 | J70: 6 | K70: 17 | L70: 0 | M70: 3 | N70: 3 | O70: 0 | P70: 0 | Q70: 0 | R70: 49 | S70: 58 | T70: 107
B71: Total | C71: 477 | D71: 448 | E71: 925 | F71: 394 | G71: 399 | H71: 793 | I71: 216 | J71: 63 | K71: 279 | L71: 49 | M71: 51 | N71: 100 | O71: 0 | P71: 0 | Q71: 0 | R71: 1136 | S71: 961 | T71: 2097
B72: Fuente: Elaboración propia con datos del Instituto de Previsión Social 1 La Pensión Garantizada Universal (PGU) es un nuevo beneficio generado a partir de la ley 21.419 del 29-01-2022. El concepto de PGU No Contributiva o Contributiva está relacionado con la calidad de la persona que está recibiendo el beneficio, si es No Contributiva quiere decir que no estaba afiliado a un sistema previsional (D.L. 3.500 o antiguo Sistema de Reparto) ni recibe pensión de sobrevivencia, si es Contributiva quiere decir que si estaba afiliado a un sistema previsional o que recibe una pensión de sobrevivencia. De manera automática, en febrero 2022, los PBS de Vejez pasaron a ser PGU No Contributiva y los APS Vejez Subsidio Definido, los Beneficio artículo 9° bis y los APS Vejez con una Pensión Final Garantizada inferior o igual al monto de la PGU pasaron a ser PGU Contributiva. A partir de la implementación de la PGU (febrero 2022) dejan de existir nuevas solicitudes de los beneficios PBS de Vejez y APS de Vejez, ya que estos beneficios fueron reemplazados con PGU No Contributiva y PGU Contributiva, respectivamente. 2 El periodo utilizado para el reporte de las solicitudes considera la fecha de ingreso de la solicitud. El estado final de las solicitudes puede cambiar entre periodos, dado que se incluyen en la estadística solicitudes en trámite.
B74: Región de Atacama
B76: Comuna | C76: Tipo de beneficio | R76: Total solicitudes2
C77: PGU No Contributiva1 | F77: PGU Contributiva1 | I77: PBS Invalidez | L77: APS Invalidez | O77: Complemento trabajo pesado
C78: Mujeres | D78: Hombres | E78: Total | F78: Mujeres | G78: Hombres | H78: Total | I78: Mujeres | J78: Hombres | K78: Total | L78: Mujeres | M78: Hombres | N78: Total | O78: Mujeres | P78: Hombres | Q78: Total | R78: Mujeres | S78: Hombres | T78: Total
B79: ALTO DEL CARMEN | C79: 6 | D79: 10 | E79: 16 | F79: 5 | G79: 3 | H79: 8 | I79: 1 | J79: 0 | K79: 1 | L79: 0 | M79: 0 | N79: 0 | O79: 0 | P79: 0 | Q79: 0 | R79: 12 | S79: 13 | T79: 25
B80: CALDERA | C80: 26 | D80: 24 | E80: 50 | F80: 18 | G80: 15 | H80: 33 | I80: 11 | J80: 1 | K80: 12 | L80: 3 | M80: 5 | N80: 8 | O80: 0 | P80: 0 | Q80: 0 | R80: 58 | S80: 45 | T80: 103
B81: CHAÑARAL | C81: 19 | D81: 16 | E81: 35 | F81: 14 | G81: 8 | H81: 22 | I81: 8 | J81: 0 | K81: 8 | L81: 0 | M81: 1 | N81: 1 | O81: 0 | P81: 0 | Q81: 0 | R81: 41 | S81: 25 | T81: 66
B82: COPIAPO | C82: 139 | D82: 135 | E82: 274 | F82: 117 | G82: 126 | H82: 243 | I82: 60 | J82: 21 | K82: 81 | L82: 16 | M82: 28 | N82: 44 | O82: 0 | P82: 0 | Q82: 0 | R82: 332 | S82: 310 | T82: 642
B83: DIEGO DE ALMAGRO | C83: 16 | D83: 9 | E83: 25 | F83: 3 | G83: 9 | H83: 12 | I83: 6 | J83: 0 | K83: 6 | L83: 2 | M83: 4 | N83: 6 | O83: 0 | P83: 0 | Q83: 0 | R83: 27 | S83: 22 | T83: 49
B84: FREIRINA | C84: 9 | D84: 9 | E84: 18 | F84: 4 | G84: 4 | H84: 8 | I84: 2 | J84: 1 | K84: 3 | L84: 0 | M84: 1 | N84: 1 | O84: 0 | P84: 0 | Q84: 0 | R84: 15 | S84: 15 | T84: 30
B85: HUASCO | C85: 14 | D85: 12 | E85: 26 | F85: 5 | G85: 4 | H85: 9 | I85: 3 | J85: 2 | K85: 5 | L85: 1 | M85: 1 | N85: 2 | O85: 0 | P85: 0 | Q85: 0 | R85: 23 | S85: 19 | T85: 42
B86: TIERRA AMARILLA | C86: 12 | D86: 12 | E86: 24 | F86: 3 | G86: 5 | H86: 8 | I86: 8 | J86: 0 | K86: 8 | L86: 3 | M86: 4 | N86: 7 | O86: 0 | P86: 0 | Q86: 0 | R86: 26 | S86: 21 | T86: 47
B87: VALLENAR | C87: 72 | D87: 48 | E87: 120 | F87: 38 | G87: 33 | H87: 71 | I87: 22 | J87: 11 | K87: 33 | L87: 6 | M87: 5 | N87: 11 | O87: 0 | P87: 0 | Q87: 0 | R87: 138 | S87: 97 | T87: 235
B88: Total | C88: 313 | D88: 275 | E88: 588 | F88: 207 | G88: 207 | H88: 414 | I88: 121 | J88: 36 | K88: 157 | L88: 31 | M88: 49 | N88: 80 | O88: 0 | P88: 0 | Q88: 0 | R88: 672 | S88: 567 | T88: 1239
B89: Fuente: Elaboración propia con datos del Instituto de Previsión Social 1 La Pensión Garantizada Universal (PGU) es un nuevo beneficio generado a partir de la ley 21.419 del 29-01-2022. El concepto de PGU No Contributiva o Contributiva está relacionado con la calidad de la persona que está recibiendo el beneficio, si es No Contributiva quiere decir que no estaba afiliado a un sistema previsional (D.L. 3.500 o antiguo Sistema de Reparto) ni recibe pensión de sobrevivencia, si es Contributiva quiere decir que si estaba afiliado a un sistema previsional o que recibe una pensión de sobrevivencia. De manera automática, en febrero 2022, los PBS de Vejez pasaron a ser PGU No Contributiva y los APS Vejez Subsidio Definido, los Beneficio artículo 9° bis y los APS Vejez con una Pensión Final Garantizada inferior o igual al monto de la PGU pasaron a ser PGU Contributiva. A partir de la implementación de la PGU (febrero 2022) dejan de existir nuevas solicitudes de los beneficios PBS de Vejez y APS de Vejez, ya que estos beneficios fueron reemplazados con PGU No Contributiva y PGU Contributiva, respectivamente. 2 El periodo utilizado para el reporte de las solicitudes considera la fecha de ingreso de la solicitud. El estado final de las solicitudes puede cambiar entre periodos, dado que se incluyen en la estadística solicitudes en trámite.
B91: Región de Coquimbo
B93: Comuna | C93: Tipo de beneficio | R93: Total solicitudes2
C94: PGU No Contributiva1 | F94: PGU Contributiva1 | I94: PBS Invalidez | L94: APS Invalidez | O94: Complemento trabajo pesado
C95: Mujeres | D95: Hombres | E95: Total | F95: Mujeres | G95: Hombres | H95: Total | I95: Mujeres | J95: Hombres | K95: Total | L95: Mujeres | M95: Hombres | N95: Total | O95: Mujeres | P95: Hombres | Q95: Total | R95: Mujeres | S95: Hombres | T95: Total
B96: ANDACOLLO | C96: 17 | D96: 23 | E96: 40 | F96: 7 | G96: 8 | H96: 15 | I96: 5 | J96: 0 | K96: 5 | L96: 2 | M96: 1 | N96: 3 | O96: 0 | P96: 0 | Q96: 0 | R96: 31 | S96: 32 | T96: 63
B97: CANELA | C97: 8 | D97: 15 | E97: 23 | F97: 5 | G97: 7 | H97: 12 | I97: 5 | J97: 2 | K97: 7 | L97: 0 | M97: 1 | N97: 1 | O97: 0 | P97: 0 | Q97: 0 | R97: 18 | S97: 25 | T97: 43
B98: COMBARBALA | C98: 16 | D98: 14 | E98: 30 | F98: 6 | G98: 5 | H98: 11 | I98: 8 | J98: 3 | K98: 11 | L98: 0 | M98: 2 | N98: 2 | O98: 0 | P98: 0 | Q98: 0 | R98: 30 | S98: 24 | T98: 54
B99: COQUIMBO | C99: 248 | D99: 240 | E99: 488 | F99: 198 | G99: 157 | H99: 355 | I99: 113 | J99: 43 | K99: 156 | L99: 40 | M99: 29 | N99: 69 | O99: 0 | P99: 1 | Q99: 1 | R99: 599 | S99: 470 | T99: 1069
B100: ILLAPEL | C100: 56 | D100: 45 | E100: 101 | F100: 22 | G100: 18 | H100: 40 | I100: 16 | J100: 10 | K100: 26 | L100: 6 | M100: 8 | N100: 14 | O100: 0 | P100: 0 | Q100: 0 | R100: 100 | S100: 81 | T100: 181
B101: LA HIGUERA | C101: 12 | D101: 8 | E101: 20 | F101: 1 | G101: 3 | H101: 4 | I101: 4 | J101: 1 | K101: 5 | L101: 1 | M101: 1 | N101: 2 | O101: 0 | P101: 0 | Q101: 0 | R101: 18 | S101: 13 | T101: 31
B102: LA SERENA | C102: 235 | D102: 177 | E102: 412 | F102: 203 | G102: 190 | H102: 393 | I102: 96 | J102: 39 | K102: 135 | L102: 31 | M102: 31 | N102: 62 | O102: 0 | P102: 0 | Q102: 0 | R102: 565 | S102: 437 | T102: 1002
B103: LOS VILOS | C103: 30 | D103: 33 | E103: 63 | F103: 24 | G103: 15 | H103: 39 | I103: 12 | J103: 0 | K103: 12 | L103: 2 | M103: 1 | N103: 3 | O103: 0 | P103: 0 | Q103: 0 | R103: 68 | S103: 49 | T103: 117
B104: MONTE PATRIA | C104: 29 | D104: 30 | E104: 59 | F104: 16 | G104: 15 | H104: 31 | I104: 15 | J104: 8 | K104: 23 | L104: 5 | M104: 6 | N104: 11 | O104: 0 | P104: 0 | Q104: 0 | R104: 65 | S104: 59 | T104: 124
B105: OVALLE | C105: 128 | D105: 146 | E105: 274 | F105: 82 | G105: 90 | H105: 172 | I105: 36 | J105: 16 | K105: 52 | L105: 9 | M105: 17 | N105: 26 | O105: 0 | P105: 0 | Q105: 0 | R105: 255 | S105: 269 | T105: 524
B106: PAIHUANO | C106: 3 | D106: 9 | E106: 12 | F106: 4 | G106: 6 | H106: 10 | I106: 2 | J106: 2 | K106: 4 | L106: 0 | M106: 1 | N106: 1 | O106: 0 | P106: 0 | Q106: 0 | R106: 9 | S106: 18 | T106: 27
B107: PUNITAQUI | C107: 15 | D107: 16 | E107: 31 | F107: 6 | G107: 13 | H107: 19 | I107: 7 | J107: 4 | K107: 11 | L107: 1 | M107: 2 | N107: 3 | O107: 0 | P107: 0 | Q107: 0 | R107: 29 | S107: 35 | T107: 64
... B111: Total | C111: 867 | D111: 829 | E111: 1696 | F111: 619 | G111: 571 | H111: 1190 | I111: 352 | J111: 137 | K111: 489 | L111: 105 | M111: 106 | N111: 211 | O111: 0 | P111: 1 | Q111: 1 | R111: 1943 | S111: 1644 | T111: 3587
B112: Fuente: Elaboración propia con datos del Instituto de Previsión Social 1 La Pensión Garantizada Universal (PGU) es un nuevo beneficio generado a partir de la ley 21.419 del 29-01-2022. El concepto de PGU No Contributiva o Contributiva está relacionado con la calidad de la persona que está recibiendo el beneficio, si es No Contributiva quiere decir que no estaba afiliado a un sistema previsional (D.L. 3.500 o antiguo Sistema de Reparto) ni recibe pensión de sobrevivencia, si es Contributiva quiere decir que si estaba afiliado a un sistema previsional o que recibe una pensión de sobrevivencia. De manera automática, en febrero 2022, los PBS de Vejez pasaron a ser PGU No Contributiva y los APS Vejez Subsidio Definido, los Beneficio artículo 9° bis y los APS Vejez con una Pensión Final Garantizada inferior o igual al monto de la PGU pasaron a ser PGU Contributiva. A partir de la implementación de la PGU (febrero 2022) dejan de existir nuevas solicitudes de los beneficios PBS de Vejez y APS de Vejez, ya que estos beneficios fueron reemplazados con PGU No Contributiva y PGU Contributiva, respectivamente. 2 El periodo utilizado para el reporte de las solicitudes considera la fecha de ingreso de la solicitud. El estado final de las solicitudes puede cambiar entre periodos, dado que se incluyen en la estadística solicitudes en trámite.
B114: Región de Valparaíso
B116: Comuna | C116: Tipo de beneficio | R116: Total solicitudes2
C117: PGU No Contributiva1 | F117: PGU Contributiva1 | I117: PBS Invalidez | L117: APS Invalidez | O117: Complemento trabajo pesado
C118: Mujeres | D118: Hombres | E118: Total | F118: Mujeres | G118: Hombres | H118: Total | I118: Mujeres | J118: Hombres | K118: Total | L118: Mujeres | M118: Hombres | N118: Total | O118: Mujeres | P118: Hombres | Q118: Total | R118: Mujeres | S118: Hombres | T118: Total
B119: ALGARROBO | C119: 23 | D119: 18 | E119: 41 | F119: 45 | G119: 25 | H119: 70 | I119: 8 | J119: 3 | K119: 11 | L119: 3 | M119: 4 | N119: 7 | O119: 0 | P119: 0 | Q119: 0 | R119: 79 | S119: 50 | T119: 129
B120: CABILDO | C120: 29 | D120: 28 | E120: 57 | F120: 15 | G120: 14 | H120: 29 | I120: 10 | J120: 2 | K120: 12 | L120: 4 | M120: 1 | N120: 5 | O120: 0 | P120: 0 | Q120: 0 | R120: 58 | S120: 45 | T120: 103
B121: CALLE LARGA | C121: 8 | D121: 9 | E121: 17 | F121: 8 | G121: 7 | H121: 15 | I121: 2 | J121: 1 | K121: 3 | L121: 1 | M121: 2 | N121: 3 | O121: 0 | P121: 0 | Q121: 0 | R121: 19 | S121: 19 | T121: 38
B122: CARTAGENA | C122: 32 | D122: 25 | E122: 57 | F122: 28 | G122: 16 | H122: 44 | I122: 15 | J122: 2 | K122: 17 | L122: 14 | M122: 9 | N122: 23 | O122: 0 | P122: 0 | Q122: 0 | R122: 89 | S122: 52 | T122: 141
B123: CASABLANCA | C123: 33 | D123: 34 | E123: 67 | F123: 24 | G123: 21 | H123: 45 | I123: 13 | J123: 6 | K123: 19 | L123: 9 | M123: 7 | N123: 16 | O123: 0 | P123: 0 | Q123: 0 | R123: 79 | S123: 68 | T123: 147
...

Sheet 2.3
B2: SOLICITUDES CONCEDIDAS PILAR NO CONTRIBUTIVO A NIVEL NACIONAL
B4: Resumen trimestral de concesiones de beneficios del Pilar No Contributivo
B5: (julio 2024 a septiembre 2024)
B7: Tipo de beneficios | C7: Número de concesiones1
C8: Mujeres | D8: Hombres | E8: Ambos
B9: PGU no contributiva2 | C9: 9714 | D9: 9739 | E9: 19453
B10: PGU contributiva2 | C10: 8664 | D10: 5589 | E10: 14253
B11: PBS invalidez | C11: 298 | D11: 248 | E11: 546
B12: APS invalidez | C12: 694 | D12: 1057 | E12: 1751
B13: Complemento trabajo pesado | C13: 6 | D13: 12 | E13: 18
B14: Total Beneficios | C14: 19376 | D14: 16645 | E14: 36021
B15: Fuente: Elaboración propia con datos del Instituto de Previsión Social 1 El periodo utilizado para el reporte de las solicitudes considera la fecha de ingreso de la solicitud. El estado final de las solicitudes puede cambiar entre periodos, dado que se incluyen en la estadística solicitudes en trámite. 2 La Pensión Garantizada Universal (PGU) es un nuevo beneficio generado a partir de la ley 21.419 del 29-01-2022. El concepto de PGU No Contributiva o Contributiva está relacionado con la calidad de la persona que está recibiendo el beneficio, si es No Contributiva quiere decir que no estaba afiliado a un sistema previsional (D.L. 3.500 o antiguo Sistema de Reparto) ni recibe pensión de sobrevivencia, si es Contributiva quiere decir que si estaba afiliado a un sistema previsional o que recibe una pensión de sobrevivencia. De manera automática, en febrero 2022, los PBS de Vejez pasaron a ser PGU No Contributiva y los APS Vejez Subsidio Definido, los Beneficio artículo 9° bis y los APS Vejez con una Pensión Final Garantizada inferior o igual al monto de la PGU pasaron a ser PGU Contributiva. A partir de la implementación de la PGU (febrero 2022) dejan de existir nuevas solicitudes de los beneficios PBS de Vejez y APS de Vejez, ya que estos beneficios fueron reemplazados con PGU No Contributiva y PGU Contributiva, respectivamente.
B17: Serie resumen de solicitudes concedidas de beneficios, por tipo de beneficio y sexo
B18: (julio 2008 a septiembre 2024)
B20: Periodo | C20: Tipo de beneficio | X20: Total solicitudes concedidas2
C21: PGU No Contributiva1 | F21: PGU Contributiva1 | I21: PBS Vejez1 | L21: APS Vejez1 | O21: PBS Invalidez | R21: APS Invalidez | U21: Complemento trabajo pesado
C22: Mujeres | D22: Hombres | E22: Total | F22: Mujeres | G22: Hombres | H22: Total | I22: Mujeres | J22: Hombres | K22: Total | L22: Mujeres | M22: Hombres | N22: Total | O22: Mujeres | P22: Hombres | Q22: Total | R22: Mujeres | S22: Hombres | T22: Total | U22: Mujeres | V22: Hombres | W22: Total | X22: Mujeres | Y22: Hombres | Z22: Total
B23: 39630 | C23: 0 | D23: 0 | E23: 0 | F23: 0 | G23: 0 | H23: 0 | I23: 36571 | J23: 7919 | K23: 44490 | L23: 2047 | M23: 805 | N23: 2852 | O23: 4876 | P23: 1751 | Q23: 6627 | R23: 203 | S23: 171 | T23: 374 | U23: 0 | V23: 0 | W23: 0 | X23: 43697 | Y23: 10646 | Z23: 54343
B24: 39661 | C24: 0 | D24: 0 | E24: 0 | F24: 0 | G24: 0 | H24: 0 | I24: 8864 | J24: 2750 | K24: 11614 | L24: 1302 | M24: 526 | N24: 1828 | O24: 3833 | P24: 1473 | Q24: 5306 | R24: 103 | S24: 128 | T24: 231 | U24: 0 | V24: 0 | W24: 0 | X24: 14102 | Y24: 4877 | Z24: 18979
B25: 39692 | C25: 0 | D25: 0 | E25: 0 | F25: 0 | G25: 0 | H25: 0 | I25: 6899 | J25: 2045 | K25: 8944 | L25: 863 | M25: 399 | N25: 1262 | O25: 2050 | P25: 766 | Q25: 2816 | R25: 81 | S25: 98 | T25: 179 | U25: 0 | V25: 0 | W25: 0 | X25: 9893 | Y25: 3308 | Z25: 13201
B26: 39722 | C26: 0 | D26: 0 | E26: 0 | F26: 0 | G26: 0 | H26: 0 | I26: 5971 | J26: 1753 | K26: 7724 | L26: 806 | M26: 425 | N26: 1231 | O26: 2033 | P26: 786 | Q26: 2819 | R26: 90 | S26: 76 | T26: 166 | U26: 0 | V26: 0 | W26: 0 | X26: 8900 | Y26: 3040 | Z26: 11940
B27: 39753 | C27: 0 | D27: 0 | E27: 0 | F27: 0 | G27: 0 | H27: 0 | I27: 4376 | J27: 1271 | K27: 5647 | L27: 685 | M27: 414 | N27: 1099 | O27: 1317 | P27: 603 | Q27: 1920 | R27: 151 | S27: 125 | T27: 276 | U27: 0 | V27: 0 | W27: 0 | X27: 6529 | Y27: 2413 | Z27: 8942
B28: 39783 | C28: 0 | D28: 0 | E28: 0 | F28: 0 | G28: 0 | H28: 0 | I28: 4091 | J28: 1225 | K28: 5316 | L28: 722 | M28: 488 | N28: 1210 | O28: 1355 | P28: 597 | Q28: 1952 | R28: 188 | S28: 127 | T28: 315 | U28: 0 | V28: 0 | W28: 0 | X28: 6356 | Y28: 2437 | Z28: 8793
B29: 39814 | C29: 0 | D29: 0 | E29: 0 | F29: 0 | G29: 0 | H29: 0 | I29: 3284 | J29: 1182 | K29: 4466 | L29: 689 | M29: 544 | N29: 1233 | O29: 1263 | P29: 503 | Q29: 1766 | R29: 258 | S29: 166 | T29: 424 | U29: 0 | V29: 0 | W29: 0 | X29: 5494 | Y29: 2395 | Z29: 7889
B30: 39845 | C30: 0 | D30: 0 | E30: 0 | F30: 0 | G30: 0 | H30: 0 | I30: 2477 | J30: 875 | K30: 3352 | L30: 603 | M30: 502 | N30: 1105 | O30: 943 | P30: 493 | Q30: 1436 | R30: 269 | S30: 192 | T30: 461 | U30: 0 | V30: 0 | W30: 0 | X30: 4292 | Y30: 2062 | Z30: 6354
B31: 39873 | C31: 0 | D31: 0 | E31: 0 | F31: 0 | G31: 0 | H31: 0 | I31: 3202 | J31: 1062 | K31: 4264 | L31: 704 | M31: 640 | N31: 1344 | O31: 1333 | P31: 560 | Q31: 1893 | R31: 308 | S31: 255 | T31: 563 | U31: 0 | V31: 0 | W31: 0 | X31: 5547 | Y31: 2517 | Z31: 8064
B32: 39904 | C32: 0 | D32: 0 | E32: 0 | F32: 0 | G32: 0 | H32: 0 | I32: 2863 | J32: 937 | K32: 3800 | L32: 673 | M32: 572 | N32: 1245 | O32: 1239 | P32: 525 | Q32: 1764 | R32: 338 | S32: 244 | T32: 582 | U32: 0 | V32: 0 | W32: 0 | X32: 5113 | Y32: 2278 | Z32: 7391
B33: 39934 | C33: 0 | D33: 0 | E33: 0 | F33: 0 | G33: 0 | H33: 0 | I33: 2602 | J33: 877 | K33: 3479 | L33: 554 | M33: 547 | N33: 1101 | O33: 1042 | P33: 442 | Q33: 1484 | R33: 388 | S33: 259 | T33: 647 | U33: 0 | V33: 0 | W33: 0 | X33: 4586 | Y33: 2125 | Z33: 6711
B34: 39965 | C34: 0 | D34: 0 | E34: 0 | F34: 0 | G34: 0 | H34: 0 | I34: 1851 | J34: 973 | K34: 2824 | L34: 25293 | M34: 17563 | N34: 42856 | O34: 1212 | P34: 560 | Q34: 1772 | R34: 357 | S34: 319 | T34: 676 | U34: 0 | V34: 0 | W34: 0 | X34: 28713 | Y34: 19415 | Z34: 48128
... B217: 45536 | C217: 1101 | D217: 948 | E217: 2049 | F217: 877 | G217: 307 | H217: 1184 | I217: 0 | J217: 0 | K217: 0 | L217: 0 | M217: 0 | N217: 0 | O217: 4 | P217: 3 | Q217: 7 | R217: 44 | S217: 90 | T217: 134 | U217: 0 | V217: 0 | W217: 0 | X217: 2026 | Y217: 1348 | Z217: 3374
B218: Total acumulado de concesiones2 | C218: 105542 | D218: 127917 | E218: 233459 | F218: 344446 | G218: 292044 | H218: 636490 | I218: 377716 | J218: 121229 | K218: 498945 | L218: 845811 | M218: 689893 | N218: 1535704 | O218: 141027 | P218: 81001 | Q218: 222028 | R218: 61309 | S218: 68807 | T218: 130116 | U218: 23 | V218: 80 | W218: 103 | X218: 1875874 | Y218: 1380971 | Z218: 3256845
B219: Fuente: Elaboración propia con datos del Instituto de Previsión Social 1 La Pensión Garantizada Universal (PGU) es un nuevo beneficio generado a partir de la ley 21.419 del 29-01-2022. El concepto de PGU No Contributiva o Contributiva está relacionado con la calidad de la persona que está recibiendo el beneficio, si es No Contributiva quiere decir que no estaba afiliado a un sistema previsional (D.L. 3.500 o antiguo Sistema de Reparto) ni recibe pensión de sobrevivencia, si es Contributiva quiere decir que si estaba afiliado a un sistema previsional o que recibe una pensión de sobrevivencia. De manera automática, en febrero 2022, los PBS de Vejez pasaron a ser PGU No Contributiva y los APS Vejez Subsidio Definido, los Beneficio artículo 9° bis y los APS Vejez con una Pensión Final Garantizada inferior o igual al monto de la PGU pasaron a ser PGU Contributiva. A partir de la implementación de la PGU (febrero 2022) dejan de existir nuevas solicitudes de los beneficios PBS de Vejez y APS de Vejez, ya que estos beneficios fueron reemplazados con PGU No Contributiva y PGU Contributiva, respectivamente. 2 El periodo utilizado para el reporte de las solicitudes considera la fecha de ingreso de la solicitud. El estado final de las solicitudes puede cambiar entre periodos, dado que se incluyen en la estadística solicitudes en trámite.

Sheet 2.4
B2: SOLICITUDES CONCEDIDAS PILAR NO CONTRIBUTIVO A NIVEL REGIONAL Y COMUNAL
B4: Resumen trimestral de solicitudes concedidas por región, según tipo de beneficio y sexo
B5: (julio 2024 a septiembre 2024)
B7: Región | C7: Tipo de beneficio | R7: Total solicitudes concedidas2
C8: PGU No Contributiva1 | F8: PGU Contributiva1 | I8: PBS Invalidez | L8: APS Invalidez | O8: Complemento trabajo pesado
C9: Mujeres | D9: Hombres | E9: Total | F9: Mujeres | G9: Hombres | H9: Total | I9: Mujeres | J9: Hombres | K9: Total | L9: Mujeres | M9: Hombres | N9: Total | O9: Mujeres | P9: Hombres | Q9: Total | R9: Mujeres | S9: Hombres | T9: Total
B10: Región de Arica y Parinacota | C10: 100 | D10: 108 | E10: 208 | F10: 99 | G10: 52 | H10: 151 | I10: 5 | J10: 2 | K10: 7 | L10: 8 | M10: 20 | N10: 28 | O10: 0 | P10: 0 | Q10: 0 | R10: 212 | S10: 182 | T10: 394
B11: Región de Tarapacá | C11: 128 | D11: 140 | E11: 268 | F11: 107 | G11: 69 | H11: 176 | I11: 7 | J11: 3 | K11: 10 | L11: 6 | M11: 9 | N11: 15 | O11: 0 | P11: 0 | Q11: 0 | R11: 248 | S11: 221 | T11: 469
B12: Región de Antofagasta | C12: 241 | D12: 230 | E12: 471 | F12: 202 | G12: 191 | H12: 393 | I12: 6 | J12: 3 | K12: 9 | L12: 14 | M12: 24 | N12: 38 | O12: 0 | P12: 0 | Q12: 0 | R12: 463 | S12: 448 | T12: 911
B13: Región de Atacama | C13: 171 | D13: 146 | E13: 317 | F13: 119 | G13: 84 | H13: 203 | I13: 5 | J13: 3 | K13: 8 | L13: 8 | M13: 20 | N13: 28 | O13: 0 | P13: 0 | Q13: 0 | R13: 303 | S13: 253 | T13: 556
B14: Región de Coquimbo | C14: 494 | D14: 466 | E14: 960 | F14: 358 | G14: 305 | H14: 663 | I14: 7 | J14: 16 | K14: 23 | L14: 32 | M14: 47 | N14: 79 | O14: 0 | P14: 1 | Q14: 1 | R14: 891 | S14: 835 | T14: 1726
B15: Región de Valparaíso | C15: 1127 | D15: 1107 | E15: 2234 | F15: 1010 | G15: 602 | H15: 1612 | I15: 26 | J15: 24 | K15: 50 | L15: 77 | M15: 112 | N15: 189 | O15: 1 | P15: 2 | Q15: 3 | R15: 2241 | S15: 1847 | T15: 4088
B16: Región Metropolitana de Santiago | C16: 3282 | D16: 3511 | E16: 6793 | F16: 3726 | G16: 1897 | H16: 5623 | I16: 86 | J16: 79 | K16: 165 | L16: 237 | M16: 331 | N16: 568 | O16: 2 | P16: 7 | Q16: 9 | R16: 7333 | S16: 5825 | T16: 13158
B17: Región del Libertador General Bernardo O’Higgins | C17: 631 | D17: 570 | E17: 1201 | F17: 441 | G17: 398 | H17: 839 | I17: 20 | J17: 15 | K17: 35 | L17: 64 | M17: 85 | N17: 149 | O17: 1 | P17: 1 | Q17: 2 | R17: 1157 | S17: 1069 | T17: 2226
B18: Región del Maule | C18: 715 | D18: 663 | E18: 1378 | F18: 561 | G18: 440 | H18: 1001 | I18: 30 | J18: 18 | K18: 48 | L18: 37 | M18: 68 | N18: 105 | O18: 1 | P18: 0 | Q18: 1 | R18: 1344 | S18: 1189 | T18: 2533
B19: Región del Ñuble | C19: 351 | D19: 305 | E19: 656 | F19: 220 | G19: 191 | H19: 411 | I19: 9 | J19: 9 | K19: 18 | L19: 23 | M19: 42 | N19: 65 | O19: 0 | P19: 0 | Q19: 0 | R19: 603 | S19: 547 | T19: 1150
B20: Región del Biobío | C20: 996 | D20: 926 | E20: 1922 | F20: 729 | G20: 555 | H20: 1284 | I20: 26 | J20: 29 | K20: 55 | L20: 76 | M20: 96 | N20: 172 | O20: 0 | P20: 0 | Q20: 0 | R20: 1827 | S20: 1606 | T20: 3433
B21: Región de La Araucanía | C21: 644 | D21: 628 | E21: 1272 | F21: 413 | G21: 326 | H21: 739 | I21: 33 | J21: 18 | K21: 51 | L21: 38 | M21: 79 | N21: 117 | O21: 0 | P21: 0 | Q21: 0 | R21: 1128 | S21: 1051 | T21: 2179
... B26: Total nacional | C26: 9714 | D26: 9739 | E26: 19453 | F26: 8664 | G26: 5589 | H26: 14253 | I26: 298 | J26: 248 | K26: 546 | L26: 694 | M26: 1057 | N26: 1751 | O26: 6 | P26: 12 | Q26: 18 | R26: 19376 | S26: 16645 | T26: 36021
B27: Fuente: Elaboración propia con datos del Instituto de Previsión Social 1 La Pensión Garantizada Universal (PGU) es un nuevo beneficio generado a partir de la ley 21.419 del 29-01-2022. El concepto de PGU No Contributiva o Contributiva está relacionado con la calidad de la persona que está recibiendo el beneficio, si es No Contributiva quiere decir que no estaba afiliado a un sistema previsional (D.L. 3.500 o antiguo Sistema de Reparto) ni recibe pensión de sobrevivencia, si es Contributiva quiere decir que si estaba afiliado a un sistema previsional o que recibe una pensión de sobrevivencia. De manera automática, en febrero 2022, los PBS de Vejez pasaron a ser PGU No Contributiva y los APS Vejez Subsidio Definido, los Beneficio artículo 9° bis y los APS Vejez con una Pensión Final Garantizada inferior o igual al monto de la PGU pasaron a ser PGU Contributiva. A partir de la implementación de la PGU (febrero 2022) dejan de existir nuevas solicitudes de los beneficios PBS de Vejez y APS de Vejez, ya que estos beneficios fueron reemplazados con PGU No Contributiva y PGU Contributiva, respectivamente. 2 El periodo utilizado para el reporte de las solicitudes considera la fecha de ingreso de la solicitud. El estado final de las solicitudes puede cambiar entre periodos, dado que se incluyen en la estadística solicitudes en trámite.
B29: Número de solicitudes concedidas trimestrales por comuna, según tipo de beneficio y sexo
B30: (julio 2024 a septiembre 2024)
B32: Región de Arica y Parinacota
B34: Comuna | C34: Tipo de beneficio | R34: Total solicitudes concedidas2
C35: PGU No Contributiva1 | F35: PGU Contributiva1 | I35: PBS Invalidez | L35: APS Invalidez | O35: Complemento trabajo pesado
C36: Mujeres | D36: Hombres | E36: Total | F36: Mujeres | G36: Hombres | H36: Total | I36: Mujeres | J36: Hombres | K36: Total | L36: Mujeres | M36: Hombres | N36: Total | O36: Mujeres | P36: Hombres | Q36: Total | R36: Mujeres | S36: Hombres | T36: Total
B37: ARICA | C37: 100 | D37: 108 | E37: 208 | F37: 98 | G37: 52 | H37: 150 | I37: 5 | J37: 2 | K37: 7 | L37: 8 | M37: 20 | N37: 28 | O37: 0 | P37: 0 | Q37: 0 | R37: 211 | S37: 182 | T37: 393
B38: PUTRE | C38: 0 | D38: 0 | E38: 0 | F38: 1 | G38: 0 | H38: 1 | I38: 0 | J38: 0 | K38: 0 | L38: 0 | M38: 0 | N38: 0 | O38: 0 | P38: 0 | Q38: 0 | R38: 1 | S38: 0 | T38: 1
B39: Total | C39: 100 | D39: 108 | E39: 208 | F39: 99 | G39: 52 | H39: 151 | I39: 5 | J39: 2 | K39: 7 | L39: 8 | M39: 20 | N39: 28 | O39: 0 | P39: 0 | Q39: 0 | R39: 212 | S39: 182 | T39: 394
B40: Fuente: Elaboración propia con datos del Instituto de Previsión Social 1 La Pensión Garantizada Universal (PGU) es un nuevo beneficio generado a partir de la ley 21.419 del 29-01-2022. El concepto de PGU No Contributiva o Contributiva está relacionado con la calidad de la persona que está recibiendo el beneficio, si es No Contributiva quiere decir que no estaba afiliado a un sistema previsional (D.L. 3.500 o antiguo Sistema de Reparto) ni recibe pensión de sobrevivencia, si es Contributiva quiere decir que si estaba afiliado a un sistema previsional o que recibe una pensión de sobrevivencia. De manera automática, en febrero 2022, los PBS de Vejez pasaron a ser PGU No Contributiva y los APS Vejez Subsidio Definido, los Beneficio artículo 9° bis y los APS Vejez con una Pensión Final Garantizada inferior o igual al monto de la PGU pasaron a ser PGU Contributiva. A partir de la implementación de la PGU (febrero 2022) dejan de existir nuevas solicitudes de los beneficios PBS de Vejez y APS de Vejez, ya que estos beneficios fueron reemplazados con PGU No Contributiva y PGU Contributiva, respectivamente. 2 El periodo utilizado para el reporte de las solicitudes considera la fecha de ingreso de la solicitud. El estado final de las solicitudes puede cambiar entre periodos, dado que se incluyen en la estadística solicitudes en trámite.
B43: Región de Tarapacá
B45: Comuna | C45: Tipo de beneficio | R45: Total solicitudes concedidas2
C46: PGU No Contributiva1 | F46: PGU Contributiva1 | I46: PBS Invalidez | L46: APS Invalidez | O46: Complemento trabajo pesado
C47: Mujeres | D47: Hombres | E47: Total | F47: Mujeres | G47: Hombres | H47: Total | I47: Mujeres | J47: Hombres | K47: Total | L47: Mujeres | M47: Hombres | N47: Total | O47: Mujeres | P47: Hombres | Q47: Total | R47: Mujeres | S47: Hombres | T47: Total
B48: ALTO HOSPICIO | C48: 36 | D48: 38 | E48: 74 | F48: 25 | G48: 18 | H48: 43 | I48: 3 | J48: 1 | K48: 4 | L48: 3 | M48: 2 | N48: 5 | O48: 0 | P48: 0 | Q48: 0 | R48: 67 | S48: 59 | T48: 126
B49: CAMIÑA | C49: 1 | D49: 1 | E49: 2 | F49: 0 | G49: 0 | H49: 0 | I49: 0 | J49: 0 | K49: 0 | L49: 0 | M49: 0 | N49: 0 | O49: 0 | P49: 0 | Q49: 0 | R49: 1 | S49: 1 | T49: 2
B50: HUARA | C50: 2 | D50: 3 | E50: 5 | F50: 0 | G50: 1 | H50: 1 | I50: 0 | J50: 0 | K50: 0 | L50: 0 | M50: 0 | N50: 0 | O50: 0 | P50: 0 | Q50: 0 | R50: 2 | S50: 4 | T50: 6
B51: IQUIQUE | C51: 79 | D51: 82 | E51: 161 | F51: 75 | G51: 46 | H51: 121 | I51: 4 | J51: 2 | K51: 6 | L51: 3 | M51: 7 | N51: 10 | O51: 0 | P51: 0 | Q51: 0 | R51: 161 | S51: 137 | T51: 298
B52: PICA | C52: 2 | D52: 6 | E52: 8 | F52: 3 | G52: 2 | H52: 5 | I52: 0 | J52: 0 | K52: 0 | L52: 0 | M52: 0 | N52: 0 | O52: 0 | P52: 0 | Q52: 0 | R52: 5 | S52: 8 | T52: 13
B53: POZO ALMONTE | C53: 8 | D53: 10 | E53: 18 | F53: 4 | G53: 2 | H53: 6 | I53: 0 | J53: 0 | K53: 0 | L53: 0 | M53: 0 | N53: 0 | O53: 0 | P53: 0 | Q53: 0 | R53: 12 | S53: 12 | T53: 24
B54: Total | C54: 128 | D54: 140 | E54: 268 | F54: 107 | G54: 69 | H54: 176 | I54: 7 | J54: 3 | K54: 10 | L54: 6 | M54: 9 | N54: 15 | O54: 0 | P54: 0 | Q54: 0 | R54: 248 | S54: 221 | T54: 469
B55: Fuente: Elaboración propia con datos del Instituto de Previsión Social 1 La Pensión Garantizada Universal (PGU) es un nuevo beneficio generado a partir de la ley 21.419 del 29-01-2022. El concepto de PGU No Contributiva o Contributiva está relacionado con la calidad de la persona que está recibiendo el beneficio, si es No Contributiva quiere decir que no estaba afiliado a un sistema previsional (D.L. 3.500 o antiguo Sistema de Reparto) ni recibe pensión de sobrevivencia, si es Contributiva quiere decir que si estaba afiliado a un sistema previsional o que recibe una pensión de sobrevivencia. De manera automática, en febrero 2022, los PBS de Vejez pasaron a ser PGU No Contributiva y los APS Vejez Subsidio Definido, los Beneficio artículo 9° bis y los APS Vejez con una Pensión Final Garantizada inferior o igual al monto de la PGU pasaron a ser PGU Contributiva. A partir de la implementación de la PGU (febrero 2022) dejan de existir nuevas solicitudes de los beneficios PBS de Vejez y APS de Vejez, ya que estos beneficios fueron reemplazados con PGU No Contributiva y PGU Contributiva, respectivamente. 2 El periodo utilizado para el reporte de las solicitudes considera la fecha de ingreso de la solicitud. El estado final de las solicitudes puede cambiar entre periodos, dado que se incluyen en la estadística solicitudes en trámite.
B57: Región de Antofagasta
B59: Comuna | C59: Tipo de beneficio | R59: Total solicitudes concedidas2
C60: PGU No Contributiva1 | F60: PGU Contributiva1 | I60: PBS Invalidez | L60: APS Invalidez | O60: Complemento trabajo pesado
C61: Mujeres | D61: Hombres | E61: Total | F61: Mujeres | G61: Hombres | H61: Total | I61: Mujeres | J61: Hombres | K61: Total | L61: Mujeres | M61: Hombres | N61: Total | O61: Mujeres | P61: Hombres | Q61: Total | R61: Mujeres | S61: Hombres | T61: Total
B62: ANTOFAGASTA | C62: 144 | D62: 130 | E62: 274 | F62: 138 | G62: 119 | H62: 257 | I62: 2 | J62: 1 | K62: 3 | L62: 7 | M62: 15 | N62: 22 | O62: 0 | P62: 0 | Q62: 0 | R62: 291 | S62: 265 | T62: 556
B63: CALAMA | C63: 61 | D63: 61 | E63: 122 | F63: 47 | G63: 49 | H63: 96 | I63: 4 | J63: 1 | K63: 5 | L63: 6 | M63: 6 | N63: 12 | O63: 0 | P63: 0 | Q63: 0 | R63: 118 | S63: 117 | T63: 235
B64: MARIA ELENA | C64: 3 | D64: 2 | E64: 5 | F64: 0 | G64: 1 | H64: 1 | I64: 0 | J64: 0 | K64: 0 | L64: 0 | M64: 0 | N64: 0 | O64: 0 | P64: 0 | Q64: 0 | R64: 3 | S64: 3 | T64: 6
B65: MEJILLONES | C65: 9 | D65: 6 | E65: 15 | F65: 1 | G65: 1 | H65: 2 | I65: 0 | J65: 0 | K65: 0 | L65: 1 | M65: 0 | N65: 1 | O65: 0 | P65: 0 | Q65: 0 | R65: 11 | S65: 7 | T65: 18
B66: SAN PEDRO DE ATACAMA | C66: 3 | D66: 3 | E66: 6 | F66: 4 | G66: 2 | H66: 6 | I66: 0 | J66: 0 | K66: 0 | L66: 0 | M66: 0 | N66: 0 | O66: 0 | P66: 0 | Q66: 0 | R66: 7 | S66: 5 | T66: 12
B67: TALTAL | C67: 10 | D67: 11 | E67: 21 | F67: 1 | G67: 5 | H67: 6 | I67: 0 | J67: 0 | K67: 0 | L67: 0 | M67: 1 | N67: 1 | O67: 0 | P67: 0 | Q67: 0 | R67: 11 | S67: 17 | T67: 28
B68: TOCOPILLA | C68: 11 | D68: 17 | E68: 28 | F68: 11 | G68: 14 | H68: 25 | I68: 0 | J68: 1 | K68: 1 | L68: 0 | M68: 2 | N68: 2 | O68: 0 | P68: 0 | Q68: 0 | R68: 22 | S68: 34 | T68: 56
B69: Total | C69: 241 | D69: 230 | E69: 471 | F69: 202 | G69: 191 | H69: 393 | I69: 6 | J69: 3 | K69: 9 | L69: 14 | M69: 24 | N69: 38 | O69: 0 | P69: 0 | Q69: 0 | R69: 463 | S69: 448 | T69: 911
B70: Fuente: Elaboración propia con datos del Instituto de Previsión Social 1 La Pensión Garantizada Universal (PGU) es un nuevo beneficio generado a partir de la ley 21.419 del 29-01-2022. El concepto de PGU No Contributiva o Contributiva está relacionado con la calidad de la persona que está recibiendo el beneficio, si es No Contributiva quiere decir que no estaba afiliado a un sistema previsional (D.L. 3.500 o antiguo Sistema de Reparto) ni recibe pensión de sobrevivencia, si es Contributiva quiere decir que si estaba afiliado a un sistema previsional o que recibe una pensión de sobrevivencia. De manera automática, en febrero 2022, los PBS de Vejez pasaron a ser PGU No Contributiva y los APS Vejez Subsidio Definido, los Beneficio artículo 9° bis y los APS Vejez con una Pensión Final Garantizada inferior o igual al monto de la PGU pasaron a ser PGU Contributiva. A partir de la implementación de la PGU (febrero 2022) dejan de existir nuevas solicitudes de los beneficios PBS de Vejez y APS de Vejez, ya que estos beneficios fueron reemplazados con PGU No Contributiva y PGU Contributiva, respectivamente. 2 El periodo utilizado para el reporte de las solicitudes considera la fecha de ingreso de la solicitud. El estado final de las solicitudes puede cambiar entre periodos, dado que se incluyen en la estadística solicitudes en trámite.
B72: Región de Atacama
B74: Comuna | C74: Tipo de beneficio | R74: Total solicitudes concedidas2
C75: PGU No Contributiva1 | F75: PGU Contributiva1 | I75: PBS Invalidez | L75: APS Invalidez | O75: Complemento trabajo pesado
C76: Mujeres | D76: Hombres | E76: Total | F76: Mujeres | G76: Hombres | H76: Total | I76: Mujeres | J76: Hombres | K76: Total | L76: Mujeres | M76: Hombres | N76: Total | O76: Mujeres | P76: Hombres | Q76: Total | R76: Mujeres | S76: Hombres | T76: Total
B77: ALTO DEL CARMEN | C77: 3 | D77: 9 | E77: 12 | F77: 3 | G77: 1 | H77: 4 | I77: 0 | J77: 0 | K77: 0 | L77: 0 | M77: 0 | N77: 0 | O77: 0 | P77: 0 | Q77: 0 | R77: 6 | S77: 10 | T77: 16
B78: CALDERA | C78: 16 | D78: 15 | E78: 31 | F78: 7 | G78: 6 | H78: 13 | I78: 0 | J78: 0 | K78: 0 | L78: 0 | M78: 1 | N78: 1 | O78: 0 | P78: 0 | Q78: 0 | R78: 23 | S78: 22 | T78: 45
B79: CHAÑARAL | C79: 11 | D79: 10 | E79: 21 | F79: 12 | G79: 5 | H79: 17 | I79: 1 | J79: 0 | K79: 1 | L79: 0 | M79: 0 | N79: 0 | O79: 0 | P79: 0 | Q79: 0 | R79: 24 | S79: 15 | T79: 39
B80: COPIAPO | C80: 69 | D80: 67 | E80: 136 | F80: 72 | G80: 47 | H80: 119 | I80: 1 | J80: 2 | K80: 3 | L80: 2 | M80: 10 | N80: 12 | O80: 0 | P80: 0 | Q80: 0 | R80: 144 | S80: 126 | T80: 270
B81: DIEGO DE ALMAGRO | C81: 8 | D81: 4 | E81: 12 | F81: 3 | G81: 2 | H81: 5 | I81: 0 | J81: 0 | K81: 0 | L81: 1 | M81: 2 | N81: 3 | O81: 0 | P81: 0 | Q81: 0 | R81: 12 | S81: 8 | T81: 20
B82: FREIRINA | C82: 6 | D82: 7 | E82: 13 | F82: 1 | G82: 2 | H82: 3 | I82: 0 | J82: 0 | K82: 0 | L82: 0 | M82: 1 | N82: 1 | O82: 0 | P82: 0 | Q82: 0 | R82: 7 | S82: 10 | T82: 17
B83: HUASCO | C83: 9 | D83: 6 | E83: 15 | F83: 4 | G83: 2 | H83: 6 | I83: 0 | J83: 0 | K83: 0 | L83: 1 | M83: 1 | N83: 2 | O83: 0 | P83: 0 | Q83: 0 | R83: 14 | S83: 9 | T83: 23
B84: TIERRA AMARILLA | C84: 6 | D84: 6 | E84: 12 | F84: 1 | G84: 3 | H84: 4 | I84: 1 | J84: 0 | K84: 1 | L84: 2 | M84: 1 | N84: 3 | O84: 0 | P84: 0 | Q84: 0 | R84: 10 | S84: 10 | T84: 20
B85: VALLENAR | C85: 43 | D85: 22 | E85: 65 | F85: 16 | G85: 16 | H85: 32 | I85: 2 | J85: 1 | K85: 3 | L85: 2 | M85: 4 | N85: 6 | O85: 0 | P85: 0 | Q85: 0 | R85: 63 | S85: 43 | T85: 106
B86: Total | C86: 171 | D86: 146 | E86: 317 | F86: 119 | G86: 84 | H86: 203 | I86: 5 | J86: 3 | K86: 8 | L86: 8 | M86: 20 | N86: 28 | O86: 0 | P86: 0 | Q86: 0 | R86: 303 | S86: 253 | T86: 556
B87: Fuente: Elaboración propia con datos del Instituto de Previsión Social 1 La Pensión Garantizada Universal (PGU) es un nuevo beneficio generado a partir de la ley 21.419 del 29-01-2022. El concepto de PGU No Contributiva o Contributiva está relacionado con la calidad de la persona que está recibiendo el beneficio, si es No Contributiva quiere decir que no estaba afiliado a un sistema previsional (D.L. 3.500 o antiguo Sistema de Reparto) ni recibe pensión de sobrevivencia, si es Contributiva quiere decir que si estaba afiliado a un sistema previsional o que recibe una pensión de sobrevivencia. De manera automática, en febrero 2022, los PBS de Vejez pasaron a ser PGU No Contributiva y los APS Vejez Subsidio Definido, los Beneficio artículo 9° bis y los APS Vejez con una Pensión Final Garantizada inferior o igual al monto de la PGU pasaron a ser PGU Contributiva. A partir de la implementación de la PGU (febrero 2022) dejan de existir nuevas solicitudes de los beneficios PBS de Vejez y APS de Vejez, ya que estos beneficios fueron reemplazados con PGU No Contributiva y PGU Contributiva, respectivamente. 2 El periodo utilizado para el reporte de las solicitudes considera la fecha de ingreso de la solicitud. El estado final de las solicitudes puede cambiar entre periodos, dado que se incluyen en la estadística solicitudes en trámite.
B89: Región de Coquimbo
B91: Comuna | C91: Tipo de beneficio | R91: Total solicitudes concedidas2
C92: PGU No Contributiva1 | F92: PGU Contributiva1 | I92: PBS Invalidez | L92: APS Invalidez | O92: Complemento trabajo pesado
C93: Mujeres | D93: Hombres | E93: Total | F93: Mujeres | G93: Hombres | H93: Total | I93: Mujeres | J93: Hombres | K93: Total | L93: Mujeres | M93: Hombres | N93: Total | O93: Mujeres | P93: Hombres | Q93: Total | R93: Mujeres | S93: Hombres | T93: Total
B94: ANDACOLLO | C94: 10 | D94: 12 | E94: 22 | F94: 5 | G94: 2 | H94: 7 | I94: 0 | J94: 0 | K94: 0 | L94: 1 | M94: 0 | N94: 1 | O94: 0 | P94: 0 | Q94: 0 | R94: 16 | S94: 14 | T94: 30
B95: CANELA | C95: 5 | D95: 9 | E95: 14 | F95: 3 | G95: 6 | H95: 9 | I95: 0 | J95: 1 | K95: 1 | L95: 0 | M95: 1 | N95: 1 | O95: 0 | P95: 0 | Q95: 0 | R95: 8 | S95: 17 | T95: 25
B96: COMBARBALA | C96: 5 | D96: 6 | E96: 11 | F96: 3 | G96: 4 | H96: 7 | I96: 0 | J96: 0 | K96: 0 | L96: 0 | M96: 2 | N96: 2 | O96: 0 | P96: 0 | Q96: 0 | R96: 8 | S96: 12 | T96: 20
B97: COQUIMBO | C97: 127 | D97: 131 | E97: 258 | F97: 107 | G97: 85 | H97: 192 | I97: 1 | J97: 4 | K97: 5 | L97: 11 | M97: 12 | N97: 23 | O97: 0 | P97: 1 | Q97: 1 | R97: 246 | S97: 233 | T97: 479
B98: ILLAPEL | C98: 38 | D98: 32 | E98: 70 | F98: 13 | G98: 12 | H98: 25 | I98: 2 | J98: 1 | K98: 3 | L98: 1 | M98: 5 | N98: 6 | O98: 0 | P98: 0 | Q98: 0 | R98: 54 | S98: 50 | T98: 104
B99: LA HIGUERA | C99: 7 | D99: 4 | E99: 11 | F99: 1 | G99: 2 | H99: 3 | I99: 0 | J99: 0 | K99: 0 | L99: 1 | M99: 0 | N99: 1 | O99: 0 | P99: 0 | Q99: 0 | R99: 9 | S99: 6 | T99: 15
